snapshot_position,bidding_zone,day_ahead_price_eur_per_mwh,ets_price_eur_per_tco2,low_price_threshold_eur_per_mwh,low_price_exception,ppa_additionality_ok,geographical_correlation_ok,temporal_correlation_ok,rfnbo_eligible
0,11,,,,0,0,0,0,0
0,12,,,,0,0,0,0,0
0,13,,,,0,0,0,0,0
0,14,,,,0,0,0,0,0
0,15,,,,0,0,0,0,0
1,11,,,,0,0,0,0,0
1,12,,,,0,0,0,0,0
1,13,,,,0,0,0,0,0
1,14,,,,0,0,0,0,0
1,15,,,,0,0,0,0,0
2,11,,,,0,0,0,0,0
2,12,,,,0,0,0,0,0
2,13,,,,0,0,0,0,0
2,14,,,,0,0,0,0,0
2,15,,,,0,0,0,0,0
3,11,,,,0,0,0,0,0
3,12,,,,0,0,0,0,0
3,13,,,,0,0,0,0,0
3,14,,,,0,0,0,0,0
3,15,,,,0,0,0,0,0
4,11,,,,0,0,0,0,0
4,12,,,,0,0,0,0,0
4,13,,,,0,0,0,0,0
4,14,,,,0,0,0,0,0
4,15,,,,0,0,0,0,0
5,11,,,,0,0,0,0,0
5,12,,,,0,0,0,0,0
5,13,,,,0,0,0,0,0
5,14,,,,0,0,0,0,0
5,15,,,,0,0,0,0,0
6,11,,,,0,0,0,0,0
6,12,,,,0,0,0,0,0
6,13,,,,0,0,0,0,0
6,14,,,,0,0,0,0,0
6,15,,,,0,0,0,0,0
7,11,,,,0,0,0,0,0
7,12,,,,0,0,0,0,0
7,13,,,,0,0,0,0,0
7,14,,,,0,0,0,0,0
7,15,,,,0,0,0,0,0
8,11,,,,0,0,0,0,0
8,12,,,,0,0,0,0,0
8,13,,,,0,0,0,0,0
8,14,,,,0,0,0,0,0
8,15,,,,0,0,0,0,0
9,11,,,,0,0,0,0,0
9,12,,,,0,0,0,0,0
9,13,,,,0,0,0,0,0
9,14,,,,0,0,0,0,0
9,15,,,,0,0,0,0,0
10,11,,,,0,0,0,0,0
10,12,,,,0,0,0,0,0
10,13,,,,0,0,0,0,0
10,14,,,,0,0,0,0,0
10,15,,,,0,0,0,0,0
11,11,,,,0,0,0,0,0
11,12,,,,0,0,0,0,0
11,13,,,,0,0,0,0,0
11,14,,,,0,0,0,0,0
11,15,,,,0,0,0,0,0
12,11,,,,0,0,0,0,0
12,12,,,,0,0,0,0,0
12,13,,,,0,0,0,0,0
12,14,,,,0,0,0,0,0
12,15,,,,0,0,0,0,0
13,11,,,,0,0,0,0,0
13,12,,,,0,0,0,0,0
13,13,,,,0,0,0,0,0
13,14,,,,0,0,0,0,0
13,15,,,,0,0,0,0,0
14,11,,,,0,0,0,0,0
14,12,,,,0,0,0,0,0
14,13,,,,0,0,0,0,0
14,14,,,,0,0,0,0,0
14,15,,,,0,0,0,0,0
15,11,,,,0,0,0,0,0
15,12,,,,0,0,0,0,0
15,13,,,,0,0,0,0,0
15,14,,,,0,0,0,0,0
15,15,,,,0,0,0,0,0
16,11,,,,0,0,0,0,0
16,12,,,,0,0,0,0,0
16,13,,,,0,0,0,0,0
16,14,,,,0,0,0,0,0
16,15,,,,0,0,0,0,0
17,11,,,,0,0,0,0,0
17,12,,,,0,0,0,0,0
17,13,,,,0,0,0,0,0
17,14,,,,0,0,0,0,0
17,15,,,,0,0,0,0,0
18,11,,,,0,0,0,0,0
18,12,,,,0,0,0,0,0
18,13,,,,0,0,0,0,0
18,14,,,,0,0,0,0,0
18,15,,,,0,0,0,0,0
19,11,,,,0,0,0,0,0
19,12,,,,0,0,0,0,0
19,13,,,,0,0,0,0,0
19,14,,,,0,0,0,0,0
19,15,,,,0,0,0,0,0
20,11,,,,0,0,0,0,0
20,12,,,,0,0,0,0,0
20,13,,,,0,0,0,0,0
20,14,,,,0,0,0,0,0
20,15,,,,0,0,0,0,0
21,11,,,,0,0,0,0,0
21,12,,,,0,0,0,0,0
21,13,,,,0,0,0,0,0
21,14,,,,0,0,0,0,0
21,15,,,,0,0,0,0,0
22,11,,,,0,0,0,0,0
22,12,,,,0,0,0,0,0
22,13,,,,0,0,0,0,0
22,14,,,,0,0,0,0,0
22,15,,,,0,0,0,0,0
23,11,,,,0,0,0,0,0
23,12,,,,0,0,0,0,0
23,13,,,,0,0,0,0,0
23,14,,,,0,0,0,0,0
23,15,,,,0,0,0,0,0
24,11,,,,0,0,0,0,0
24,12,,,,0,0,0,0,0
24,13,,,,0,0,0,0,0
24,14,,,,0,0,0,0,0
24,15,,,,0,0,0,0,0
25,11,,,,0,0,0,0,0
25,12,,,,0,0,0,0,0
25,13,,,,0,0,0,0,0
25,14,,,,0,0,0,0,0
25,15,,,,0,0,0,0,0
26,11,,,,0,0,0,0,0
26,12,,,,0,0,0,0,0
26,13,,,,0,0,0,0,0
26,14,,,,0,0,0,0,0
26,15,,,,0,0,0,0,0
27,11,,,,0,0,0,0,0
27,12,,,,0,0,0,0,0
27,13,,,,0,0,0,0,0
27,14,,,,0,0,0,0,0
27,15,,,,0,0,0,0,0
28,11,,,,0,0,0,0,0
28,12,,,,0,0,0,0,0
28,13,,,,0,0,0,0,0
28,14,,,,0,0,0,0,0
28,15,,,,0,0,0,0,0
29,11,,,,0,0,0,0,0
29,12,,,,0,0,0,0,0
29,13,,,,0,0,0,0,0
29,14,,,,0,0,0,0,0
29,15,,,,0,0,0,0,0
30,11,,,,0,0,0,0,0
30,12,,,,0,0,0,0,0
30,13,,,,0,0,0,0,0
30,14,,,,0,0,0,0,0
30,15,,,,0,0,0,0,0
31,11,,,,0,0,0,0,0
31,12,,,,0,0,0,0,0
31,13,,,,0,0,0,0,0
31,14,,,,0,0,0,0,0
31,15,,,,0,0,0,0,0
32,11,,,,0,0,0,0,0
32,12,,,,0,0,0,0,0
32,13,,,,0,0,0,0,0
32,14,,,,0,0,0,0,0
32,15,,,,0,0,0,0,0
33,11,,,,0,0,0,0,0
33,12,,,,0,0,0,0,0
33,13,,,,0,0,0,0,0
33,14,,,,0,0,0,0,0
33,15,,,,0,0,0,0,0
34,11,,,,0,0,0,0,0
34,12,,,,0,0,0,0,0
34,13,,,,0,0,0,0,0
34,14,,,,0,0,0,0,0
34,15,,,,0,0,0,0,0
35,11,,,,0,0,0,0,0
35,12,,,,0,0,0,0,0
35,13,,,,0,0,0,0,0
35,14,,,,0,0,0,0,0
35,15,,,,0,0,0,0,0
36,11,,,,0,0,0,0,0
36,12,,,,0,0,0,0,0
36,13,,,,0,0,0,0,0
36,14,,,,0,0,0,0,0
36,15,,,,0,0,0,0,0
37,11,,,,0,0,0,0,0
37,12,,,,0,0,0,0,0
37,13,,,,0,0,0,0,0
37,14,,,,0,0,0,0,0
37,15,,,,0,0,0,0,0
38,11,,,,0,0,0,0,0
38,12,,,,0,0,0,0,0
38,13,,,,0,0,0,0,0
38,14,,,,0,0,0,0,0
38,15,,,,0,0,0,0,0
39,11,,,,0,0,0,0,0
39,12,,,,0,0,0,0,0
39,13,,,,0,0,0,0,0
39,14,,,,0,0,0,0,0
39,15,,,,0,0,0,0,0
40,11,,,,0,0,0,0,0
40,12,,,,0,0,0,0,0
40,13,,,,0,0,0,0,0
40,14,,,,0,0,0,0,0
40,15,,,,0,0,0,0,0
41,11,,,,0,0,0,0,0
41,12,,,,0,0,0,0,0
41,13,,,,0,0,0,0,0
41,14,,,,0,0,0,0,0
41,15,,,,0,0,0,0,0
42,11,,,,0,0,0,0,0
42,12,,,,0,0,0,0,0
42,13,,,,0,0,0,0,0
42,14,,,,0,0,0,0,0
42,15,,,,0,0,0,0,0
43,11,,,,0,0,0,0,0
43,12,,,,0,0,0,0,0
43,13,,,,0,0,0,0,0
43,14,,,,0,0,0,0,0
43,15,,,,0,0,0,0,0
44,11,,,,0,0,0,0,0
44,12,,,,0,0,0,0,0
44,13,,,,0,0,0,0,0
44,14,,,,0,0,0,0,0
44,15,,,,0,0,0,0,0
45,11,,,,0,0,0,0,0
45,12,,,,0,0,0,0,0
45,13,,,,0,0,0,0,0
45,14,,,,0,0,0,0,0
45,15,,,,0,0,0,0,0
46,11,,,,0,0,0,0,0
46,12,,,,0,0,0,0,0
46,13,,,,0,0,0,0,0
46,14,,,,0,0,0,0,0
46,15,,,,0,0,0,0,0
47,11,,,,0,0,0,0,0
47,12,,,,0,0,0,0,0
47,13,,,,0,0,0,0,0
47,14,,,,0,0,0,0,0
47,15,,,,0,0,0,0,0
48,11,,,,0,0,0,0,0
48,12,,,,0,0,0,0,0
48,13,,,,0,0,0,0,0
48,14,,,,0,0,0,0,0
48,15,,,,0,0,0,0,0
49,11,,,,0,0,0,0,0
49,12,,,,0,0,0,0,0
49,13,,,,0,0,0,0,0
49,14,,,,0,0,0,0,0
49,15,,,,0,0,0,0,0
50,11,,,,0,0,0,0,0
50,12,,,,0,0,0,0,0
50,13,,,,0,0,0,0,0
50,14,,,,0,0,0,0,0
50,15,,,,0,0,0,0,0
51,11,,,,0,0,0,0,0
51,12,,,,0,0,0,0,0
51,13,,,,0,0,0,0,0
51,14,,,,0,0,0,0,0
51,15,,,,0,0,0,0,0
52,11,,,,0,0,0,0,0
52,12,,,,0,0,0,0,0
52,13,,,,0,0,0,0,0
52,14,,,,0,0,0,0,0
52,15,,,,0,0,0,0,0
53,11,,,,0,0,0,0,0
53,12,,,,0,0,0,0,0
53,13,,,,0,0,0,0,0
53,14,,,,0,0,0,0,0
53,15,,,,0,0,0,0,0
54,11,,,,0,0,0,0,0
54,12,,,,0,0,0,0,0
54,13,,,,0,0,0,0,0
54,14,,,,0,0,0,0,0
54,15,,,,0,0,0,0,0
55,11,,,,0,0,0,0,0
55,12,,,,0,0,0,0,0
55,13,,,,0,0,0,0,0
55,14,,,,0,0,0,0,0
55,15,,,,0,0,0,0,0
56,11,,,,0,0,0,0,0
56,12,,,,0,0,0,0,0
56,13,,,,0,0,0,0,0
56,14,,,,0,0,0,0,0
56,15,,,,0,0,0,0,0
57,11,,,,0,0,0,0,0
57,12,,,,0,0,0,0,0
57,13,,,,0,0,0,0,0
57,14,,,,0,0,0,0,0
57,15,,,,0,0,0,0,0
58,11,,,,0,0,0,0,0
58,12,,,,0,0,0,0,0
58,13,,,,0,0,0,0,0
58,14,,,,0,0,0,0,0
58,15,,,,0,0,0,0,0
59,11,,,,0,0,0,0,0
59,12,,,,0,0,0,0,0
59,13,,,,0,0,0,0,0
59,14,,,,0,0,0,0,0
59,15,,,,0,0,0,0,0
60,11,,,,0,0,0,0,0
60,12,,,,0,0,0,0,0
60,13,,,,0,0,0,0,0
60,14,,,,0,0,0,0,0
60,15,,,,0,0,0,0,0
61,11,,,,0,0,0,0,0
61,12,,,,0,0,0,0,0
61,13,,,,0,0,0,0,0
61,14,,,,0,0,0,0,0
61,15,,,,0,0,0,0,0
62,11,,,,0,0,0,0,0
62,12,,,,0,0,0,0,0
62,13,,,,0,0,0,0,0
62,14,,,,0,0,0,0,0
62,15,,,,0,0,0,0,0
63,11,,,,0,0,0,0,0
63,12,,,,0,0,0,0,0
63,13,,,,0,0,0,0,0
63,14,,,,0,0,0,0,0
63,15,,,,0,0,0,0,0
64,11,,,,0,0,0,0,0
64,12,,,,0,0,0,0,0
64,13,,,,0,0,0,0,0
64,14,,,,0,0,0,0,0
64,15,,,,0,0,0,0,0
65,11,,,,0,0,0,0,0
65,12,,,,0,0,0,0,0
65,13,,,,0,0,0,0,0
65,14,,,,0,0,0,0,0
65,15,,,,0,0,0,0,0
66,11,,,,0,0,0,0,0
66,12,,,,0,0,0,0,0
66,13,,,,0,0,0,0,0
66,14,,,,0,0,0,0,0
66,15,,,,0,0,0,0,0
67,11,,,,0,0,0,0,0
67,12,,,,0,0,0,0,0
67,13,,,,0,0,0,0,0
67,14,,,,0,0,0,0,0
67,15,,,,0,0,0,0,0
68,11,,,,0,0,0,0,0
68,12,,,,0,0,0,0,0
68,13,,,,0,0,0,0,0
68,14,,,,0,0,0,0,0
68,15,,,,0,0,0,0,0
69,11,,,,0,0,0,0,0
69,12,,,,0,0,0,0,0
69,13,,,,0,0,0,0,0
69,14,,,,0,0,0,0,0
69,15,,,,0,0,0,0,0
70,11,,,,0,0,0,0,0
70,12,,,,0,0,0,0,0
70,13,,,,0,0,0,0,0
70,14,,,,0,0,0,0,0
70,15,,,,0,0,0,0,0
71,11,,,,0,0,0,0,0
71,12,,,,0,0,0,0,0
71,13,,,,0,0,0,0,0
71,14,,,,0,0,0,0,0
71,15,,,,0,0,0,0,0
72,11,,,,0,0,0,0,0
72,12,,,,0,0,0,0,0
72,13,,,,0,0,0,0,0
72,14,,,,0,0,0,0,0
72,15,,,,0,0,0,0,0
73,11,,,,0,0,0,0,0
73,12,,,,0,0,0,0,0
73,13,,,,0,0,0,0,0
73,14,,,,0,0,0,0,0
73,15,,,,0,0,0,0,0
74,11,,,,0,0,0,0,0
74,12,,,,0,0,0,0,0
74,13,,,,0,0,0,0,0
74,14,,,,0,0,0,0,0
74,15,,,,0,0,0,0,0
75,11,,,,0,0,0,0,0
75,12,,,,0,0,0,0,0
75,13,,,,0,0,0,0,0
75,14,,,,0,0,0,0,0
75,15,,,,0,0,0,0,0
76,11,,,,0,0,0,0,0
76,12,,,,0,0,0,0,0
76,13,,,,0,0,0,0,0
76,14,,,,0,0,0,0,0
76,15,,,,0,0,0,0,0
77,11,,,,0,0,0,0,0
77,12,,,,0,0,0,0,0
77,13,,,,0,0,0,0,0
77,14,,,,0,0,0,0,0
77,15,,,,0,0,0,0,0
78,11,,,,0,0,0,0,0
78,12,,,,0,0,0,0,0
78,13,,,,0,0,0,0,0
78,14,,,,0,0,0,0,0
78,15,,,,0,0,0,0,0
79,11,,,,0,0,0,0,0
79,12,,,,0,0,0,0,0
79,13,,,,0,0,0,0,0
79,14,,,,0,0,0,0,0
79,15,,,,0,0,0,0,0
80,11,,,,0,0,0,0,0
80,12,,,,0,0,0,0,0
80,13,,,,0,0,0,0,0
80,14,,,,0,0,0,0,0
80,15,,,,0,0,0,0,0
81,11,,,,0,0,0,0,0
81,12,,,,0,0,0,0,0
81,13,,,,0,0,0,0,0
81,14,,,,0,0,0,0,0
81,15,,,,0,0,0,0,0
82,11,,,,0,0,0,0,0
82,12,,,,0,0,0,0,0
82,13,,,,0,0,0,0,0
82,14,,,,0,0,0,0,0
82,15,,,,0,0,0,0,0
83,11,,,,0,0,0,0,0
83,12,,,,0,0,0,0,0
83,13,,,,0,0,0,0,0
83,14,,,,0,0,0,0,0
83,15,,,,0,0,0,0,0
84,11,,,,0,0,0,0,0
84,12,,,,0,0,0,0,0
84,13,,,,0,0,0,0,0
84,14,,,,0,0,0,0,0
84,15,,,,0,0,0,0,0
85,11,,,,0,0,0,0,0
85,12,,,,0,0,0,0,0
85,13,,,,0,0,0,0,0
85,14,,,,0,0,0,0,0
85,15,,,,0,0,0,0,0
86,11,,,,0,0,0,0,0
86,12,,,,0,0,0,0,0
86,13,,,,0,0,0,0,0
86,14,,,,0,0,0,0,0
86,15,,,,0,0,0,0,0
87,11,,,,0,0,0,0,0
87,12,,,,0,0,0,0,0
87,13,,,,0,0,0,0,0
87,14,,,,0,0,0,0,0
87,15,,,,0,0,0,0,0
88,11,,,,0,0,0,0,0
88,12,,,,0,0,0,0,0
88,13,,,,0,0,0,0,0
88,14,,,,0,0,0,0,0
88,15,,,,0,0,0,0,0
89,11,,,,0,0,0,0,0
89,12,,,,0,0,0,0,0
89,13,,,,0,0,0,0,0
89,14,,,,0,0,0,0,0
89,15,,,,0,0,0,0,0
90,11,,,,0,0,0,0,0
90,12,,,,0,0,0,0,0
90,13,,,,0,0,0,0,0
90,14,,,,0,0,0,0,0
90,15,,,,0,0,0,0,0
91,11,,,,0,0,0,0,0
91,12,,,,0,0,0,0,0
91,13,,,,0,0,0,0,0
91,14,,,,0,0,0,0,0
91,15,,,,0,0,0,0,0
92,11,,,,0,0,0,0,0
92,12,,,,0,0,0,0,0
92,13,,,,0,0,0,0,0
92,14,,,,0,0,0,0,0
92,15,,,,0,0,0,0,0
93,11,,,,0,0,0,0,0
93,12,,,,0,0,0,0,0
93,13,,,,0,0,0,0,0
93,14,,,,0,0,0,0,0
93,15,,,,0,0,0,0,0
94,11,,,,0,0,0,0,0
94,12,,,,0,0,0,0,0
94,13,,,,0,0,0,0,0
94,14,,,,0,0,0,0,0
94,15,,,,0,0,0,0,0
95,11,,,,0,0,0,0,0
95,12,,,,0,0,0,0,0
95,13,,,,0,0,0,0,0
95,14,,,,0,0,0,0,0
95,15,,,,0,0,0,0,0
96,11,,,,0,0,0,0,0
96,12,,,,0,0,0,0,0
96,13,,,,0,0,0,0,0
96,14,,,,0,0,0,0,0
96,15,,,,0,0,0,0,0
97,11,,,,0,0,0,0,0
97,12,,,,0,0,0,0,0
97,13,,,,0,0,0,0,0
97,14,,,,0,0,0,0,0
97,15,,,,0,0,0,0,0
98,11,,,,0,0,0,0,0
98,12,,,,0,0,0,0,0
98,13,,,,0,0,0,0,0
98,14,,,,0,0,0,0,0
98,15,,,,0,0,0,0,0
99,11,,,,0,0,0,0,0
99,12,,,,0,0,0,0,0
99,13,,,,0,0,0,0,0
99,14,,,,0,0,0,0,0
99,15,,,,0,0,0,0,0
100,11,,,,0,0,0,0,0
100,12,,,,0,0,0,0,0
100,13,,,,0,0,0,0,0
100,14,,,,0,0,0,0,0
100,15,,,,0,0,0,0,0
101,11,,,,0,0,0,0,0
101,12,,,,0,0,0,0,0
101,13,,,,0,0,0,0,0
101,14,,,,0,0,0,0,0
101,15,,,,0,0,0,0,0
102,11,,,,0,0,0,0,0
102,12,,,,0,0,0,0,0
102,13,,,,0,0,0,0,0
102,14,,,,0,0,0,0,0
102,15,,,,0,0,0,0,0
103,11,,,,0,0,0,0,0
103,12,,,,0,0,0,0,0
103,13,,,,0,0,0,0,0
103,14,,,,0,0,0,0,0
103,15,,,,0,0,0,0,0
104,11,,,,0,0,0,0,0
104,12,,,,0,0,0,0,0
104,13,,,,0,0,0,0,0
104,14,,,,0,0,0,0,0
104,15,,,,0,0,0,0,0
105,11,,,,0,0,0,0,0
105,12,,,,0,0,0,0,0
105,13,,,,0,0,0,0,0
105,14,,,,0,0,0,0,0
105,15,,,,0,0,0,0,0
106,11,,,,0,0,0,0,0
106,12,,,,0,0,0,0,0
106,13,,,,0,0,0,0,0
106,14,,,,0,0,0,0,0
106,15,,,,0,0,0,0,0
107,11,,,,0,0,0,0,0
107,12,,,,0,0,0,0,0
107,13,,,,0,0,0,0,0
107,14,,,,0,0,0,0,0
107,15,,,,0,0,0,0,0
108,11,,,,0,0,0,0,0
108,12,,,,0,0,0,0,0
108,13,,,,0,0,0,0,0
108,14,,,,0,0,0,0,0
108,15,,,,0,0,0,0,0
109,11,,,,0,0,0,0,0
109,12,,,,0,0,0,0,0
109,13,,,,0,0,0,0,0
109,14,,,,0,0,0,0,0
109,15,,,,0,0,0,0,0
110,11,,,,0,0,0,0,0
110,12,,,,0,0,0,0,0
110,13,,,,0,0,0,0,0
110,14,,,,0,0,0,0,0
110,15,,,,0,0,0,0,0
111,11,,,,0,0,0,0,0
111,12,,,,0,0,0,0,0
111,13,,,,0,0,0,0,0
111,14,,,,0,0,0,0,0
111,15,,,,0,0,0,0,0
112,11,,,,0,0,0,0,0
112,12,,,,0,0,0,0,0
112,13,,,,0,0,0,0,0
112,14,,,,0,0,0,0,0
112,15,,,,0,0,0,0,0
113,11,,,,0,0,0,0,0
113,12,,,,0,0,0,0,0
113,13,,,,0,0,0,0,0
113,14,,,,0,0,0,0,0
113,15,,,,0,0,0,0,0
114,11,,,,0,0,0,0,0
114,12,,,,0,0,0,0,0
114,13,,,,0,0,0,0,0
114,14,,,,0,0,0,0,0
114,15,,,,0,0,0,0,0
115,11,,,,0,0,0,0,0
115,12,,,,0,0,0,0,0
115,13,,,,0,0,0,0,0
115,14,,,,0,0,0,0,0
115,15,,,,0,0,0,0,0
116,11,,,,0,0,0,0,0
116,12,,,,0,0,0,0,0
116,13,,,,0,0,0,0,0
116,14,,,,0,0,0,0,0
116,15,,,,0,0,0,0,0
117,11,,,,0,0,0,0,0
117,12,,,,0,0,0,0,0
117,13,,,,0,0,0,0,0
117,14,,,,0,0,0,0,0
117,15,,,,0,0,0,0,0
118,11,,,,0,0,0,0,0
118,12,,,,0,0,0,0,0
118,13,,,,0,0,0,0,0
118,14,,,,0,0,0,0,0
118,15,,,,0,0,0,0,0
119,11,,,,0,0,0,0,0
119,12,,,,0,0,0,0,0
119,13,,,,0,0,0,0,0
119,14,,,,0,0,0,0,0
119,15,,,,0,0,0,0,0
120,11,,,,0,0,0,0,0
120,12,,,,0,0,0,0,0
120,13,,,,0,0,0,0,0
120,14,,,,0,0,0,0,0
120,15,,,,0,0,0,0,0
121,11,,,,0,0,0,0,0
121,12,,,,0,0,0,0,0
121,13,,,,0,0,0,0,0
121,14,,,,0,0,0,0,0
121,15,,,,0,0,0,0,0
122,11,,,,0,0,0,0,0
122,12,,,,0,0,0,0,0
122,13,,,,0,0,0,0,0
122,14,,,,0,0,0,0,0
122,15,,,,0,0,0,0,0
123,11,,,,0,0,0,0,0
123,12,,,,0,0,0,0,0
123,13,,,,0,0,0,0,0
123,14,,,,0,0,0,0,0
123,15,,,,0,0,0,0,0
124,11,,,,0,0,0,0,0
124,12,,,,0,0,0,0,0
124,13,,,,0,0,0,0,0
124,14,,,,0,0,0,0,0
124,15,,,,0,0,0,0,0
125,11,,,,0,0,0,0,0
125,12,,,,0,0,0,0,0
125,13,,,,0,0,0,0,0
125,14,,,,0,0,0,0,0
125,15,,,,0,0,0,0,0
126,11,,,,0,0,0,0,0
126,12,,,,0,0,0,0,0
126,13,,,,0,0,0,0,0
126,14,,,,0,0,0,0,0
126,15,,,,0,0,0,0,0
127,11,,,,0,0,0,0,0
127,12,,,,0,0,0,0,0
127,13,,,,0,0,0,0,0
127,14,,,,0,0,0,0,0
127,15,,,,0,0,0,0,0
128,11,,,,0,0,0,0,0
128,12,,,,0,0,0,0,0
128,13,,,,0,0,0,0,0
128,14,,,,0,0,0,0,0
128,15,,,,0,0,0,0,0
129,11,,,,0,0,0,0,0
129,12,,,,0,0,0,0,0
129,13,,,,0,0,0,0,0
129,14,,,,0,0,0,0,0
129,15,,,,0,0,0,0,0
130,11,,,,0,0,0,0,0
130,12,,,,0,0,0,0,0
130,13,,,,0,0,0,0,0
130,14,,,,0,0,0,0,0
130,15,,,,0,0,0,0,0
131,11,,,,0,0,0,0,0
131,12,,,,0,0,0,0,0
131,13,,,,0,0,0,0,0
131,14,,,,0,0,0,0,0
131,15,,,,0,0,0,0,0
132,11,,,,0,0,0,0,0
132,12,,,,0,0,0,0,0
132,13,,,,0,0,0,0,0
132,14,,,,0,0,0,0,0
132,15,,,,0,0,0,0,0
133,11,,,,0,0,0,0,0
133,12,,,,0,0,0,0,0
133,13,,,,0,0,0,0,0
133,14,,,,0,0,0,0,0
133,15,,,,0,0,0,0,0
134,11,,,,0,0,0,0,0
134,12,,,,0,0,0,0,0
134,13,,,,0,0,0,0,0
134,14,,,,0,0,0,0,0
134,15,,,,0,0,0,0,0
135,11,,,,0,0,0,0,0
135,12,,,,0,0,0,0,0
135,13,,,,0,0,0,0,0
135,14,,,,0,0,0,0,0
135,15,,,,0,0,0,0,0
136,11,,,,0,0,0,0,0
136,12,,,,0,0,0,0,0
136,13,,,,0,0,0,0,0
136,14,,,,0,0,0,0,0
136,15,,,,0,0,0,0,0
137,11,,,,0,0,0,0,0
137,12,,,,0,0,0,0,0
137,13,,,,0,0,0,0,0
137,14,,,,0,0,0,0,0
137,15,,,,0,0,0,0,0
138,11,,,,0,0,0,0,0
138,12,,,,0,0,0,0,0
138,13,,,,0,0,0,0,0
138,14,,,,0,0,0,0,0
138,15,,,,0,0,0,0,0
139,11,,,,0,0,0,0,0
139,12,,,,0,0,0,0,0
139,13,,,,0,0,0,0,0
139,14,,,,0,0,0,0,0
139,15,,,,0,0,0,0,0
140,11,,,,0,0,0,0,0
140,12,,,,0,0,0,0,0
140,13,,,,0,0,0,0,0
140,14,,,,0,0,0,0,0
140,15,,,,0,0,0,0,0
141,11,,,,0,0,0,0,0
141,12,,,,0,0,0,0,0
141,13,,,,0,0,0,0,0
141,14,,,,0,0,0,0,0
141,15,,,,0,0,0,0,0
142,11,,,,0,0,0,0,0
142,12,,,,0,0,0,0,0
142,13,,,,0,0,0,0,0
142,14,,,,0,0,0,0,0
142,15,,,,0,0,0,0,0
143,11,,,,0,0,0,0,0
143,12,,,,0,0,0,0,0
143,13,,,,0,0,0,0,0
143,14,,,,0,0,0,0,0
143,15,,,,0,0,0,0,0
144,11,,,,0,0,0,0,0
144,12,,,,0,0,0,0,0
144,13,,,,0,0,0,0,0
144,14,,,,0,0,0,0,0
144,15,,,,0,0,0,0,0
145,11,,,,0,0,0,0,0
145,12,,,,0,0,0,0,0
145,13,,,,0,0,0,0,0
145,14,,,,0,0,0,0,0
145,15,,,,0,0,0,0,0
146,11,,,,0,0,0,0,0
146,12,,,,0,0,0,0,0
146,13,,,,0,0,0,0,0
146,14,,,,0,0,0,0,0
146,15,,,,0,0,0,0,0
147,11,,,,0,0,0,0,0
147,12,,,,0,0,0,0,0
147,13,,,,0,0,0,0,0
147,14,,,,0,0,0,0,0
147,15,,,,0,0,0,0,0
148,11,,,,0,0,0,0,0
148,12,,,,0,0,0,0,0
148,13,,,,0,0,0,0,0
148,14,,,,0,0,0,0,0
148,15,,,,0,0,0,0,0
149,11,,,,0,0,0,0,0
149,12,,,,0,0,0,0,0
149,13,,,,0,0,0,0,0
149,14,,,,0,0,0,0,0
149,15,,,,0,0,0,0,0
150,11,,,,0,0,0,0,0
150,12,,,,0,0,0,0,0
150,13,,,,0,0,0,0,0
150,14,,,,0,0,0,0,0
150,15,,,,0,0,0,0,0
151,11,,,,0,0,0,0,0
151,12,,,,0,0,0,0,0
151,13,,,,0,0,0,0,0
151,14,,,,0,0,0,0,0
151,15,,,,0,0,0,0,0
152,11,,,,0,0,0,0,0
152,12,,,,0,0,0,0,0
152,13,,,,0,0,0,0,0
152,14,,,,0,0,0,0,0
152,15,,,,0,0,0,0,0
153,11,,,,0,0,0,0,0
153,12,,,,0,0,0,0,0
153,13,,,,0,0,0,0,0
153,14,,,,0,0,0,0,0
153,15,,,,0,0,0,0,0
154,11,,,,0,0,0,0,0
154,12,,,,0,0,0,0,0
154,13,,,,0,0,0,0,0
154,14,,,,0,0,0,0,0
154,15,,,,0,0,0,0,0
155,11,,,,0,0,0,0,0
155,12,,,,0,0,0,0,0
155,13,,,,0,0,0,0,0
155,14,,,,0,0,0,0,0
155,15,,,,0,0,0,0,0
156,11,,,,0,0,0,0,0
156,12,,,,0,0,0,0,0
156,13,,,,0,0,0,0,0
156,14,,,,0,0,0,0,0
156,15,,,,0,0,0,0,0
157,11,,,,0,0,0,0,0
157,12,,,,0,0,0,0,0
157,13,,,,0,0,0,0,0
157,14,,,,0,0,0,0,0
157,15,,,,0,0,0,0,0
158,11,,,,0,0,0,0,0
158,12,,,,0,0,0,0,0
158,13,,,,0,0,0,0,0
158,14,,,,0,0,0,0,0
158,15,,,,0,0,0,0,0
159,11,,,,0,0,0,0,0
159,12,,,,0,0,0,0,0
159,13,,,,0,0,0,0,0
159,14,,,,0,0,0,0,0
159,15,,,,0,0,0,0,0
160,11,,,,0,0,0,0,0
160,12,,,,0,0,0,0,0
160,13,,,,0,0,0,0,0
160,14,,,,0,0,0,0,0
160,15,,,,0,0,0,0,0
161,11,,,,0,0,0,0,0
161,12,,,,0,0,0,0,0
161,13,,,,0,0,0,0,0
161,14,,,,0,0,0,0,0
161,15,,,,0,0,0,0,0
162,11,,,,0,0,0,0,0
162,12,,,,0,0,0,0,0
162,13,,,,0,0,0,0,0
162,14,,,,0,0,0,0,0
162,15,,,,0,0,0,0,0
163,11,,,,0,0,0,0,0
163,12,,,,0,0,0,0,0
163,13,,,,0,0,0,0,0
163,14,,,,0,0,0,0,0
163,15,,,,0,0,0,0,0
164,11,,,,0,0,0,0,0
164,12,,,,0,0,0,0,0
164,13,,,,0,0,0,0,0
164,14,,,,0,0,0,0,0
164,15,,,,0,0,0,0,0
165,11,,,,0,0,0,0,0
165,12,,,,0,0,0,0,0
165,13,,,,0,0,0,0,0
165,14,,,,0,0,0,0,0
165,15,,,,0,0,0,0,0
166,11,,,,0,0,0,0,0
166,12,,,,0,0,0,0,0
166,13,,,,0,0,0,0,0
166,14,,,,0,0,0,0,0
166,15,,,,0,0,0,0,0
167,11,,,,0,0,0,0,0
167,12,,,,0,0,0,0,0
167,13,,,,0,0,0,0,0
167,14,,,,0,0,0,0,0
167,15,,,,0,0,0,0,0
168,11,,,,0,0,0,0,0
168,12,,,,0,0,0,0,0
168,13,,,,0,0,0,0,0
168,14,,,,0,0,0,0,0
168,15,,,,0,0,0,0,0
169,11,,,,0,0,0,0,0
169,12,,,,0,0,0,0,0
169,13,,,,0,0,0,0,0
169,14,,,,0,0,0,0,0
169,15,,,,0,0,0,0,0
170,11,,,,0,0,0,0,0
170,12,,,,0,0,0,0,0
170,13,,,,0,0,0,0,0
170,14,,,,0,0,0,0,0
170,15,,,,0,0,0,0,0
171,11,,,,0,0,0,0,0
171,12,,,,0,0,0,0,0
171,13,,,,0,0,0,0,0
171,14,,,,0,0,0,0,0
171,15,,,,0,0,0,0,0
172,11,,,,0,0,0,0,0
172,12,,,,0,0,0,0,0
172,13,,,,0,0,0,0,0
172,14,,,,0,0,0,0,0
172,15,,,,0,0,0,0,0
173,11,,,,0,0,0,0,0
173,12,,,,0,0,0,0,0
173,13,,,,0,0,0,0,0
173,14,,,,0,0,0,0,0
173,15,,,,0,0,0,0,0
174,11,,,,0,0,0,0,0
174,12,,,,0,0,0,0,0
174,13,,,,0,0,0,0,0
174,14,,,,0,0,0,0,0
174,15,,,,0,0,0,0,0
175,11,,,,0,0,0,0,0
175,12,,,,0,0,0,0,0
175,13,,,,0,0,0,0,0
175,14,,,,0,0,0,0,0
175,15,,,,0,0,0,0,0
176,11,,,,0,0,0,0,0
176,12,,,,0,0,0,0,0
176,13,,,,0,0,0,0,0
176,14,,,,0,0,0,0,0
176,15,,,,0,0,0,0,0
177,11,,,,0,0,0,0,0
177,12,,,,0,0,0,0,0
177,13,,,,0,0,0,0,0
177,14,,,,0,0,0,0,0
177,15,,,,0,0,0,0,0
178,11,,,,0,0,0,0,0
178,12,,,,0,0,0,0,0
178,13,,,,0,0,0,0,0
178,14,,,,0,0,0,0,0
178,15,,,,0,0,0,0,0
179,11,,,,0,0,0,0,0
179,12,,,,0,0,0,0,0
179,13,,,,0,0,0,0,0
179,14,,,,0,0,0,0,0
179,15,,,,0,0,0,0,0
180,11,,,,0,0,0,0,0
180,12,,,,0,0,0,0,0
180,13,,,,0,0,0,0,0
180,14,,,,0,0,0,0,0
180,15,,,,0,0,0,0,0
181,11,,,,0,0,0,0,0
181,12,,,,0,0,0,0,0
181,13,,,,0,0,0,0,0
181,14,,,,0,0,0,0,0
181,15,,,,0,0,0,0,0
182,11,,,,0,0,0,0,0
182,12,,,,0,0,0,0,0
182,13,,,,0,0,0,0,0
182,14,,,,0,0,0,0,0
182,15,,,,0,0,0,0,0
183,11,,,,0,0,0,0,0
183,12,,,,0,0,0,0,0
183,13,,,,0,0,0,0,0
183,14,,,,0,0,0,0,0
183,15,,,,0,0,0,0,0
184,11,,,,0,0,0,0,0
184,12,,,,0,0,0,0,0
184,13,,,,0,0,0,0,0
184,14,,,,0,0,0,0,0
184,15,,,,0,0,0,0,0
185,11,,,,0,0,0,0,0
185,12,,,,0,0,0,0,0
185,13,,,,0,0,0,0,0
185,14,,,,0,0,0,0,0
185,15,,,,0,0,0,0,0
186,11,,,,0,0,0,0,0
186,12,,,,0,0,0,0,0
186,13,,,,0,0,0,0,0
186,14,,,,0,0,0,0,0
186,15,,,,0,0,0,0,0
187,11,,,,0,0,0,0,0
187,12,,,,0,0,0,0,0
187,13,,,,0,0,0,0,0
187,14,,,,0,0,0,0,0
187,15,,,,0,0,0,0,0
188,11,,,,0,0,0,0,0
188,12,,,,0,0,0,0,0
188,13,,,,0,0,0,0,0
188,14,,,,0,0,0,0,0
188,15,,,,0,0,0,0,0
189,11,,,,0,0,0,0,0
189,12,,,,0,0,0,0,0
189,13,,,,0,0,0,0,0
189,14,,,,0,0,0,0,0
189,15,,,,0,0,0,0,0
190,11,,,,0,0,0,0,0
190,12,,,,0,0,0,0,0
190,13,,,,0,0,0,0,0
190,14,,,,0,0,0,0,0
190,15,,,,0,0,0,0,0
191,11,,,,0,0,0,0,0
191,12,,,,0,0,0,0,0
191,13,,,,0,0,0,0,0
191,14,,,,0,0,0,0,0
191,15,,,,0,0,0,0,0
192,11,,,,0,0,0,0,0
192,12,,,,0,0,0,0,0
192,13,,,,0,0,0,0,0
192,14,,,,0,0,0,0,0
192,15,,,,0,0,0,0,0
193,11,,,,0,0,0,0,0
193,12,,,,0,0,0,0,0
193,13,,,,0,0,0,0,0
193,14,,,,0,0,0,0,0
193,15,,,,0,0,0,0,0
194,11,,,,0,0,0,0,0
194,12,,,,0,0,0,0,0
194,13,,,,0,0,0,0,0
194,14,,,,0,0,0,0,0
194,15,,,,0,0,0,0,0
195,11,,,,0,0,0,0,0
195,12,,,,0,0,0,0,0
195,13,,,,0,0,0,0,0
195,14,,,,0,0,0,0,0
195,15,,,,0,0,0,0,0
196,11,,,,0,0,0,0,0
196,12,,,,0,0,0,0,0
196,13,,,,0,0,0,0,0
196,14,,,,0,0,0,0,0
196,15,,,,0,0,0,0,0
197,11,,,,0,0,0,0,0
197,12,,,,0,0,0,0,0
197,13,,,,0,0,0,0,0
197,14,,,,0,0,0,0,0
197,15,,,,0,0,0,0,0
198,11,,,,0,0,0,0,0
198,12,,,,0,0,0,0,0
198,13,,,,0,0,0,0,0
198,14,,,,0,0,0,0,0
198,15,,,,0,0,0,0,0
199,11,,,,0,0,0,0,0
199,12,,,,0,0,0,0,0
199,13,,,,0,0,0,0,0
199,14,,,,0,0,0,0,0
199,15,,,,0,0,0,0,0
200,11,,,,0,0,0,0,0
200,12,,,,0,0,0,0,0
200,13,,,,0,0,0,0,0
200,14,,,,0,0,0,0,0
200,15,,,,0,0,0,0,0
201,11,,,,0,0,0,0,0
201,12,,,,0,0,0,0,0
201,13,,,,0,0,0,0,0
201,14,,,,0,0,0,0,0
201,15,,,,0,0,0,0,0
202,11,,,,0,0,0,0,0
202,12,,,,0,0,0,0,0
202,13,,,,0,0,0,0,0
202,14,,,,0,0,0,0,0
202,15,,,,0,0,0,0,0
203,11,,,,0,0,0,0,0
203,12,,,,0,0,0,0,0
203,13,,,,0,0,0,0,0
203,14,,,,0,0,0,0,0
203,15,,,,0,0,0,0,0
204,11,,,,0,0,0,0,0
204,12,,,,0,0,0,0,0
204,13,,,,0,0,0,0,0
204,14,,,,0,0,0,0,0
204,15,,,,0,0,0,0,0
205,11,,,,0,0,0,0,0
205,12,,,,0,0,0,0,0
205,13,,,,0,0,0,0,0
205,14,,,,0,0,0,0,0
205,15,,,,0,0,0,0,0
206,11,,,,0,0,0,0,0
206,12,,,,0,0,0,0,0
206,13,,,,0,0,0,0,0
206,14,,,,0,0,0,0,0
206,15,,,,0,0,0,0,0
207,11,,,,0,0,0,0,0
207,12,,,,0,0,0,0,0
207,13,,,,0,0,0,0,0
207,14,,,,0,0,0,0,0
207,15,,,,0,0,0,0,0
208,11,,,,0,0,0,0,0
208,12,,,,0,0,0,0,0
208,13,,,,0,0,0,0,0
208,14,,,,0,0,0,0,0
208,15,,,,0,0,0,0,0
209,11,,,,0,0,0,0,0
209,12,,,,0,0,0,0,0
209,13,,,,0,0,0,0,0
209,14,,,,0,0,0,0,0
209,15,,,,0,0,0,0,0
210,11,,,,0,0,0,0,0
210,12,,,,0,0,0,0,0
210,13,,,,0,0,0,0,0
210,14,,,,0,0,0,0,0
210,15,,,,0,0,0,0,0
211,11,,,,0,0,0,0,0
211,12,,,,0,0,0,0,0
211,13,,,,0,0,0,0,0
211,14,,,,0,0,0,0,0
211,15,,,,0,0,0,0,0
212,11,,,,0,0,0,0,0
212,12,,,,0,0,0,0,0
212,13,,,,0,0,0,0,0
212,14,,,,0,0,0,0,0
212,15,,,,0,0,0,0,0
213,11,,,,0,0,0,0,0
213,12,,,,0,0,0,0,0
213,13,,,,0,0,0,0,0
213,14,,,,0,0,0,0,0
213,15,,,,0,0,0,0,0
214,11,,,,0,0,0,0,0
214,12,,,,0,0,0,0,0
214,13,,,,0,0,0,0,0
214,14,,,,0,0,0,0,0
214,15,,,,0,0,0,0,0
215,11,,,,0,0,0,0,0
215,12,,,,0,0,0,0,0
215,13,,,,0,0,0,0,0
215,14,,,,0,0,0,0,0
215,15,,,,0,0,0,0,0
216,11,,,,0,0,0,0,0
216,12,,,,0,0,0,0,0
216,13,,,,0,0,0,0,0
216,14,,,,0,0,0,0,0
216,15,,,,0,0,0,0,0
217,11,,,,0,0,0,0,0
217,12,,,,0,0,0,0,0
217,13,,,,0,0,0,0,0
217,14,,,,0,0,0,0,0
217,15,,,,0,0,0,0,0
218,11,,,,0,0,0,0,0
218,12,,,,0,0,0,0,0
218,13,,,,0,0,0,0,0
218,14,,,,0,0,0,0,0
218,15,,,,0,0,0,0,0
219,11,,,,0,0,0,0,0
219,12,,,,0,0,0,0,0
219,13,,,,0,0,0,0,0
219,14,,,,0,0,0,0,0
219,15,,,,0,0,0,0,0
220,11,,,,0,0,0,0,0
220,12,,,,0,0,0,0,0
220,13,,,,0,0,0,0,0
220,14,,,,0,0,0,0,0
220,15,,,,0,0,0,0,0
221,11,,,,0,0,0,0,0
221,12,,,,0,0,0,0,0
221,13,,,,0,0,0,0,0
221,14,,,,0,0,0,0,0
221,15,,,,0,0,0,0,0
222,11,,,,0,0,0,0,0
222,12,,,,0,0,0,0,0
222,13,,,,0,0,0,0,0
222,14,,,,0,0,0,0,0
222,15,,,,0,0,0,0,0
223,11,,,,0,0,0,0,0
223,12,,,,0,0,0,0,0
223,13,,,,0,0,0,0,0
223,14,,,,0,0,0,0,0
223,15,,,,0,0,0,0,0
224,11,,,,0,0,0,0,0
224,12,,,,0,0,0,0,0
224,13,,,,0,0,0,0,0
224,14,,,,0,0,0,0,0
224,15,,,,0,0,0,0,0
225,11,,,,0,0,0,0,0
225,12,,,,0,0,0,0,0
225,13,,,,0,0,0,0,0
225,14,,,,0,0,0,0,0
225,15,,,,0,0,0,0,0
226,11,,,,0,0,0,0,0
226,12,,,,0,0,0,0,0
226,13,,,,0,0,0,0,0
226,14,,,,0,0,0,0,0
226,15,,,,0,0,0,0,0
227,11,,,,0,0,0,0,0
227,12,,,,0,0,0,0,0
227,13,,,,0,0,0,0,0
227,14,,,,0,0,0,0,0
227,15,,,,0,0,0,0,0
228,11,,,,0,0,0,0,0
228,12,,,,0,0,0,0,0
228,13,,,,0,0,0,0,0
228,14,,,,0,0,0,0,0
228,15,,,,0,0,0,0,0
229,11,,,,0,0,0,0,0
229,12,,,,0,0,0,0,0
229,13,,,,0,0,0,0,0
229,14,,,,0,0,0,0,0
229,15,,,,0,0,0,0,0
230,11,,,,0,0,0,0,0
230,12,,,,0,0,0,0,0
230,13,,,,0,0,0,0,0
230,14,,,,0,0,0,0,0
230,15,,,,0,0,0,0,0
231,11,,,,0,0,0,0,0
231,12,,,,0,0,0,0,0
231,13,,,,0,0,0,0,0
231,14,,,,0,0,0,0,0
231,15,,,,0,0,0,0,0
232,11,,,,0,0,0,0,0
232,12,,,,0,0,0,0,0
232,13,,,,0,0,0,0,0
232,14,,,,0,0,0,0,0
232,15,,,,0,0,0,0,0
233,11,,,,0,0,0,0,0
233,12,,,,0,0,0,0,0
233,13,,,,0,0,0,0,0
233,14,,,,0,0,0,0,0
233,15,,,,0,0,0,0,0
234,11,,,,0,0,0,0,0
234,12,,,,0,0,0,0,0
234,13,,,,0,0,0,0,0
234,14,,,,0,0,0,0,0
234,15,,,,0,0,0,0,0
235,11,,,,0,0,0,0,0
235,12,,,,0,0,0,0,0
235,13,,,,0,0,0,0,0
235,14,,,,0,0,0,0,0
235,15,,,,0,0,0,0,0
236,11,,,,0,0,0,0,0
236,12,,,,0,0,0,0,0
236,13,,,,0,0,0,0,0
236,14,,,,0,0,0,0,0
236,15,,,,0,0,0,0,0
237,11,,,,0,0,0,0,0
237,12,,,,0,0,0,0,0
237,13,,,,0,0,0,0,0
237,14,,,,0,0,0,0,0
237,15,,,,0,0,0,0,0
238,11,,,,0,0,0,0,0
238,12,,,,0,0,0,0,0
238,13,,,,0,0,0,0,0
238,14,,,,0,0,0,0,0
238,15,,,,0,0,0,0,0
239,11,,,,0,0,0,0,0
239,12,,,,0,0,0,0,0
239,13,,,,0,0,0,0,0
239,14,,,,0,0,0,0,0
239,15,,,,0,0,0,0,0
240,11,,,,0,0,0,0,0
240,12,,,,0,0,0,0,0
240,13,,,,0,0,0,0,0
240,14,,,,0,0,0,0,0
240,15,,,,0,0,0,0,0
241,11,,,,0,0,0,0,0
241,12,,,,0,0,0,0,0
241,13,,,,0,0,0,0,0
241,14,,,,0,0,0,0,0
241,15,,,,0,0,0,0,0
242,11,,,,0,0,0,0,0
242,12,,,,0,0,0,0,0
242,13,,,,0,0,0,0,0
242,14,,,,0,0,0,0,0
242,15,,,,0,0,0,0,0
243,11,,,,0,0,0,0,0
243,12,,,,0,0,0,0,0
243,13,,,,0,0,0,0,0
243,14,,,,0,0,0,0,0
243,15,,,,0,0,0,0,0
244,11,,,,0,0,0,0,0
244,12,,,,0,0,0,0,0
244,13,,,,0,0,0,0,0
244,14,,,,0,0,0,0,0
244,15,,,,0,0,0,0,0
245,11,,,,0,0,0,0,0
245,12,,,,0,0,0,0,0
245,13,,,,0,0,0,0,0
245,14,,,,0,0,0,0,0
245,15,,,,0,0,0,0,0
246,11,,,,0,0,0,0,0
246,12,,,,0,0,0,0,0
246,13,,,,0,0,0,0,0
246,14,,,,0,0,0,0,0
246,15,,,,0,0,0,0,0
247,11,,,,0,0,0,0,0
247,12,,,,0,0,0,0,0
247,13,,,,0,0,0,0,0
247,14,,,,0,0,0,0,0
247,15,,,,0,0,0,0,0
248,11,,,,0,0,0,0,0
248,12,,,,0,0,0,0,0
248,13,,,,0,0,0,0,0
248,14,,,,0,0,0,0,0
248,15,,,,0,0,0,0,0
249,11,,,,0,0,0,0,0
249,12,,,,0,0,0,0,0
249,13,,,,0,0,0,0,0
249,14,,,,0,0,0,0,0
249,15,,,,0,0,0,0,0
250,11,,,,0,0,0,0,0
250,12,,,,0,0,0,0,0
250,13,,,,0,0,0,0,0
250,14,,,,0,0,0,0,0
250,15,,,,0,0,0,0,0
251,11,,,,0,0,0,0,0
251,12,,,,0,0,0,0,0
251,13,,,,0,0,0,0,0
251,14,,,,0,0,0,0,0
251,15,,,,0,0,0,0,0
252,11,,,,0,0,0,0,0
252,12,,,,0,0,0,0,0
252,13,,,,0,0,0,0,0
252,14,,,,0,0,0,0,0
252,15,,,,0,0,0,0,0
253,11,,,,0,0,0,0,0
253,12,,,,0,0,0,0,0
253,13,,,,0,0,0,0,0
253,14,,,,0,0,0,0,0
253,15,,,,0,0,0,0,0
254,11,,,,0,0,0,0,0
254,12,,,,0,0,0,0,0
254,13,,,,0,0,0,0,0
254,14,,,,0,0,0,0,0
254,15,,,,0,0,0,0,0
255,11,,,,0,0,0,0,0
255,12,,,,0,0,0,0,0
255,13,,,,0,0,0,0,0
255,14,,,,0,0,0,0,0
255,15,,,,0,0,0,0,0
256,11,,,,0,0,0,0,0
256,12,,,,0,0,0,0,0
256,13,,,,0,0,0,0,0
256,14,,,,0,0,0,0,0
256,15,,,,0,0,0,0,0
257,11,,,,0,0,0,0,0
257,12,,,,0,0,0,0,0
257,13,,,,0,0,0,0,0
257,14,,,,0,0,0,0,0
257,15,,,,0,0,0,0,0
258,11,,,,0,0,0,0,0
258,12,,,,0,0,0,0,0
258,13,,,,0,0,0,0,0
258,14,,,,0,0,0,0,0
258,15,,,,0,0,0,0,0
259,11,,,,0,0,0,0,0
259,12,,,,0,0,0,0,0
259,13,,,,0,0,0,0,0
259,14,,,,0,0,0,0,0
259,15,,,,0,0,0,0,0
260,11,,,,0,0,0,0,0
260,12,,,,0,0,0,0,0
260,13,,,,0,0,0,0,0
260,14,,,,0,0,0,0,0
260,15,,,,0,0,0,0,0
261,11,,,,0,0,0,0,0
261,12,,,,0,0,0,0,0
261,13,,,,0,0,0,0,0
261,14,,,,0,0,0,0,0
261,15,,,,0,0,0,0,0
262,11,,,,0,0,0,0,0
262,12,,,,0,0,0,0,0
262,13,,,,0,0,0,0,0
262,14,,,,0,0,0,0,0
262,15,,,,0,0,0,0,0
263,11,,,,0,0,0,0,0
263,12,,,,0,0,0,0,0
263,13,,,,0,0,0,0,0
263,14,,,,0,0,0,0,0
263,15,,,,0,0,0,0,0
264,11,,,,0,0,0,0,0
264,12,,,,0,0,0,0,0
264,13,,,,0,0,0,0,0
264,14,,,,0,0,0,0,0
264,15,,,,0,0,0,0,0
265,11,,,,0,0,0,0,0
265,12,,,,0,0,0,0,0
265,13,,,,0,0,0,0,0
265,14,,,,0,0,0,0,0
265,15,,,,0,0,0,0,0
266,11,,,,0,0,0,0,0
266,12,,,,0,0,0,0,0
266,13,,,,0,0,0,0,0
266,14,,,,0,0,0,0,0
266,15,,,,0,0,0,0,0
267,11,,,,0,0,0,0,0
267,12,,,,0,0,0,0,0
267,13,,,,0,0,0,0,0
267,14,,,,0,0,0,0,0
267,15,,,,0,0,0,0,0
268,11,,,,0,0,0,0,0
268,12,,,,0,0,0,0,0
268,13,,,,0,0,0,0,0
268,14,,,,0,0,0,0,0
268,15,,,,0,0,0,0,0
269,11,,,,0,0,0,0,0
269,12,,,,0,0,0,0,0
269,13,,,,0,0,0,0,0
269,14,,,,0,0,0,0,0
269,15,,,,0,0,0,0,0
270,11,,,,0,0,0,0,0
270,12,,,,0,0,0,0,0
270,13,,,,0,0,0,0,0
270,14,,,,0,0,0,0,0
270,15,,,,0,0,0,0,0
271,11,,,,0,0,0,0,0
271,12,,,,0,0,0,0,0
271,13,,,,0,0,0,0,0
271,14,,,,0,0,0,0,0
271,15,,,,0,0,0,0,0
272,11,,,,0,0,0,0,0
272,12,,,,0,0,0,0,0
272,13,,,,0,0,0,0,0
272,14,,,,0,0,0,0,0
272,15,,,,0,0,0,0,0
273,11,,,,0,0,0,0,0
273,12,,,,0,0,0,0,0
273,13,,,,0,0,0,0,0
273,14,,,,0,0,0,0,0
273,15,,,,0,0,0,0,0
274,11,,,,0,0,0,0,0
274,12,,,,0,0,0,0,0
274,13,,,,0,0,0,0,0
274,14,,,,0,0,0,0,0
274,15,,,,0,0,0,0,0
275,11,,,,0,0,0,0,0
275,12,,,,0,0,0,0,0
275,13,,,,0,0,0,0,0
275,14,,,,0,0,0,0,0
275,15,,,,0,0,0,0,0
276,11,,,,0,0,0,0,0
276,12,,,,0,0,0,0,0
276,13,,,,0,0,0,0,0
276,14,,,,0,0,0,0,0
276,15,,,,0,0,0,0,0
277,11,,,,0,0,0,0,0
277,12,,,,0,0,0,0,0
277,13,,,,0,0,0,0,0
277,14,,,,0,0,0,0,0
277,15,,,,0,0,0,0,0
278,11,,,,0,0,0,0,0
278,12,,,,0,0,0,0,0
278,13,,,,0,0,0,0,0
278,14,,,,0,0,0,0,0
278,15,,,,0,0,0,0,0
279,11,,,,0,0,0,0,0
279,12,,,,0,0,0,0,0
279,13,,,,0,0,0,0,0
279,14,,,,0,0,0,0,0
279,15,,,,0,0,0,0,0
280,11,,,,0,0,0,0,0
280,12,,,,0,0,0,0,0
280,13,,,,0,0,0,0,0
280,14,,,,0,0,0,0,0
280,15,,,,0,0,0,0,0
281,11,,,,0,0,0,0,0
281,12,,,,0,0,0,0,0
281,13,,,,0,0,0,0,0
281,14,,,,0,0,0,0,0
281,15,,,,0,0,0,0,0
282,11,,,,0,0,0,0,0
282,12,,,,0,0,0,0,0
282,13,,,,0,0,0,0,0
282,14,,,,0,0,0,0,0
282,15,,,,0,0,0,0,0
283,11,,,,0,0,0,0,0
283,12,,,,0,0,0,0,0
283,13,,,,0,0,0,0,0
283,14,,,,0,0,0,0,0
283,15,,,,0,0,0,0,0
284,11,,,,0,0,0,0,0
284,12,,,,0,0,0,0,0
284,13,,,,0,0,0,0,0
284,14,,,,0,0,0,0,0
284,15,,,,0,0,0,0,0
285,11,,,,0,0,0,0,0
285,12,,,,0,0,0,0,0
285,13,,,,0,0,0,0,0
285,14,,,,0,0,0,0,0
285,15,,,,0,0,0,0,0
286,11,,,,0,0,0,0,0
286,12,,,,0,0,0,0,0
286,13,,,,0,0,0,0,0
286,14,,,,0,0,0,0,0
286,15,,,,0,0,0,0,0
287,11,,,,0,0,0,0,0
287,12,,,,0,0,0,0,0
287,13,,,,0,0,0,0,0
287,14,,,,0,0,0,0,0
287,15,,,,0,0,0,0,0
288,11,,,,0,0,0,0,0
288,12,,,,0,0,0,0,0
288,13,,,,0,0,0,0,0
288,14,,,,0,0,0,0,0
288,15,,,,0,0,0,0,0
289,11,,,,0,0,0,0,0
289,12,,,,0,0,0,0,0
289,13,,,,0,0,0,0,0
289,14,,,,0,0,0,0,0
289,15,,,,0,0,0,0,0
290,11,,,,0,0,0,0,0
290,12,,,,0,0,0,0,0
290,13,,,,0,0,0,0,0
290,14,,,,0,0,0,0,0
290,15,,,,0,0,0,0,0
291,11,,,,0,0,0,0,0
291,12,,,,0,0,0,0,0
291,13,,,,0,0,0,0,0
291,14,,,,0,0,0,0,0
291,15,,,,0,0,0,0,0
292,11,,,,0,0,0,0,0
292,12,,,,0,0,0,0,0
292,13,,,,0,0,0,0,0
292,14,,,,0,0,0,0,0
292,15,,,,0,0,0,0,0
293,11,,,,0,0,0,0,0
293,12,,,,0,0,0,0,0
293,13,,,,0,0,0,0,0
293,14,,,,0,0,0,0,0
293,15,,,,0,0,0,0,0
294,11,,,,0,0,0,0,0
294,12,,,,0,0,0,0,0
294,13,,,,0,0,0,0,0
294,14,,,,0,0,0,0,0
294,15,,,,0,0,0,0,0
295,11,,,,0,0,0,0,0
295,12,,,,0,0,0,0,0
295,13,,,,0,0,0,0,0
295,14,,,,0,0,0,0,0
295,15,,,,0,0,0,0,0
296,11,,,,0,0,0,0,0
296,12,,,,0,0,0,0,0
296,13,,,,0,0,0,0,0
296,14,,,,0,0,0,0,0
296,15,,,,0,0,0,0,0
297,11,,,,0,0,0,0,0
297,12,,,,0,0,0,0,0
297,13,,,,0,0,0,0,0
297,14,,,,0,0,0,0,0
297,15,,,,0,0,0,0,0
298,11,,,,0,0,0,0,0
298,12,,,,0,0,0,0,0
298,13,,,,0,0,0,0,0
298,14,,,,0,0,0,0,0
298,15,,,,0,0,0,0,0
299,11,,,,0,0,0,0,0
299,12,,,,0,0,0,0,0
299,13,,,,0,0,0,0,0
299,14,,,,0,0,0,0,0
299,15,,,,0,0,0,0,0
300,11,,,,0,0,0,0,0
300,12,,,,0,0,0,0,0
300,13,,,,0,0,0,0,0
300,14,,,,0,0,0,0,0
300,15,,,,0,0,0,0,0
301,11,,,,0,0,0,0,0
301,12,,,,0,0,0,0,0
301,13,,,,0,0,0,0,0
301,14,,,,0,0,0,0,0
301,15,,,,0,0,0,0,0
302,11,,,,0,0,0,0,0
302,12,,,,0,0,0,0,0
302,13,,,,0,0,0,0,0
302,14,,,,0,0,0,0,0
302,15,,,,0,0,0,0,0
303,11,,,,0,0,0,0,0
303,12,,,,0,0,0,0,0
303,13,,,,0,0,0,0,0
303,14,,,,0,0,0,0,0
303,15,,,,0,0,0,0,0
304,11,,,,0,0,0,0,0
304,12,,,,0,0,0,0,0
304,13,,,,0,0,0,0,0
304,14,,,,0,0,0,0,0
304,15,,,,0,0,0,0,0
305,11,,,,0,0,0,0,0
305,12,,,,0,0,0,0,0
305,13,,,,0,0,0,0,0
305,14,,,,0,0,0,0,0
305,15,,,,0,0,0,0,0
306,11,,,,0,0,0,0,0
306,12,,,,0,0,0,0,0
306,13,,,,0,0,0,0,0
306,14,,,,0,0,0,0,0
306,15,,,,0,0,0,0,0
307,11,,,,0,0,0,0,0
307,12,,,,0,0,0,0,0
307,13,,,,0,0,0,0,0
307,14,,,,0,0,0,0,0
307,15,,,,0,0,0,0,0
308,11,,,,0,0,0,0,0
308,12,,,,0,0,0,0,0
308,13,,,,0,0,0,0,0
308,14,,,,0,0,0,0,0
308,15,,,,0,0,0,0,0
309,11,,,,0,0,0,0,0
309,12,,,,0,0,0,0,0
309,13,,,,0,0,0,0,0
309,14,,,,0,0,0,0,0
309,15,,,,0,0,0,0,0
310,11,,,,0,0,0,0,0
310,12,,,,0,0,0,0,0
310,13,,,,0,0,0,0,0
310,14,,,,0,0,0,0,0
310,15,,,,0,0,0,0,0
311,11,,,,0,0,0,0,0
311,12,,,,0,0,0,0,0
311,13,,,,0,0,0,0,0
311,14,,,,0,0,0,0,0
311,15,,,,0,0,0,0,0
312,11,,,,0,0,0,0,0
312,12,,,,0,0,0,0,0
312,13,,,,0,0,0,0,0
312,14,,,,0,0,0,0,0
312,15,,,,0,0,0,0,0
313,11,,,,0,0,0,0,0
313,12,,,,0,0,0,0,0
313,13,,,,0,0,0,0,0
313,14,,,,0,0,0,0,0
313,15,,,,0,0,0,0,0
314,11,,,,0,0,0,0,0
314,12,,,,0,0,0,0,0
314,13,,,,0,0,0,0,0
314,14,,,,0,0,0,0,0
314,15,,,,0,0,0,0,0
315,11,,,,0,0,0,0,0
315,12,,,,0,0,0,0,0
315,13,,,,0,0,0,0,0
315,14,,,,0,0,0,0,0
315,15,,,,0,0,0,0,0
316,11,,,,0,0,0,0,0
316,12,,,,0,0,0,0,0
316,13,,,,0,0,0,0,0
316,14,,,,0,0,0,0,0
316,15,,,,0,0,0,0,0
317,11,,,,0,0,0,0,0
317,12,,,,0,0,0,0,0
317,13,,,,0,0,0,0,0
317,14,,,,0,0,0,0,0
317,15,,,,0,0,0,0,0
318,11,,,,0,0,0,0,0
318,12,,,,0,0,0,0,0
318,13,,,,0,0,0,0,0
318,14,,,,0,0,0,0,0
318,15,,,,0,0,0,0,0
319,11,,,,0,0,0,0,0
319,12,,,,0,0,0,0,0
319,13,,,,0,0,0,0,0
319,14,,,,0,0,0,0,0
319,15,,,,0,0,0,0,0
320,11,,,,0,0,0,0,0
320,12,,,,0,0,0,0,0
320,13,,,,0,0,0,0,0
320,14,,,,0,0,0,0,0
320,15,,,,0,0,0,0,0
321,11,,,,0,0,0,0,0
321,12,,,,0,0,0,0,0
321,13,,,,0,0,0,0,0
321,14,,,,0,0,0,0,0
321,15,,,,0,0,0,0,0
322,11,,,,0,0,0,0,0
322,12,,,,0,0,0,0,0
322,13,,,,0,0,0,0,0
322,14,,,,0,0,0,0,0
322,15,,,,0,0,0,0,0
323,11,,,,0,0,0,0,0
323,12,,,,0,0,0,0,0
323,13,,,,0,0,0,0,0
323,14,,,,0,0,0,0,0
323,15,,,,0,0,0,0,0
324,11,,,,0,0,0,0,0
324,12,,,,0,0,0,0,0
324,13,,,,0,0,0,0,0
324,14,,,,0,0,0,0,0
324,15,,,,0,0,0,0,0
325,11,,,,0,0,0,0,0
325,12,,,,0,0,0,0,0
325,13,,,,0,0,0,0,0
325,14,,,,0,0,0,0,0
325,15,,,,0,0,0,0,0
326,11,,,,0,0,0,0,0
326,12,,,,0,0,0,0,0
326,13,,,,0,0,0,0,0
326,14,,,,0,0,0,0,0
326,15,,,,0,0,0,0,0
327,11,,,,0,0,0,0,0
327,12,,,,0,0,0,0,0
327,13,,,,0,0,0,0,0
327,14,,,,0,0,0,0,0
327,15,,,,0,0,0,0,0
328,11,,,,0,0,0,0,0
328,12,,,,0,0,0,0,0
328,13,,,,0,0,0,0,0
328,14,,,,0,0,0,0,0
328,15,,,,0,0,0,0,0
329,11,,,,0,0,0,0,0
329,12,,,,0,0,0,0,0
329,13,,,,0,0,0,0,0
329,14,,,,0,0,0,0,0
329,15,,,,0,0,0,0,0
330,11,,,,0,0,0,0,0
330,12,,,,0,0,0,0,0
330,13,,,,0,0,0,0,0
330,14,,,,0,0,0,0,0
330,15,,,,0,0,0,0,0
331,11,,,,0,0,0,0,0
331,12,,,,0,0,0,0,0
331,13,,,,0,0,0,0,0
331,14,,,,0,0,0,0,0
331,15,,,,0,0,0,0,0
332,11,,,,0,0,0,0,0
332,12,,,,0,0,0,0,0
332,13,,,,0,0,0,0,0
332,14,,,,0,0,0,0,0
332,15,,,,0,0,0,0,0
333,11,,,,0,0,0,0,0
333,12,,,,0,0,0,0,0
333,13,,,,0,0,0,0,0
333,14,,,,0,0,0,0,0
333,15,,,,0,0,0,0,0
334,11,,,,0,0,0,0,0
334,12,,,,0,0,0,0,0
334,13,,,,0,0,0,0,0
334,14,,,,0,0,0,0,0
334,15,,,,0,0,0,0,0
335,11,,,,0,0,0,0,0
335,12,,,,0,0,0,0,0
335,13,,,,0,0,0,0,0
335,14,,,,0,0,0,0,0
335,15,,,,0,0,0,0,0
336,11,,,,0,0,0,0,0
336,12,,,,0,0,0,0,0
336,13,,,,0,0,0,0,0
336,14,,,,0,0,0,0,0
336,15,,,,0,0,0,0,0
337,11,,,,0,0,0,0,0
337,12,,,,0,0,0,0,0
337,13,,,,0,0,0,0,0
337,14,,,,0,0,0,0,0
337,15,,,,0,0,0,0,0
338,11,,,,0,0,0,0,0
338,12,,,,0,0,0,0,0
338,13,,,,0,0,0,0,0
338,14,,,,0,0,0,0,0
338,15,,,,0,0,0,0,0
339,11,,,,0,0,0,0,0
339,12,,,,0,0,0,0,0
339,13,,,,0,0,0,0,0
339,14,,,,0,0,0,0,0
339,15,,,,0,0,0,0,0
340,11,,,,0,0,0,0,0
340,12,,,,0,0,0,0,0
340,13,,,,0,0,0,0,0
340,14,,,,0,0,0,0,0
340,15,,,,0,0,0,0,0
341,11,,,,0,0,0,0,0
341,12,,,,0,0,0,0,0
341,13,,,,0,0,0,0,0
341,14,,,,0,0,0,0,0
341,15,,,,0,0,0,0,0
342,11,,,,0,0,0,0,0
342,12,,,,0,0,0,0,0
342,13,,,,0,0,0,0,0
342,14,,,,0,0,0,0,0
342,15,,,,0,0,0,0,0
343,11,,,,0,0,0,0,0
343,12,,,,0,0,0,0,0
343,13,,,,0,0,0,0,0
343,14,,,,0,0,0,0,0
343,15,,,,0,0,0,0,0
344,11,,,,0,0,0,0,0
344,12,,,,0,0,0,0,0
344,13,,,,0,0,0,0,0
344,14,,,,0,0,0,0,0
344,15,,,,0,0,0,0,0
345,11,,,,0,0,0,0,0
345,12,,,,0,0,0,0,0
345,13,,,,0,0,0,0,0
345,14,,,,0,0,0,0,0
345,15,,,,0,0,0,0,0
346,11,,,,0,0,0,0,0
346,12,,,,0,0,0,0,0
346,13,,,,0,0,0,0,0
346,14,,,,0,0,0,0,0
346,15,,,,0,0,0,0,0
347,11,,,,0,0,0,0,0
347,12,,,,0,0,0,0,0
347,13,,,,0,0,0,0,0
347,14,,,,0,0,0,0,0
347,15,,,,0,0,0,0,0
348,11,,,,0,0,0,0,0
348,12,,,,0,0,0,0,0
348,13,,,,0,0,0,0,0
348,14,,,,0,0,0,0,0
348,15,,,,0,0,0,0,0
349,11,,,,0,0,0,0,0
349,12,,,,0,0,0,0,0
349,13,,,,0,0,0,0,0
349,14,,,,0,0,0,0,0
349,15,,,,0,0,0,0,0
350,11,,,,0,0,0,0,0
350,12,,,,0,0,0,0,0
350,13,,,,0,0,0,0,0
350,14,,,,0,0,0,0,0
350,15,,,,0,0,0,0,0
351,11,,,,0,0,0,0,0
351,12,,,,0,0,0,0,0
351,13,,,,0,0,0,0,0
351,14,,,,0,0,0,0,0
351,15,,,,0,0,0,0,0
352,11,,,,0,0,0,0,0
352,12,,,,0,0,0,0,0
352,13,,,,0,0,0,0,0
352,14,,,,0,0,0,0,0
352,15,,,,0,0,0,0,0
353,11,,,,0,0,0,0,0
353,12,,,,0,0,0,0,0
353,13,,,,0,0,0,0,0
353,14,,,,0,0,0,0,0
353,15,,,,0,0,0,0,0
354,11,,,,0,0,0,0,0
354,12,,,,0,0,0,0,0
354,13,,,,0,0,0,0,0
354,14,,,,0,0,0,0,0
354,15,,,,0,0,0,0,0
355,11,,,,0,0,0,0,0
355,12,,,,0,0,0,0,0
355,13,,,,0,0,0,0,0
355,14,,,,0,0,0,0,0
355,15,,,,0,0,0,0,0
356,11,,,,0,0,0,0,0
356,12,,,,0,0,0,0,0
356,13,,,,0,0,0,0,0
356,14,,,,0,0,0,0,0
356,15,,,,0,0,0,0,0
357,11,,,,0,0,0,0,0
357,12,,,,0,0,0,0,0
357,13,,,,0,0,0,0,0
357,14,,,,0,0,0,0,0
357,15,,,,0,0,0,0,0
358,11,,,,0,0,0,0,0
358,12,,,,0,0,0,0,0
358,13,,,,0,0,0,0,0
358,14,,,,0,0,0,0,0
358,15,,,,0,0,0,0,0
359,11,,,,0,0,0,0,0
359,12,,,,0,0,0,0,0
359,13,,,,0,0,0,0,0
359,14,,,,0,0,0,0,0
359,15,,,,0,0,0,0,0
360,11,,,,0,0,0,0,0
360,12,,,,0,0,0,0,0
360,13,,,,0,0,0,0,0
360,14,,,,0,0,0,0,0
360,15,,,,0,0,0,0,0
361,11,,,,0,0,0,0,0
361,12,,,,0,0,0,0,0
361,13,,,,0,0,0,0,0
361,14,,,,0,0,0,0,0
361,15,,,,0,0,0,0,0
362,11,,,,0,0,0,0,0
362,12,,,,0,0,0,0,0
362,13,,,,0,0,0,0,0
362,14,,,,0,0,0,0,0
362,15,,,,0,0,0,0,0
363,11,,,,0,0,0,0,0
363,12,,,,0,0,0,0,0
363,13,,,,0,0,0,0,0
363,14,,,,0,0,0,0,0
363,15,,,,0,0,0,0,0
364,11,,,,0,0,0,0,0
364,12,,,,0,0,0,0,0
364,13,,,,0,0,0,0,0
364,14,,,,0,0,0,0,0
364,15,,,,0,0,0,0,0
365,11,,,,0,0,0,0,0
365,12,,,,0,0,0,0,0
365,13,,,,0,0,0,0,0
365,14,,,,0,0,0,0,0
365,15,,,,0,0,0,0,0
366,11,,,,0,0,0,0,0
366,12,,,,0,0,0,0,0
366,13,,,,0,0,0,0,0
366,14,,,,0,0,0,0,0
366,15,,,,0,0,0,0,0
367,11,,,,0,0,0,0,0
367,12,,,,0,0,0,0,0
367,13,,,,0,0,0,0,0
367,14,,,,0,0,0,0,0
367,15,,,,0,0,0,0,0
368,11,,,,0,0,0,0,0
368,12,,,,0,0,0,0,0
368,13,,,,0,0,0,0,0
368,14,,,,0,0,0,0,0
368,15,,,,0,0,0,0,0
369,11,,,,0,0,0,0,0
369,12,,,,0,0,0,0,0
369,13,,,,0,0,0,0,0
369,14,,,,0,0,0,0,0
369,15,,,,0,0,0,0,0
370,11,,,,0,0,0,0,0
370,12,,,,0,0,0,0,0
370,13,,,,0,0,0,0,0
370,14,,,,0,0,0,0,0
370,15,,,,0,0,0,0,0
371,11,,,,0,0,0,0,0
371,12,,,,0,0,0,0,0
371,13,,,,0,0,0,0,0
371,14,,,,0,0,0,0,0
371,15,,,,0,0,0,0,0
372,11,,,,0,0,0,0,0
372,12,,,,0,0,0,0,0
372,13,,,,0,0,0,0,0
372,14,,,,0,0,0,0,0
372,15,,,,0,0,0,0,0
373,11,,,,0,0,0,0,0
373,12,,,,0,0,0,0,0
373,13,,,,0,0,0,0,0
373,14,,,,0,0,0,0,0
373,15,,,,0,0,0,0,0
374,11,,,,0,0,0,0,0
374,12,,,,0,0,0,0,0
374,13,,,,0,0,0,0,0
374,14,,,,0,0,0,0,0
374,15,,,,0,0,0,0,0
375,11,,,,0,0,0,0,0
375,12,,,,0,0,0,0,0
375,13,,,,0,0,0,0,0
375,14,,,,0,0,0,0,0
375,15,,,,0,0,0,0,0
376,11,,,,0,0,0,0,0
376,12,,,,0,0,0,0,0
376,13,,,,0,0,0,0,0
376,14,,,,0,0,0,0,0
376,15,,,,0,0,0,0,0
377,11,,,,0,0,0,0,0
377,12,,,,0,0,0,0,0
377,13,,,,0,0,0,0,0
377,14,,,,0,0,0,0,0
377,15,,,,0,0,0,0,0
378,11,,,,0,0,0,0,0
378,12,,,,0,0,0,0,0
378,13,,,,0,0,0,0,0
378,14,,,,0,0,0,0,0
378,15,,,,0,0,0,0,0
379,11,,,,0,0,0,0,0
379,12,,,,0,0,0,0,0
379,13,,,,0,0,0,0,0
379,14,,,,0,0,0,0,0
379,15,,,,0,0,0,0,0
380,11,,,,0,0,0,0,0
380,12,,,,0,0,0,0,0
380,13,,,,0,0,0,0,0
380,14,,,,0,0,0,0,0
380,15,,,,0,0,0,0,0
381,11,,,,0,0,0,0,0
381,12,,,,0,0,0,0,0
381,13,,,,0,0,0,0,0
381,14,,,,0,0,0,0,0
381,15,,,,0,0,0,0,0
382,11,,,,0,0,0,0,0
382,12,,,,0,0,0,0,0
382,13,,,,0,0,0,0,0
382,14,,,,0,0,0,0,0
382,15,,,,0,0,0,0,0
383,11,,,,0,0,0,0,0
383,12,,,,0,0,0,0,0
383,13,,,,0,0,0,0,0
383,14,,,,0,0,0,0,0
383,15,,,,0,0,0,0,0
384,11,,,,0,0,0,0,0
384,12,,,,0,0,0,0,0
384,13,,,,0,0,0,0,0
384,14,,,,0,0,0,0,0
384,15,,,,0,0,0,0,0
385,11,,,,0,0,0,0,0
385,12,,,,0,0,0,0,0
385,13,,,,0,0,0,0,0
385,14,,,,0,0,0,0,0
385,15,,,,0,0,0,0,0
386,11,,,,0,0,0,0,0
386,12,,,,0,0,0,0,0
386,13,,,,0,0,0,0,0
386,14,,,,0,0,0,0,0
386,15,,,,0,0,0,0,0
387,11,,,,0,0,0,0,0
387,12,,,,0,0,0,0,0
387,13,,,,0,0,0,0,0
387,14,,,,0,0,0,0,0
387,15,,,,0,0,0,0,0
388,11,,,,0,0,0,0,0
388,12,,,,0,0,0,0,0
388,13,,,,0,0,0,0,0
388,14,,,,0,0,0,0,0
388,15,,,,0,0,0,0,0
389,11,,,,0,0,0,0,0
389,12,,,,0,0,0,0,0
389,13,,,,0,0,0,0,0
389,14,,,,0,0,0,0,0
389,15,,,,0,0,0,0,0
390,11,,,,0,0,0,0,0
390,12,,,,0,0,0,0,0
390,13,,,,0,0,0,0,0
390,14,,,,0,0,0,0,0
390,15,,,,0,0,0,0,0
391,11,,,,0,0,0,0,0
391,12,,,,0,0,0,0,0
391,13,,,,0,0,0,0,0
391,14,,,,0,0,0,0,0
391,15,,,,0,0,0,0,0
392,11,,,,0,0,0,0,0
392,12,,,,0,0,0,0,0
392,13,,,,0,0,0,0,0
392,14,,,,0,0,0,0,0
392,15,,,,0,0,0,0,0
393,11,,,,0,0,0,0,0
393,12,,,,0,0,0,0,0
393,13,,,,0,0,0,0,0
393,14,,,,0,0,0,0,0
393,15,,,,0,0,0,0,0
394,11,,,,0,0,0,0,0
394,12,,,,0,0,0,0,0
394,13,,,,0,0,0,0,0
394,14,,,,0,0,0,0,0
394,15,,,,0,0,0,0,0
395,11,,,,0,0,0,0,0
395,12,,,,0,0,0,0,0
395,13,,,,0,0,0,0,0
395,14,,,,0,0,0,0,0
395,15,,,,0,0,0,0,0
396,11,,,,0,0,0,0,0
396,12,,,,0,0,0,0,0
396,13,,,,0,0,0,0,0
396,14,,,,0,0,0,0,0
396,15,,,,0,0,0,0,0
397,11,,,,0,0,0,0,0
397,12,,,,0,0,0,0,0
397,13,,,,0,0,0,0,0
397,14,,,,0,0,0,0,0
397,15,,,,0,0,0,0,0
398,11,,,,0,0,0,0,0
398,12,,,,0,0,0,0,0
398,13,,,,0,0,0,0,0
398,14,,,,0,0,0,0,0
398,15,,,,0,0,0,0,0
399,11,,,,0,0,0,0,0
399,12,,,,0,0,0,0,0
399,13,,,,0,0,0,0,0
399,14,,,,0,0,0,0,0
399,15,,,,0,0,0,0,0
400,11,,,,0,0,0,0,0
400,12,,,,0,0,0,0,0
400,13,,,,0,0,0,0,0
400,14,,,,0,0,0,0,0
400,15,,,,0,0,0,0,0
401,11,,,,0,0,0,0,0
401,12,,,,0,0,0,0,0
401,13,,,,0,0,0,0,0
401,14,,,,0,0,0,0,0
401,15,,,,0,0,0,0,0
402,11,,,,0,0,0,0,0
402,12,,,,0,0,0,0,0
402,13,,,,0,0,0,0,0
402,14,,,,0,0,0,0,0
402,15,,,,0,0,0,0,0
403,11,,,,0,0,0,0,0
403,12,,,,0,0,0,0,0
403,13,,,,0,0,0,0,0
403,14,,,,0,0,0,0,0
403,15,,,,0,0,0,0,0
404,11,,,,0,0,0,0,0
404,12,,,,0,0,0,0,0
404,13,,,,0,0,0,0,0
404,14,,,,0,0,0,0,0
404,15,,,,0,0,0,0,0
405,11,,,,0,0,0,0,0
405,12,,,,0,0,0,0,0
405,13,,,,0,0,0,0,0
405,14,,,,0,0,0,0,0
405,15,,,,0,0,0,0,0
406,11,,,,0,0,0,0,0
406,12,,,,0,0,0,0,0
406,13,,,,0,0,0,0,0
406,14,,,,0,0,0,0,0
406,15,,,,0,0,0,0,0
407,11,,,,0,0,0,0,0
407,12,,,,0,0,0,0,0
407,13,,,,0,0,0,0,0
407,14,,,,0,0,0,0,0
407,15,,,,0,0,0,0,0
408,11,,,,0,0,0,0,0
408,12,,,,0,0,0,0,0
408,13,,,,0,0,0,0,0
408,14,,,,0,0,0,0,0
408,15,,,,0,0,0,0,0
409,11,,,,0,0,0,0,0
409,12,,,,0,0,0,0,0
409,13,,,,0,0,0,0,0
409,14,,,,0,0,0,0,0
409,15,,,,0,0,0,0,0
410,11,,,,0,0,0,0,0
410,12,,,,0,0,0,0,0
410,13,,,,0,0,0,0,0
410,14,,,,0,0,0,0,0
410,15,,,,0,0,0,0,0
411,11,,,,0,0,0,0,0
411,12,,,,0,0,0,0,0
411,13,,,,0,0,0,0,0
411,14,,,,0,0,0,0,0
411,15,,,,0,0,0,0,0
412,11,,,,0,0,0,0,0
412,12,,,,0,0,0,0,0
412,13,,,,0,0,0,0,0
412,14,,,,0,0,0,0,0
412,15,,,,0,0,0,0,0
413,11,,,,0,0,0,0,0
413,12,,,,0,0,0,0,0
413,13,,,,0,0,0,0,0
413,14,,,,0,0,0,0,0
413,15,,,,0,0,0,0,0
414,11,,,,0,0,0,0,0
414,12,,,,0,0,0,0,0
414,13,,,,0,0,0,0,0
414,14,,,,0,0,0,0,0
414,15,,,,0,0,0,0,0
415,11,,,,0,0,0,0,0
415,12,,,,0,0,0,0,0
415,13,,,,0,0,0,0,0
415,14,,,,0,0,0,0,0
415,15,,,,0,0,0,0,0
416,11,,,,0,0,0,0,0
416,12,,,,0,0,0,0,0
416,13,,,,0,0,0,0,0
416,14,,,,0,0,0,0,0
416,15,,,,0,0,0,0,0
417,11,,,,0,0,0,0,0
417,12,,,,0,0,0,0,0
417,13,,,,0,0,0,0,0
417,14,,,,0,0,0,0,0
417,15,,,,0,0,0,0,0
418,11,,,,0,0,0,0,0
418,12,,,,0,0,0,0,0
418,13,,,,0,0,0,0,0
418,14,,,,0,0,0,0,0
418,15,,,,0,0,0,0,0
419,11,,,,0,0,0,0,0
419,12,,,,0,0,0,0,0
419,13,,,,0,0,0,0,0
419,14,,,,0,0,0,0,0
419,15,,,,0,0,0,0,0
420,11,,,,0,0,0,0,0
420,12,,,,0,0,0,0,0
420,13,,,,0,0,0,0,0
420,14,,,,0,0,0,0,0
420,15,,,,0,0,0,0,0
421,11,,,,0,0,0,0,0
421,12,,,,0,0,0,0,0
421,13,,,,0,0,0,0,0
421,14,,,,0,0,0,0,0
421,15,,,,0,0,0,0,0
422,11,,,,0,0,0,0,0
422,12,,,,0,0,0,0,0
422,13,,,,0,0,0,0,0
422,14,,,,0,0,0,0,0
422,15,,,,0,0,0,0,0
423,11,,,,0,0,0,0,0
423,12,,,,0,0,0,0,0
423,13,,,,0,0,0,0,0
423,14,,,,0,0,0,0,0
423,15,,,,0,0,0,0,0
424,11,,,,0,0,0,0,0
424,12,,,,0,0,0,0,0
424,13,,,,0,0,0,0,0
424,14,,,,0,0,0,0,0
424,15,,,,0,0,0,0,0
425,11,,,,0,0,0,0,0
425,12,,,,0,0,0,0,0
425,13,,,,0,0,0,0,0
425,14,,,,0,0,0,0,0
425,15,,,,0,0,0,0,0
426,11,,,,0,0,0,0,0
426,12,,,,0,0,0,0,0
426,13,,,,0,0,0,0,0
426,14,,,,0,0,0,0,0
426,15,,,,0,0,0,0,0
427,11,,,,0,0,0,0,0
427,12,,,,0,0,0,0,0
427,13,,,,0,0,0,0,0
427,14,,,,0,0,0,0,0
427,15,,,,0,0,0,0,0
428,11,,,,0,0,0,0,0
428,12,,,,0,0,0,0,0
428,13,,,,0,0,0,0,0
428,14,,,,0,0,0,0,0
428,15,,,,0,0,0,0,0
429,11,,,,0,0,0,0,0
429,12,,,,0,0,0,0,0
429,13,,,,0,0,0,0,0
429,14,,,,0,0,0,0,0
429,15,,,,0,0,0,0,0
430,11,,,,0,0,0,0,0
430,12,,,,0,0,0,0,0
430,13,,,,0,0,0,0,0
430,14,,,,0,0,0,0,0
430,15,,,,0,0,0,0,0
431,11,,,,0,0,0,0,0
431,12,,,,0,0,0,0,0
431,13,,,,0,0,0,0,0
431,14,,,,0,0,0,0,0
431,15,,,,0,0,0,0,0
432,11,,,,0,0,0,0,0
432,12,,,,0,0,0,0,0
432,13,,,,0,0,0,0,0
432,14,,,,0,0,0,0,0
432,15,,,,0,0,0,0,0
433,11,,,,0,0,0,0,0
433,12,,,,0,0,0,0,0
433,13,,,,0,0,0,0,0
433,14,,,,0,0,0,0,0
433,15,,,,0,0,0,0,0
434,11,,,,0,0,0,0,0
434,12,,,,0,0,0,0,0
434,13,,,,0,0,0,0,0
434,14,,,,0,0,0,0,0
434,15,,,,0,0,0,0,0
435,11,,,,0,0,0,0,0
435,12,,,,0,0,0,0,0
435,13,,,,0,0,0,0,0
435,14,,,,0,0,0,0,0
435,15,,,,0,0,0,0,0
436,11,,,,0,0,0,0,0
436,12,,,,0,0,0,0,0
436,13,,,,0,0,0,0,0
436,14,,,,0,0,0,0,0
436,15,,,,0,0,0,0,0
437,11,,,,0,0,0,0,0
437,12,,,,0,0,0,0,0
437,13,,,,0,0,0,0,0
437,14,,,,0,0,0,0,0
437,15,,,,0,0,0,0,0
438,11,,,,0,0,0,0,0
438,12,,,,0,0,0,0,0
438,13,,,,0,0,0,0,0
438,14,,,,0,0,0,0,0
438,15,,,,0,0,0,0,0
439,11,,,,0,0,0,0,0
439,12,,,,0,0,0,0,0
439,13,,,,0,0,0,0,0
439,14,,,,0,0,0,0,0
439,15,,,,0,0,0,0,0
440,11,,,,0,0,0,0,0
440,12,,,,0,0,0,0,0
440,13,,,,0,0,0,0,0
440,14,,,,0,0,0,0,0
440,15,,,,0,0,0,0,0
441,11,,,,0,0,0,0,0
441,12,,,,0,0,0,0,0
441,13,,,,0,0,0,0,0
441,14,,,,0,0,0,0,0
441,15,,,,0,0,0,0,0
442,11,,,,0,0,0,0,0
442,12,,,,0,0,0,0,0
442,13,,,,0,0,0,0,0
442,14,,,,0,0,0,0,0
442,15,,,,0,0,0,0,0
443,11,,,,0,0,0,0,0
443,12,,,,0,0,0,0,0
443,13,,,,0,0,0,0,0
443,14,,,,0,0,0,0,0
443,15,,,,0,0,0,0,0
444,11,,,,0,0,0,0,0
444,12,,,,0,0,0,0,0
444,13,,,,0,0,0,0,0
444,14,,,,0,0,0,0,0
444,15,,,,0,0,0,0,0
445,11,,,,0,0,0,0,0
445,12,,,,0,0,0,0,0
445,13,,,,0,0,0,0,0
445,14,,,,0,0,0,0,0
445,15,,,,0,0,0,0,0
446,11,,,,0,0,0,0,0
446,12,,,,0,0,0,0,0
446,13,,,,0,0,0,0,0
446,14,,,,0,0,0,0,0
446,15,,,,0,0,0,0,0
447,11,,,,0,0,0,0,0
447,12,,,,0,0,0,0,0
447,13,,,,0,0,0,0,0
447,14,,,,0,0,0,0,0
447,15,,,,0,0,0,0,0
448,11,,,,0,0,0,0,0
448,12,,,,0,0,0,0,0
448,13,,,,0,0,0,0,0
448,14,,,,0,0,0,0,0
448,15,,,,0,0,0,0,0
449,11,,,,0,0,0,0,0
449,12,,,,0,0,0,0,0
449,13,,,,0,0,0,0,0
449,14,,,,0,0,0,0,0
449,15,,,,0,0,0,0,0
450,11,,,,0,0,0,0,0
450,12,,,,0,0,0,0,0
450,13,,,,0,0,0,0,0
450,14,,,,0,0,0,0,0
450,15,,,,0,0,0,0,0
451,11,,,,0,0,0,0,0
451,12,,,,0,0,0,0,0
451,13,,,,0,0,0,0,0
451,14,,,,0,0,0,0,0
451,15,,,,0,0,0,0,0
452,11,,,,0,0,0,0,0
452,12,,,,0,0,0,0,0
452,13,,,,0,0,0,0,0
452,14,,,,0,0,0,0,0
452,15,,,,0,0,0,0,0
453,11,,,,0,0,0,0,0
453,12,,,,0,0,0,0,0
453,13,,,,0,0,0,0,0
453,14,,,,0,0,0,0,0
453,15,,,,0,0,0,0,0
454,11,,,,0,0,0,0,0
454,12,,,,0,0,0,0,0
454,13,,,,0,0,0,0,0
454,14,,,,0,0,0,0,0
454,15,,,,0,0,0,0,0
455,11,,,,0,0,0,0,0
455,12,,,,0,0,0,0,0
455,13,,,,0,0,0,0,0
455,14,,,,0,0,0,0,0
455,15,,,,0,0,0,0,0
456,11,,,,0,0,0,0,0
456,12,,,,0,0,0,0,0
456,13,,,,0,0,0,0,0
456,14,,,,0,0,0,0,0
456,15,,,,0,0,0,0,0
457,11,,,,0,0,0,0,0
457,12,,,,0,0,0,0,0
457,13,,,,0,0,0,0,0
457,14,,,,0,0,0,0,0
457,15,,,,0,0,0,0,0
458,11,,,,0,0,0,0,0
458,12,,,,0,0,0,0,0
458,13,,,,0,0,0,0,0
458,14,,,,0,0,0,0,0
458,15,,,,0,0,0,0,0
459,11,,,,0,0,0,0,0
459,12,,,,0,0,0,0,0
459,13,,,,0,0,0,0,0
459,14,,,,0,0,0,0,0
459,15,,,,0,0,0,0,0
460,11,,,,0,0,0,0,0
460,12,,,,0,0,0,0,0
460,13,,,,0,0,0,0,0
460,14,,,,0,0,0,0,0
460,15,,,,0,0,0,0,0
461,11,,,,0,0,0,0,0
461,12,,,,0,0,0,0,0
461,13,,,,0,0,0,0,0
461,14,,,,0,0,0,0,0
461,15,,,,0,0,0,0,0
462,11,,,,0,0,0,0,0
462,12,,,,0,0,0,0,0
462,13,,,,0,0,0,0,0
462,14,,,,0,0,0,0,0
462,15,,,,0,0,0,0,0
463,11,,,,0,0,0,0,0
463,12,,,,0,0,0,0,0
463,13,,,,0,0,0,0,0
463,14,,,,0,0,0,0,0
463,15,,,,0,0,0,0,0
464,11,,,,0,0,0,0,0
464,12,,,,0,0,0,0,0
464,13,,,,0,0,0,0,0
464,14,,,,0,0,0,0,0
464,15,,,,0,0,0,0,0
465,11,,,,0,0,0,0,0
465,12,,,,0,0,0,0,0
465,13,,,,0,0,0,0,0
465,14,,,,0,0,0,0,0
465,15,,,,0,0,0,0,0
466,11,,,,0,0,0,0,0
466,12,,,,0,0,0,0,0
466,13,,,,0,0,0,0,0
466,14,,,,0,0,0,0,0
466,15,,,,0,0,0,0,0
467,11,,,,0,0,0,0,0
467,12,,,,0,0,0,0,0
467,13,,,,0,0,0,0,0
467,14,,,,0,0,0,0,0
467,15,,,,0,0,0,0,0
468,11,,,,0,0,0,0,0
468,12,,,,0,0,0,0,0
468,13,,,,0,0,0,0,0
468,14,,,,0,0,0,0,0
468,15,,,,0,0,0,0,0
469,11,,,,0,0,0,0,0
469,12,,,,0,0,0,0,0
469,13,,,,0,0,0,0,0
469,14,,,,0,0,0,0,0
469,15,,,,0,0,0,0,0
470,11,,,,0,0,0,0,0
470,12,,,,0,0,0,0,0
470,13,,,,0,0,0,0,0
470,14,,,,0,0,0,0,0
470,15,,,,0,0,0,0,0
471,11,,,,0,0,0,0,0
471,12,,,,0,0,0,0,0
471,13,,,,0,0,0,0,0
471,14,,,,0,0,0,0,0
471,15,,,,0,0,0,0,0
472,11,,,,0,0,0,0,0
472,12,,,,0,0,0,0,0
472,13,,,,0,0,0,0,0
472,14,,,,0,0,0,0,0
472,15,,,,0,0,0,0,0
473,11,,,,0,0,0,0,0
473,12,,,,0,0,0,0,0
473,13,,,,0,0,0,0,0
473,14,,,,0,0,0,0,0
473,15,,,,0,0,0,0,0
474,11,,,,0,0,0,0,0
474,12,,,,0,0,0,0,0
474,13,,,,0,0,0,0,0
474,14,,,,0,0,0,0,0
474,15,,,,0,0,0,0,0
475,11,,,,0,0,0,0,0
475,12,,,,0,0,0,0,0
475,13,,,,0,0,0,0,0
475,14,,,,0,0,0,0,0
475,15,,,,0,0,0,0,0
476,11,,,,0,0,0,0,0
476,12,,,,0,0,0,0,0
476,13,,,,0,0,0,0,0
476,14,,,,0,0,0,0,0
476,15,,,,0,0,0,0,0
477,11,,,,0,0,0,0,0
477,12,,,,0,0,0,0,0
477,13,,,,0,0,0,0,0
477,14,,,,0,0,0,0,0
477,15,,,,0,0,0,0,0
478,11,,,,0,0,0,0,0
478,12,,,,0,0,0,0,0
478,13,,,,0,0,0,0,0
478,14,,,,0,0,0,0,0
478,15,,,,0,0,0,0,0
479,11,,,,0,0,0,0,0
479,12,,,,0,0,0,0,0
479,13,,,,0,0,0,0,0
479,14,,,,0,0,0,0,0
479,15,,,,0,0,0,0,0
480,11,,,,0,0,0,0,0
480,12,,,,0,0,0,0,0
480,13,,,,0,0,0,0,0
480,14,,,,0,0,0,0,0
480,15,,,,0,0,0,0,0
481,11,,,,0,0,0,0,0
481,12,,,,0,0,0,0,0
481,13,,,,0,0,0,0,0
481,14,,,,0,0,0,0,0
481,15,,,,0,0,0,0,0
482,11,,,,0,0,0,0,0
482,12,,,,0,0,0,0,0
482,13,,,,0,0,0,0,0
482,14,,,,0,0,0,0,0
482,15,,,,0,0,0,0,0
483,11,,,,0,0,0,0,0
483,12,,,,0,0,0,0,0
483,13,,,,0,0,0,0,0
483,14,,,,0,0,0,0,0
483,15,,,,0,0,0,0,0
484,11,,,,0,0,0,0,0
484,12,,,,0,0,0,0,0
484,13,,,,0,0,0,0,0
484,14,,,,0,0,0,0,0
484,15,,,,0,0,0,0,0
485,11,,,,0,0,0,0,0
485,12,,,,0,0,0,0,0
485,13,,,,0,0,0,0,0
485,14,,,,0,0,0,0,0
485,15,,,,0,0,0,0,0
486,11,,,,0,0,0,0,0
486,12,,,,0,0,0,0,0
486,13,,,,0,0,0,0,0
486,14,,,,0,0,0,0,0
486,15,,,,0,0,0,0,0
487,11,,,,0,0,0,0,0
487,12,,,,0,0,0,0,0
487,13,,,,0,0,0,0,0
487,14,,,,0,0,0,0,0
487,15,,,,0,0,0,0,0
488,11,,,,0,0,0,0,0
488,12,,,,0,0,0,0,0
488,13,,,,0,0,0,0,0
488,14,,,,0,0,0,0,0
488,15,,,,0,0,0,0,0
489,11,,,,0,0,0,0,0
489,12,,,,0,0,0,0,0
489,13,,,,0,0,0,0,0
489,14,,,,0,0,0,0,0
489,15,,,,0,0,0,0,0
490,11,,,,0,0,0,0,0
490,12,,,,0,0,0,0,0
490,13,,,,0,0,0,0,0
490,14,,,,0,0,0,0,0
490,15,,,,0,0,0,0,0
491,11,,,,0,0,0,0,0
491,12,,,,0,0,0,0,0
491,13,,,,0,0,0,0,0
491,14,,,,0,0,0,0,0
491,15,,,,0,0,0,0,0
492,11,,,,0,0,0,0,0
492,12,,,,0,0,0,0,0
492,13,,,,0,0,0,0,0
492,14,,,,0,0,0,0,0
492,15,,,,0,0,0,0,0
493,11,,,,0,0,0,0,0
493,12,,,,0,0,0,0,0
493,13,,,,0,0,0,0,0
493,14,,,,0,0,0,0,0
493,15,,,,0,0,0,0,0
494,11,,,,0,0,0,0,0
494,12,,,,0,0,0,0,0
494,13,,,,0,0,0,0,0
494,14,,,,0,0,0,0,0
494,15,,,,0,0,0,0,0
495,11,,,,0,0,0,0,0
495,12,,,,0,0,0,0,0
495,13,,,,0,0,0,0,0
495,14,,,,0,0,0,0,0
495,15,,,,0,0,0,0,0
496,11,,,,0,0,0,0,0
496,12,,,,0,0,0,0,0
496,13,,,,0,0,0,0,0
496,14,,,,0,0,0,0,0
496,15,,,,0,0,0,0,0
497,11,,,,0,0,0,0,0
497,12,,,,0,0,0,0,0
497,13,,,,0,0,0,0,0
497,14,,,,0,0,0,0,0
497,15,,,,0,0,0,0,0
498,11,,,,0,0,0,0,0
498,12,,,,0,0,0,0,0
498,13,,,,0,0,0,0,0
498,14,,,,0,0,0,0,0
498,15,,,,0,0,0,0,0
499,11,,,,0,0,0,0,0
499,12,,,,0,0,0,0,0
499,13,,,,0,0,0,0,0
499,14,,,,0,0,0,0,0
499,15,,,,0,0,0,0,0
500,11,,,,0,0,0,0,0
500,12,,,,0,0,0,0,0
500,13,,,,0,0,0,0,0
500,14,,,,0,0,0,0,0
500,15,,,,0,0,0,0,0
501,11,,,,0,0,0,0,0
501,12,,,,0,0,0,0,0
501,13,,,,0,0,0,0,0
501,14,,,,0,0,0,0,0
501,15,,,,0,0,0,0,0
502,11,,,,0,0,0,0,0
502,12,,,,0,0,0,0,0
502,13,,,,0,0,0,0,0
502,14,,,,0,0,0,0,0
502,15,,,,0,0,0,0,0
503,11,,,,0,0,0,0,0
503,12,,,,0,0,0,0,0
503,13,,,,0,0,0,0,0
503,14,,,,0,0,0,0,0
503,15,,,,0,0,0,0,0
504,11,,,,0,0,0,0,0
504,12,,,,0,0,0,0,0
504,13,,,,0,0,0,0,0
504,14,,,,0,0,0,0,0
504,15,,,,0,0,0,0,0
505,11,,,,0,0,0,0,0
505,12,,,,0,0,0,0,0
505,13,,,,0,0,0,0,0
505,14,,,,0,0,0,0,0
505,15,,,,0,0,0,0,0
506,11,,,,0,0,0,0,0
506,12,,,,0,0,0,0,0
506,13,,,,0,0,0,0,0
506,14,,,,0,0,0,0,0
506,15,,,,0,0,0,0,0
507,11,,,,0,0,0,0,0
507,12,,,,0,0,0,0,0
507,13,,,,0,0,0,0,0
507,14,,,,0,0,0,0,0
507,15,,,,0,0,0,0,0
508,11,,,,0,0,0,0,0
508,12,,,,0,0,0,0,0
508,13,,,,0,0,0,0,0
508,14,,,,0,0,0,0,0
508,15,,,,0,0,0,0,0
509,11,,,,0,0,0,0,0
509,12,,,,0,0,0,0,0
509,13,,,,0,0,0,0,0
509,14,,,,0,0,0,0,0
509,15,,,,0,0,0,0,0
510,11,,,,0,0,0,0,0
510,12,,,,0,0,0,0,0
510,13,,,,0,0,0,0,0
510,14,,,,0,0,0,0,0
510,15,,,,0,0,0,0,0
511,11,,,,0,0,0,0,0
511,12,,,,0,0,0,0,0
511,13,,,,0,0,0,0,0
511,14,,,,0,0,0,0,0
511,15,,,,0,0,0,0,0
512,11,,,,0,0,0,0,0
512,12,,,,0,0,0,0,0
512,13,,,,0,0,0,0,0
512,14,,,,0,0,0,0,0
512,15,,,,0,0,0,0,0
513,11,,,,0,0,0,0,0
513,12,,,,0,0,0,0,0
513,13,,,,0,0,0,0,0
513,14,,,,0,0,0,0,0
513,15,,,,0,0,0,0,0
514,11,,,,0,0,0,0,0
514,12,,,,0,0,0,0,0
514,13,,,,0,0,0,0,0
514,14,,,,0,0,0,0,0
514,15,,,,0,0,0,0,0
515,11,,,,0,0,0,0,0
515,12,,,,0,0,0,0,0
515,13,,,,0,0,0,0,0
515,14,,,,0,0,0,0,0
515,15,,,,0,0,0,0,0
516,11,,,,0,0,0,0,0
516,12,,,,0,0,0,0,0
516,13,,,,0,0,0,0,0
516,14,,,,0,0,0,0,0
516,15,,,,0,0,0,0,0
517,11,,,,0,0,0,0,0
517,12,,,,0,0,0,0,0
517,13,,,,0,0,0,0,0
517,14,,,,0,0,0,0,0
517,15,,,,0,0,0,0,0
518,11,,,,0,0,0,0,0
518,12,,,,0,0,0,0,0
518,13,,,,0,0,0,0,0
518,14,,,,0,0,0,0,0
518,15,,,,0,0,0,0,0
519,11,,,,0,0,0,0,0
519,12,,,,0,0,0,0,0
519,13,,,,0,0,0,0,0
519,14,,,,0,0,0,0,0
519,15,,,,0,0,0,0,0
520,11,,,,0,0,0,0,0
520,12,,,,0,0,0,0,0
520,13,,,,0,0,0,0,0
520,14,,,,0,0,0,0,0
520,15,,,,0,0,0,0,0
521,11,,,,0,0,0,0,0
521,12,,,,0,0,0,0,0
521,13,,,,0,0,0,0,0
521,14,,,,0,0,0,0,0
521,15,,,,0,0,0,0,0
522,11,,,,0,0,0,0,0
522,12,,,,0,0,0,0,0
522,13,,,,0,0,0,0,0
522,14,,,,0,0,0,0,0
522,15,,,,0,0,0,0,0
523,11,,,,0,0,0,0,0
523,12,,,,0,0,0,0,0
523,13,,,,0,0,0,0,0
523,14,,,,0,0,0,0,0
523,15,,,,0,0,0,0,0
524,11,,,,0,0,0,0,0
524,12,,,,0,0,0,0,0
524,13,,,,0,0,0,0,0
524,14,,,,0,0,0,0,0
524,15,,,,0,0,0,0,0
525,11,,,,0,0,0,0,0
525,12,,,,0,0,0,0,0
525,13,,,,0,0,0,0,0
525,14,,,,0,0,0,0,0
525,15,,,,0,0,0,0,0
526,11,,,,0,0,0,0,0
526,12,,,,0,0,0,0,0
526,13,,,,0,0,0,0,0
526,14,,,,0,0,0,0,0
526,15,,,,0,0,0,0,0
527,11,,,,0,0,0,0,0
527,12,,,,0,0,0,0,0
527,13,,,,0,0,0,0,0
527,14,,,,0,0,0,0,0
527,15,,,,0,0,0,0,0
528,11,,,,0,0,0,0,0
528,12,,,,0,0,0,0,0
528,13,,,,0,0,0,0,0
528,14,,,,0,0,0,0,0
528,15,,,,0,0,0,0,0
529,11,,,,0,0,0,0,0
529,12,,,,0,0,0,0,0
529,13,,,,0,0,0,0,0
529,14,,,,0,0,0,0,0
529,15,,,,0,0,0,0,0
530,11,,,,0,0,0,0,0
530,12,,,,0,0,0,0,0
530,13,,,,0,0,0,0,0
530,14,,,,0,0,0,0,0
530,15,,,,0,0,0,0,0
531,11,,,,0,0,0,0,0
531,12,,,,0,0,0,0,0
531,13,,,,0,0,0,0,0
531,14,,,,0,0,0,0,0
531,15,,,,0,0,0,0,0
532,11,,,,0,0,0,0,0
532,12,,,,0,0,0,0,0
532,13,,,,0,0,0,0,0
532,14,,,,0,0,0,0,0
532,15,,,,0,0,0,0,0
533,11,,,,0,0,0,0,0
533,12,,,,0,0,0,0,0
533,13,,,,0,0,0,0,0
533,14,,,,0,0,0,0,0
533,15,,,,0,0,0,0,0
534,11,,,,0,0,0,0,0
534,12,,,,0,0,0,0,0
534,13,,,,0,0,0,0,0
534,14,,,,0,0,0,0,0
534,15,,,,0,0,0,0,0
535,11,,,,0,0,0,0,0
535,12,,,,0,0,0,0,0
535,13,,,,0,0,0,0,0
535,14,,,,0,0,0,0,0
535,15,,,,0,0,0,0,0
536,11,,,,0,0,0,0,0
536,12,,,,0,0,0,0,0
536,13,,,,0,0,0,0,0
536,14,,,,0,0,0,0,0
536,15,,,,0,0,0,0,0
537,11,,,,0,0,0,0,0
537,12,,,,0,0,0,0,0
537,13,,,,0,0,0,0,0
537,14,,,,0,0,0,0,0
537,15,,,,0,0,0,0,0
538,11,,,,0,0,0,0,0
538,12,,,,0,0,0,0,0
538,13,,,,0,0,0,0,0
538,14,,,,0,0,0,0,0
538,15,,,,0,0,0,0,0
539,11,,,,0,0,0,0,0
539,12,,,,0,0,0,0,0
539,13,,,,0,0,0,0,0
539,14,,,,0,0,0,0,0
539,15,,,,0,0,0,0,0
540,11,,,,0,0,0,0,0
540,12,,,,0,0,0,0,0
540,13,,,,0,0,0,0,0
540,14,,,,0,0,0,0,0
540,15,,,,0,0,0,0,0
541,11,,,,0,0,0,0,0
541,12,,,,0,0,0,0,0
541,13,,,,0,0,0,0,0
541,14,,,,0,0,0,0,0
541,15,,,,0,0,0,0,0
542,11,,,,0,0,0,0,0
542,12,,,,0,0,0,0,0
542,13,,,,0,0,0,0,0
542,14,,,,0,0,0,0,0
542,15,,,,0,0,0,0,0
543,11,,,,0,0,0,0,0
543,12,,,,0,0,0,0,0
543,13,,,,0,0,0,0,0
543,14,,,,0,0,0,0,0
543,15,,,,0,0,0,0,0
544,11,,,,0,0,0,0,0
544,12,,,,0,0,0,0,0
544,13,,,,0,0,0,0,0
544,14,,,,0,0,0,0,0
544,15,,,,0,0,0,0,0
545,11,,,,0,0,0,0,0
545,12,,,,0,0,0,0,0
545,13,,,,0,0,0,0,0
545,14,,,,0,0,0,0,0
545,15,,,,0,0,0,0,0
546,11,,,,0,0,0,0,0
546,12,,,,0,0,0,0,0
546,13,,,,0,0,0,0,0
546,14,,,,0,0,0,0,0
546,15,,,,0,0,0,0,0
547,11,,,,0,0,0,0,0
547,12,,,,0,0,0,0,0
547,13,,,,0,0,0,0,0
547,14,,,,0,0,0,0,0
547,15,,,,0,0,0,0,0
548,11,,,,0,0,0,0,0
548,12,,,,0,0,0,0,0
548,13,,,,0,0,0,0,0
548,14,,,,0,0,0,0,0
548,15,,,,0,0,0,0,0
549,11,,,,0,0,0,0,0
549,12,,,,0,0,0,0,0
549,13,,,,0,0,0,0,0
549,14,,,,0,0,0,0,0
549,15,,,,0,0,0,0,0
550,11,,,,0,0,0,0,0
550,12,,,,0,0,0,0,0
550,13,,,,0,0,0,0,0
550,14,,,,0,0,0,0,0
550,15,,,,0,0,0,0,0
551,11,,,,0,0,0,0,0
551,12,,,,0,0,0,0,0
551,13,,,,0,0,0,0,0
551,14,,,,0,0,0,0,0
551,15,,,,0,0,0,0,0
552,11,,,,0,0,0,0,0
552,12,,,,0,0,0,0,0
552,13,,,,0,0,0,0,0
552,14,,,,0,0,0,0,0
552,15,,,,0,0,0,0,0
553,11,,,,0,0,0,0,0
553,12,,,,0,0,0,0,0
553,13,,,,0,0,0,0,0
553,14,,,,0,0,0,0,0
553,15,,,,0,0,0,0,0
554,11,,,,0,0,0,0,0
554,12,,,,0,0,0,0,0
554,13,,,,0,0,0,0,0
554,14,,,,0,0,0,0,0
554,15,,,,0,0,0,0,0
555,11,,,,0,0,0,0,0
555,12,,,,0,0,0,0,0
555,13,,,,0,0,0,0,0
555,14,,,,0,0,0,0,0
555,15,,,,0,0,0,0,0
556,11,,,,0,0,0,0,0
556,12,,,,0,0,0,0,0
556,13,,,,0,0,0,0,0
556,14,,,,0,0,0,0,0
556,15,,,,0,0,0,0,0
557,11,,,,0,0,0,0,0
557,12,,,,0,0,0,0,0
557,13,,,,0,0,0,0,0
557,14,,,,0,0,0,0,0
557,15,,,,0,0,0,0,0
558,11,,,,0,0,0,0,0
558,12,,,,0,0,0,0,0
558,13,,,,0,0,0,0,0
558,14,,,,0,0,0,0,0
558,15,,,,0,0,0,0,0
559,11,,,,0,0,0,0,0
559,12,,,,0,0,0,0,0
559,13,,,,0,0,0,0,0
559,14,,,,0,0,0,0,0
559,15,,,,0,0,0,0,0
560,11,,,,0,0,0,0,0
560,12,,,,0,0,0,0,0
560,13,,,,0,0,0,0,0
560,14,,,,0,0,0,0,0
560,15,,,,0,0,0,0,0
561,11,,,,0,0,0,0,0
561,12,,,,0,0,0,0,0
561,13,,,,0,0,0,0,0
561,14,,,,0,0,0,0,0
561,15,,,,0,0,0,0,0
562,11,,,,0,0,0,0,0
562,12,,,,0,0,0,0,0
562,13,,,,0,0,0,0,0
562,14,,,,0,0,0,0,0
562,15,,,,0,0,0,0,0
563,11,,,,0,0,0,0,0
563,12,,,,0,0,0,0,0
563,13,,,,0,0,0,0,0
563,14,,,,0,0,0,0,0
563,15,,,,0,0,0,0,0
564,11,,,,0,0,0,0,0
564,12,,,,0,0,0,0,0
564,13,,,,0,0,0,0,0
564,14,,,,0,0,0,0,0
564,15,,,,0,0,0,0,0
565,11,,,,0,0,0,0,0
565,12,,,,0,0,0,0,0
565,13,,,,0,0,0,0,0
565,14,,,,0,0,0,0,0
565,15,,,,0,0,0,0,0
566,11,,,,0,0,0,0,0
566,12,,,,0,0,0,0,0
566,13,,,,0,0,0,0,0
566,14,,,,0,0,0,0,0
566,15,,,,0,0,0,0,0
567,11,,,,0,0,0,0,0
567,12,,,,0,0,0,0,0
567,13,,,,0,0,0,0,0
567,14,,,,0,0,0,0,0
567,15,,,,0,0,0,0,0
568,11,,,,0,0,0,0,0
568,12,,,,0,0,0,0,0
568,13,,,,0,0,0,0,0
568,14,,,,0,0,0,0,0
568,15,,,,0,0,0,0,0
569,11,,,,0,0,0,0,0
569,12,,,,0,0,0,0,0
569,13,,,,0,0,0,0,0
569,14,,,,0,0,0,0,0
569,15,,,,0,0,0,0,0
570,11,,,,0,0,0,0,0
570,12,,,,0,0,0,0,0
570,13,,,,0,0,0,0,0
570,14,,,,0,0,0,0,0
570,15,,,,0,0,0,0,0
571,11,,,,0,0,0,0,0
571,12,,,,0,0,0,0,0
571,13,,,,0,0,0,0,0
571,14,,,,0,0,0,0,0
571,15,,,,0,0,0,0,0
572,11,,,,0,0,0,0,0
572,12,,,,0,0,0,0,0
572,13,,,,0,0,0,0,0
572,14,,,,0,0,0,0,0
572,15,,,,0,0,0,0,0
573,11,,,,0,0,0,0,0
573,12,,,,0,0,0,0,0
573,13,,,,0,0,0,0,0
573,14,,,,0,0,0,0,0
573,15,,,,0,0,0,0,0
574,11,,,,0,0,0,0,0
574,12,,,,0,0,0,0,0
574,13,,,,0,0,0,0,0
574,14,,,,0,0,0,0,0
574,15,,,,0,0,0,0,0
575,11,,,,0,0,0,0,0
575,12,,,,0,0,0,0,0
575,13,,,,0,0,0,0,0
575,14,,,,0,0,0,0,0
575,15,,,,0,0,0,0,0
576,11,,,,0,0,0,0,0
576,12,,,,0,0,0,0,0
576,13,,,,0,0,0,0,0
576,14,,,,0,0,0,0,0
576,15,,,,0,0,0,0,0
577,11,,,,0,0,0,0,0
577,12,,,,0,0,0,0,0
577,13,,,,0,0,0,0,0
577,14,,,,0,0,0,0,0
577,15,,,,0,0,0,0,0
578,11,,,,0,0,0,0,0
578,12,,,,0,0,0,0,0
578,13,,,,0,0,0,0,0
578,14,,,,0,0,0,0,0
578,15,,,,0,0,0,0,0
579,11,,,,0,0,0,0,0
579,12,,,,0,0,0,0,0
579,13,,,,0,0,0,0,0
579,14,,,,0,0,0,0,0
579,15,,,,0,0,0,0,0
580,11,,,,0,0,0,0,0
580,12,,,,0,0,0,0,0
580,13,,,,0,0,0,0,0
580,14,,,,0,0,0,0,0
580,15,,,,0,0,0,0,0
581,11,,,,0,0,0,0,0
581,12,,,,0,0,0,0,0
581,13,,,,0,0,0,0,0
581,14,,,,0,0,0,0,0
581,15,,,,0,0,0,0,0
582,11,,,,0,0,0,0,0
582,12,,,,0,0,0,0,0
582,13,,,,0,0,0,0,0
582,14,,,,0,0,0,0,0
582,15,,,,0,0,0,0,0
583,11,,,,0,0,0,0,0
583,12,,,,0,0,0,0,0
583,13,,,,0,0,0,0,0
583,14,,,,0,0,0,0,0
583,15,,,,0,0,0,0,0
584,11,,,,0,0,0,0,0
584,12,,,,0,0,0,0,0
584,13,,,,0,0,0,0,0
584,14,,,,0,0,0,0,0
584,15,,,,0,0,0,0,0
585,11,,,,0,0,0,0,0
585,12,,,,0,0,0,0,0
585,13,,,,0,0,0,0,0
585,14,,,,0,0,0,0,0
585,15,,,,0,0,0,0,0
586,11,,,,0,0,0,0,0
586,12,,,,0,0,0,0,0
586,13,,,,0,0,0,0,0
586,14,,,,0,0,0,0,0
586,15,,,,0,0,0,0,0
587,11,,,,0,0,0,0,0
587,12,,,,0,0,0,0,0
587,13,,,,0,0,0,0,0
587,14,,,,0,0,0,0,0
587,15,,,,0,0,0,0,0
588,11,,,,0,0,0,0,0
588,12,,,,0,0,0,0,0
588,13,,,,0,0,0,0,0
588,14,,,,0,0,0,0,0
588,15,,,,0,0,0,0,0
589,11,,,,0,0,0,0,0
589,12,,,,0,0,0,0,0
589,13,,,,0,0,0,0,0
589,14,,,,0,0,0,0,0
589,15,,,,0,0,0,0,0
590,11,,,,0,0,0,0,0
590,12,,,,0,0,0,0,0
590,13,,,,0,0,0,0,0
590,14,,,,0,0,0,0,0
590,15,,,,0,0,0,0,0
591,11,,,,0,0,0,0,0
591,12,,,,0,0,0,0,0
591,13,,,,0,0,0,0,0
591,14,,,,0,0,0,0,0
591,15,,,,0,0,0,0,0
592,11,,,,0,0,0,0,0
592,12,,,,0,0,0,0,0
592,13,,,,0,0,0,0,0
592,14,,,,0,0,0,0,0
592,15,,,,0,0,0,0,0
593,11,,,,0,0,0,0,0
593,12,,,,0,0,0,0,0
593,13,,,,0,0,0,0,0
593,14,,,,0,0,0,0,0
593,15,,,,0,0,0,0,0
594,11,,,,0,0,0,0,0
594,12,,,,0,0,0,0,0
594,13,,,,0,0,0,0,0
594,14,,,,0,0,0,0,0
594,15,,,,0,0,0,0,0
595,11,,,,0,0,0,0,0
595,12,,,,0,0,0,0,0
595,13,,,,0,0,0,0,0
595,14,,,,0,0,0,0,0
595,15,,,,0,0,0,0,0
596,11,,,,0,0,0,0,0
596,12,,,,0,0,0,0,0
596,13,,,,0,0,0,0,0
596,14,,,,0,0,0,0,0
596,15,,,,0,0,0,0,0
597,11,,,,0,0,0,0,0
597,12,,,,0,0,0,0,0
597,13,,,,0,0,0,0,0
597,14,,,,0,0,0,0,0
597,15,,,,0,0,0,0,0
598,11,,,,0,0,0,0,0
598,12,,,,0,0,0,0,0
598,13,,,,0,0,0,0,0
598,14,,,,0,0,0,0,0
598,15,,,,0,0,0,0,0
599,11,,,,0,0,0,0,0
599,12,,,,0,0,0,0,0
599,13,,,,0,0,0,0,0
599,14,,,,0,0,0,0,0
599,15,,,,0,0,0,0,0
600,11,,,,0,0,0,0,0
600,12,,,,0,0,0,0,0
600,13,,,,0,0,0,0,0
600,14,,,,0,0,0,0,0
600,15,,,,0,0,0,0,0
601,11,,,,0,0,0,0,0
601,12,,,,0,0,0,0,0
601,13,,,,0,0,0,0,0
601,14,,,,0,0,0,0,0
601,15,,,,0,0,0,0,0
602,11,,,,0,0,0,0,0
602,12,,,,0,0,0,0,0
602,13,,,,0,0,0,0,0
602,14,,,,0,0,0,0,0
602,15,,,,0,0,0,0,0
603,11,,,,0,0,0,0,0
603,12,,,,0,0,0,0,0
603,13,,,,0,0,0,0,0
603,14,,,,0,0,0,0,0
603,15,,,,0,0,0,0,0
604,11,,,,0,0,0,0,0
604,12,,,,0,0,0,0,0
604,13,,,,0,0,0,0,0
604,14,,,,0,0,0,0,0
604,15,,,,0,0,0,0,0
605,11,,,,0,0,0,0,0
605,12,,,,0,0,0,0,0
605,13,,,,0,0,0,0,0
605,14,,,,0,0,0,0,0
605,15,,,,0,0,0,0,0
606,11,,,,0,0,0,0,0
606,12,,,,0,0,0,0,0
606,13,,,,0,0,0,0,0
606,14,,,,0,0,0,0,0
606,15,,,,0,0,0,0,0
607,11,,,,0,0,0,0,0
607,12,,,,0,0,0,0,0
607,13,,,,0,0,0,0,0
607,14,,,,0,0,0,0,0
607,15,,,,0,0,0,0,0
608,11,,,,0,0,0,0,0
608,12,,,,0,0,0,0,0
608,13,,,,0,0,0,0,0
608,14,,,,0,0,0,0,0
608,15,,,,0,0,0,0,0
609,11,,,,0,0,0,0,0
609,12,,,,0,0,0,0,0
609,13,,,,0,0,0,0,0
609,14,,,,0,0,0,0,0
609,15,,,,0,0,0,0,0
610,11,,,,0,0,0,0,0
610,12,,,,0,0,0,0,0
610,13,,,,0,0,0,0,0
610,14,,,,0,0,0,0,0
610,15,,,,0,0,0,0,0
611,11,,,,0,0,0,0,0
611,12,,,,0,0,0,0,0
611,13,,,,0,0,0,0,0
611,14,,,,0,0,0,0,0
611,15,,,,0,0,0,0,0
612,11,,,,0,0,0,0,0
612,12,,,,0,0,0,0,0
612,13,,,,0,0,0,0,0
612,14,,,,0,0,0,0,0
612,15,,,,0,0,0,0,0
613,11,,,,0,0,0,0,0
613,12,,,,0,0,0,0,0
613,13,,,,0,0,0,0,0
613,14,,,,0,0,0,0,0
613,15,,,,0,0,0,0,0
614,11,,,,0,0,0,0,0
614,12,,,,0,0,0,0,0
614,13,,,,0,0,0,0,0
614,14,,,,0,0,0,0,0
614,15,,,,0,0,0,0,0
615,11,,,,0,0,0,0,0
615,12,,,,0,0,0,0,0
615,13,,,,0,0,0,0,0
615,14,,,,0,0,0,0,0
615,15,,,,0,0,0,0,0
616,11,,,,0,0,0,0,0
616,12,,,,0,0,0,0,0
616,13,,,,0,0,0,0,0
616,14,,,,0,0,0,0,0
616,15,,,,0,0,0,0,0
617,11,,,,0,0,0,0,0
617,12,,,,0,0,0,0,0
617,13,,,,0,0,0,0,0
617,14,,,,0,0,0,0,0
617,15,,,,0,0,0,0,0
618,11,,,,0,0,0,0,0
618,12,,,,0,0,0,0,0
618,13,,,,0,0,0,0,0
618,14,,,,0,0,0,0,0
618,15,,,,0,0,0,0,0
619,11,,,,0,0,0,0,0
619,12,,,,0,0,0,0,0
619,13,,,,0,0,0,0,0
619,14,,,,0,0,0,0,0
619,15,,,,0,0,0,0,0
620,11,,,,0,0,0,0,0
620,12,,,,0,0,0,0,0
620,13,,,,0,0,0,0,0
620,14,,,,0,0,0,0,0
620,15,,,,0,0,0,0,0
621,11,,,,0,0,0,0,0
621,12,,,,0,0,0,0,0
621,13,,,,0,0,0,0,0
621,14,,,,0,0,0,0,0
621,15,,,,0,0,0,0,0
622,11,,,,0,0,0,0,0
622,12,,,,0,0,0,0,0
622,13,,,,0,0,0,0,0
622,14,,,,0,0,0,0,0
622,15,,,,0,0,0,0,0
623,11,,,,0,0,0,0,0
623,12,,,,0,0,0,0,0
623,13,,,,0,0,0,0,0
623,14,,,,0,0,0,0,0
623,15,,,,0,0,0,0,0
624,11,,,,0,0,0,0,0
624,12,,,,0,0,0,0,0
624,13,,,,0,0,0,0,0
624,14,,,,0,0,0,0,0
624,15,,,,0,0,0,0,0
625,11,,,,0,0,0,0,0
625,12,,,,0,0,0,0,0
625,13,,,,0,0,0,0,0
625,14,,,,0,0,0,0,0
625,15,,,,0,0,0,0,0
626,11,,,,0,0,0,0,0
626,12,,,,0,0,0,0,0
626,13,,,,0,0,0,0,0
626,14,,,,0,0,0,0,0
626,15,,,,0,0,0,0,0
627,11,,,,0,0,0,0,0
627,12,,,,0,0,0,0,0
627,13,,,,0,0,0,0,0
627,14,,,,0,0,0,0,0
627,15,,,,0,0,0,0,0
628,11,,,,0,0,0,0,0
628,12,,,,0,0,0,0,0
628,13,,,,0,0,0,0,0
628,14,,,,0,0,0,0,0
628,15,,,,0,0,0,0,0
629,11,,,,0,0,0,0,0
629,12,,,,0,0,0,0,0
629,13,,,,0,0,0,0,0
629,14,,,,0,0,0,0,0
629,15,,,,0,0,0,0,0
630,11,,,,0,0,0,0,0
630,12,,,,0,0,0,0,0
630,13,,,,0,0,0,0,0
630,14,,,,0,0,0,0,0
630,15,,,,0,0,0,0,0
631,11,,,,0,0,0,0,0
631,12,,,,0,0,0,0,0
631,13,,,,0,0,0,0,0
631,14,,,,0,0,0,0,0
631,15,,,,0,0,0,0,0
632,11,,,,0,0,0,0,0
632,12,,,,0,0,0,0,0
632,13,,,,0,0,0,0,0
632,14,,,,0,0,0,0,0
632,15,,,,0,0,0,0,0
633,11,,,,0,0,0,0,0
633,12,,,,0,0,0,0,0
633,13,,,,0,0,0,0,0
633,14,,,,0,0,0,0,0
633,15,,,,0,0,0,0,0
634,11,,,,0,0,0,0,0
634,12,,,,0,0,0,0,0
634,13,,,,0,0,0,0,0
634,14,,,,0,0,0,0,0
634,15,,,,0,0,0,0,0
635,11,,,,0,0,0,0,0
635,12,,,,0,0,0,0,0
635,13,,,,0,0,0,0,0
635,14,,,,0,0,0,0,0
635,15,,,,0,0,0,0,0
636,11,,,,0,0,0,0,0
636,12,,,,0,0,0,0,0
636,13,,,,0,0,0,0,0
636,14,,,,0,0,0,0,0
636,15,,,,0,0,0,0,0
637,11,,,,0,0,0,0,0
637,12,,,,0,0,0,0,0
637,13,,,,0,0,0,0,0
637,14,,,,0,0,0,0,0
637,15,,,,0,0,0,0,0
638,11,,,,0,0,0,0,0
638,12,,,,0,0,0,0,0
638,13,,,,0,0,0,0,0
638,14,,,,0,0,0,0,0
638,15,,,,0,0,0,0,0
639,11,,,,0,0,0,0,0
639,12,,,,0,0,0,0,0
639,13,,,,0,0,0,0,0
639,14,,,,0,0,0,0,0
639,15,,,,0,0,0,0,0
640,11,,,,0,0,0,0,0
640,12,,,,0,0,0,0,0
640,13,,,,0,0,0,0,0
640,14,,,,0,0,0,0,0
640,15,,,,0,0,0,0,0
641,11,,,,0,0,0,0,0
641,12,,,,0,0,0,0,0
641,13,,,,0,0,0,0,0
641,14,,,,0,0,0,0,0
641,15,,,,0,0,0,0,0
642,11,,,,0,0,0,0,0
642,12,,,,0,0,0,0,0
642,13,,,,0,0,0,0,0
642,14,,,,0,0,0,0,0
642,15,,,,0,0,0,0,0
643,11,,,,0,0,0,0,0
643,12,,,,0,0,0,0,0
643,13,,,,0,0,0,0,0
643,14,,,,0,0,0,0,0
643,15,,,,0,0,0,0,0
644,11,,,,0,0,0,0,0
644,12,,,,0,0,0,0,0
644,13,,,,0,0,0,0,0
644,14,,,,0,0,0,0,0
644,15,,,,0,0,0,0,0
645,11,,,,0,0,0,0,0
645,12,,,,0,0,0,0,0
645,13,,,,0,0,0,0,0
645,14,,,,0,0,0,0,0
645,15,,,,0,0,0,0,0
646,11,,,,0,0,0,0,0
646,12,,,,0,0,0,0,0
646,13,,,,0,0,0,0,0
646,14,,,,0,0,0,0,0
646,15,,,,0,0,0,0,0
647,11,,,,0,0,0,0,0
647,12,,,,0,0,0,0,0
647,13,,,,0,0,0,0,0
647,14,,,,0,0,0,0,0
647,15,,,,0,0,0,0,0
648,11,,,,0,0,0,0,0
648,12,,,,0,0,0,0,0
648,13,,,,0,0,0,0,0
648,14,,,,0,0,0,0,0
648,15,,,,0,0,0,0,0
649,11,,,,0,0,0,0,0
649,12,,,,0,0,0,0,0
649,13,,,,0,0,0,0,0
649,14,,,,0,0,0,0,0
649,15,,,,0,0,0,0,0
650,11,,,,0,0,0,0,0
650,12,,,,0,0,0,0,0
650,13,,,,0,0,0,0,0
650,14,,,,0,0,0,0,0
650,15,,,,0,0,0,0,0
651,11,,,,0,0,0,0,0
651,12,,,,0,0,0,0,0
651,13,,,,0,0,0,0,0
651,14,,,,0,0,0,0,0
651,15,,,,0,0,0,0,0
652,11,,,,0,0,0,0,0
652,12,,,,0,0,0,0,0
652,13,,,,0,0,0,0,0
652,14,,,,0,0,0,0,0
652,15,,,,0,0,0,0,0
653,11,,,,0,0,0,0,0
653,12,,,,0,0,0,0,0
653,13,,,,0,0,0,0,0
653,14,,,,0,0,0,0,0
653,15,,,,0,0,0,0,0
654,11,,,,0,0,0,0,0
654,12,,,,0,0,0,0,0
654,13,,,,0,0,0,0,0
654,14,,,,0,0,0,0,0
654,15,,,,0,0,0,0,0
655,11,,,,0,0,0,0,0
655,12,,,,0,0,0,0,0
655,13,,,,0,0,0,0,0
655,14,,,,0,0,0,0,0
655,15,,,,0,0,0,0,0
656,11,,,,0,0,0,0,0
656,12,,,,0,0,0,0,0
656,13,,,,0,0,0,0,0
656,14,,,,0,0,0,0,0
656,15,,,,0,0,0,0,0
657,11,,,,0,0,0,0,0
657,12,,,,0,0,0,0,0
657,13,,,,0,0,0,0,0
657,14,,,,0,0,0,0,0
657,15,,,,0,0,0,0,0
658,11,,,,0,0,0,0,0
658,12,,,,0,0,0,0,0
658,13,,,,0,0,0,0,0
658,14,,,,0,0,0,0,0
658,15,,,,0,0,0,0,0
659,11,,,,0,0,0,0,0
659,12,,,,0,0,0,0,0
659,13,,,,0,0,0,0,0
659,14,,,,0,0,0,0,0
659,15,,,,0,0,0,0,0
660,11,,,,0,0,0,0,0
660,12,,,,0,0,0,0,0
660,13,,,,0,0,0,0,0
660,14,,,,0,0,0,0,0
660,15,,,,0,0,0,0,0
661,11,,,,0,0,0,0,0
661,12,,,,0,0,0,0,0
661,13,,,,0,0,0,0,0
661,14,,,,0,0,0,0,0
661,15,,,,0,0,0,0,0
662,11,,,,0,0,0,0,0
662,12,,,,0,0,0,0,0
662,13,,,,0,0,0,0,0
662,14,,,,0,0,0,0,0
662,15,,,,0,0,0,0,0
663,11,,,,0,0,0,0,0
663,12,,,,0,0,0,0,0
663,13,,,,0,0,0,0,0
663,14,,,,0,0,0,0,0
663,15,,,,0,0,0,0,0
664,11,,,,0,0,0,0,0
664,12,,,,0,0,0,0,0
664,13,,,,0,0,0,0,0
664,14,,,,0,0,0,0,0
664,15,,,,0,0,0,0,0
665,11,,,,0,0,0,0,0
665,12,,,,0,0,0,0,0
665,13,,,,0,0,0,0,0
665,14,,,,0,0,0,0,0
665,15,,,,0,0,0,0,0
666,11,,,,0,0,0,0,0
666,12,,,,0,0,0,0,0
666,13,,,,0,0,0,0,0
666,14,,,,0,0,0,0,0
666,15,,,,0,0,0,0,0
667,11,,,,0,0,0,0,0
667,12,,,,0,0,0,0,0
667,13,,,,0,0,0,0,0
667,14,,,,0,0,0,0,0
667,15,,,,0,0,0,0,0
668,11,,,,0,0,0,0,0
668,12,,,,0,0,0,0,0
668,13,,,,0,0,0,0,0
668,14,,,,0,0,0,0,0
668,15,,,,0,0,0,0,0
669,11,,,,0,0,0,0,0
669,12,,,,0,0,0,0,0
669,13,,,,0,0,0,0,0
669,14,,,,0,0,0,0,0
669,15,,,,0,0,0,0,0
670,11,,,,0,0,0,0,0
670,12,,,,0,0,0,0,0
670,13,,,,0,0,0,0,0
670,14,,,,0,0,0,0,0
670,15,,,,0,0,0,0,0
671,11,,,,0,0,0,0,0
671,12,,,,0,0,0,0,0
671,13,,,,0,0,0,0,0
671,14,,,,0,0,0,0,0
671,15,,,,0,0,0,0,0
672,11,,,,0,0,0,0,0
672,12,,,,0,0,0,0,0
672,13,,,,0,0,0,0,0
672,14,,,,0,0,0,0,0
672,15,,,,0,0,0,0,0
673,11,,,,0,0,0,0,0
673,12,,,,0,0,0,0,0
673,13,,,,0,0,0,0,0
673,14,,,,0,0,0,0,0
673,15,,,,0,0,0,0,0
674,11,,,,0,0,0,0,0
674,12,,,,0,0,0,0,0
674,13,,,,0,0,0,0,0
674,14,,,,0,0,0,0,0
674,15,,,,0,0,0,0,0
675,11,,,,0,0,0,0,0
675,12,,,,0,0,0,0,0
675,13,,,,0,0,0,0,0
675,14,,,,0,0,0,0,0
675,15,,,,0,0,0,0,0
676,11,,,,0,0,0,0,0
676,12,,,,0,0,0,0,0
676,13,,,,0,0,0,0,0
676,14,,,,0,0,0,0,0
676,15,,,,0,0,0,0,0
677,11,,,,0,0,0,0,0
677,12,,,,0,0,0,0,0
677,13,,,,0,0,0,0,0
677,14,,,,0,0,0,0,0
677,15,,,,0,0,0,0,0
678,11,,,,0,0,0,0,0
678,12,,,,0,0,0,0,0
678,13,,,,0,0,0,0,0
678,14,,,,0,0,0,0,0
678,15,,,,0,0,0,0,0
679,11,,,,0,0,0,0,0
679,12,,,,0,0,0,0,0
679,13,,,,0,0,0,0,0
679,14,,,,0,0,0,0,0
679,15,,,,0,0,0,0,0
680,11,,,,0,0,0,0,0
680,12,,,,0,0,0,0,0
680,13,,,,0,0,0,0,0
680,14,,,,0,0,0,0,0
680,15,,,,0,0,0,0,0
681,11,,,,0,0,0,0,0
681,12,,,,0,0,0,0,0
681,13,,,,0,0,0,0,0
681,14,,,,0,0,0,0,0
681,15,,,,0,0,0,0,0
682,11,,,,0,0,0,0,0
682,12,,,,0,0,0,0,0
682,13,,,,0,0,0,0,0
682,14,,,,0,0,0,0,0
682,15,,,,0,0,0,0,0
683,11,,,,0,0,0,0,0
683,12,,,,0,0,0,0,0
683,13,,,,0,0,0,0,0
683,14,,,,0,0,0,0,0
683,15,,,,0,0,0,0,0
684,11,,,,0,0,0,0,0
684,12,,,,0,0,0,0,0
684,13,,,,0,0,0,0,0
684,14,,,,0,0,0,0,0
684,15,,,,0,0,0,0,0
685,11,,,,0,0,0,0,0
685,12,,,,0,0,0,0,0
685,13,,,,0,0,0,0,0
685,14,,,,0,0,0,0,0
685,15,,,,0,0,0,0,0
686,11,,,,0,0,0,0,0
686,12,,,,0,0,0,0,0
686,13,,,,0,0,0,0,0
686,14,,,,0,0,0,0,0
686,15,,,,0,0,0,0,0
687,11,,,,0,0,0,0,0
687,12,,,,0,0,0,0,0
687,13,,,,0,0,0,0,0
687,14,,,,0,0,0,0,0
687,15,,,,0,0,0,0,0
688,11,,,,0,0,0,0,0
688,12,,,,0,0,0,0,0
688,13,,,,0,0,0,0,0
688,14,,,,0,0,0,0,0
688,15,,,,0,0,0,0,0
689,11,,,,0,0,0,0,0
689,12,,,,0,0,0,0,0
689,13,,,,0,0,0,0,0
689,14,,,,0,0,0,0,0
689,15,,,,0,0,0,0,0
690,11,,,,0,0,0,0,0
690,12,,,,0,0,0,0,0
690,13,,,,0,0,0,0,0
690,14,,,,0,0,0,0,0
690,15,,,,0,0,0,0,0
691,11,,,,0,0,0,0,0
691,12,,,,0,0,0,0,0
691,13,,,,0,0,0,0,0
691,14,,,,0,0,0,0,0
691,15,,,,0,0,0,0,0
692,11,,,,0,0,0,0,0
692,12,,,,0,0,0,0,0
692,13,,,,0,0,0,0,0
692,14,,,,0,0,0,0,0
692,15,,,,0,0,0,0,0
693,11,,,,0,0,0,0,0
693,12,,,,0,0,0,0,0
693,13,,,,0,0,0,0,0
693,14,,,,0,0,0,0,0
693,15,,,,0,0,0,0,0
694,11,,,,0,0,0,0,0
694,12,,,,0,0,0,0,0
694,13,,,,0,0,0,0,0
694,14,,,,0,0,0,0,0
694,15,,,,0,0,0,0,0
695,11,,,,0,0,0,0,0
695,12,,,,0,0,0,0,0
695,13,,,,0,0,0,0,0
695,14,,,,0,0,0,0,0
695,15,,,,0,0,0,0,0
696,11,,,,0,0,0,0,0
696,12,,,,0,0,0,0,0
696,13,,,,0,0,0,0,0
696,14,,,,0,0,0,0,0
696,15,,,,0,0,0,0,0
697,11,,,,0,0,0,0,0
697,12,,,,0,0,0,0,0
697,13,,,,0,0,0,0,0
697,14,,,,0,0,0,0,0
697,15,,,,0,0,0,0,0
698,11,,,,0,0,0,0,0
698,12,,,,0,0,0,0,0
698,13,,,,0,0,0,0,0
698,14,,,,0,0,0,0,0
698,15,,,,0,0,0,0,0
699,11,,,,0,0,0,0,0
699,12,,,,0,0,0,0,0
699,13,,,,0,0,0,0,0
699,14,,,,0,0,0,0,0
699,15,,,,0,0,0,0,0
700,11,,,,0,0,0,0,0
700,12,,,,0,0,0,0,0
700,13,,,,0,0,0,0,0
700,14,,,,0,0,0,0,0
700,15,,,,0,0,0,0,0
701,11,,,,0,0,0,0,0
701,12,,,,0,0,0,0,0
701,13,,,,0,0,0,0,0
701,14,,,,0,0,0,0,0
701,15,,,,0,0,0,0,0
702,11,,,,0,0,0,0,0
702,12,,,,0,0,0,0,0
702,13,,,,0,0,0,0,0
702,14,,,,0,0,0,0,0
702,15,,,,0,0,0,0,0
703,11,,,,0,0,0,0,0
703,12,,,,0,0,0,0,0
703,13,,,,0,0,0,0,0
703,14,,,,0,0,0,0,0
703,15,,,,0,0,0,0,0
704,11,,,,0,0,0,0,0
704,12,,,,0,0,0,0,0
704,13,,,,0,0,0,0,0
704,14,,,,0,0,0,0,0
704,15,,,,0,0,0,0,0
705,11,,,,0,0,0,0,0
705,12,,,,0,0,0,0,0
705,13,,,,0,0,0,0,0
705,14,,,,0,0,0,0,0
705,15,,,,0,0,0,0,0
706,11,,,,0,0,0,0,0
706,12,,,,0,0,0,0,0
706,13,,,,0,0,0,0,0
706,14,,,,0,0,0,0,0
706,15,,,,0,0,0,0,0
707,11,,,,0,0,0,0,0
707,12,,,,0,0,0,0,0
707,13,,,,0,0,0,0,0
707,14,,,,0,0,0,0,0
707,15,,,,0,0,0,0,0
708,11,,,,0,0,0,0,0
708,12,,,,0,0,0,0,0
708,13,,,,0,0,0,0,0
708,14,,,,0,0,0,0,0
708,15,,,,0,0,0,0,0
709,11,,,,0,0,0,0,0
709,12,,,,0,0,0,0,0
709,13,,,,0,0,0,0,0
709,14,,,,0,0,0,0,0
709,15,,,,0,0,0,0,0
710,11,,,,0,0,0,0,0
710,12,,,,0,0,0,0,0
710,13,,,,0,0,0,0,0
710,14,,,,0,0,0,0,0
710,15,,,,0,0,0,0,0
711,11,,,,0,0,0,0,0
711,12,,,,0,0,0,0,0
711,13,,,,0,0,0,0,0
711,14,,,,0,0,0,0,0
711,15,,,,0,0,0,0,0
712,11,,,,0,0,0,0,0
712,12,,,,0,0,0,0,0
712,13,,,,0,0,0,0,0
712,14,,,,0,0,0,0,0
712,15,,,,0,0,0,0,0
713,11,,,,0,0,0,0,0
713,12,,,,0,0,0,0,0
713,13,,,,0,0,0,0,0
713,14,,,,0,0,0,0,0
713,15,,,,0,0,0,0,0
714,11,,,,0,0,0,0,0
714,12,,,,0,0,0,0,0
714,13,,,,0,0,0,0,0
714,14,,,,0,0,0,0,0
714,15,,,,0,0,0,0,0
715,11,,,,0,0,0,0,0
715,12,,,,0,0,0,0,0
715,13,,,,0,0,0,0,0
715,14,,,,0,0,0,0,0
715,15,,,,0,0,0,0,0
716,11,,,,0,0,0,0,0
716,12,,,,0,0,0,0,0
716,13,,,,0,0,0,0,0
716,14,,,,0,0,0,0,0
716,15,,,,0,0,0,0,0
717,11,,,,0,0,0,0,0
717,12,,,,0,0,0,0,0
717,13,,,,0,0,0,0,0
717,14,,,,0,0,0,0,0
717,15,,,,0,0,0,0,0
718,11,,,,0,0,0,0,0
718,12,,,,0,0,0,0,0
718,13,,,,0,0,0,0,0
718,14,,,,0,0,0,0,0
718,15,,,,0,0,0,0,0
719,11,,,,0,0,0,0,0
719,12,,,,0,0,0,0,0
719,13,,,,0,0,0,0,0
719,14,,,,0,0,0,0,0
719,15,,,,0,0,0,0,0
720,11,,,,0,0,0,0,0
720,12,,,,0,0,0,0,0
720,13,,,,0,0,0,0,0
720,14,,,,0,0,0,0,0
720,15,,,,0,0,0,0,0
721,11,,,,0,0,0,0,0
721,12,,,,0,0,0,0,0
721,13,,,,0,0,0,0,0
721,14,,,,0,0,0,0,0
721,15,,,,0,0,0,0,0
722,11,,,,0,0,0,0,0
722,12,,,,0,0,0,0,0
722,13,,,,0,0,0,0,0
722,14,,,,0,0,0,0,0
722,15,,,,0,0,0,0,0
723,11,,,,0,0,0,0,0
723,12,,,,0,0,0,0,0
723,13,,,,0,0,0,0,0
723,14,,,,0,0,0,0,0
723,15,,,,0,0,0,0,0
724,11,,,,0,0,0,0,0
724,12,,,,0,0,0,0,0
724,13,,,,0,0,0,0,0
724,14,,,,0,0,0,0,0
724,15,,,,0,0,0,0,0
725,11,,,,0,0,0,0,0
725,12,,,,0,0,0,0,0
725,13,,,,0,0,0,0,0
725,14,,,,0,0,0,0,0
725,15,,,,0,0,0,0,0
726,11,,,,0,0,0,0,0
726,12,,,,0,0,0,0,0
726,13,,,,0,0,0,0,0
726,14,,,,0,0,0,0,0
726,15,,,,0,0,0,0,0
727,11,,,,0,0,0,0,0
727,12,,,,0,0,0,0,0
727,13,,,,0,0,0,0,0
727,14,,,,0,0,0,0,0
727,15,,,,0,0,0,0,0
728,11,,,,0,0,0,0,0
728,12,,,,0,0,0,0,0
728,13,,,,0,0,0,0,0
728,14,,,,0,0,0,0,0
728,15,,,,0,0,0,0,0
729,11,,,,0,0,0,0,0
729,12,,,,0,0,0,0,0
729,13,,,,0,0,0,0,0
729,14,,,,0,0,0,0,0
729,15,,,,0,0,0,0,0
730,11,,,,0,0,0,0,0
730,12,,,,0,0,0,0,0
730,13,,,,0,0,0,0,0
730,14,,,,0,0,0,0,0
730,15,,,,0,0,0,0,0
731,11,,,,0,0,0,0,0
731,12,,,,0,0,0,0,0
731,13,,,,0,0,0,0,0
731,14,,,,0,0,0,0,0
731,15,,,,0,0,0,0,0
732,11,,,,0,0,0,0,0
732,12,,,,0,0,0,0,0
732,13,,,,0,0,0,0,0
732,14,,,,0,0,0,0,0
732,15,,,,0,0,0,0,0
733,11,,,,0,0,0,0,0
733,12,,,,0,0,0,0,0
733,13,,,,0,0,0,0,0
733,14,,,,0,0,0,0,0
733,15,,,,0,0,0,0,0
734,11,,,,0,0,0,0,0
734,12,,,,0,0,0,0,0
734,13,,,,0,0,0,0,0
734,14,,,,0,0,0,0,0
734,15,,,,0,0,0,0,0
735,11,,,,0,0,0,0,0
735,12,,,,0,0,0,0,0
735,13,,,,0,0,0,0,0
735,14,,,,0,0,0,0,0
735,15,,,,0,0,0,0,0
736,11,,,,0,0,0,0,0
736,12,,,,0,0,0,0,0
736,13,,,,0,0,0,0,0
736,14,,,,0,0,0,0,0
736,15,,,,0,0,0,0,0
737,11,,,,0,0,0,0,0
737,12,,,,0,0,0,0,0
737,13,,,,0,0,0,0,0
737,14,,,,0,0,0,0,0
737,15,,,,0,0,0,0,0
738,11,,,,0,0,0,0,0
738,12,,,,0,0,0,0,0
738,13,,,,0,0,0,0,0
738,14,,,,0,0,0,0,0
738,15,,,,0,0,0,0,0
739,11,,,,0,0,0,0,0
739,12,,,,0,0,0,0,0
739,13,,,,0,0,0,0,0
739,14,,,,0,0,0,0,0
739,15,,,,0,0,0,0,0
740,11,,,,0,0,0,0,0
740,12,,,,0,0,0,0,0
740,13,,,,0,0,0,0,0
740,14,,,,0,0,0,0,0
740,15,,,,0,0,0,0,0
741,11,,,,0,0,0,0,0
741,12,,,,0,0,0,0,0
741,13,,,,0,0,0,0,0
741,14,,,,0,0,0,0,0
741,15,,,,0,0,0,0,0
742,11,,,,0,0,0,0,0
742,12,,,,0,0,0,0,0
742,13,,,,0,0,0,0,0
742,14,,,,0,0,0,0,0
742,15,,,,0,0,0,0,0
743,11,,,,0,0,0,0,0
743,12,,,,0,0,0,0,0
743,13,,,,0,0,0,0,0
743,14,,,,0,0,0,0,0
743,15,,,,0,0,0,0,0
744,11,,,,0,0,0,0,0
744,12,,,,0,0,0,0,0
744,13,,,,0,0,0,0,0
744,14,,,,0,0,0,0,0
744,15,,,,0,0,0,0,0
745,11,,,,0,0,0,0,0
745,12,,,,0,0,0,0,0
745,13,,,,0,0,0,0,0
745,14,,,,0,0,0,0,0
745,15,,,,0,0,0,0,0
746,11,,,,0,0,0,0,0
746,12,,,,0,0,0,0,0
746,13,,,,0,0,0,0,0
746,14,,,,0,0,0,0,0
746,15,,,,0,0,0,0,0
747,11,,,,0,0,0,0,0
747,12,,,,0,0,0,0,0
747,13,,,,0,0,0,0,0
747,14,,,,0,0,0,0,0
747,15,,,,0,0,0,0,0
748,11,,,,0,0,0,0,0
748,12,,,,0,0,0,0,0
748,13,,,,0,0,0,0,0
748,14,,,,0,0,0,0,0
748,15,,,,0,0,0,0,0
749,11,,,,0,0,0,0,0
749,12,,,,0,0,0,0,0
749,13,,,,0,0,0,0,0
749,14,,,,0,0,0,0,0
749,15,,,,0,0,0,0,0
750,11,,,,0,0,0,0,0
750,12,,,,0,0,0,0,0
750,13,,,,0,0,0,0,0
750,14,,,,0,0,0,0,0
750,15,,,,0,0,0,0,0
751,11,,,,0,0,0,0,0
751,12,,,,0,0,0,0,0
751,13,,,,0,0,0,0,0
751,14,,,,0,0,0,0,0
751,15,,,,0,0,0,0,0
752,11,,,,0,0,0,0,0
752,12,,,,0,0,0,0,0
752,13,,,,0,0,0,0,0
752,14,,,,0,0,0,0,0
752,15,,,,0,0,0,0,0
753,11,,,,0,0,0,0,0
753,12,,,,0,0,0,0,0
753,13,,,,0,0,0,0,0
753,14,,,,0,0,0,0,0
753,15,,,,0,0,0,0,0
754,11,,,,0,0,0,0,0
754,12,,,,0,0,0,0,0
754,13,,,,0,0,0,0,0
754,14,,,,0,0,0,0,0
754,15,,,,0,0,0,0,0
755,11,,,,0,0,0,0,0
755,12,,,,0,0,0,0,0
755,13,,,,0,0,0,0,0
755,14,,,,0,0,0,0,0
755,15,,,,0,0,0,0,0
756,11,,,,0,0,0,0,0
756,12,,,,0,0,0,0,0
756,13,,,,0,0,0,0,0
756,14,,,,0,0,0,0,0
756,15,,,,0,0,0,0,0
757,11,,,,0,0,0,0,0
757,12,,,,0,0,0,0,0
757,13,,,,0,0,0,0,0
757,14,,,,0,0,0,0,0
757,15,,,,0,0,0,0,0
758,11,,,,0,0,0,0,0
758,12,,,,0,0,0,0,0
758,13,,,,0,0,0,0,0
758,14,,,,0,0,0,0,0
758,15,,,,0,0,0,0,0
759,11,,,,0,0,0,0,0
759,12,,,,0,0,0,0,0
759,13,,,,0,0,0,0,0
759,14,,,,0,0,0,0,0
759,15,,,,0,0,0,0,0
760,11,,,,0,0,0,0,0
760,12,,,,0,0,0,0,0
760,13,,,,0,0,0,0,0
760,14,,,,0,0,0,0,0
760,15,,,,0,0,0,0,0
761,11,,,,0,0,0,0,0
761,12,,,,0,0,0,0,0
761,13,,,,0,0,0,0,0
761,14,,,,0,0,0,0,0
761,15,,,,0,0,0,0,0
762,11,,,,0,0,0,0,0
762,12,,,,0,0,0,0,0
762,13,,,,0,0,0,0,0
762,14,,,,0,0,0,0,0
762,15,,,,0,0,0,0,0
763,11,,,,0,0,0,0,0
763,12,,,,0,0,0,0,0
763,13,,,,0,0,0,0,0
763,14,,,,0,0,0,0,0
763,15,,,,0,0,0,0,0
764,11,,,,0,0,0,0,0
764,12,,,,0,0,0,0,0
764,13,,,,0,0,0,0,0
764,14,,,,0,0,0,0,0
764,15,,,,0,0,0,0,0
765,11,,,,0,0,0,0,0
765,12,,,,0,0,0,0,0
765,13,,,,0,0,0,0,0
765,14,,,,0,0,0,0,0
765,15,,,,0,0,0,0,0
766,11,,,,0,0,0,0,0
766,12,,,,0,0,0,0,0
766,13,,,,0,0,0,0,0
766,14,,,,0,0,0,0,0
766,15,,,,0,0,0,0,0
767,11,,,,0,0,0,0,0
767,12,,,,0,0,0,0,0
767,13,,,,0,0,0,0,0
767,14,,,,0,0,0,0,0
767,15,,,,0,0,0,0,0
768,11,,,,0,0,0,0,0
768,12,,,,0,0,0,0,0
768,13,,,,0,0,0,0,0
768,14,,,,0,0,0,0,0
768,15,,,,0,0,0,0,0
769,11,,,,0,0,0,0,0
769,12,,,,0,0,0,0,0
769,13,,,,0,0,0,0,0
769,14,,,,0,0,0,0,0
769,15,,,,0,0,0,0,0
770,11,,,,0,0,0,0,0
770,12,,,,0,0,0,0,0
770,13,,,,0,0,0,0,0
770,14,,,,0,0,0,0,0
770,15,,,,0,0,0,0,0
771,11,,,,0,0,0,0,0
771,12,,,,0,0,0,0,0
771,13,,,,0,0,0,0,0
771,14,,,,0,0,0,0,0
771,15,,,,0,0,0,0,0
772,11,,,,0,0,0,0,0
772,12,,,,0,0,0,0,0
772,13,,,,0,0,0,0,0
772,14,,,,0,0,0,0,0
772,15,,,,0,0,0,0,0
773,11,,,,0,0,0,0,0
773,12,,,,0,0,0,0,0
773,13,,,,0,0,0,0,0
773,14,,,,0,0,0,0,0
773,15,,,,0,0,0,0,0
774,11,,,,0,0,0,0,0
774,12,,,,0,0,0,0,0
774,13,,,,0,0,0,0,0
774,14,,,,0,0,0,0,0
774,15,,,,0,0,0,0,0
775,11,,,,0,0,0,0,0
775,12,,,,0,0,0,0,0
775,13,,,,0,0,0,0,0
775,14,,,,0,0,0,0,0
775,15,,,,0,0,0,0,0
776,11,,,,0,0,0,0,0
776,12,,,,0,0,0,0,0
776,13,,,,0,0,0,0,0
776,14,,,,0,0,0,0,0
776,15,,,,0,0,0,0,0
777,11,,,,0,0,0,0,0
777,12,,,,0,0,0,0,0
777,13,,,,0,0,0,0,0
777,14,,,,0,0,0,0,0
777,15,,,,0,0,0,0,0
778,11,,,,0,0,0,0,0
778,12,,,,0,0,0,0,0
778,13,,,,0,0,0,0,0
778,14,,,,0,0,0,0,0
778,15,,,,0,0,0,0,0
779,11,,,,0,0,0,0,0
779,12,,,,0,0,0,0,0
779,13,,,,0,0,0,0,0
779,14,,,,0,0,0,0,0
779,15,,,,0,0,0,0,0
780,11,,,,0,0,0,0,0
780,12,,,,0,0,0,0,0
780,13,,,,0,0,0,0,0
780,14,,,,0,0,0,0,0
780,15,,,,0,0,0,0,0
781,11,,,,0,0,0,0,0
781,12,,,,0,0,0,0,0
781,13,,,,0,0,0,0,0
781,14,,,,0,0,0,0,0
781,15,,,,0,0,0,0,0
782,11,,,,0,0,0,0,0
782,12,,,,0,0,0,0,0
782,13,,,,0,0,0,0,0
782,14,,,,0,0,0,0,0
782,15,,,,0,0,0,0,0
783,11,,,,0,0,0,0,0
783,12,,,,0,0,0,0,0
783,13,,,,0,0,0,0,0
783,14,,,,0,0,0,0,0
783,15,,,,0,0,0,0,0
784,11,,,,0,0,0,0,0
784,12,,,,0,0,0,0,0
784,13,,,,0,0,0,0,0
784,14,,,,0,0,0,0,0
784,15,,,,0,0,0,0,0
785,11,,,,0,0,0,0,0
785,12,,,,0,0,0,0,0
785,13,,,,0,0,0,0,0
785,14,,,,0,0,0,0,0
785,15,,,,0,0,0,0,0
786,11,,,,0,0,0,0,0
786,12,,,,0,0,0,0,0
786,13,,,,0,0,0,0,0
786,14,,,,0,0,0,0,0
786,15,,,,0,0,0,0,0
787,11,,,,0,0,0,0,0
787,12,,,,0,0,0,0,0
787,13,,,,0,0,0,0,0
787,14,,,,0,0,0,0,0
787,15,,,,0,0,0,0,0
788,11,,,,0,0,0,0,0
788,12,,,,0,0,0,0,0
788,13,,,,0,0,0,0,0
788,14,,,,0,0,0,0,0
788,15,,,,0,0,0,0,0
789,11,,,,0,0,0,0,0
789,12,,,,0,0,0,0,0
789,13,,,,0,0,0,0,0
789,14,,,,0,0,0,0,0
789,15,,,,0,0,0,0,0
790,11,,,,0,0,0,0,0
790,12,,,,0,0,0,0,0
790,13,,,,0,0,0,0,0
790,14,,,,0,0,0,0,0
790,15,,,,0,0,0,0,0
791,11,,,,0,0,0,0,0
791,12,,,,0,0,0,0,0
791,13,,,,0,0,0,0,0
791,14,,,,0,0,0,0,0
791,15,,,,0,0,0,0,0
792,11,,,,0,0,0,0,0
792,12,,,,0,0,0,0,0
792,13,,,,0,0,0,0,0
792,14,,,,0,0,0,0,0
792,15,,,,0,0,0,0,0
793,11,,,,0,0,0,0,0
793,12,,,,0,0,0,0,0
793,13,,,,0,0,0,0,0
793,14,,,,0,0,0,0,0
793,15,,,,0,0,0,0,0
794,11,,,,0,0,0,0,0
794,12,,,,0,0,0,0,0
794,13,,,,0,0,0,0,0
794,14,,,,0,0,0,0,0
794,15,,,,0,0,0,0,0
795,11,,,,0,0,0,0,0
795,12,,,,0,0,0,0,0
795,13,,,,0,0,0,0,0
795,14,,,,0,0,0,0,0
795,15,,,,0,0,0,0,0
796,11,,,,0,0,0,0,0
796,12,,,,0,0,0,0,0
796,13,,,,0,0,0,0,0
796,14,,,,0,0,0,0,0
796,15,,,,0,0,0,0,0
797,11,,,,0,0,0,0,0
797,12,,,,0,0,0,0,0
797,13,,,,0,0,0,0,0
797,14,,,,0,0,0,0,0
797,15,,,,0,0,0,0,0
798,11,,,,0,0,0,0,0
798,12,,,,0,0,0,0,0
798,13,,,,0,0,0,0,0
798,14,,,,0,0,0,0,0
798,15,,,,0,0,0,0,0
799,11,,,,0,0,0,0,0
799,12,,,,0,0,0,0,0
799,13,,,,0,0,0,0,0
799,14,,,,0,0,0,0,0
799,15,,,,0,0,0,0,0
800,11,,,,0,0,0,0,0
800,12,,,,0,0,0,0,0
800,13,,,,0,0,0,0,0
800,14,,,,0,0,0,0,0
800,15,,,,0,0,0,0,0
801,11,,,,0,0,0,0,0
801,12,,,,0,0,0,0,0
801,13,,,,0,0,0,0,0
801,14,,,,0,0,0,0,0
801,15,,,,0,0,0,0,0
802,11,,,,0,0,0,0,0
802,12,,,,0,0,0,0,0
802,13,,,,0,0,0,0,0
802,14,,,,0,0,0,0,0
802,15,,,,0,0,0,0,0
803,11,,,,0,0,0,0,0
803,12,,,,0,0,0,0,0
803,13,,,,0,0,0,0,0
803,14,,,,0,0,0,0,0
803,15,,,,0,0,0,0,0
804,11,,,,0,0,0,0,0
804,12,,,,0,0,0,0,0
804,13,,,,0,0,0,0,0
804,14,,,,0,0,0,0,0
804,15,,,,0,0,0,0,0
805,11,,,,0,0,0,0,0
805,12,,,,0,0,0,0,0
805,13,,,,0,0,0,0,0
805,14,,,,0,0,0,0,0
805,15,,,,0,0,0,0,0
806,11,,,,0,0,0,0,0
806,12,,,,0,0,0,0,0
806,13,,,,0,0,0,0,0
806,14,,,,0,0,0,0,0
806,15,,,,0,0,0,0,0
807,11,,,,0,0,0,0,0
807,12,,,,0,0,0,0,0
807,13,,,,0,0,0,0,0
807,14,,,,0,0,0,0,0
807,15,,,,0,0,0,0,0
808,11,,,,0,0,0,0,0
808,12,,,,0,0,0,0,0
808,13,,,,0,0,0,0,0
808,14,,,,0,0,0,0,0
808,15,,,,0,0,0,0,0
809,11,,,,0,0,0,0,0
809,12,,,,0,0,0,0,0
809,13,,,,0,0,0,0,0
809,14,,,,0,0,0,0,0
809,15,,,,0,0,0,0,0
810,11,,,,0,0,0,0,0
810,12,,,,0,0,0,0,0
810,13,,,,0,0,0,0,0
810,14,,,,0,0,0,0,0
810,15,,,,0,0,0,0,0
811,11,,,,0,0,0,0,0
811,12,,,,0,0,0,0,0
811,13,,,,0,0,0,0,0
811,14,,,,0,0,0,0,0
811,15,,,,0,0,0,0,0
812,11,,,,0,0,0,0,0
812,12,,,,0,0,0,0,0
812,13,,,,0,0,0,0,0
812,14,,,,0,0,0,0,0
812,15,,,,0,0,0,0,0
813,11,,,,0,0,0,0,0
813,12,,,,0,0,0,0,0
813,13,,,,0,0,0,0,0
813,14,,,,0,0,0,0,0
813,15,,,,0,0,0,0,0
814,11,,,,0,0,0,0,0
814,12,,,,0,0,0,0,0
814,13,,,,0,0,0,0,0
814,14,,,,0,0,0,0,0
814,15,,,,0,0,0,0,0
815,11,,,,0,0,0,0,0
815,12,,,,0,0,0,0,0
815,13,,,,0,0,0,0,0
815,14,,,,0,0,0,0,0
815,15,,,,0,0,0,0,0
816,11,,,,0,0,0,0,0
816,12,,,,0,0,0,0,0
816,13,,,,0,0,0,0,0
816,14,,,,0,0,0,0,0
816,15,,,,0,0,0,0,0
817,11,,,,0,0,0,0,0
817,12,,,,0,0,0,0,0
817,13,,,,0,0,0,0,0
817,14,,,,0,0,0,0,0
817,15,,,,0,0,0,0,0
818,11,,,,0,0,0,0,0
818,12,,,,0,0,0,0,0
818,13,,,,0,0,0,0,0
818,14,,,,0,0,0,0,0
818,15,,,,0,0,0,0,0
819,11,,,,0,0,0,0,0
819,12,,,,0,0,0,0,0
819,13,,,,0,0,0,0,0
819,14,,,,0,0,0,0,0
819,15,,,,0,0,0,0,0
820,11,,,,0,0,0,0,0
820,12,,,,0,0,0,0,0
820,13,,,,0,0,0,0,0
820,14,,,,0,0,0,0,0
820,15,,,,0,0,0,0,0
821,11,,,,0,0,0,0,0
821,12,,,,0,0,0,0,0
821,13,,,,0,0,0,0,0
821,14,,,,0,0,0,0,0
821,15,,,,0,0,0,0,0
822,11,,,,0,0,0,0,0
822,12,,,,0,0,0,0,0
822,13,,,,0,0,0,0,0
822,14,,,,0,0,0,0,0
822,15,,,,0,0,0,0,0
823,11,,,,0,0,0,0,0
823,12,,,,0,0,0,0,0
823,13,,,,0,0,0,0,0
823,14,,,,0,0,0,0,0
823,15,,,,0,0,0,0,0
824,11,,,,0,0,0,0,0
824,12,,,,0,0,0,0,0
824,13,,,,0,0,0,0,0
824,14,,,,0,0,0,0,0
824,15,,,,0,0,0,0,0
825,11,,,,0,0,0,0,0
825,12,,,,0,0,0,0,0
825,13,,,,0,0,0,0,0
825,14,,,,0,0,0,0,0
825,15,,,,0,0,0,0,0
826,11,,,,0,0,0,0,0
826,12,,,,0,0,0,0,0
826,13,,,,0,0,0,0,0
826,14,,,,0,0,0,0,0
826,15,,,,0,0,0,0,0
827,11,,,,0,0,0,0,0
827,12,,,,0,0,0,0,0
827,13,,,,0,0,0,0,0
827,14,,,,0,0,0,0,0
827,15,,,,0,0,0,0,0
828,11,,,,0,0,0,0,0
828,12,,,,0,0,0,0,0
828,13,,,,0,0,0,0,0
828,14,,,,0,0,0,0,0
828,15,,,,0,0,0,0,0
829,11,,,,0,0,0,0,0
829,12,,,,0,0,0,0,0
829,13,,,,0,0,0,0,0
829,14,,,,0,0,0,0,0
829,15,,,,0,0,0,0,0
830,11,,,,0,0,0,0,0
830,12,,,,0,0,0,0,0
830,13,,,,0,0,0,0,0
830,14,,,,0,0,0,0,0
830,15,,,,0,0,0,0,0
831,11,,,,0,0,0,0,0
831,12,,,,0,0,0,0,0
831,13,,,,0,0,0,0,0
831,14,,,,0,0,0,0,0
831,15,,,,0,0,0,0,0
832,11,,,,0,0,0,0,0
832,12,,,,0,0,0,0,0
832,13,,,,0,0,0,0,0
832,14,,,,0,0,0,0,0
832,15,,,,0,0,0,0,0
833,11,,,,0,0,0,0,0
833,12,,,,0,0,0,0,0
833,13,,,,0,0,0,0,0
833,14,,,,0,0,0,0,0
833,15,,,,0,0,0,0,0
834,11,,,,0,0,0,0,0
834,12,,,,0,0,0,0,0
834,13,,,,0,0,0,0,0
834,14,,,,0,0,0,0,0
834,15,,,,0,0,0,0,0
835,11,,,,0,0,0,0,0
835,12,,,,0,0,0,0,0
835,13,,,,0,0,0,0,0
835,14,,,,0,0,0,0,0
835,15,,,,0,0,0,0,0
836,11,,,,0,0,0,0,0
836,12,,,,0,0,0,0,0
836,13,,,,0,0,0,0,0
836,14,,,,0,0,0,0,0
836,15,,,,0,0,0,0,0
837,11,,,,0,0,0,0,0
837,12,,,,0,0,0,0,0
837,13,,,,0,0,0,0,0
837,14,,,,0,0,0,0,0
837,15,,,,0,0,0,0,0
838,11,,,,0,0,0,0,0
838,12,,,,0,0,0,0,0
838,13,,,,0,0,0,0,0
838,14,,,,0,0,0,0,0
838,15,,,,0,0,0,0,0
839,11,,,,0,0,0,0,0
839,12,,,,0,0,0,0,0
839,13,,,,0,0,0,0,0
839,14,,,,0,0,0,0,0
839,15,,,,0,0,0,0,0
840,11,,,,0,0,0,0,0
840,12,,,,0,0,0,0,0
840,13,,,,0,0,0,0,0
840,14,,,,0,0,0,0,0
840,15,,,,0,0,0,0,0
841,11,,,,0,0,0,0,0
841,12,,,,0,0,0,0,0
841,13,,,,0,0,0,0,0
841,14,,,,0,0,0,0,0
841,15,,,,0,0,0,0,0
842,11,,,,0,0,0,0,0
842,12,,,,0,0,0,0,0
842,13,,,,0,0,0,0,0
842,14,,,,0,0,0,0,0
842,15,,,,0,0,0,0,0
843,11,,,,0,0,0,0,0
843,12,,,,0,0,0,0,0
843,13,,,,0,0,0,0,0
843,14,,,,0,0,0,0,0
843,15,,,,0,0,0,0,0
844,11,,,,0,0,0,0,0
844,12,,,,0,0,0,0,0
844,13,,,,0,0,0,0,0
844,14,,,,0,0,0,0,0
844,15,,,,0,0,0,0,0
845,11,,,,0,0,0,0,0
845,12,,,,0,0,0,0,0
845,13,,,,0,0,0,0,0
845,14,,,,0,0,0,0,0
845,15,,,,0,0,0,0,0
846,11,,,,0,0,0,0,0
846,12,,,,0,0,0,0,0
846,13,,,,0,0,0,0,0
846,14,,,,0,0,0,0,0
846,15,,,,0,0,0,0,0
847,11,,,,0,0,0,0,0
847,12,,,,0,0,0,0,0
847,13,,,,0,0,0,0,0
847,14,,,,0,0,0,0,0
847,15,,,,0,0,0,0,0
848,11,,,,0,0,0,0,0
848,12,,,,0,0,0,0,0
848,13,,,,0,0,0,0,0
848,14,,,,0,0,0,0,0
848,15,,,,0,0,0,0,0
849,11,,,,0,0,0,0,0
849,12,,,,0,0,0,0,0
849,13,,,,0,0,0,0,0
849,14,,,,0,0,0,0,0
849,15,,,,0,0,0,0,0
850,11,,,,0,0,0,0,0
850,12,,,,0,0,0,0,0
850,13,,,,0,0,0,0,0
850,14,,,,0,0,0,0,0
850,15,,,,0,0,0,0,0
851,11,,,,0,0,0,0,0
851,12,,,,0,0,0,0,0
851,13,,,,0,0,0,0,0
851,14,,,,0,0,0,0,0
851,15,,,,0,0,0,0,0
852,11,,,,0,0,0,0,0
852,12,,,,0,0,0,0,0
852,13,,,,0,0,0,0,0
852,14,,,,0,0,0,0,0
852,15,,,,0,0,0,0,0
853,11,,,,0,0,0,0,0
853,12,,,,0,0,0,0,0
853,13,,,,0,0,0,0,0
853,14,,,,0,0,0,0,0
853,15,,,,0,0,0,0,0
854,11,,,,0,0,0,0,0
854,12,,,,0,0,0,0,0
854,13,,,,0,0,0,0,0
854,14,,,,0,0,0,0,0
854,15,,,,0,0,0,0,0
855,11,,,,0,0,0,0,0
855,12,,,,0,0,0,0,0
855,13,,,,0,0,0,0,0
855,14,,,,0,0,0,0,0
855,15,,,,0,0,0,0,0
856,11,,,,0,0,0,0,0
856,12,,,,0,0,0,0,0
856,13,,,,0,0,0,0,0
856,14,,,,0,0,0,0,0
856,15,,,,0,0,0,0,0
857,11,,,,0,0,0,0,0
857,12,,,,0,0,0,0,0
857,13,,,,0,0,0,0,0
857,14,,,,0,0,0,0,0
857,15,,,,0,0,0,0,0
858,11,,,,0,0,0,0,0
858,12,,,,0,0,0,0,0
858,13,,,,0,0,0,0,0
858,14,,,,0,0,0,0,0
858,15,,,,0,0,0,0,0
859,11,,,,0,0,0,0,0
859,12,,,,0,0,0,0,0
859,13,,,,0,0,0,0,0
859,14,,,,0,0,0,0,0
859,15,,,,0,0,0,0,0
860,11,,,,0,0,0,0,0
860,12,,,,0,0,0,0,0
860,13,,,,0,0,0,0,0
860,14,,,,0,0,0,0,0
860,15,,,,0,0,0,0,0
861,11,,,,0,0,0,0,0
861,12,,,,0,0,0,0,0
861,13,,,,0,0,0,0,0
861,14,,,,0,0,0,0,0
861,15,,,,0,0,0,0,0
862,11,,,,0,0,0,0,0
862,12,,,,0,0,0,0,0
862,13,,,,0,0,0,0,0
862,14,,,,0,0,0,0,0
862,15,,,,0,0,0,0,0
863,11,,,,0,0,0,0,0
863,12,,,,0,0,0,0,0
863,13,,,,0,0,0,0,0
863,14,,,,0,0,0,0,0
863,15,,,,0,0,0,0,0
864,11,,,,0,0,0,0,0
864,12,,,,0,0,0,0,0
864,13,,,,0,0,0,0,0
864,14,,,,0,0,0,0,0
864,15,,,,0,0,0,0,0
865,11,,,,0,0,0,0,0
865,12,,,,0,0,0,0,0
865,13,,,,0,0,0,0,0
865,14,,,,0,0,0,0,0
865,15,,,,0,0,0,0,0
866,11,,,,0,0,0,0,0
866,12,,,,0,0,0,0,0
866,13,,,,0,0,0,0,0
866,14,,,,0,0,0,0,0
866,15,,,,0,0,0,0,0
867,11,,,,0,0,0,0,0
867,12,,,,0,0,0,0,0
867,13,,,,0,0,0,0,0
867,14,,,,0,0,0,0,0
867,15,,,,0,0,0,0,0
868,11,,,,0,0,0,0,0
868,12,,,,0,0,0,0,0
868,13,,,,0,0,0,0,0
868,14,,,,0,0,0,0,0
868,15,,,,0,0,0,0,0
869,11,,,,0,0,0,0,0
869,12,,,,0,0,0,0,0
869,13,,,,0,0,0,0,0
869,14,,,,0,0,0,0,0
869,15,,,,0,0,0,0,0
870,11,,,,0,0,0,0,0
870,12,,,,0,0,0,0,0
870,13,,,,0,0,0,0,0
870,14,,,,0,0,0,0,0
870,15,,,,0,0,0,0,0
871,11,,,,0,0,0,0,0
871,12,,,,0,0,0,0,0
871,13,,,,0,0,0,0,0
871,14,,,,0,0,0,0,0
871,15,,,,0,0,0,0,0
872,11,,,,0,0,0,0,0
872,12,,,,0,0,0,0,0
872,13,,,,0,0,0,0,0
872,14,,,,0,0,0,0,0
872,15,,,,0,0,0,0,0
873,11,,,,0,0,0,0,0
873,12,,,,0,0,0,0,0
873,13,,,,0,0,0,0,0
873,14,,,,0,0,0,0,0
873,15,,,,0,0,0,0,0
874,11,,,,0,0,0,0,0
874,12,,,,0,0,0,0,0
874,13,,,,0,0,0,0,0
874,14,,,,0,0,0,0,0
874,15,,,,0,0,0,0,0
875,11,,,,0,0,0,0,0
875,12,,,,0,0,0,0,0
875,13,,,,0,0,0,0,0
875,14,,,,0,0,0,0,0
875,15,,,,0,0,0,0,0
876,11,,,,0,0,0,0,0
876,12,,,,0,0,0,0,0
876,13,,,,0,0,0,0,0
876,14,,,,0,0,0,0,0
876,15,,,,0,0,0,0,0
877,11,,,,0,0,0,0,0
877,12,,,,0,0,0,0,0
877,13,,,,0,0,0,0,0
877,14,,,,0,0,0,0,0
877,15,,,,0,0,0,0,0
878,11,,,,0,0,0,0,0
878,12,,,,0,0,0,0,0
878,13,,,,0,0,0,0,0
878,14,,,,0,0,0,0,0
878,15,,,,0,0,0,0,0
879,11,,,,0,0,0,0,0
879,12,,,,0,0,0,0,0
879,13,,,,0,0,0,0,0
879,14,,,,0,0,0,0,0
879,15,,,,0,0,0,0,0
880,11,,,,0,0,0,0,0
880,12,,,,0,0,0,0,0
880,13,,,,0,0,0,0,0
880,14,,,,0,0,0,0,0
880,15,,,,0,0,0,0,0
881,11,,,,0,0,0,0,0
881,12,,,,0,0,0,0,0
881,13,,,,0,0,0,0,0
881,14,,,,0,0,0,0,0
881,15,,,,0,0,0,0,0
882,11,,,,0,0,0,0,0
882,12,,,,0,0,0,0,0
882,13,,,,0,0,0,0,0
882,14,,,,0,0,0,0,0
882,15,,,,0,0,0,0,0
883,11,,,,0,0,0,0,0
883,12,,,,0,0,0,0,0
883,13,,,,0,0,0,0,0
883,14,,,,0,0,0,0,0
883,15,,,,0,0,0,0,0
884,11,,,,0,0,0,0,0
884,12,,,,0,0,0,0,0
884,13,,,,0,0,0,0,0
884,14,,,,0,0,0,0,0
884,15,,,,0,0,0,0,0
885,11,,,,0,0,0,0,0
885,12,,,,0,0,0,0,0
885,13,,,,0,0,0,0,0
885,14,,,,0,0,0,0,0
885,15,,,,0,0,0,0,0
886,11,,,,0,0,0,0,0
886,12,,,,0,0,0,0,0
886,13,,,,0,0,0,0,0
886,14,,,,0,0,0,0,0
886,15,,,,0,0,0,0,0
887,11,,,,0,0,0,0,0
887,12,,,,0,0,0,0,0
887,13,,,,0,0,0,0,0
887,14,,,,0,0,0,0,0
887,15,,,,0,0,0,0,0
888,11,,,,0,0,0,0,0
888,12,,,,0,0,0,0,0
888,13,,,,0,0,0,0,0
888,14,,,,0,0,0,0,0
888,15,,,,0,0,0,0,0
889,11,,,,0,0,0,0,0
889,12,,,,0,0,0,0,0
889,13,,,,0,0,0,0,0
889,14,,,,0,0,0,0,0
889,15,,,,0,0,0,0,0
890,11,,,,0,0,0,0,0
890,12,,,,0,0,0,0,0
890,13,,,,0,0,0,0,0
890,14,,,,0,0,0,0,0
890,15,,,,0,0,0,0,0
891,11,,,,0,0,0,0,0
891,12,,,,0,0,0,0,0
891,13,,,,0,0,0,0,0
891,14,,,,0,0,0,0,0
891,15,,,,0,0,0,0,0
892,11,,,,0,0,0,0,0
892,12,,,,0,0,0,0,0
892,13,,,,0,0,0,0,0
892,14,,,,0,0,0,0,0
892,15,,,,0,0,0,0,0
893,11,,,,0,0,0,0,0
893,12,,,,0,0,0,0,0
893,13,,,,0,0,0,0,0
893,14,,,,0,0,0,0,0
893,15,,,,0,0,0,0,0
894,11,,,,0,0,0,0,0
894,12,,,,0,0,0,0,0
894,13,,,,0,0,0,0,0
894,14,,,,0,0,0,0,0
894,15,,,,0,0,0,0,0
895,11,,,,0,0,0,0,0
895,12,,,,0,0,0,0,0
895,13,,,,0,0,0,0,0
895,14,,,,0,0,0,0,0
895,15,,,,0,0,0,0,0
896,11,,,,0,0,0,0,0
896,12,,,,0,0,0,0,0
896,13,,,,0,0,0,0,0
896,14,,,,0,0,0,0,0
896,15,,,,0,0,0,0,0
897,11,,,,0,0,0,0,0
897,12,,,,0,0,0,0,0
897,13,,,,0,0,0,0,0
897,14,,,,0,0,0,0,0
897,15,,,,0,0,0,0,0
898,11,,,,0,0,0,0,0
898,12,,,,0,0,0,0,0
898,13,,,,0,0,0,0,0
898,14,,,,0,0,0,0,0
898,15,,,,0,0,0,0,0
899,11,,,,0,0,0,0,0
899,12,,,,0,0,0,0,0
899,13,,,,0,0,0,0,0
899,14,,,,0,0,0,0,0
899,15,,,,0,0,0,0,0
900,11,,,,0,0,0,0,0
900,12,,,,0,0,0,0,0
900,13,,,,0,0,0,0,0
900,14,,,,0,0,0,0,0
900,15,,,,0,0,0,0,0
901,11,,,,0,0,0,0,0
901,12,,,,0,0,0,0,0
901,13,,,,0,0,0,0,0
901,14,,,,0,0,0,0,0
901,15,,,,0,0,0,0,0
902,11,,,,0,0,0,0,0
902,12,,,,0,0,0,0,0
902,13,,,,0,0,0,0,0
902,14,,,,0,0,0,0,0
902,15,,,,0,0,0,0,0
903,11,,,,0,0,0,0,0
903,12,,,,0,0,0,0,0
903,13,,,,0,0,0,0,0
903,14,,,,0,0,0,0,0
903,15,,,,0,0,0,0,0
904,11,,,,0,0,0,0,0
904,12,,,,0,0,0,0,0
904,13,,,,0,0,0,0,0
904,14,,,,0,0,0,0,0
904,15,,,,0,0,0,0,0
905,11,,,,0,0,0,0,0
905,12,,,,0,0,0,0,0
905,13,,,,0,0,0,0,0
905,14,,,,0,0,0,0,0
905,15,,,,0,0,0,0,0
906,11,,,,0,0,0,0,0
906,12,,,,0,0,0,0,0
906,13,,,,0,0,0,0,0
906,14,,,,0,0,0,0,0
906,15,,,,0,0,0,0,0
907,11,,,,0,0,0,0,0
907,12,,,,0,0,0,0,0
907,13,,,,0,0,0,0,0
907,14,,,,0,0,0,0,0
907,15,,,,0,0,0,0,0
908,11,,,,0,0,0,0,0
908,12,,,,0,0,0,0,0
908,13,,,,0,0,0,0,0
908,14,,,,0,0,0,0,0
908,15,,,,0,0,0,0,0
909,11,,,,0,0,0,0,0
909,12,,,,0,0,0,0,0
909,13,,,,0,0,0,0,0
909,14,,,,0,0,0,0,0
909,15,,,,0,0,0,0,0
910,11,,,,0,0,0,0,0
910,12,,,,0,0,0,0,0
910,13,,,,0,0,0,0,0
910,14,,,,0,0,0,0,0
910,15,,,,0,0,0,0,0
911,11,,,,0,0,0,0,0
911,12,,,,0,0,0,0,0
911,13,,,,0,0,0,0,0
911,14,,,,0,0,0,0,0
911,15,,,,0,0,0,0,0
912,11,,,,0,0,0,0,0
912,12,,,,0,0,0,0,0
912,13,,,,0,0,0,0,0
912,14,,,,0,0,0,0,0
912,15,,,,0,0,0,0,0
913,11,,,,0,0,0,0,0
913,12,,,,0,0,0,0,0
913,13,,,,0,0,0,0,0
913,14,,,,0,0,0,0,0
913,15,,,,0,0,0,0,0
914,11,,,,0,0,0,0,0
914,12,,,,0,0,0,0,0
914,13,,,,0,0,0,0,0
914,14,,,,0,0,0,0,0
914,15,,,,0,0,0,0,0
915,11,,,,0,0,0,0,0
915,12,,,,0,0,0,0,0
915,13,,,,0,0,0,0,0
915,14,,,,0,0,0,0,0
915,15,,,,0,0,0,0,0
916,11,,,,0,0,0,0,0
916,12,,,,0,0,0,0,0
916,13,,,,0,0,0,0,0
916,14,,,,0,0,0,0,0
916,15,,,,0,0,0,0,0
917,11,,,,0,0,0,0,0
917,12,,,,0,0,0,0,0
917,13,,,,0,0,0,0,0
917,14,,,,0,0,0,0,0
917,15,,,,0,0,0,0,0
918,11,,,,0,0,0,0,0
918,12,,,,0,0,0,0,0
918,13,,,,0,0,0,0,0
918,14,,,,0,0,0,0,0
918,15,,,,0,0,0,0,0
919,11,,,,0,0,0,0,0
919,12,,,,0,0,0,0,0
919,13,,,,0,0,0,0,0
919,14,,,,0,0,0,0,0
919,15,,,,0,0,0,0,0
920,11,,,,0,0,0,0,0
920,12,,,,0,0,0,0,0
920,13,,,,0,0,0,0,0
920,14,,,,0,0,0,0,0
920,15,,,,0,0,0,0,0
921,11,,,,0,0,0,0,0
921,12,,,,0,0,0,0,0
921,13,,,,0,0,0,0,0
921,14,,,,0,0,0,0,0
921,15,,,,0,0,0,0,0
922,11,,,,0,0,0,0,0
922,12,,,,0,0,0,0,0
922,13,,,,0,0,0,0,0
922,14,,,,0,0,0,0,0
922,15,,,,0,0,0,0,0
923,11,,,,0,0,0,0,0
923,12,,,,0,0,0,0,0
923,13,,,,0,0,0,0,0
923,14,,,,0,0,0,0,0
923,15,,,,0,0,0,0,0
924,11,,,,0,0,0,0,0
924,12,,,,0,0,0,0,0
924,13,,,,0,0,0,0,0
924,14,,,,0,0,0,0,0
924,15,,,,0,0,0,0,0
925,11,,,,0,0,0,0,0
925,12,,,,0,0,0,0,0
925,13,,,,0,0,0,0,0
925,14,,,,0,0,0,0,0
925,15,,,,0,0,0,0,0
926,11,,,,0,0,0,0,0
926,12,,,,0,0,0,0,0
926,13,,,,0,0,0,0,0
926,14,,,,0,0,0,0,0
926,15,,,,0,0,0,0,0
927,11,,,,0,0,0,0,0
927,12,,,,0,0,0,0,0
927,13,,,,0,0,0,0,0
927,14,,,,0,0,0,0,0
927,15,,,,0,0,0,0,0
928,11,,,,0,0,0,0,0
928,12,,,,0,0,0,0,0
928,13,,,,0,0,0,0,0
928,14,,,,0,0,0,0,0
928,15,,,,0,0,0,0,0
929,11,,,,0,0,0,0,0
929,12,,,,0,0,0,0,0
929,13,,,,0,0,0,0,0
929,14,,,,0,0,0,0,0
929,15,,,,0,0,0,0,0
930,11,,,,0,0,0,0,0
930,12,,,,0,0,0,0,0
930,13,,,,0,0,0,0,0
930,14,,,,0,0,0,0,0
930,15,,,,0,0,0,0,0
931,11,,,,0,0,0,0,0
931,12,,,,0,0,0,0,0
931,13,,,,0,0,0,0,0
931,14,,,,0,0,0,0,0
931,15,,,,0,0,0,0,0
932,11,,,,0,0,0,0,0
932,12,,,,0,0,0,0,0
932,13,,,,0,0,0,0,0
932,14,,,,0,0,0,0,0
932,15,,,,0,0,0,0,0
933,11,,,,0,0,0,0,0
933,12,,,,0,0,0,0,0
933,13,,,,0,0,0,0,0
933,14,,,,0,0,0,0,0
933,15,,,,0,0,0,0,0
934,11,,,,0,0,0,0,0
934,12,,,,0,0,0,0,0
934,13,,,,0,0,0,0,0
934,14,,,,0,0,0,0,0
934,15,,,,0,0,0,0,0
935,11,,,,0,0,0,0,0
935,12,,,,0,0,0,0,0
935,13,,,,0,0,0,0,0
935,14,,,,0,0,0,0,0
935,15,,,,0,0,0,0,0
936,11,,,,0,0,0,0,0
936,12,,,,0,0,0,0,0
936,13,,,,0,0,0,0,0
936,14,,,,0,0,0,0,0
936,15,,,,0,0,0,0,0
937,11,,,,0,0,0,0,0
937,12,,,,0,0,0,0,0
937,13,,,,0,0,0,0,0
937,14,,,,0,0,0,0,0
937,15,,,,0,0,0,0,0
938,11,,,,0,0,0,0,0
938,12,,,,0,0,0,0,0
938,13,,,,0,0,0,0,0
938,14,,,,0,0,0,0,0
938,15,,,,0,0,0,0,0
939,11,,,,0,0,0,0,0
939,12,,,,0,0,0,0,0
939,13,,,,0,0,0,0,0
939,14,,,,0,0,0,0,0
939,15,,,,0,0,0,0,0
940,11,,,,0,0,0,0,0
940,12,,,,0,0,0,0,0
940,13,,,,0,0,0,0,0
940,14,,,,0,0,0,0,0
940,15,,,,0,0,0,0,0
941,11,,,,0,0,0,0,0
941,12,,,,0,0,0,0,0
941,13,,,,0,0,0,0,0
941,14,,,,0,0,0,0,0
941,15,,,,0,0,0,0,0
942,11,,,,0,0,0,0,0
942,12,,,,0,0,0,0,0
942,13,,,,0,0,0,0,0
942,14,,,,0,0,0,0,0
942,15,,,,0,0,0,0,0
943,11,,,,0,0,0,0,0
943,12,,,,0,0,0,0,0
943,13,,,,0,0,0,0,0
943,14,,,,0,0,0,0,0
943,15,,,,0,0,0,0,0
944,11,,,,0,0,0,0,0
944,12,,,,0,0,0,0,0
944,13,,,,0,0,0,0,0
944,14,,,,0,0,0,0,0
944,15,,,,0,0,0,0,0
945,11,,,,0,0,0,0,0
945,12,,,,0,0,0,0,0
945,13,,,,0,0,0,0,0
945,14,,,,0,0,0,0,0
945,15,,,,0,0,0,0,0
946,11,,,,0,0,0,0,0
946,12,,,,0,0,0,0,0
946,13,,,,0,0,0,0,0
946,14,,,,0,0,0,0,0
946,15,,,,0,0,0,0,0
947,11,,,,0,0,0,0,0
947,12,,,,0,0,0,0,0
947,13,,,,0,0,0,0,0
947,14,,,,0,0,0,0,0
947,15,,,,0,0,0,0,0
948,11,,,,0,0,0,0,0
948,12,,,,0,0,0,0,0
948,13,,,,0,0,0,0,0
948,14,,,,0,0,0,0,0
948,15,,,,0,0,0,0,0
949,11,,,,0,0,0,0,0
949,12,,,,0,0,0,0,0
949,13,,,,0,0,0,0,0
949,14,,,,0,0,0,0,0
949,15,,,,0,0,0,0,0
950,11,,,,0,0,0,0,0
950,12,,,,0,0,0,0,0
950,13,,,,0,0,0,0,0
950,14,,,,0,0,0,0,0
950,15,,,,0,0,0,0,0
951,11,,,,0,0,0,0,0
951,12,,,,0,0,0,0,0
951,13,,,,0,0,0,0,0
951,14,,,,0,0,0,0,0
951,15,,,,0,0,0,0,0
952,11,,,,0,0,0,0,0
952,12,,,,0,0,0,0,0
952,13,,,,0,0,0,0,0
952,14,,,,0,0,0,0,0
952,15,,,,0,0,0,0,0
953,11,,,,0,0,0,0,0
953,12,,,,0,0,0,0,0
953,13,,,,0,0,0,0,0
953,14,,,,0,0,0,0,0
953,15,,,,0,0,0,0,0
954,11,,,,0,0,0,0,0
954,12,,,,0,0,0,0,0
954,13,,,,0,0,0,0,0
954,14,,,,0,0,0,0,0
954,15,,,,0,0,0,0,0
955,11,,,,0,0,0,0,0
955,12,,,,0,0,0,0,0
955,13,,,,0,0,0,0,0
955,14,,,,0,0,0,0,0
955,15,,,,0,0,0,0,0
956,11,,,,0,0,0,0,0
956,12,,,,0,0,0,0,0
956,13,,,,0,0,0,0,0
956,14,,,,0,0,0,0,0
956,15,,,,0,0,0,0,0
957,11,,,,0,0,0,0,0
957,12,,,,0,0,0,0,0
957,13,,,,0,0,0,0,0
957,14,,,,0,0,0,0,0
957,15,,,,0,0,0,0,0
958,11,,,,0,0,0,0,0
958,12,,,,0,0,0,0,0
958,13,,,,0,0,0,0,0
958,14,,,,0,0,0,0,0
958,15,,,,0,0,0,0,0
959,11,,,,0,0,0,0,0
959,12,,,,0,0,0,0,0
959,13,,,,0,0,0,0,0
959,14,,,,0,0,0,0,0
959,15,,,,0,0,0,0,0
960,11,,,,0,0,0,0,0
960,12,,,,0,0,0,0,0
960,13,,,,0,0,0,0,0
960,14,,,,0,0,0,0,0
960,15,,,,0,0,0,0,0
961,11,,,,0,0,0,0,0
961,12,,,,0,0,0,0,0
961,13,,,,0,0,0,0,0
961,14,,,,0,0,0,0,0
961,15,,,,0,0,0,0,0
962,11,,,,0,0,0,0,0
962,12,,,,0,0,0,0,0
962,13,,,,0,0,0,0,0
962,14,,,,0,0,0,0,0
962,15,,,,0,0,0,0,0
963,11,,,,0,0,0,0,0
963,12,,,,0,0,0,0,0
963,13,,,,0,0,0,0,0
963,14,,,,0,0,0,0,0
963,15,,,,0,0,0,0,0
964,11,,,,0,0,0,0,0
964,12,,,,0,0,0,0,0
964,13,,,,0,0,0,0,0
964,14,,,,0,0,0,0,0
964,15,,,,0,0,0,0,0
965,11,,,,0,0,0,0,0
965,12,,,,0,0,0,0,0
965,13,,,,0,0,0,0,0
965,14,,,,0,0,0,0,0
965,15,,,,0,0,0,0,0
966,11,,,,0,0,0,0,0
966,12,,,,0,0,0,0,0
966,13,,,,0,0,0,0,0
966,14,,,,0,0,0,0,0
966,15,,,,0,0,0,0,0
967,11,,,,0,0,0,0,0
967,12,,,,0,0,0,0,0
967,13,,,,0,0,0,0,0
967,14,,,,0,0,0,0,0
967,15,,,,0,0,0,0,0
968,11,,,,0,0,0,0,0
968,12,,,,0,0,0,0,0
968,13,,,,0,0,0,0,0
968,14,,,,0,0,0,0,0
968,15,,,,0,0,0,0,0
969,11,,,,0,0,0,0,0
969,12,,,,0,0,0,0,0
969,13,,,,0,0,0,0,0
969,14,,,,0,0,0,0,0
969,15,,,,0,0,0,0,0
970,11,,,,0,0,0,0,0
970,12,,,,0,0,0,0,0
970,13,,,,0,0,0,0,0
970,14,,,,0,0,0,0,0
970,15,,,,0,0,0,0,0
971,11,,,,0,0,0,0,0
971,12,,,,0,0,0,0,0
971,13,,,,0,0,0,0,0
971,14,,,,0,0,0,0,0
971,15,,,,0,0,0,0,0
972,11,,,,0,0,0,0,0
972,12,,,,0,0,0,0,0
972,13,,,,0,0,0,0,0
972,14,,,,0,0,0,0,0
972,15,,,,0,0,0,0,0
973,11,,,,0,0,0,0,0
973,12,,,,0,0,0,0,0
973,13,,,,0,0,0,0,0
973,14,,,,0,0,0,0,0
973,15,,,,0,0,0,0,0
974,11,,,,0,0,0,0,0
974,12,,,,0,0,0,0,0
974,13,,,,0,0,0,0,0
974,14,,,,0,0,0,0,0
974,15,,,,0,0,0,0,0
975,11,,,,0,0,0,0,0
975,12,,,,0,0,0,0,0
975,13,,,,0,0,0,0,0
975,14,,,,0,0,0,0,0
975,15,,,,0,0,0,0,0
976,11,,,,0,0,0,0,0
976,12,,,,0,0,0,0,0
976,13,,,,0,0,0,0,0
976,14,,,,0,0,0,0,0
976,15,,,,0,0,0,0,0
977,11,,,,0,0,0,0,0
977,12,,,,0,0,0,0,0
977,13,,,,0,0,0,0,0
977,14,,,,0,0,0,0,0
977,15,,,,0,0,0,0,0
978,11,,,,0,0,0,0,0
978,12,,,,0,0,0,0,0
978,13,,,,0,0,0,0,0
978,14,,,,0,0,0,0,0
978,15,,,,0,0,0,0,0
979,11,,,,0,0,0,0,0
979,12,,,,0,0,0,0,0
979,13,,,,0,0,0,0,0
979,14,,,,0,0,0,0,0
979,15,,,,0,0,0,0,0
980,11,,,,0,0,0,0,0
980,12,,,,0,0,0,0,0
980,13,,,,0,0,0,0,0
980,14,,,,0,0,0,0,0
980,15,,,,0,0,0,0,0
981,11,,,,0,0,0,0,0
981,12,,,,0,0,0,0,0
981,13,,,,0,0,0,0,0
981,14,,,,0,0,0,0,0
981,15,,,,0,0,0,0,0
982,11,,,,0,0,0,0,0
982,12,,,,0,0,0,0,0
982,13,,,,0,0,0,0,0
982,14,,,,0,0,0,0,0
982,15,,,,0,0,0,0,0
983,11,,,,0,0,0,0,0
983,12,,,,0,0,0,0,0
983,13,,,,0,0,0,0,0
983,14,,,,0,0,0,0,0
983,15,,,,0,0,0,0,0
984,11,,,,0,0,0,0,0
984,12,,,,0,0,0,0,0
984,13,,,,0,0,0,0,0
984,14,,,,0,0,0,0,0
984,15,,,,0,0,0,0,0
985,11,,,,0,0,0,0,0
985,12,,,,0,0,0,0,0
985,13,,,,0,0,0,0,0
985,14,,,,0,0,0,0,0
985,15,,,,0,0,0,0,0
986,11,,,,0,0,0,0,0
986,12,,,,0,0,0,0,0
986,13,,,,0,0,0,0,0
986,14,,,,0,0,0,0,0
986,15,,,,0,0,0,0,0
987,11,,,,0,0,0,0,0
987,12,,,,0,0,0,0,0
987,13,,,,0,0,0,0,0
987,14,,,,0,0,0,0,0
987,15,,,,0,0,0,0,0
988,11,,,,0,0,0,0,0
988,12,,,,0,0,0,0,0
988,13,,,,0,0,0,0,0
988,14,,,,0,0,0,0,0
988,15,,,,0,0,0,0,0
989,11,,,,0,0,0,0,0
989,12,,,,0,0,0,0,0
989,13,,,,0,0,0,0,0
989,14,,,,0,0,0,0,0
989,15,,,,0,0,0,0,0
990,11,,,,0,0,0,0,0
990,12,,,,0,0,0,0,0
990,13,,,,0,0,0,0,0
990,14,,,,0,0,0,0,0
990,15,,,,0,0,0,0,0
991,11,,,,0,0,0,0,0
991,12,,,,0,0,0,0,0
991,13,,,,0,0,0,0,0
991,14,,,,0,0,0,0,0
991,15,,,,0,0,0,0,0
992,11,,,,0,0,0,0,0
992,12,,,,0,0,0,0,0
992,13,,,,0,0,0,0,0
992,14,,,,0,0,0,0,0
992,15,,,,0,0,0,0,0
993,11,,,,0,0,0,0,0
993,12,,,,0,0,0,0,0
993,13,,,,0,0,0,0,0
993,14,,,,0,0,0,0,0
993,15,,,,0,0,0,0,0
994,11,,,,0,0,0,0,0
994,12,,,,0,0,0,0,0
994,13,,,,0,0,0,0,0
994,14,,,,0,0,0,0,0
994,15,,,,0,0,0,0,0
995,11,,,,0,0,0,0,0
995,12,,,,0,0,0,0,0
995,13,,,,0,0,0,0,0
995,14,,,,0,0,0,0,0
995,15,,,,0,0,0,0,0
996,11,,,,0,0,0,0,0
996,12,,,,0,0,0,0,0
996,13,,,,0,0,0,0,0
996,14,,,,0,0,0,0,0
996,15,,,,0,0,0,0,0
997,11,,,,0,0,0,0,0
997,12,,,,0,0,0,0,0
997,13,,,,0,0,0,0,0
997,14,,,,0,0,0,0,0
997,15,,,,0,0,0,0,0
998,11,,,,0,0,0,0,0
998,12,,,,0,0,0,0,0
998,13,,,,0,0,0,0,0
998,14,,,,0,0,0,0,0
998,15,,,,0,0,0,0,0
999,11,,,,0,0,0,0,0
999,12,,,,0,0,0,0,0
999,13,,,,0,0,0,0,0
999,14,,,,0,0,0,0,0
999,15,,,,0,0,0,0,0
1000,11,,,,0,0,0,0,0
1000,12,,,,0,0,0,0,0
1000,13,,,,0,0,0,0,0
1000,14,,,,0,0,0,0,0
1000,15,,,,0,0,0,0,0
1001,11,,,,0,0,0,0,0
1001,12,,,,0,0,0,0,0
1001,13,,,,0,0,0,0,0
1001,14,,,,0,0,0,0,0
1001,15,,,,0,0,0,0,0
1002,11,,,,0,0,0,0,0
1002,12,,,,0,0,0,0,0
1002,13,,,,0,0,0,0,0
1002,14,,,,0,0,0,0,0
1002,15,,,,0,0,0,0,0
1003,11,,,,0,0,0,0,0
1003,12,,,,0,0,0,0,0
1003,13,,,,0,0,0,0,0
1003,14,,,,0,0,0,0,0
1003,15,,,,0,0,0,0,0
1004,11,,,,0,0,0,0,0
1004,12,,,,0,0,0,0,0
1004,13,,,,0,0,0,0,0
1004,14,,,,0,0,0,0,0
1004,15,,,,0,0,0,0,0
1005,11,,,,0,0,0,0,0
1005,12,,,,0,0,0,0,0
1005,13,,,,0,0,0,0,0
1005,14,,,,0,0,0,0,0
1005,15,,,,0,0,0,0,0
1006,11,,,,0,0,0,0,0
1006,12,,,,0,0,0,0,0
1006,13,,,,0,0,0,0,0
1006,14,,,,0,0,0,0,0
1006,15,,,,0,0,0,0,0
1007,11,,,,0,0,0,0,0
1007,12,,,,0,0,0,0,0
1007,13,,,,0,0,0,0,0
1007,14,,,,0,0,0,0,0
1007,15,,,,0,0,0,0,0
1008,11,,,,0,0,0,0,0
1008,12,,,,0,0,0,0,0
1008,13,,,,0,0,0,0,0
1008,14,,,,0,0,0,0,0
1008,15,,,,0,0,0,0,0
1009,11,,,,0,0,0,0,0
1009,12,,,,0,0,0,0,0
1009,13,,,,0,0,0,0,0
1009,14,,,,0,0,0,0,0
1009,15,,,,0,0,0,0,0
1010,11,,,,0,0,0,0,0
1010,12,,,,0,0,0,0,0
1010,13,,,,0,0,0,0,0
1010,14,,,,0,0,0,0,0
1010,15,,,,0,0,0,0,0
1011,11,,,,0,0,0,0,0
1011,12,,,,0,0,0,0,0
1011,13,,,,0,0,0,0,0
1011,14,,,,0,0,0,0,0
1011,15,,,,0,0,0,0,0
1012,11,,,,0,0,0,0,0
1012,12,,,,0,0,0,0,0
1012,13,,,,0,0,0,0,0
1012,14,,,,0,0,0,0,0
1012,15,,,,0,0,0,0,0
1013,11,,,,0,0,0,0,0
1013,12,,,,0,0,0,0,0
1013,13,,,,0,0,0,0,0
1013,14,,,,0,0,0,0,0
1013,15,,,,0,0,0,0,0
1014,11,,,,0,0,0,0,0
1014,12,,,,0,0,0,0,0
1014,13,,,,0,0,0,0,0
1014,14,,,,0,0,0,0,0
1014,15,,,,0,0,0,0,0
1015,11,,,,0,0,0,0,0
1015,12,,,,0,0,0,0,0
1015,13,,,,0,0,0,0,0
1015,14,,,,0,0,0,0,0
1015,15,,,,0,0,0,0,0
1016,11,,,,0,0,0,0,0
1016,12,,,,0,0,0,0,0
1016,13,,,,0,0,0,0,0
1016,14,,,,0,0,0,0,0
1016,15,,,,0,0,0,0,0
1017,11,,,,0,0,0,0,0
1017,12,,,,0,0,0,0,0
1017,13,,,,0,0,0,0,0
1017,14,,,,0,0,0,0,0
1017,15,,,,0,0,0,0,0
1018,11,,,,0,0,0,0,0
1018,12,,,,0,0,0,0,0
1018,13,,,,0,0,0,0,0
1018,14,,,,0,0,0,0,0
1018,15,,,,0,0,0,0,0
1019,11,,,,0,0,0,0,0
1019,12,,,,0,0,0,0,0
1019,13,,,,0,0,0,0,0
1019,14,,,,0,0,0,0,0
1019,15,,,,0,0,0,0,0
1020,11,,,,0,0,0,0,0
1020,12,,,,0,0,0,0,0
1020,13,,,,0,0,0,0,0
1020,14,,,,0,0,0,0,0
1020,15,,,,0,0,0,0,0
1021,11,,,,0,0,0,0,0
1021,12,,,,0,0,0,0,0
1021,13,,,,0,0,0,0,0
1021,14,,,,0,0,0,0,0
1021,15,,,,0,0,0,0,0
1022,11,,,,0,0,0,0,0
1022,12,,,,0,0,0,0,0
1022,13,,,,0,0,0,0,0
1022,14,,,,0,0,0,0,0
1022,15,,,,0,0,0,0,0
1023,11,,,,0,0,0,0,0
1023,12,,,,0,0,0,0,0
1023,13,,,,0,0,0,0,0
1023,14,,,,0,0,0,0,0
1023,15,,,,0,0,0,0,0
1024,11,,,,0,0,0,0,0
1024,12,,,,0,0,0,0,0
1024,13,,,,0,0,0,0,0
1024,14,,,,0,0,0,0,0
1024,15,,,,0,0,0,0,0
1025,11,,,,0,0,0,0,0
1025,12,,,,0,0,0,0,0
1025,13,,,,0,0,0,0,0
1025,14,,,,0,0,0,0,0
1025,15,,,,0,0,0,0,0
1026,11,,,,0,0,0,0,0
1026,12,,,,0,0,0,0,0
1026,13,,,,0,0,0,0,0
1026,14,,,,0,0,0,0,0
1026,15,,,,0,0,0,0,0
1027,11,,,,0,0,0,0,0
1027,12,,,,0,0,0,0,0
1027,13,,,,0,0,0,0,0
1027,14,,,,0,0,0,0,0
1027,15,,,,0,0,0,0,0
1028,11,,,,0,0,0,0,0
1028,12,,,,0,0,0,0,0
1028,13,,,,0,0,0,0,0
1028,14,,,,0,0,0,0,0
1028,15,,,,0,0,0,0,0
1029,11,,,,0,0,0,0,0
1029,12,,,,0,0,0,0,0
1029,13,,,,0,0,0,0,0
1029,14,,,,0,0,0,0,0
1029,15,,,,0,0,0,0,0
1030,11,,,,0,0,0,0,0
1030,12,,,,0,0,0,0,0
1030,13,,,,0,0,0,0,0
1030,14,,,,0,0,0,0,0
1030,15,,,,0,0,0,0,0
1031,11,,,,0,0,0,0,0
1031,12,,,,0,0,0,0,0
1031,13,,,,0,0,0,0,0
1031,14,,,,0,0,0,0,0
1031,15,,,,0,0,0,0,0
1032,11,,,,0,0,0,0,0
1032,12,,,,0,0,0,0,0
1032,13,,,,0,0,0,0,0
1032,14,,,,0,0,0,0,0
1032,15,,,,0,0,0,0,0
1033,11,,,,0,0,0,0,0
1033,12,,,,0,0,0,0,0
1033,13,,,,0,0,0,0,0
1033,14,,,,0,0,0,0,0
1033,15,,,,0,0,0,0,0
1034,11,,,,0,0,0,0,0
1034,12,,,,0,0,0,0,0
1034,13,,,,0,0,0,0,0
1034,14,,,,0,0,0,0,0
1034,15,,,,0,0,0,0,0
1035,11,,,,0,0,0,0,0
1035,12,,,,0,0,0,0,0
1035,13,,,,0,0,0,0,0
1035,14,,,,0,0,0,0,0
1035,15,,,,0,0,0,0,0
1036,11,,,,0,0,0,0,0
1036,12,,,,0,0,0,0,0
1036,13,,,,0,0,0,0,0
1036,14,,,,0,0,0,0,0
1036,15,,,,0,0,0,0,0
1037,11,,,,0,0,0,0,0
1037,12,,,,0,0,0,0,0
1037,13,,,,0,0,0,0,0
1037,14,,,,0,0,0,0,0
1037,15,,,,0,0,0,0,0
1038,11,,,,0,0,0,0,0
1038,12,,,,0,0,0,0,0
1038,13,,,,0,0,0,0,0
1038,14,,,,0,0,0,0,0
1038,15,,,,0,0,0,0,0
1039,11,,,,0,0,0,0,0
1039,12,,,,0,0,0,0,0
1039,13,,,,0,0,0,0,0
1039,14,,,,0,0,0,0,0
1039,15,,,,0,0,0,0,0
1040,11,,,,0,0,0,0,0
1040,12,,,,0,0,0,0,0
1040,13,,,,0,0,0,0,0
1040,14,,,,0,0,0,0,0
1040,15,,,,0,0,0,0,0
1041,11,,,,0,0,0,0,0
1041,12,,,,0,0,0,0,0
1041,13,,,,0,0,0,0,0
1041,14,,,,0,0,0,0,0
1041,15,,,,0,0,0,0,0
1042,11,,,,0,0,0,0,0
1042,12,,,,0,0,0,0,0
1042,13,,,,0,0,0,0,0
1042,14,,,,0,0,0,0,0
1042,15,,,,0,0,0,0,0
1043,11,,,,0,0,0,0,0
1043,12,,,,0,0,0,0,0
1043,13,,,,0,0,0,0,0
1043,14,,,,0,0,0,0,0
1043,15,,,,0,0,0,0,0
1044,11,,,,0,0,0,0,0
1044,12,,,,0,0,0,0,0
1044,13,,,,0,0,0,0,0
1044,14,,,,0,0,0,0,0
1044,15,,,,0,0,0,0,0
1045,11,,,,0,0,0,0,0
1045,12,,,,0,0,0,0,0
1045,13,,,,0,0,0,0,0
1045,14,,,,0,0,0,0,0
1045,15,,,,0,0,0,0,0
1046,11,,,,0,0,0,0,0
1046,12,,,,0,0,0,0,0
1046,13,,,,0,0,0,0,0
1046,14,,,,0,0,0,0,0
1046,15,,,,0,0,0,0,0
1047,11,,,,0,0,0,0,0
1047,12,,,,0,0,0,0,0
1047,13,,,,0,0,0,0,0
1047,14,,,,0,0,0,0,0
1047,15,,,,0,0,0,0,0
1048,11,,,,0,0,0,0,0
1048,12,,,,0,0,0,0,0
1048,13,,,,0,0,0,0,0
1048,14,,,,0,0,0,0,0
1048,15,,,,0,0,0,0,0
1049,11,,,,0,0,0,0,0
1049,12,,,,0,0,0,0,0
1049,13,,,,0,0,0,0,0
1049,14,,,,0,0,0,0,0
1049,15,,,,0,0,0,0,0
1050,11,,,,0,0,0,0,0
1050,12,,,,0,0,0,0,0
1050,13,,,,0,0,0,0,0
1050,14,,,,0,0,0,0,0
1050,15,,,,0,0,0,0,0
1051,11,,,,0,0,0,0,0
1051,12,,,,0,0,0,0,0
1051,13,,,,0,0,0,0,0
1051,14,,,,0,0,0,0,0
1051,15,,,,0,0,0,0,0
1052,11,,,,0,0,0,0,0
1052,12,,,,0,0,0,0,0
1052,13,,,,0,0,0,0,0
1052,14,,,,0,0,0,0,0
1052,15,,,,0,0,0,0,0
1053,11,,,,0,0,0,0,0
1053,12,,,,0,0,0,0,0
1053,13,,,,0,0,0,0,0
1053,14,,,,0,0,0,0,0
1053,15,,,,0,0,0,0,0
1054,11,,,,0,0,0,0,0
1054,12,,,,0,0,0,0,0
1054,13,,,,0,0,0,0,0
1054,14,,,,0,0,0,0,0
1054,15,,,,0,0,0,0,0
1055,11,,,,0,0,0,0,0
1055,12,,,,0,0,0,0,0
1055,13,,,,0,0,0,0,0
1055,14,,,,0,0,0,0,0
1055,15,,,,0,0,0,0,0
1056,11,,,,0,0,0,0,0
1056,12,,,,0,0,0,0,0
1056,13,,,,0,0,0,0,0
1056,14,,,,0,0,0,0,0
1056,15,,,,0,0,0,0,0
1057,11,,,,0,0,0,0,0
1057,12,,,,0,0,0,0,0
1057,13,,,,0,0,0,0,0
1057,14,,,,0,0,0,0,0
1057,15,,,,0,0,0,0,0
1058,11,,,,0,0,0,0,0
1058,12,,,,0,0,0,0,0
1058,13,,,,0,0,0,0,0
1058,14,,,,0,0,0,0,0
1058,15,,,,0,0,0,0,0
1059,11,,,,0,0,0,0,0
1059,12,,,,0,0,0,0,0
1059,13,,,,0,0,0,0,0
1059,14,,,,0,0,0,0,0
1059,15,,,,0,0,0,0,0
1060,11,,,,0,0,0,0,0
1060,12,,,,0,0,0,0,0
1060,13,,,,0,0,0,0,0
1060,14,,,,0,0,0,0,0
1060,15,,,,0,0,0,0,0
1061,11,,,,0,0,0,0,0
1061,12,,,,0,0,0,0,0
1061,13,,,,0,0,0,0,0
1061,14,,,,0,0,0,0,0
1061,15,,,,0,0,0,0,0
1062,11,,,,0,0,0,0,0
1062,12,,,,0,0,0,0,0
1062,13,,,,0,0,0,0,0
1062,14,,,,0,0,0,0,0
1062,15,,,,0,0,0,0,0
1063,11,,,,0,0,0,0,0
1063,12,,,,0,0,0,0,0
1063,13,,,,0,0,0,0,0
1063,14,,,,0,0,0,0,0
1063,15,,,,0,0,0,0,0
1064,11,,,,0,0,0,0,0
1064,12,,,,0,0,0,0,0
1064,13,,,,0,0,0,0,0
1064,14,,,,0,0,0,0,0
1064,15,,,,0,0,0,0,0
1065,11,,,,0,0,0,0,0
1065,12,,,,0,0,0,0,0
1065,13,,,,0,0,0,0,0
1065,14,,,,0,0,0,0,0
1065,15,,,,0,0,0,0,0
1066,11,,,,0,0,0,0,0
1066,12,,,,0,0,0,0,0
1066,13,,,,0,0,0,0,0
1066,14,,,,0,0,0,0,0
1066,15,,,,0,0,0,0,0
1067,11,,,,0,0,0,0,0
1067,12,,,,0,0,0,0,0
1067,13,,,,0,0,0,0,0
1067,14,,,,0,0,0,0,0
1067,15,,,,0,0,0,0,0
1068,11,,,,0,0,0,0,0
1068,12,,,,0,0,0,0,0
1068,13,,,,0,0,0,0,0
1068,14,,,,0,0,0,0,0
1068,15,,,,0,0,0,0,0
1069,11,,,,0,0,0,0,0
1069,12,,,,0,0,0,0,0
1069,13,,,,0,0,0,0,0
1069,14,,,,0,0,0,0,0
1069,15,,,,0,0,0,0,0
1070,11,,,,0,0,0,0,0
1070,12,,,,0,0,0,0,0
1070,13,,,,0,0,0,0,0
1070,14,,,,0,0,0,0,0
1070,15,,,,0,0,0,0,0
1071,11,,,,0,0,0,0,0
1071,12,,,,0,0,0,0,0
1071,13,,,,0,0,0,0,0
1071,14,,,,0,0,0,0,0
1071,15,,,,0,0,0,0,0
1072,11,,,,0,0,0,0,0
1072,12,,,,0,0,0,0,0
1072,13,,,,0,0,0,0,0
1072,14,,,,0,0,0,0,0
1072,15,,,,0,0,0,0,0
1073,11,,,,0,0,0,0,0
1073,12,,,,0,0,0,0,0
1073,13,,,,0,0,0,0,0
1073,14,,,,0,0,0,0,0
1073,15,,,,0,0,0,0,0
1074,11,,,,0,0,0,0,0
1074,12,,,,0,0,0,0,0
1074,13,,,,0,0,0,0,0
1074,14,,,,0,0,0,0,0
1074,15,,,,0,0,0,0,0
1075,11,,,,0,0,0,0,0
1075,12,,,,0,0,0,0,0
1075,13,,,,0,0,0,0,0
1075,14,,,,0,0,0,0,0
1075,15,,,,0,0,0,0,0
1076,11,,,,0,0,0,0,0
1076,12,,,,0,0,0,0,0
1076,13,,,,0,0,0,0,0
1076,14,,,,0,0,0,0,0
1076,15,,,,0,0,0,0,0
1077,11,,,,0,0,0,0,0
1077,12,,,,0,0,0,0,0
1077,13,,,,0,0,0,0,0
1077,14,,,,0,0,0,0,0
1077,15,,,,0,0,0,0,0
1078,11,,,,0,0,0,0,0
1078,12,,,,0,0,0,0,0
1078,13,,,,0,0,0,0,0
1078,14,,,,0,0,0,0,0
1078,15,,,,0,0,0,0,0
1079,11,,,,0,0,0,0,0
1079,12,,,,0,0,0,0,0
1079,13,,,,0,0,0,0,0
1079,14,,,,0,0,0,0,0
1079,15,,,,0,0,0,0,0
1080,11,,,,0,0,0,0,0
1080,12,,,,0,0,0,0,0
1080,13,,,,0,0,0,0,0
1080,14,,,,0,0,0,0,0
1080,15,,,,0,0,0,0,0
1081,11,,,,0,0,0,0,0
1081,12,,,,0,0,0,0,0
1081,13,,,,0,0,0,0,0
1081,14,,,,0,0,0,0,0
1081,15,,,,0,0,0,0,0
1082,11,,,,0,0,0,0,0
1082,12,,,,0,0,0,0,0
1082,13,,,,0,0,0,0,0
1082,14,,,,0,0,0,0,0
1082,15,,,,0,0,0,0,0
1083,11,,,,0,0,0,0,0
1083,12,,,,0,0,0,0,0
1083,13,,,,0,0,0,0,0
1083,14,,,,0,0,0,0,0
1083,15,,,,0,0,0,0,0
1084,11,,,,0,0,0,0,0
1084,12,,,,0,0,0,0,0
1084,13,,,,0,0,0,0,0
1084,14,,,,0,0,0,0,0
1084,15,,,,0,0,0,0,0
1085,11,,,,0,0,0,0,0
1085,12,,,,0,0,0,0,0
1085,13,,,,0,0,0,0,0
1085,14,,,,0,0,0,0,0
1085,15,,,,0,0,0,0,0
1086,11,,,,0,0,0,0,0
1086,12,,,,0,0,0,0,0
1086,13,,,,0,0,0,0,0
1086,14,,,,0,0,0,0,0
1086,15,,,,0,0,0,0,0
1087,11,,,,0,0,0,0,0
1087,12,,,,0,0,0,0,0
1087,13,,,,0,0,0,0,0
1087,14,,,,0,0,0,0,0
1087,15,,,,0,0,0,0,0
1088,11,,,,0,0,0,0,0
1088,12,,,,0,0,0,0,0
1088,13,,,,0,0,0,0,0
1088,14,,,,0,0,0,0,0
1088,15,,,,0,0,0,0,0
1089,11,,,,0,0,0,0,0
1089,12,,,,0,0,0,0,0
1089,13,,,,0,0,0,0,0
1089,14,,,,0,0,0,0,0
1089,15,,,,0,0,0,0,0
1090,11,,,,0,0,0,0,0
1090,12,,,,0,0,0,0,0
1090,13,,,,0,0,0,0,0
1090,14,,,,0,0,0,0,0
1090,15,,,,0,0,0,0,0
1091,11,,,,0,0,0,0,0
1091,12,,,,0,0,0,0,0
1091,13,,,,0,0,0,0,0
1091,14,,,,0,0,0,0,0
1091,15,,,,0,0,0,0,0
1092,11,,,,0,0,0,0,0
1092,12,,,,0,0,0,0,0
1092,13,,,,0,0,0,0,0
1092,14,,,,0,0,0,0,0
1092,15,,,,0,0,0,0,0
1093,11,,,,0,0,0,0,0
1093,12,,,,0,0,0,0,0
1093,13,,,,0,0,0,0,0
1093,14,,,,0,0,0,0,0
1093,15,,,,0,0,0,0,0
1094,11,,,,0,0,0,0,0
1094,12,,,,0,0,0,0,0
1094,13,,,,0,0,0,0,0
1094,14,,,,0,0,0,0,0
1094,15,,,,0,0,0,0,0
1095,11,,,,0,0,0,0,0
1095,12,,,,0,0,0,0,0
1095,13,,,,0,0,0,0,0
1095,14,,,,0,0,0,0,0
1095,15,,,,0,0,0,0,0
1096,11,,,,0,0,0,0,0
1096,12,,,,0,0,0,0,0
1096,13,,,,0,0,0,0,0
1096,14,,,,0,0,0,0,0
1096,15,,,,0,0,0,0,0
1097,11,,,,0,0,0,0,0
1097,12,,,,0,0,0,0,0
1097,13,,,,0,0,0,0,0
1097,14,,,,0,0,0,0,0
1097,15,,,,0,0,0,0,0
1098,11,,,,0,0,0,0,0
1098,12,,,,0,0,0,0,0
1098,13,,,,0,0,0,0,0
1098,14,,,,0,0,0,0,0
1098,15,,,,0,0,0,0,0
1099,11,,,,0,0,0,0,0
1099,12,,,,0,0,0,0,0
1099,13,,,,0,0,0,0,0
1099,14,,,,0,0,0,0,0
1099,15,,,,0,0,0,0,0
1100,11,,,,0,0,0,0,0
1100,12,,,,0,0,0,0,0
1100,13,,,,0,0,0,0,0
1100,14,,,,0,0,0,0,0
1100,15,,,,0,0,0,0,0
1101,11,,,,0,0,0,0,0
1101,12,,,,0,0,0,0,0
1101,13,,,,0,0,0,0,0
1101,14,,,,0,0,0,0,0
1101,15,,,,0,0,0,0,0
1102,11,,,,0,0,0,0,0
1102,12,,,,0,0,0,0,0
1102,13,,,,0,0,0,0,0
1102,14,,,,0,0,0,0,0
1102,15,,,,0,0,0,0,0
1103,11,,,,0,0,0,0,0
1103,12,,,,0,0,0,0,0
1103,13,,,,0,0,0,0,0
1103,14,,,,0,0,0,0,0
1103,15,,,,0,0,0,0,0
1104,11,,,,0,0,0,0,0
1104,12,,,,0,0,0,0,0
1104,13,,,,0,0,0,0,0
1104,14,,,,0,0,0,0,0
1104,15,,,,0,0,0,0,0
1105,11,,,,0,0,0,0,0
1105,12,,,,0,0,0,0,0
1105,13,,,,0,0,0,0,0
1105,14,,,,0,0,0,0,0
1105,15,,,,0,0,0,0,0
1106,11,,,,0,0,0,0,0
1106,12,,,,0,0,0,0,0
1106,13,,,,0,0,0,0,0
1106,14,,,,0,0,0,0,0
1106,15,,,,0,0,0,0,0
1107,11,,,,0,0,0,0,0
1107,12,,,,0,0,0,0,0
1107,13,,,,0,0,0,0,0
1107,14,,,,0,0,0,0,0
1107,15,,,,0,0,0,0,0
1108,11,,,,0,0,0,0,0
1108,12,,,,0,0,0,0,0
1108,13,,,,0,0,0,0,0
1108,14,,,,0,0,0,0,0
1108,15,,,,0,0,0,0,0
1109,11,,,,0,0,0,0,0
1109,12,,,,0,0,0,0,0
1109,13,,,,0,0,0,0,0
1109,14,,,,0,0,0,0,0
1109,15,,,,0,0,0,0,0
1110,11,,,,0,0,0,0,0
1110,12,,,,0,0,0,0,0
1110,13,,,,0,0,0,0,0
1110,14,,,,0,0,0,0,0
1110,15,,,,0,0,0,0,0
1111,11,,,,0,0,0,0,0
1111,12,,,,0,0,0,0,0
1111,13,,,,0,0,0,0,0
1111,14,,,,0,0,0,0,0
1111,15,,,,0,0,0,0,0
1112,11,,,,0,0,0,0,0
1112,12,,,,0,0,0,0,0
1112,13,,,,0,0,0,0,0
1112,14,,,,0,0,0,0,0
1112,15,,,,0,0,0,0,0
1113,11,,,,0,0,0,0,0
1113,12,,,,0,0,0,0,0
1113,13,,,,0,0,0,0,0
1113,14,,,,0,0,0,0,0
1113,15,,,,0,0,0,0,0
1114,11,,,,0,0,0,0,0
1114,12,,,,0,0,0,0,0
1114,13,,,,0,0,0,0,0
1114,14,,,,0,0,0,0,0
1114,15,,,,0,0,0,0,0
1115,11,,,,0,0,0,0,0
1115,12,,,,0,0,0,0,0
1115,13,,,,0,0,0,0,0
1115,14,,,,0,0,0,0,0
1115,15,,,,0,0,0,0,0
1116,11,,,,0,0,0,0,0
1116,12,,,,0,0,0,0,0
1116,13,,,,0,0,0,0,0
1116,14,,,,0,0,0,0,0
1116,15,,,,0,0,0,0,0
1117,11,,,,0,0,0,0,0
1117,12,,,,0,0,0,0,0
1117,13,,,,0,0,0,0,0
1117,14,,,,0,0,0,0,0
1117,15,,,,0,0,0,0,0
1118,11,,,,0,0,0,0,0
1118,12,,,,0,0,0,0,0
1118,13,,,,0,0,0,0,0
1118,14,,,,0,0,0,0,0
1118,15,,,,0,0,0,0,0
1119,11,,,,0,0,0,0,0
1119,12,,,,0,0,0,0,0
1119,13,,,,0,0,0,0,0
1119,14,,,,0,0,0,0,0
1119,15,,,,0,0,0,0,0
1120,11,,,,0,0,0,0,0
1120,12,,,,0,0,0,0,0
1120,13,,,,0,0,0,0,0
1120,14,,,,0,0,0,0,0
1120,15,,,,0,0,0,0,0
1121,11,,,,0,0,0,0,0
1121,12,,,,0,0,0,0,0
1121,13,,,,0,0,0,0,0
1121,14,,,,0,0,0,0,0
1121,15,,,,0,0,0,0,0
1122,11,,,,0,0,0,0,0
1122,12,,,,0,0,0,0,0
1122,13,,,,0,0,0,0,0
1122,14,,,,0,0,0,0,0
1122,15,,,,0,0,0,0,0
1123,11,,,,0,0,0,0,0
1123,12,,,,0,0,0,0,0
1123,13,,,,0,0,0,0,0
1123,14,,,,0,0,0,0,0
1123,15,,,,0,0,0,0,0
1124,11,,,,0,0,0,0,0
1124,12,,,,0,0,0,0,0
1124,13,,,,0,0,0,0,0
1124,14,,,,0,0,0,0,0
1124,15,,,,0,0,0,0,0
1125,11,,,,0,0,0,0,0
1125,12,,,,0,0,0,0,0
1125,13,,,,0,0,0,0,0
1125,14,,,,0,0,0,0,0
1125,15,,,,0,0,0,0,0
1126,11,,,,0,0,0,0,0
1126,12,,,,0,0,0,0,0
1126,13,,,,0,0,0,0,0
1126,14,,,,0,0,0,0,0
1126,15,,,,0,0,0,0,0
1127,11,,,,0,0,0,0,0
1127,12,,,,0,0,0,0,0
1127,13,,,,0,0,0,0,0
1127,14,,,,0,0,0,0,0
1127,15,,,,0,0,0,0,0
1128,11,,,,0,0,0,0,0
1128,12,,,,0,0,0,0,0
1128,13,,,,0,0,0,0,0
1128,14,,,,0,0,0,0,0
1128,15,,,,0,0,0,0,0
1129,11,,,,0,0,0,0,0
1129,12,,,,0,0,0,0,0
1129,13,,,,0,0,0,0,0
1129,14,,,,0,0,0,0,0
1129,15,,,,0,0,0,0,0
1130,11,,,,0,0,0,0,0
1130,12,,,,0,0,0,0,0
1130,13,,,,0,0,0,0,0
1130,14,,,,0,0,0,0,0
1130,15,,,,0,0,0,0,0
1131,11,,,,0,0,0,0,0
1131,12,,,,0,0,0,0,0
1131,13,,,,0,0,0,0,0
1131,14,,,,0,0,0,0,0
1131,15,,,,0,0,0,0,0
1132,11,,,,0,0,0,0,0
1132,12,,,,0,0,0,0,0
1132,13,,,,0,0,0,0,0
1132,14,,,,0,0,0,0,0
1132,15,,,,0,0,0,0,0
1133,11,,,,0,0,0,0,0
1133,12,,,,0,0,0,0,0
1133,13,,,,0,0,0,0,0
1133,14,,,,0,0,0,0,0
1133,15,,,,0,0,0,0,0
1134,11,,,,0,0,0,0,0
1134,12,,,,0,0,0,0,0
1134,13,,,,0,0,0,0,0
1134,14,,,,0,0,0,0,0
1134,15,,,,0,0,0,0,0
1135,11,,,,0,0,0,0,0
1135,12,,,,0,0,0,0,0
1135,13,,,,0,0,0,0,0
1135,14,,,,0,0,0,0,0
1135,15,,,,0,0,0,0,0
1136,11,,,,0,0,0,0,0
1136,12,,,,0,0,0,0,0
1136,13,,,,0,0,0,0,0
1136,14,,,,0,0,0,0,0
1136,15,,,,0,0,0,0,0
1137,11,,,,0,0,0,0,0
1137,12,,,,0,0,0,0,0
1137,13,,,,0,0,0,0,0
1137,14,,,,0,0,0,0,0
1137,15,,,,0,0,0,0,0
1138,11,,,,0,0,0,0,0
1138,12,,,,0,0,0,0,0
1138,13,,,,0,0,0,0,0
1138,14,,,,0,0,0,0,0
1138,15,,,,0,0,0,0,0
1139,11,,,,0,0,0,0,0
1139,12,,,,0,0,0,0,0
1139,13,,,,0,0,0,0,0
1139,14,,,,0,0,0,0,0
1139,15,,,,0,0,0,0,0
1140,11,,,,0,0,0,0,0
1140,12,,,,0,0,0,0,0
1140,13,,,,0,0,0,0,0
1140,14,,,,0,0,0,0,0
1140,15,,,,0,0,0,0,0
1141,11,,,,0,0,0,0,0
1141,12,,,,0,0,0,0,0
1141,13,,,,0,0,0,0,0
1141,14,,,,0,0,0,0,0
1141,15,,,,0,0,0,0,0
1142,11,,,,0,0,0,0,0
1142,12,,,,0,0,0,0,0
1142,13,,,,0,0,0,0,0
1142,14,,,,0,0,0,0,0
1142,15,,,,0,0,0,0,0
1143,11,,,,0,0,0,0,0
1143,12,,,,0,0,0,0,0
1143,13,,,,0,0,0,0,0
1143,14,,,,0,0,0,0,0
1143,15,,,,0,0,0,0,0
1144,11,,,,0,0,0,0,0
1144,12,,,,0,0,0,0,0
1144,13,,,,0,0,0,0,0
1144,14,,,,0,0,0,0,0
1144,15,,,,0,0,0,0,0
1145,11,,,,0,0,0,0,0
1145,12,,,,0,0,0,0,0
1145,13,,,,0,0,0,0,0
1145,14,,,,0,0,0,0,0
1145,15,,,,0,0,0,0,0
1146,11,,,,0,0,0,0,0
1146,12,,,,0,0,0,0,0
1146,13,,,,0,0,0,0,0
1146,14,,,,0,0,0,0,0
1146,15,,,,0,0,0,0,0
1147,11,,,,0,0,0,0,0
1147,12,,,,0,0,0,0,0
1147,13,,,,0,0,0,0,0
1147,14,,,,0,0,0,0,0
1147,15,,,,0,0,0,0,0
1148,11,,,,0,0,0,0,0
1148,12,,,,0,0,0,0,0
1148,13,,,,0,0,0,0,0
1148,14,,,,0,0,0,0,0
1148,15,,,,0,0,0,0,0
1149,11,,,,0,0,0,0,0
1149,12,,,,0,0,0,0,0
1149,13,,,,0,0,0,0,0
1149,14,,,,0,0,0,0,0
1149,15,,,,0,0,0,0,0
1150,11,,,,0,0,0,0,0
1150,12,,,,0,0,0,0,0
1150,13,,,,0,0,0,0,0
1150,14,,,,0,0,0,0,0
1150,15,,,,0,0,0,0,0
1151,11,,,,0,0,0,0,0
1151,12,,,,0,0,0,0,0
1151,13,,,,0,0,0,0,0
1151,14,,,,0,0,0,0,0
1151,15,,,,0,0,0,0,0
1152,11,,,,0,0,0,0,0
1152,12,,,,0,0,0,0,0
1152,13,,,,0,0,0,0,0
1152,14,,,,0,0,0,0,0
1152,15,,,,0,0,0,0,0
1153,11,,,,0,0,0,0,0
1153,12,,,,0,0,0,0,0
1153,13,,,,0,0,0,0,0
1153,14,,,,0,0,0,0,0
1153,15,,,,0,0,0,0,0
1154,11,,,,0,0,0,0,0
1154,12,,,,0,0,0,0,0
1154,13,,,,0,0,0,0,0
1154,14,,,,0,0,0,0,0
1154,15,,,,0,0,0,0,0
1155,11,,,,0,0,0,0,0
1155,12,,,,0,0,0,0,0
1155,13,,,,0,0,0,0,0
1155,14,,,,0,0,0,0,0
1155,15,,,,0,0,0,0,0
1156,11,,,,0,0,0,0,0
1156,12,,,,0,0,0,0,0
1156,13,,,,0,0,0,0,0
1156,14,,,,0,0,0,0,0
1156,15,,,,0,0,0,0,0
1157,11,,,,0,0,0,0,0
1157,12,,,,0,0,0,0,0
1157,13,,,,0,0,0,0,0
1157,14,,,,0,0,0,0,0
1157,15,,,,0,0,0,0,0
1158,11,,,,0,0,0,0,0
1158,12,,,,0,0,0,0,0
1158,13,,,,0,0,0,0,0
1158,14,,,,0,0,0,0,0
1158,15,,,,0,0,0,0,0
1159,11,,,,0,0,0,0,0
1159,12,,,,0,0,0,0,0
1159,13,,,,0,0,0,0,0
1159,14,,,,0,0,0,0,0
1159,15,,,,0,0,0,0,0
1160,11,,,,0,0,0,0,0
1160,12,,,,0,0,0,0,0
1160,13,,,,0,0,0,0,0
1160,14,,,,0,0,0,0,0
1160,15,,,,0,0,0,0,0
1161,11,,,,0,0,0,0,0
1161,12,,,,0,0,0,0,0
1161,13,,,,0,0,0,0,0
1161,14,,,,0,0,0,0,0
1161,15,,,,0,0,0,0,0
1162,11,,,,0,0,0,0,0
1162,12,,,,0,0,0,0,0
1162,13,,,,0,0,0,0,0
1162,14,,,,0,0,0,0,0
1162,15,,,,0,0,0,0,0
1163,11,,,,0,0,0,0,0
1163,12,,,,0,0,0,0,0
1163,13,,,,0,0,0,0,0
1163,14,,,,0,0,0,0,0
1163,15,,,,0,0,0,0,0
1164,11,,,,0,0,0,0,0
1164,12,,,,0,0,0,0,0
1164,13,,,,0,0,0,0,0
1164,14,,,,0,0,0,0,0
1164,15,,,,0,0,0,0,0
1165,11,,,,0,0,0,0,0
1165,12,,,,0,0,0,0,0
1165,13,,,,0,0,0,0,0
1165,14,,,,0,0,0,0,0
1165,15,,,,0,0,0,0,0
1166,11,,,,0,0,0,0,0
1166,12,,,,0,0,0,0,0
1166,13,,,,0,0,0,0,0
1166,14,,,,0,0,0,0,0
1166,15,,,,0,0,0,0,0
1167,11,,,,0,0,0,0,0
1167,12,,,,0,0,0,0,0
1167,13,,,,0,0,0,0,0
1167,14,,,,0,0,0,0,0
1167,15,,,,0,0,0,0,0
1168,11,,,,0,0,0,0,0
1168,12,,,,0,0,0,0,0
1168,13,,,,0,0,0,0,0
1168,14,,,,0,0,0,0,0
1168,15,,,,0,0,0,0,0
1169,11,,,,0,0,0,0,0
1169,12,,,,0,0,0,0,0
1169,13,,,,0,0,0,0,0
1169,14,,,,0,0,0,0,0
1169,15,,,,0,0,0,0,0
1170,11,,,,0,0,0,0,0
1170,12,,,,0,0,0,0,0
1170,13,,,,0,0,0,0,0
1170,14,,,,0,0,0,0,0
1170,15,,,,0,0,0,0,0
1171,11,,,,0,0,0,0,0
1171,12,,,,0,0,0,0,0
1171,13,,,,0,0,0,0,0
1171,14,,,,0,0,0,0,0
1171,15,,,,0,0,0,0,0
1172,11,,,,0,0,0,0,0
1172,12,,,,0,0,0,0,0
1172,13,,,,0,0,0,0,0
1172,14,,,,0,0,0,0,0
1172,15,,,,0,0,0,0,0
1173,11,,,,0,0,0,0,0
1173,12,,,,0,0,0,0,0
1173,13,,,,0,0,0,0,0
1173,14,,,,0,0,0,0,0
1173,15,,,,0,0,0,0,0
1174,11,,,,0,0,0,0,0
1174,12,,,,0,0,0,0,0
1174,13,,,,0,0,0,0,0
1174,14,,,,0,0,0,0,0
1174,15,,,,0,0,0,0,0
1175,11,,,,0,0,0,0,0
1175,12,,,,0,0,0,0,0
1175,13,,,,0,0,0,0,0
1175,14,,,,0,0,0,0,0
1175,15,,,,0,0,0,0,0
1176,11,,,,0,0,0,0,0
1176,12,,,,0,0,0,0,0
1176,13,,,,0,0,0,0,0
1176,14,,,,0,0,0,0,0
1176,15,,,,0,0,0,0,0
1177,11,,,,0,0,0,0,0
1177,12,,,,0,0,0,0,0
1177,13,,,,0,0,0,0,0
1177,14,,,,0,0,0,0,0
1177,15,,,,0,0,0,0,0
1178,11,,,,0,0,0,0,0
1178,12,,,,0,0,0,0,0
1178,13,,,,0,0,0,0,0
1178,14,,,,0,0,0,0,0
1178,15,,,,0,0,0,0,0
1179,11,,,,0,0,0,0,0
1179,12,,,,0,0,0,0,0
1179,13,,,,0,0,0,0,0
1179,14,,,,0,0,0,0,0
1179,15,,,,0,0,0,0,0
1180,11,,,,0,0,0,0,0
1180,12,,,,0,0,0,0,0
1180,13,,,,0,0,0,0,0
1180,14,,,,0,0,0,0,0
1180,15,,,,0,0,0,0,0
1181,11,,,,0,0,0,0,0
1181,12,,,,0,0,0,0,0
1181,13,,,,0,0,0,0,0
1181,14,,,,0,0,0,0,0
1181,15,,,,0,0,0,0,0
1182,11,,,,0,0,0,0,0
1182,12,,,,0,0,0,0,0
1182,13,,,,0,0,0,0,0
1182,14,,,,0,0,0,0,0
1182,15,,,,0,0,0,0,0
1183,11,,,,0,0,0,0,0
1183,12,,,,0,0,0,0,0
1183,13,,,,0,0,0,0,0
1183,14,,,,0,0,0,0,0
1183,15,,,,0,0,0,0,0
1184,11,,,,0,0,0,0,0
1184,12,,,,0,0,0,0,0
1184,13,,,,0,0,0,0,0
1184,14,,,,0,0,0,0,0
1184,15,,,,0,0,0,0,0
1185,11,,,,0,0,0,0,0
1185,12,,,,0,0,0,0,0
1185,13,,,,0,0,0,0,0
1185,14,,,,0,0,0,0,0
1185,15,,,,0,0,0,0,0
1186,11,,,,0,0,0,0,0
1186,12,,,,0,0,0,0,0
1186,13,,,,0,0,0,0,0
1186,14,,,,0,0,0,0,0
1186,15,,,,0,0,0,0,0
1187,11,,,,0,0,0,0,0
1187,12,,,,0,0,0,0,0
1187,13,,,,0,0,0,0,0
1187,14,,,,0,0,0,0,0
1187,15,,,,0,0,0,0,0
1188,11,,,,0,0,0,0,0
1188,12,,,,0,0,0,0,0
1188,13,,,,0,0,0,0,0
1188,14,,,,0,0,0,0,0
1188,15,,,,0,0,0,0,0
1189,11,,,,0,0,0,0,0
1189,12,,,,0,0,0,0,0
1189,13,,,,0,0,0,0,0
1189,14,,,,0,0,0,0,0
1189,15,,,,0,0,0,0,0
1190,11,,,,0,0,0,0,0
1190,12,,,,0,0,0,0,0
1190,13,,,,0,0,0,0,0
1190,14,,,,0,0,0,0,0
1190,15,,,,0,0,0,0,0
1191,11,,,,0,0,0,0,0
1191,12,,,,0,0,0,0,0
1191,13,,,,0,0,0,0,0
1191,14,,,,0,0,0,0,0
1191,15,,,,0,0,0,0,0
1192,11,,,,0,0,0,0,0
1192,12,,,,0,0,0,0,0
1192,13,,,,0,0,0,0,0
1192,14,,,,0,0,0,0,0
1192,15,,,,0,0,0,0,0
1193,11,,,,0,0,0,0,0
1193,12,,,,0,0,0,0,0
1193,13,,,,0,0,0,0,0
1193,14,,,,0,0,0,0,0
1193,15,,,,0,0,0,0,0
1194,11,,,,0,0,0,0,0
1194,12,,,,0,0,0,0,0
1194,13,,,,0,0,0,0,0
1194,14,,,,0,0,0,0,0
1194,15,,,,0,0,0,0,0
1195,11,,,,0,0,0,0,0
1195,12,,,,0,0,0,0,0
1195,13,,,,0,0,0,0,0
1195,14,,,,0,0,0,0,0
1195,15,,,,0,0,0,0,0
1196,11,,,,0,0,0,0,0
1196,12,,,,0,0,0,0,0
1196,13,,,,0,0,0,0,0
1196,14,,,,0,0,0,0,0
1196,15,,,,0,0,0,0,0
1197,11,,,,0,0,0,0,0
1197,12,,,,0,0,0,0,0
1197,13,,,,0,0,0,0,0
1197,14,,,,0,0,0,0,0
1197,15,,,,0,0,0,0,0
1198,11,,,,0,0,0,0,0
1198,12,,,,0,0,0,0,0
1198,13,,,,0,0,0,0,0
1198,14,,,,0,0,0,0,0
1198,15,,,,0,0,0,0,0
1199,11,,,,0,0,0,0,0
1199,12,,,,0,0,0,0,0
1199,13,,,,0,0,0,0,0
1199,14,,,,0,0,0,0,0
1199,15,,,,0,0,0,0,0
1200,11,,,,0,0,0,0,0
1200,12,,,,0,0,0,0,0
1200,13,,,,0,0,0,0,0
1200,14,,,,0,0,0,0,0
1200,15,,,,0,0,0,0,0
1201,11,,,,0,0,0,0,0
1201,12,,,,0,0,0,0,0
1201,13,,,,0,0,0,0,0
1201,14,,,,0,0,0,0,0
1201,15,,,,0,0,0,0,0
1202,11,,,,0,0,0,0,0
1202,12,,,,0,0,0,0,0
1202,13,,,,0,0,0,0,0
1202,14,,,,0,0,0,0,0
1202,15,,,,0,0,0,0,0
1203,11,,,,0,0,0,0,0
1203,12,,,,0,0,0,0,0
1203,13,,,,0,0,0,0,0
1203,14,,,,0,0,0,0,0
1203,15,,,,0,0,0,0,0
1204,11,,,,0,0,0,0,0
1204,12,,,,0,0,0,0,0
1204,13,,,,0,0,0,0,0
1204,14,,,,0,0,0,0,0
1204,15,,,,0,0,0,0,0
1205,11,,,,0,0,0,0,0
1205,12,,,,0,0,0,0,0
1205,13,,,,0,0,0,0,0
1205,14,,,,0,0,0,0,0
1205,15,,,,0,0,0,0,0
1206,11,,,,0,0,0,0,0
1206,12,,,,0,0,0,0,0
1206,13,,,,0,0,0,0,0
1206,14,,,,0,0,0,0,0
1206,15,,,,0,0,0,0,0
1207,11,,,,0,0,0,0,0
1207,12,,,,0,0,0,0,0
1207,13,,,,0,0,0,0,0
1207,14,,,,0,0,0,0,0
1207,15,,,,0,0,0,0,0
1208,11,,,,0,0,0,0,0
1208,12,,,,0,0,0,0,0
1208,13,,,,0,0,0,0,0
1208,14,,,,0,0,0,0,0
1208,15,,,,0,0,0,0,0
1209,11,,,,0,0,0,0,0
1209,12,,,,0,0,0,0,0
1209,13,,,,0,0,0,0,0
1209,14,,,,0,0,0,0,0
1209,15,,,,0,0,0,0,0
1210,11,,,,0,0,0,0,0
1210,12,,,,0,0,0,0,0
1210,13,,,,0,0,0,0,0
1210,14,,,,0,0,0,0,0
1210,15,,,,0,0,0,0,0
1211,11,,,,0,0,0,0,0
1211,12,,,,0,0,0,0,0
1211,13,,,,0,0,0,0,0
1211,14,,,,0,0,0,0,0
1211,15,,,,0,0,0,0,0
1212,11,,,,0,0,0,0,0
1212,12,,,,0,0,0,0,0
1212,13,,,,0,0,0,0,0
1212,14,,,,0,0,0,0,0
1212,15,,,,0,0,0,0,0
1213,11,,,,0,0,0,0,0
1213,12,,,,0,0,0,0,0
1213,13,,,,0,0,0,0,0
1213,14,,,,0,0,0,0,0
1213,15,,,,0,0,0,0,0
1214,11,,,,0,0,0,0,0
1214,12,,,,0,0,0,0,0
1214,13,,,,0,0,0,0,0
1214,14,,,,0,0,0,0,0
1214,15,,,,0,0,0,0,0
1215,11,,,,0,0,0,0,0
1215,12,,,,0,0,0,0,0
1215,13,,,,0,0,0,0,0
1215,14,,,,0,0,0,0,0
1215,15,,,,0,0,0,0,0
1216,11,,,,0,0,0,0,0
1216,12,,,,0,0,0,0,0
1216,13,,,,0,0,0,0,0
1216,14,,,,0,0,0,0,0
1216,15,,,,0,0,0,0,0
1217,11,,,,0,0,0,0,0
1217,12,,,,0,0,0,0,0
1217,13,,,,0,0,0,0,0
1217,14,,,,0,0,0,0,0
1217,15,,,,0,0,0,0,0
1218,11,,,,0,0,0,0,0
1218,12,,,,0,0,0,0,0
1218,13,,,,0,0,0,0,0
1218,14,,,,0,0,0,0,0
1218,15,,,,0,0,0,0,0
1219,11,,,,0,0,0,0,0
1219,12,,,,0,0,0,0,0
1219,13,,,,0,0,0,0,0
1219,14,,,,0,0,0,0,0
1219,15,,,,0,0,0,0,0
1220,11,,,,0,0,0,0,0
1220,12,,,,0,0,0,0,0
1220,13,,,,0,0,0,0,0
1220,14,,,,0,0,0,0,0
1220,15,,,,0,0,0,0,0
1221,11,,,,0,0,0,0,0
1221,12,,,,0,0,0,0,0
1221,13,,,,0,0,0,0,0
1221,14,,,,0,0,0,0,0
1221,15,,,,0,0,0,0,0
1222,11,,,,0,0,0,0,0
1222,12,,,,0,0,0,0,0
1222,13,,,,0,0,0,0,0
1222,14,,,,0,0,0,0,0
1222,15,,,,0,0,0,0,0
1223,11,,,,0,0,0,0,0
1223,12,,,,0,0,0,0,0
1223,13,,,,0,0,0,0,0
1223,14,,,,0,0,0,0,0
1223,15,,,,0,0,0,0,0
1224,11,,,,0,0,0,0,0
1224,12,,,,0,0,0,0,0
1224,13,,,,0,0,0,0,0
1224,14,,,,0,0,0,0,0
1224,15,,,,0,0,0,0,0
1225,11,,,,0,0,0,0,0
1225,12,,,,0,0,0,0,0
1225,13,,,,0,0,0,0,0
1225,14,,,,0,0,0,0,0
1225,15,,,,0,0,0,0,0
1226,11,,,,0,0,0,0,0
1226,12,,,,0,0,0,0,0
1226,13,,,,0,0,0,0,0
1226,14,,,,0,0,0,0,0
1226,15,,,,0,0,0,0,0
1227,11,,,,0,0,0,0,0
1227,12,,,,0,0,0,0,0
1227,13,,,,0,0,0,0,0
1227,14,,,,0,0,0,0,0
1227,15,,,,0,0,0,0,0
1228,11,,,,0,0,0,0,0
1228,12,,,,0,0,0,0,0
1228,13,,,,0,0,0,0,0
1228,14,,,,0,0,0,0,0
1228,15,,,,0,0,0,0,0
1229,11,,,,0,0,0,0,0
1229,12,,,,0,0,0,0,0
1229,13,,,,0,0,0,0,0
1229,14,,,,0,0,0,0,0
1229,15,,,,0,0,0,0,0
1230,11,,,,0,0,0,0,0
1230,12,,,,0,0,0,0,0
1230,13,,,,0,0,0,0,0
1230,14,,,,0,0,0,0,0
1230,15,,,,0,0,0,0,0
1231,11,,,,0,0,0,0,0
1231,12,,,,0,0,0,0,0
1231,13,,,,0,0,0,0,0
1231,14,,,,0,0,0,0,0
1231,15,,,,0,0,0,0,0
1232,11,,,,0,0,0,0,0
1232,12,,,,0,0,0,0,0
1232,13,,,,0,0,0,0,0
1232,14,,,,0,0,0,0,0
1232,15,,,,0,0,0,0,0
1233,11,,,,0,0,0,0,0
1233,12,,,,0,0,0,0,0
1233,13,,,,0,0,0,0,0
1233,14,,,,0,0,0,0,0
1233,15,,,,0,0,0,0,0
1234,11,,,,0,0,0,0,0
1234,12,,,,0,0,0,0,0
1234,13,,,,0,0,0,0,0
1234,14,,,,0,0,0,0,0
1234,15,,,,0,0,0,0,0
1235,11,,,,0,0,0,0,0
1235,12,,,,0,0,0,0,0
1235,13,,,,0,0,0,0,0
1235,14,,,,0,0,0,0,0
1235,15,,,,0,0,0,0,0
1236,11,,,,0,0,0,0,0
1236,12,,,,0,0,0,0,0
1236,13,,,,0,0,0,0,0
1236,14,,,,0,0,0,0,0
1236,15,,,,0,0,0,0,0
1237,11,,,,0,0,0,0,0
1237,12,,,,0,0,0,0,0
1237,13,,,,0,0,0,0,0
1237,14,,,,0,0,0,0,0
1237,15,,,,0,0,0,0,0
1238,11,,,,0,0,0,0,0
1238,12,,,,0,0,0,0,0
1238,13,,,,0,0,0,0,0
1238,14,,,,0,0,0,0,0
1238,15,,,,0,0,0,0,0
1239,11,,,,0,0,0,0,0
1239,12,,,,0,0,0,0,0
1239,13,,,,0,0,0,0,0
1239,14,,,,0,0,0,0,0
1239,15,,,,0,0,0,0,0
1240,11,,,,0,0,0,0,0
1240,12,,,,0,0,0,0,0
1240,13,,,,0,0,0,0,0
1240,14,,,,0,0,0,0,0
1240,15,,,,0,0,0,0,0
1241,11,,,,0,0,0,0,0
1241,12,,,,0,0,0,0,0
1241,13,,,,0,0,0,0,0
1241,14,,,,0,0,0,0,0
1241,15,,,,0,0,0,0,0
1242,11,,,,0,0,0,0,0
1242,12,,,,0,0,0,0,0
1242,13,,,,0,0,0,0,0
1242,14,,,,0,0,0,0,0
1242,15,,,,0,0,0,0,0
1243,11,,,,0,0,0,0,0
1243,12,,,,0,0,0,0,0
1243,13,,,,0,0,0,0,0
1243,14,,,,0,0,0,0,0
1243,15,,,,0,0,0,0,0
1244,11,,,,0,0,0,0,0
1244,12,,,,0,0,0,0,0
1244,13,,,,0,0,0,0,0
1244,14,,,,0,0,0,0,0
1244,15,,,,0,0,0,0,0
1245,11,,,,0,0,0,0,0
1245,12,,,,0,0,0,0,0
1245,13,,,,0,0,0,0,0
1245,14,,,,0,0,0,0,0
1245,15,,,,0,0,0,0,0
1246,11,,,,0,0,0,0,0
1246,12,,,,0,0,0,0,0
1246,13,,,,0,0,0,0,0
1246,14,,,,0,0,0,0,0
1246,15,,,,0,0,0,0,0
1247,11,,,,0,0,0,0,0
1247,12,,,,0,0,0,0,0
1247,13,,,,0,0,0,0,0
1247,14,,,,0,0,0,0,0
1247,15,,,,0,0,0,0,0
1248,11,,,,0,0,0,0,0
1248,12,,,,0,0,0,0,0
1248,13,,,,0,0,0,0,0
1248,14,,,,0,0,0,0,0
1248,15,,,,0,0,0,0,0
1249,11,,,,0,0,0,0,0
1249,12,,,,0,0,0,0,0
1249,13,,,,0,0,0,0,0
1249,14,,,,0,0,0,0,0
1249,15,,,,0,0,0,0,0
1250,11,,,,0,0,0,0,0
1250,12,,,,0,0,0,0,0
1250,13,,,,0,0,0,0,0
1250,14,,,,0,0,0,0,0
1250,15,,,,0,0,0,0,0
1251,11,,,,0,0,0,0,0
1251,12,,,,0,0,0,0,0
1251,13,,,,0,0,0,0,0
1251,14,,,,0,0,0,0,0
1251,15,,,,0,0,0,0,0
1252,11,,,,0,0,0,0,0
1252,12,,,,0,0,0,0,0
1252,13,,,,0,0,0,0,0
1252,14,,,,0,0,0,0,0
1252,15,,,,0,0,0,0,0
1253,11,,,,0,0,0,0,0
1253,12,,,,0,0,0,0,0
1253,13,,,,0,0,0,0,0
1253,14,,,,0,0,0,0,0
1253,15,,,,0,0,0,0,0
1254,11,,,,0,0,0,0,0
1254,12,,,,0,0,0,0,0
1254,13,,,,0,0,0,0,0
1254,14,,,,0,0,0,0,0
1254,15,,,,0,0,0,0,0
1255,11,,,,0,0,0,0,0
1255,12,,,,0,0,0,0,0
1255,13,,,,0,0,0,0,0
1255,14,,,,0,0,0,0,0
1255,15,,,,0,0,0,0,0
1256,11,,,,0,0,0,0,0
1256,12,,,,0,0,0,0,0
1256,13,,,,0,0,0,0,0
1256,14,,,,0,0,0,0,0
1256,15,,,,0,0,0,0,0
1257,11,,,,0,0,0,0,0
1257,12,,,,0,0,0,0,0
1257,13,,,,0,0,0,0,0
1257,14,,,,0,0,0,0,0
1257,15,,,,0,0,0,0,0
1258,11,,,,0,0,0,0,0
1258,12,,,,0,0,0,0,0
1258,13,,,,0,0,0,0,0
1258,14,,,,0,0,0,0,0
1258,15,,,,0,0,0,0,0
1259,11,,,,0,0,0,0,0
1259,12,,,,0,0,0,0,0
1259,13,,,,0,0,0,0,0
1259,14,,,,0,0,0,0,0
1259,15,,,,0,0,0,0,0
1260,11,,,,0,0,0,0,0
1260,12,,,,0,0,0,0,0
1260,13,,,,0,0,0,0,0
1260,14,,,,0,0,0,0,0
1260,15,,,,0,0,0,0,0
1261,11,,,,0,0,0,0,0
1261,12,,,,0,0,0,0,0
1261,13,,,,0,0,0,0,0
1261,14,,,,0,0,0,0,0
1261,15,,,,0,0,0,0,0
1262,11,,,,0,0,0,0,0
1262,12,,,,0,0,0,0,0
1262,13,,,,0,0,0,0,0
1262,14,,,,0,0,0,0,0
1262,15,,,,0,0,0,0,0
1263,11,,,,0,0,0,0,0
1263,12,,,,0,0,0,0,0
1263,13,,,,0,0,0,0,0
1263,14,,,,0,0,0,0,0
1263,15,,,,0,0,0,0,0
1264,11,,,,0,0,0,0,0
1264,12,,,,0,0,0,0,0
1264,13,,,,0,0,0,0,0
1264,14,,,,0,0,0,0,0
1264,15,,,,0,0,0,0,0
1265,11,,,,0,0,0,0,0
1265,12,,,,0,0,0,0,0
1265,13,,,,0,0,0,0,0
1265,14,,,,0,0,0,0,0
1265,15,,,,0,0,0,0,0
1266,11,,,,0,0,0,0,0
1266,12,,,,0,0,0,0,0
1266,13,,,,0,0,0,0,0
1266,14,,,,0,0,0,0,0
1266,15,,,,0,0,0,0,0
1267,11,,,,0,0,0,0,0
1267,12,,,,0,0,0,0,0
1267,13,,,,0,0,0,0,0
1267,14,,,,0,0,0,0,0
1267,15,,,,0,0,0,0,0
1268,11,,,,0,0,0,0,0
1268,12,,,,0,0,0,0,0
1268,13,,,,0,0,0,0,0
1268,14,,,,0,0,0,0,0
1268,15,,,,0,0,0,0,0
1269,11,,,,0,0,0,0,0
1269,12,,,,0,0,0,0,0
1269,13,,,,0,0,0,0,0
1269,14,,,,0,0,0,0,0
1269,15,,,,0,0,0,0,0
1270,11,,,,0,0,0,0,0
1270,12,,,,0,0,0,0,0
1270,13,,,,0,0,0,0,0
1270,14,,,,0,0,0,0,0
1270,15,,,,0,0,0,0,0
1271,11,,,,0,0,0,0,0
1271,12,,,,0,0,0,0,0
1271,13,,,,0,0,0,0,0
1271,14,,,,0,0,0,0,0
1271,15,,,,0,0,0,0,0
1272,11,,,,0,0,0,0,0
1272,12,,,,0,0,0,0,0
1272,13,,,,0,0,0,0,0
1272,14,,,,0,0,0,0,0
1272,15,,,,0,0,0,0,0
1273,11,,,,0,0,0,0,0
1273,12,,,,0,0,0,0,0
1273,13,,,,0,0,0,0,0
1273,14,,,,0,0,0,0,0
1273,15,,,,0,0,0,0,0
1274,11,,,,0,0,0,0,0
1274,12,,,,0,0,0,0,0
1274,13,,,,0,0,0,0,0
1274,14,,,,0,0,0,0,0
1274,15,,,,0,0,0,0,0
1275,11,,,,0,0,0,0,0
1275,12,,,,0,0,0,0,0
1275,13,,,,0,0,0,0,0
1275,14,,,,0,0,0,0,0
1275,15,,,,0,0,0,0,0
1276,11,,,,0,0,0,0,0
1276,12,,,,0,0,0,0,0
1276,13,,,,0,0,0,0,0
1276,14,,,,0,0,0,0,0
1276,15,,,,0,0,0,0,0
1277,11,,,,0,0,0,0,0
1277,12,,,,0,0,0,0,0
1277,13,,,,0,0,0,0,0
1277,14,,,,0,0,0,0,0
1277,15,,,,0,0,0,0,0
1278,11,,,,0,0,0,0,0
1278,12,,,,0,0,0,0,0
1278,13,,,,0,0,0,0,0
1278,14,,,,0,0,0,0,0
1278,15,,,,0,0,0,0,0
1279,11,,,,0,0,0,0,0
1279,12,,,,0,0,0,0,0
1279,13,,,,0,0,0,0,0
1279,14,,,,0,0,0,0,0
1279,15,,,,0,0,0,0,0
1280,11,,,,0,0,0,0,0
1280,12,,,,0,0,0,0,0
1280,13,,,,0,0,0,0,0
1280,14,,,,0,0,0,0,0
1280,15,,,,0,0,0,0,0
1281,11,,,,0,0,0,0,0
1281,12,,,,0,0,0,0,0
1281,13,,,,0,0,0,0,0
1281,14,,,,0,0,0,0,0
1281,15,,,,0,0,0,0,0
1282,11,,,,0,0,0,0,0
1282,12,,,,0,0,0,0,0
1282,13,,,,0,0,0,0,0
1282,14,,,,0,0,0,0,0
1282,15,,,,0,0,0,0,0
1283,11,,,,0,0,0,0,0
1283,12,,,,0,0,0,0,0
1283,13,,,,0,0,0,0,0
1283,14,,,,0,0,0,0,0
1283,15,,,,0,0,0,0,0
1284,11,,,,0,0,0,0,0
1284,12,,,,0,0,0,0,0
1284,13,,,,0,0,0,0,0
1284,14,,,,0,0,0,0,0
1284,15,,,,0,0,0,0,0
1285,11,,,,0,0,0,0,0
1285,12,,,,0,0,0,0,0
1285,13,,,,0,0,0,0,0
1285,14,,,,0,0,0,0,0
1285,15,,,,0,0,0,0,0
1286,11,,,,0,0,0,0,0
1286,12,,,,0,0,0,0,0
1286,13,,,,0,0,0,0,0
1286,14,,,,0,0,0,0,0
1286,15,,,,0,0,0,0,0
1287,11,,,,0,0,0,0,0
1287,12,,,,0,0,0,0,0
1287,13,,,,0,0,0,0,0
1287,14,,,,0,0,0,0,0
1287,15,,,,0,0,0,0,0
1288,11,,,,0,0,0,0,0
1288,12,,,,0,0,0,0,0
1288,13,,,,0,0,0,0,0
1288,14,,,,0,0,0,0,0
1288,15,,,,0,0,0,0,0
1289,11,,,,0,0,0,0,0
1289,12,,,,0,0,0,0,0
1289,13,,,,0,0,0,0,0
1289,14,,,,0,0,0,0,0
1289,15,,,,0,0,0,0,0
1290,11,,,,0,0,0,0,0
1290,12,,,,0,0,0,0,0
1290,13,,,,0,0,0,0,0
1290,14,,,,0,0,0,0,0
1290,15,,,,0,0,0,0,0
1291,11,,,,0,0,0,0,0
1291,12,,,,0,0,0,0,0
1291,13,,,,0,0,0,0,0
1291,14,,,,0,0,0,0,0
1291,15,,,,0,0,0,0,0
1292,11,,,,0,0,0,0,0
1292,12,,,,0,0,0,0,0
1292,13,,,,0,0,0,0,0
1292,14,,,,0,0,0,0,0
1292,15,,,,0,0,0,0,0
1293,11,,,,0,0,0,0,0
1293,12,,,,0,0,0,0,0
1293,13,,,,0,0,0,0,0
1293,14,,,,0,0,0,0,0
1293,15,,,,0,0,0,0,0
1294,11,,,,0,0,0,0,0
1294,12,,,,0,0,0,0,0
1294,13,,,,0,0,0,0,0
1294,14,,,,0,0,0,0,0
1294,15,,,,0,0,0,0,0
1295,11,,,,0,0,0,0,0
1295,12,,,,0,0,0,0,0
1295,13,,,,0,0,0,0,0
1295,14,,,,0,0,0,0,0
1295,15,,,,0,0,0,0,0
1296,11,,,,0,0,0,0,0
1296,12,,,,0,0,0,0,0
1296,13,,,,0,0,0,0,0
1296,14,,,,0,0,0,0,0
1296,15,,,,0,0,0,0,0
1297,11,,,,0,0,0,0,0
1297,12,,,,0,0,0,0,0
1297,13,,,,0,0,0,0,0
1297,14,,,,0,0,0,0,0
1297,15,,,,0,0,0,0,0
1298,11,,,,0,0,0,0,0
1298,12,,,,0,0,0,0,0
1298,13,,,,0,0,0,0,0
1298,14,,,,0,0,0,0,0
1298,15,,,,0,0,0,0,0
1299,11,,,,0,0,0,0,0
1299,12,,,,0,0,0,0,0
1299,13,,,,0,0,0,0,0
1299,14,,,,0,0,0,0,0
1299,15,,,,0,0,0,0,0
1300,11,,,,0,0,0,0,0
1300,12,,,,0,0,0,0,0
1300,13,,,,0,0,0,0,0
1300,14,,,,0,0,0,0,0
1300,15,,,,0,0,0,0,0
1301,11,,,,0,0,0,0,0
1301,12,,,,0,0,0,0,0
1301,13,,,,0,0,0,0,0
1301,14,,,,0,0,0,0,0
1301,15,,,,0,0,0,0,0
1302,11,,,,0,0,0,0,0
1302,12,,,,0,0,0,0,0
1302,13,,,,0,0,0,0,0
1302,14,,,,0,0,0,0,0
1302,15,,,,0,0,0,0,0
1303,11,,,,0,0,0,0,0
1303,12,,,,0,0,0,0,0
1303,13,,,,0,0,0,0,0
1303,14,,,,0,0,0,0,0
1303,15,,,,0,0,0,0,0
1304,11,,,,0,0,0,0,0
1304,12,,,,0,0,0,0,0
1304,13,,,,0,0,0,0,0
1304,14,,,,0,0,0,0,0
1304,15,,,,0,0,0,0,0
1305,11,,,,0,0,0,0,0
1305,12,,,,0,0,0,0,0
1305,13,,,,0,0,0,0,0
1305,14,,,,0,0,0,0,0
1305,15,,,,0,0,0,0,0
1306,11,,,,0,0,0,0,0
1306,12,,,,0,0,0,0,0
1306,13,,,,0,0,0,0,0
1306,14,,,,0,0,0,0,0
1306,15,,,,0,0,0,0,0
1307,11,,,,0,0,0,0,0
1307,12,,,,0,0,0,0,0
1307,13,,,,0,0,0,0,0
1307,14,,,,0,0,0,0,0
1307,15,,,,0,0,0,0,0
1308,11,,,,0,0,0,0,0
1308,12,,,,0,0,0,0,0
1308,13,,,,0,0,0,0,0
1308,14,,,,0,0,0,0,0
1308,15,,,,0,0,0,0,0
1309,11,,,,0,0,0,0,0
1309,12,,,,0,0,0,0,0
1309,13,,,,0,0,0,0,0
1309,14,,,,0,0,0,0,0
1309,15,,,,0,0,0,0,0
1310,11,,,,0,0,0,0,0
1310,12,,,,0,0,0,0,0
1310,13,,,,0,0,0,0,0
1310,14,,,,0,0,0,0,0
1310,15,,,,0,0,0,0,0
1311,11,,,,0,0,0,0,0
1311,12,,,,0,0,0,0,0
1311,13,,,,0,0,0,0,0
1311,14,,,,0,0,0,0,0
1311,15,,,,0,0,0,0,0
1312,11,,,,0,0,0,0,0
1312,12,,,,0,0,0,0,0
1312,13,,,,0,0,0,0,0
1312,14,,,,0,0,0,0,0
1312,15,,,,0,0,0,0,0
1313,11,,,,0,0,0,0,0
1313,12,,,,0,0,0,0,0
1313,13,,,,0,0,0,0,0
1313,14,,,,0,0,0,0,0
1313,15,,,,0,0,0,0,0
1314,11,,,,0,0,0,0,0
1314,12,,,,0,0,0,0,0
1314,13,,,,0,0,0,0,0
1314,14,,,,0,0,0,0,0
1314,15,,,,0,0,0,0,0
1315,11,,,,0,0,0,0,0
1315,12,,,,0,0,0,0,0
1315,13,,,,0,0,0,0,0
1315,14,,,,0,0,0,0,0
1315,15,,,,0,0,0,0,0
1316,11,,,,0,0,0,0,0
1316,12,,,,0,0,0,0,0
1316,13,,,,0,0,0,0,0
1316,14,,,,0,0,0,0,0
1316,15,,,,0,0,0,0,0
1317,11,,,,0,0,0,0,0
1317,12,,,,0,0,0,0,0
1317,13,,,,0,0,0,0,0
1317,14,,,,0,0,0,0,0
1317,15,,,,0,0,0,0,0
1318,11,,,,0,0,0,0,0
1318,12,,,,0,0,0,0,0
1318,13,,,,0,0,0,0,0
1318,14,,,,0,0,0,0,0
1318,15,,,,0,0,0,0,0
1319,11,,,,0,0,0,0,0
1319,12,,,,0,0,0,0,0
1319,13,,,,0,0,0,0,0
1319,14,,,,0,0,0,0,0
1319,15,,,,0,0,0,0,0
1320,11,,,,0,0,0,0,0
1320,12,,,,0,0,0,0,0
1320,13,,,,0,0,0,0,0
1320,14,,,,0,0,0,0,0
1320,15,,,,0,0,0,0,0
1321,11,,,,0,0,0,0,0
1321,12,,,,0,0,0,0,0
1321,13,,,,0,0,0,0,0
1321,14,,,,0,0,0,0,0
1321,15,,,,0,0,0,0,0
1322,11,,,,0,0,0,0,0
1322,12,,,,0,0,0,0,0
1322,13,,,,0,0,0,0,0
1322,14,,,,0,0,0,0,0
1322,15,,,,0,0,0,0,0
1323,11,,,,0,0,0,0,0
1323,12,,,,0,0,0,0,0
1323,13,,,,0,0,0,0,0
1323,14,,,,0,0,0,0,0
1323,15,,,,0,0,0,0,0
1324,11,,,,0,0,0,0,0
1324,12,,,,0,0,0,0,0
1324,13,,,,0,0,0,0,0
1324,14,,,,0,0,0,0,0
1324,15,,,,0,0,0,0,0
1325,11,,,,0,0,0,0,0
1325,12,,,,0,0,0,0,0
1325,13,,,,0,0,0,0,0
1325,14,,,,0,0,0,0,0
1325,15,,,,0,0,0,0,0
1326,11,,,,0,0,0,0,0
1326,12,,,,0,0,0,0,0
1326,13,,,,0,0,0,0,0
1326,14,,,,0,0,0,0,0
1326,15,,,,0,0,0,0,0
1327,11,,,,0,0,0,0,0
1327,12,,,,0,0,0,0,0
1327,13,,,,0,0,0,0,0
1327,14,,,,0,0,0,0,0
1327,15,,,,0,0,0,0,0
1328,11,,,,0,0,0,0,0
1328,12,,,,0,0,0,0,0
1328,13,,,,0,0,0,0,0
1328,14,,,,0,0,0,0,0
1328,15,,,,0,0,0,0,0
1329,11,,,,0,0,0,0,0
1329,12,,,,0,0,0,0,0
1329,13,,,,0,0,0,0,0
1329,14,,,,0,0,0,0,0
1329,15,,,,0,0,0,0,0
1330,11,,,,0,0,0,0,0
1330,12,,,,0,0,0,0,0
1330,13,,,,0,0,0,0,0
1330,14,,,,0,0,0,0,0
1330,15,,,,0,0,0,0,0
1331,11,,,,0,0,0,0,0
1331,12,,,,0,0,0,0,0
1331,13,,,,0,0,0,0,0
1331,14,,,,0,0,0,0,0
1331,15,,,,0,0,0,0,0
1332,11,,,,0,0,0,0,0
1332,12,,,,0,0,0,0,0
1332,13,,,,0,0,0,0,0
1332,14,,,,0,0,0,0,0
1332,15,,,,0,0,0,0,0
1333,11,,,,0,0,0,0,0
1333,12,,,,0,0,0,0,0
1333,13,,,,0,0,0,0,0
1333,14,,,,0,0,0,0,0
1333,15,,,,0,0,0,0,0
1334,11,,,,0,0,0,0,0
1334,12,,,,0,0,0,0,0
1334,13,,,,0,0,0,0,0
1334,14,,,,0,0,0,0,0
1334,15,,,,0,0,0,0,0
1335,11,,,,0,0,0,0,0
1335,12,,,,0,0,0,0,0
1335,13,,,,0,0,0,0,0
1335,14,,,,0,0,0,0,0
1335,15,,,,0,0,0,0,0
1336,11,,,,0,0,0,0,0
1336,12,,,,0,0,0,0,0
1336,13,,,,0,0,0,0,0
1336,14,,,,0,0,0,0,0
1336,15,,,,0,0,0,0,0
1337,11,,,,0,0,0,0,0
1337,12,,,,0,0,0,0,0
1337,13,,,,0,0,0,0,0
1337,14,,,,0,0,0,0,0
1337,15,,,,0,0,0,0,0
1338,11,,,,0,0,0,0,0
1338,12,,,,0,0,0,0,0
1338,13,,,,0,0,0,0,0
1338,14,,,,0,0,0,0,0
1338,15,,,,0,0,0,0,0
1339,11,,,,0,0,0,0,0
1339,12,,,,0,0,0,0,0
1339,13,,,,0,0,0,0,0
1339,14,,,,0,0,0,0,0
1339,15,,,,0,0,0,0,0
1340,11,,,,0,0,0,0,0
1340,12,,,,0,0,0,0,0
1340,13,,,,0,0,0,0,0
1340,14,,,,0,0,0,0,0
1340,15,,,,0,0,0,0,0
1341,11,,,,0,0,0,0,0
1341,12,,,,0,0,0,0,0
1341,13,,,,0,0,0,0,0
1341,14,,,,0,0,0,0,0
1341,15,,,,0,0,0,0,0
1342,11,,,,0,0,0,0,0
1342,12,,,,0,0,0,0,0
1342,13,,,,0,0,0,0,0
1342,14,,,,0,0,0,0,0
1342,15,,,,0,0,0,0,0
1343,11,,,,0,0,0,0,0
1343,12,,,,0,0,0,0,0
1343,13,,,,0,0,0,0,0
1343,14,,,,0,0,0,0,0
1343,15,,,,0,0,0,0,0
1344,11,,,,0,0,0,0,0
1344,12,,,,0,0,0,0,0
1344,13,,,,0,0,0,0,0
1344,14,,,,0,0,0,0,0
1344,15,,,,0,0,0,0,0
1345,11,,,,0,0,0,0,0
1345,12,,,,0,0,0,0,0
1345,13,,,,0,0,0,0,0
1345,14,,,,0,0,0,0,0
1345,15,,,,0,0,0,0,0
1346,11,,,,0,0,0,0,0
1346,12,,,,0,0,0,0,0
1346,13,,,,0,0,0,0,0
1346,14,,,,0,0,0,0,0
1346,15,,,,0,0,0,0,0
1347,11,,,,0,0,0,0,0
1347,12,,,,0,0,0,0,0
1347,13,,,,0,0,0,0,0
1347,14,,,,0,0,0,0,0
1347,15,,,,0,0,0,0,0
1348,11,,,,0,0,0,0,0
1348,12,,,,0,0,0,0,0
1348,13,,,,0,0,0,0,0
1348,14,,,,0,0,0,0,0
1348,15,,,,0,0,0,0,0
1349,11,,,,0,0,0,0,0
1349,12,,,,0,0,0,0,0
1349,13,,,,0,0,0,0,0
1349,14,,,,0,0,0,0,0
1349,15,,,,0,0,0,0,0
1350,11,,,,0,0,0,0,0
1350,12,,,,0,0,0,0,0
1350,13,,,,0,0,0,0,0
1350,14,,,,0,0,0,0,0
1350,15,,,,0,0,0,0,0
1351,11,,,,0,0,0,0,0
1351,12,,,,0,0,0,0,0
1351,13,,,,0,0,0,0,0
1351,14,,,,0,0,0,0,0
1351,15,,,,0,0,0,0,0
1352,11,,,,0,0,0,0,0
1352,12,,,,0,0,0,0,0
1352,13,,,,0,0,0,0,0
1352,14,,,,0,0,0,0,0
1352,15,,,,0,0,0,0,0
1353,11,,,,0,0,0,0,0
1353,12,,,,0,0,0,0,0
1353,13,,,,0,0,0,0,0
1353,14,,,,0,0,0,0,0
1353,15,,,,0,0,0,0,0
1354,11,,,,0,0,0,0,0
1354,12,,,,0,0,0,0,0
1354,13,,,,0,0,0,0,0
1354,14,,,,0,0,0,0,0
1354,15,,,,0,0,0,0,0
1355,11,,,,0,0,0,0,0
1355,12,,,,0,0,0,0,0
1355,13,,,,0,0,0,0,0
1355,14,,,,0,0,0,0,0
1355,15,,,,0,0,0,0,0
1356,11,,,,0,0,0,0,0
1356,12,,,,0,0,0,0,0
1356,13,,,,0,0,0,0,0
1356,14,,,,0,0,0,0,0
1356,15,,,,0,0,0,0,0
1357,11,,,,0,0,0,0,0
1357,12,,,,0,0,0,0,0
1357,13,,,,0,0,0,0,0
1357,14,,,,0,0,0,0,0
1357,15,,,,0,0,0,0,0
1358,11,,,,0,0,0,0,0
1358,12,,,,0,0,0,0,0
1358,13,,,,0,0,0,0,0
1358,14,,,,0,0,0,0,0
1358,15,,,,0,0,0,0,0
1359,11,,,,0,0,0,0,0
1359,12,,,,0,0,0,0,0
1359,13,,,,0,0,0,0,0
1359,14,,,,0,0,0,0,0
1359,15,,,,0,0,0,0,0
1360,11,,,,0,0,0,0,0
1360,12,,,,0,0,0,0,0
1360,13,,,,0,0,0,0,0
1360,14,,,,0,0,0,0,0
1360,15,,,,0,0,0,0,0
1361,11,,,,0,0,0,0,0
1361,12,,,,0,0,0,0,0
1361,13,,,,0,0,0,0,0
1361,14,,,,0,0,0,0,0
1361,15,,,,0,0,0,0,0
1362,11,,,,0,0,0,0,0
1362,12,,,,0,0,0,0,0
1362,13,,,,0,0,0,0,0
1362,14,,,,0,0,0,0,0
1362,15,,,,0,0,0,0,0
1363,11,,,,0,0,0,0,0
1363,12,,,,0,0,0,0,0
1363,13,,,,0,0,0,0,0
1363,14,,,,0,0,0,0,0
1363,15,,,,0,0,0,0,0
1364,11,,,,0,0,0,0,0
1364,12,,,,0,0,0,0,0
1364,13,,,,0,0,0,0,0
1364,14,,,,0,0,0,0,0
1364,15,,,,0,0,0,0,0
1365,11,,,,0,0,0,0,0
1365,12,,,,0,0,0,0,0
1365,13,,,,0,0,0,0,0
1365,14,,,,0,0,0,0,0
1365,15,,,,0,0,0,0,0
1366,11,,,,0,0,0,0,0
1366,12,,,,0,0,0,0,0
1366,13,,,,0,0,0,0,0
1366,14,,,,0,0,0,0,0
1366,15,,,,0,0,0,0,0
1367,11,,,,0,0,0,0,0
1367,12,,,,0,0,0,0,0
1367,13,,,,0,0,0,0,0
1367,14,,,,0,0,0,0,0
1367,15,,,,0,0,0,0,0
1368,11,,,,0,0,0,0,0
1368,12,,,,0,0,0,0,0
1368,13,,,,0,0,0,0,0
1368,14,,,,0,0,0,0,0
1368,15,,,,0,0,0,0,0
1369,11,,,,0,0,0,0,0
1369,12,,,,0,0,0,0,0
1369,13,,,,0,0,0,0,0
1369,14,,,,0,0,0,0,0
1369,15,,,,0,0,0,0,0
1370,11,,,,0,0,0,0,0
1370,12,,,,0,0,0,0,0
1370,13,,,,0,0,0,0,0
1370,14,,,,0,0,0,0,0
1370,15,,,,0,0,0,0,0
1371,11,,,,0,0,0,0,0
1371,12,,,,0,0,0,0,0
1371,13,,,,0,0,0,0,0
1371,14,,,,0,0,0,0,0
1371,15,,,,0,0,0,0,0
1372,11,,,,0,0,0,0,0
1372,12,,,,0,0,0,0,0
1372,13,,,,0,0,0,0,0
1372,14,,,,0,0,0,0,0
1372,15,,,,0,0,0,0,0
1373,11,,,,0,0,0,0,0
1373,12,,,,0,0,0,0,0
1373,13,,,,0,0,0,0,0
1373,14,,,,0,0,0,0,0
1373,15,,,,0,0,0,0,0
1374,11,,,,0,0,0,0,0
1374,12,,,,0,0,0,0,0
1374,13,,,,0,0,0,0,0
1374,14,,,,0,0,0,0,0
1374,15,,,,0,0,0,0,0
1375,11,,,,0,0,0,0,0
1375,12,,,,0,0,0,0,0
1375,13,,,,0,0,0,0,0
1375,14,,,,0,0,0,0,0
1375,15,,,,0,0,0,0,0
1376,11,,,,0,0,0,0,0
1376,12,,,,0,0,0,0,0
1376,13,,,,0,0,0,0,0
1376,14,,,,0,0,0,0,0
1376,15,,,,0,0,0,0,0
1377,11,,,,0,0,0,0,0
1377,12,,,,0,0,0,0,0
1377,13,,,,0,0,0,0,0
1377,14,,,,0,0,0,0,0
1377,15,,,,0,0,0,0,0
1378,11,,,,0,0,0,0,0
1378,12,,,,0,0,0,0,0
1378,13,,,,0,0,0,0,0
1378,14,,,,0,0,0,0,0
1378,15,,,,0,0,0,0,0
1379,11,,,,0,0,0,0,0
1379,12,,,,0,0,0,0,0
1379,13,,,,0,0,0,0,0
1379,14,,,,0,0,0,0,0
1379,15,,,,0,0,0,0,0
1380,11,,,,0,0,0,0,0
1380,12,,,,0,0,0,0,0
1380,13,,,,0,0,0,0,0
1380,14,,,,0,0,0,0,0
1380,15,,,,0,0,0,0,0
1381,11,,,,0,0,0,0,0
1381,12,,,,0,0,0,0,0
1381,13,,,,0,0,0,0,0
1381,14,,,,0,0,0,0,0
1381,15,,,,0,0,0,0,0
1382,11,,,,0,0,0,0,0
1382,12,,,,0,0,0,0,0
1382,13,,,,0,0,0,0,0
1382,14,,,,0,0,0,0,0
1382,15,,,,0,0,0,0,0
1383,11,,,,0,0,0,0,0
1383,12,,,,0,0,0,0,0
1383,13,,,,0,0,0,0,0
1383,14,,,,0,0,0,0,0
1383,15,,,,0,0,0,0,0
1384,11,,,,0,0,0,0,0
1384,12,,,,0,0,0,0,0
1384,13,,,,0,0,0,0,0
1384,14,,,,0,0,0,0,0
1384,15,,,,0,0,0,0,0
1385,11,,,,0,0,0,0,0
1385,12,,,,0,0,0,0,0
1385,13,,,,0,0,0,0,0
1385,14,,,,0,0,0,0,0
1385,15,,,,0,0,0,0,0
1386,11,,,,0,0,0,0,0
1386,12,,,,0,0,0,0,0
1386,13,,,,0,0,0,0,0
1386,14,,,,0,0,0,0,0
1386,15,,,,0,0,0,0,0
1387,11,,,,0,0,0,0,0
1387,12,,,,0,0,0,0,0
1387,13,,,,0,0,0,0,0
1387,14,,,,0,0,0,0,0
1387,15,,,,0,0,0,0,0
1388,11,,,,0,0,0,0,0
1388,12,,,,0,0,0,0,0
1388,13,,,,0,0,0,0,0
1388,14,,,,0,0,0,0,0
1388,15,,,,0,0,0,0,0
1389,11,,,,0,0,0,0,0
1389,12,,,,0,0,0,0,0
1389,13,,,,0,0,0,0,0
1389,14,,,,0,0,0,0,0
1389,15,,,,0,0,0,0,0
1390,11,,,,0,0,0,0,0
1390,12,,,,0,0,0,0,0
1390,13,,,,0,0,0,0,0
1390,14,,,,0,0,0,0,0
1390,15,,,,0,0,0,0,0
1391,11,,,,0,0,0,0,0
1391,12,,,,0,0,0,0,0
1391,13,,,,0,0,0,0,0
1391,14,,,,0,0,0,0,0
1391,15,,,,0,0,0,0,0
1392,11,,,,0,0,0,0,0
1392,12,,,,0,0,0,0,0
1392,13,,,,0,0,0,0,0
1392,14,,,,0,0,0,0,0
1392,15,,,,0,0,0,0,0
1393,11,,,,0,0,0,0,0
1393,12,,,,0,0,0,0,0
1393,13,,,,0,0,0,0,0
1393,14,,,,0,0,0,0,0
1393,15,,,,0,0,0,0,0
1394,11,,,,0,0,0,0,0
1394,12,,,,0,0,0,0,0
1394,13,,,,0,0,0,0,0
1394,14,,,,0,0,0,0,0
1394,15,,,,0,0,0,0,0
1395,11,,,,0,0,0,0,0
1395,12,,,,0,0,0,0,0
1395,13,,,,0,0,0,0,0
1395,14,,,,0,0,0,0,0
1395,15,,,,0,0,0,0,0
1396,11,,,,0,0,0,0,0
1396,12,,,,0,0,0,0,0
1396,13,,,,0,0,0,0,0
1396,14,,,,0,0,0,0,0
1396,15,,,,0,0,0,0,0
1397,11,,,,0,0,0,0,0
1397,12,,,,0,0,0,0,0
1397,13,,,,0,0,0,0,0
1397,14,,,,0,0,0,0,0
1397,15,,,,0,0,0,0,0
1398,11,,,,0,0,0,0,0
1398,12,,,,0,0,0,0,0
1398,13,,,,0,0,0,0,0
1398,14,,,,0,0,0,0,0
1398,15,,,,0,0,0,0,0
1399,11,,,,0,0,0,0,0
1399,12,,,,0,0,0,0,0
1399,13,,,,0,0,0,0,0
1399,14,,,,0,0,0,0,0
1399,15,,,,0,0,0,0,0
1400,11,,,,0,0,0,0,0
1400,12,,,,0,0,0,0,0
1400,13,,,,0,0,0,0,0
1400,14,,,,0,0,0,0,0
1400,15,,,,0,0,0,0,0
1401,11,,,,0,0,0,0,0
1401,12,,,,0,0,0,0,0
1401,13,,,,0,0,0,0,0
1401,14,,,,0,0,0,0,0
1401,15,,,,0,0,0,0,0
1402,11,,,,0,0,0,0,0
1402,12,,,,0,0,0,0,0
1402,13,,,,0,0,0,0,0
1402,14,,,,0,0,0,0,0
1402,15,,,,0,0,0,0,0
1403,11,,,,0,0,0,0,0
1403,12,,,,0,0,0,0,0
1403,13,,,,0,0,0,0,0
1403,14,,,,0,0,0,0,0
1403,15,,,,0,0,0,0,0
1404,11,,,,0,0,0,0,0
1404,12,,,,0,0,0,0,0
1404,13,,,,0,0,0,0,0
1404,14,,,,0,0,0,0,0
1404,15,,,,0,0,0,0,0
1405,11,,,,0,0,0,0,0
1405,12,,,,0,0,0,0,0
1405,13,,,,0,0,0,0,0
1405,14,,,,0,0,0,0,0
1405,15,,,,0,0,0,0,0
1406,11,,,,0,0,0,0,0
1406,12,,,,0,0,0,0,0
1406,13,,,,0,0,0,0,0
1406,14,,,,0,0,0,0,0
1406,15,,,,0,0,0,0,0
1407,11,,,,0,0,0,0,0
1407,12,,,,0,0,0,0,0
1407,13,,,,0,0,0,0,0
1407,14,,,,0,0,0,0,0
1407,15,,,,0,0,0,0,0
1408,11,,,,0,0,0,0,0
1408,12,,,,0,0,0,0,0
1408,13,,,,0,0,0,0,0
1408,14,,,,0,0,0,0,0
1408,15,,,,0,0,0,0,0
1409,11,,,,0,0,0,0,0
1409,12,,,,0,0,0,0,0
1409,13,,,,0,0,0,0,0
1409,14,,,,0,0,0,0,0
1409,15,,,,0,0,0,0,0
1410,11,,,,0,0,0,0,0
1410,12,,,,0,0,0,0,0
1410,13,,,,0,0,0,0,0
1410,14,,,,0,0,0,0,0
1410,15,,,,0,0,0,0,0
1411,11,,,,0,0,0,0,0
1411,12,,,,0,0,0,0,0
1411,13,,,,0,0,0,0,0
1411,14,,,,0,0,0,0,0
1411,15,,,,0,0,0,0,0
1412,11,,,,0,0,0,0,0
1412,12,,,,0,0,0,0,0
1412,13,,,,0,0,0,0,0
1412,14,,,,0,0,0,0,0
1412,15,,,,0,0,0,0,0
1413,11,,,,0,0,0,0,0
1413,12,,,,0,0,0,0,0
1413,13,,,,0,0,0,0,0
1413,14,,,,0,0,0,0,0
1413,15,,,,0,0,0,0,0
1414,11,,,,0,0,0,0,0
1414,12,,,,0,0,0,0,0
1414,13,,,,0,0,0,0,0
1414,14,,,,0,0,0,0,0
1414,15,,,,0,0,0,0,0
1415,11,,,,0,0,0,0,0
1415,12,,,,0,0,0,0,0
1415,13,,,,0,0,0,0,0
1415,14,,,,0,0,0,0,0
1415,15,,,,0,0,0,0,0
1416,11,,,,0,0,0,0,0
1416,12,,,,0,0,0,0,0
1416,13,,,,0,0,0,0,0
1416,14,,,,0,0,0,0,0
1416,15,,,,0,0,0,0,0
1417,11,,,,0,0,0,0,0
1417,12,,,,0,0,0,0,0
1417,13,,,,0,0,0,0,0
1417,14,,,,0,0,0,0,0
1417,15,,,,0,0,0,0,0
1418,11,,,,0,0,0,0,0
1418,12,,,,0,0,0,0,0
1418,13,,,,0,0,0,0,0
1418,14,,,,0,0,0,0,0
1418,15,,,,0,0,0,0,0
1419,11,,,,0,0,0,0,0
1419,12,,,,0,0,0,0,0
1419,13,,,,0,0,0,0,0
1419,14,,,,0,0,0,0,0
1419,15,,,,0,0,0,0,0
1420,11,,,,0,0,0,0,0
1420,12,,,,0,0,0,0,0
1420,13,,,,0,0,0,0,0
1420,14,,,,0,0,0,0,0
1420,15,,,,0,0,0,0,0
1421,11,,,,0,0,0,0,0
1421,12,,,,0,0,0,0,0
1421,13,,,,0,0,0,0,0
1421,14,,,,0,0,0,0,0
1421,15,,,,0,0,0,0,0
1422,11,,,,0,0,0,0,0
1422,12,,,,0,0,0,0,0
1422,13,,,,0,0,0,0,0
1422,14,,,,0,0,0,0,0
1422,15,,,,0,0,0,0,0
1423,11,,,,0,0,0,0,0
1423,12,,,,0,0,0,0,0
1423,13,,,,0,0,0,0,0
1423,14,,,,0,0,0,0,0
1423,15,,,,0,0,0,0,0
1424,11,,,,0,0,0,0,0
1424,12,,,,0,0,0,0,0
1424,13,,,,0,0,0,0,0
1424,14,,,,0,0,0,0,0
1424,15,,,,0,0,0,0,0
1425,11,,,,0,0,0,0,0
1425,12,,,,0,0,0,0,0
1425,13,,,,0,0,0,0,0
1425,14,,,,0,0,0,0,0
1425,15,,,,0,0,0,0,0
1426,11,,,,0,0,0,0,0
1426,12,,,,0,0,0,0,0
1426,13,,,,0,0,0,0,0
1426,14,,,,0,0,0,0,0
1426,15,,,,0,0,0,0,0
1427,11,,,,0,0,0,0,0
1427,12,,,,0,0,0,0,0
1427,13,,,,0,0,0,0,0
1427,14,,,,0,0,0,0,0
1427,15,,,,0,0,0,0,0
1428,11,,,,0,0,0,0,0
1428,12,,,,0,0,0,0,0
1428,13,,,,0,0,0,0,0
1428,14,,,,0,0,0,0,0
1428,15,,,,0,0,0,0,0
1429,11,,,,0,0,0,0,0
1429,12,,,,0,0,0,0,0
1429,13,,,,0,0,0,0,0
1429,14,,,,0,0,0,0,0
1429,15,,,,0,0,0,0,0
1430,11,,,,0,0,0,0,0
1430,12,,,,0,0,0,0,0
1430,13,,,,0,0,0,0,0
1430,14,,,,0,0,0,0,0
1430,15,,,,0,0,0,0,0
1431,11,,,,0,0,0,0,0
1431,12,,,,0,0,0,0,0
1431,13,,,,0,0,0,0,0
1431,14,,,,0,0,0,0,0
1431,15,,,,0,0,0,0,0
1432,11,,,,0,0,0,0,0
1432,12,,,,0,0,0,0,0
1432,13,,,,0,0,0,0,0
1432,14,,,,0,0,0,0,0
1432,15,,,,0,0,0,0,0
1433,11,,,,0,0,0,0,0
1433,12,,,,0,0,0,0,0
1433,13,,,,0,0,0,0,0
1433,14,,,,0,0,0,0,0
1433,15,,,,0,0,0,0,0
1434,11,,,,0,0,0,0,0
1434,12,,,,0,0,0,0,0
1434,13,,,,0,0,0,0,0
1434,14,,,,0,0,0,0,0
1434,15,,,,0,0,0,0,0
1435,11,,,,0,0,0,0,0
1435,12,,,,0,0,0,0,0
1435,13,,,,0,0,0,0,0
1435,14,,,,0,0,0,0,0
1435,15,,,,0,0,0,0,0
1436,11,,,,0,0,0,0,0
1436,12,,,,0,0,0,0,0
1436,13,,,,0,0,0,0,0
1436,14,,,,0,0,0,0,0
1436,15,,,,0,0,0,0,0
1437,11,,,,0,0,0,0,0
1437,12,,,,0,0,0,0,0
1437,13,,,,0,0,0,0,0
1437,14,,,,0,0,0,0,0
1437,15,,,,0,0,0,0,0
1438,11,,,,0,0,0,0,0
1438,12,,,,0,0,0,0,0
1438,13,,,,0,0,0,0,0
1438,14,,,,0,0,0,0,0
1438,15,,,,0,0,0,0,0
1439,11,,,,0,0,0,0,0
1439,12,,,,0,0,0,0,0
1439,13,,,,0,0,0,0,0
1439,14,,,,0,0,0,0,0
1439,15,,,,0,0,0,0,0
1440,11,,,,0,0,0,0,0
1440,12,,,,0,0,0,0,0
1440,13,,,,0,0,0,0,0
1440,14,,,,0,0,0,0,0
1440,15,,,,0,0,0,0,0
1441,11,,,,0,0,0,0,0
1441,12,,,,0,0,0,0,0
1441,13,,,,0,0,0,0,0
1441,14,,,,0,0,0,0,0
1441,15,,,,0,0,0,0,0
1442,11,,,,0,0,0,0,0
1442,12,,,,0,0,0,0,0
1442,13,,,,0,0,0,0,0
1442,14,,,,0,0,0,0,0
1442,15,,,,0,0,0,0,0
1443,11,,,,0,0,0,0,0
1443,12,,,,0,0,0,0,0
1443,13,,,,0,0,0,0,0
1443,14,,,,0,0,0,0,0
1443,15,,,,0,0,0,0,0
1444,11,,,,0,0,0,0,0
1444,12,,,,0,0,0,0,0
1444,13,,,,0,0,0,0,0
1444,14,,,,0,0,0,0,0
1444,15,,,,0,0,0,0,0
1445,11,,,,0,0,0,0,0
1445,12,,,,0,0,0,0,0
1445,13,,,,0,0,0,0,0
1445,14,,,,0,0,0,0,0
1445,15,,,,0,0,0,0,0
1446,11,,,,0,0,0,0,0
1446,12,,,,0,0,0,0,0
1446,13,,,,0,0,0,0,0
1446,14,,,,0,0,0,0,0
1446,15,,,,0,0,0,0,0
1447,11,,,,0,0,0,0,0
1447,12,,,,0,0,0,0,0
1447,13,,,,0,0,0,0,0
1447,14,,,,0,0,0,0,0
1447,15,,,,0,0,0,0,0
1448,11,,,,0,0,0,0,0
1448,12,,,,0,0,0,0,0
1448,13,,,,0,0,0,0,0
1448,14,,,,0,0,0,0,0
1448,15,,,,0,0,0,0,0
1449,11,,,,0,0,0,0,0
1449,12,,,,0,0,0,0,0
1449,13,,,,0,0,0,0,0
1449,14,,,,0,0,0,0,0
1449,15,,,,0,0,0,0,0
1450,11,,,,0,0,0,0,0
1450,12,,,,0,0,0,0,0
1450,13,,,,0,0,0,0,0
1450,14,,,,0,0,0,0,0
1450,15,,,,0,0,0,0,0
1451,11,,,,0,0,0,0,0
1451,12,,,,0,0,0,0,0
1451,13,,,,0,0,0,0,0
1451,14,,,,0,0,0,0,0
1451,15,,,,0,0,0,0,0
1452,11,,,,0,0,0,0,0
1452,12,,,,0,0,0,0,0
1452,13,,,,0,0,0,0,0
1452,14,,,,0,0,0,0,0
1452,15,,,,0,0,0,0,0
1453,11,,,,0,0,0,0,0
1453,12,,,,0,0,0,0,0
1453,13,,,,0,0,0,0,0
1453,14,,,,0,0,0,0,0
1453,15,,,,0,0,0,0,0
1454,11,,,,0,0,0,0,0
1454,12,,,,0,0,0,0,0
1454,13,,,,0,0,0,0,0
1454,14,,,,0,0,0,0,0
1454,15,,,,0,0,0,0,0
1455,11,,,,0,0,0,0,0
1455,12,,,,0,0,0,0,0
1455,13,,,,0,0,0,0,0
1455,14,,,,0,0,0,0,0
1455,15,,,,0,0,0,0,0
1456,11,,,,0,0,0,0,0
1456,12,,,,0,0,0,0,0
1456,13,,,,0,0,0,0,0
1456,14,,,,0,0,0,0,0
1456,15,,,,0,0,0,0,0
1457,11,,,,0,0,0,0,0
1457,12,,,,0,0,0,0,0
1457,13,,,,0,0,0,0,0
1457,14,,,,0,0,0,0,0
1457,15,,,,0,0,0,0,0
1458,11,,,,0,0,0,0,0
1458,12,,,,0,0,0,0,0
1458,13,,,,0,0,0,0,0
1458,14,,,,0,0,0,0,0
1458,15,,,,0,0,0,0,0
1459,11,,,,0,0,0,0,0
1459,12,,,,0,0,0,0,0
1459,13,,,,0,0,0,0,0
1459,14,,,,0,0,0,0,0
1459,15,,,,0,0,0,0,0
1460,11,,,,0,0,0,0,0
1460,12,,,,0,0,0,0,0
1460,13,,,,0,0,0,0,0
1460,14,,,,0,0,0,0,0
1460,15,,,,0,0,0,0,0
1461,11,,,,0,0,0,0,0
1461,12,,,,0,0,0,0,0
1461,13,,,,0,0,0,0,0
1461,14,,,,0,0,0,0,0
1461,15,,,,0,0,0,0,0
1462,11,,,,0,0,0,0,0
1462,12,,,,0,0,0,0,0
1462,13,,,,0,0,0,0,0
1462,14,,,,0,0,0,0,0
1462,15,,,,0,0,0,0,0
1463,11,,,,0,0,0,0,0
1463,12,,,,0,0,0,0,0
1463,13,,,,0,0,0,0,0
1463,14,,,,0,0,0,0,0
1463,15,,,,0,0,0,0,0
1464,11,,,,0,0,0,0,0
1464,12,,,,0,0,0,0,0
1464,13,,,,0,0,0,0,0
1464,14,,,,0,0,0,0,0
1464,15,,,,0,0,0,0,0
1465,11,,,,0,0,0,0,0
1465,12,,,,0,0,0,0,0
1465,13,,,,0,0,0,0,0
1465,14,,,,0,0,0,0,0
1465,15,,,,0,0,0,0,0
1466,11,,,,0,0,0,0,0
1466,12,,,,0,0,0,0,0
1466,13,,,,0,0,0,0,0
1466,14,,,,0,0,0,0,0
1466,15,,,,0,0,0,0,0
1467,11,,,,0,0,0,0,0
1467,12,,,,0,0,0,0,0
1467,13,,,,0,0,0,0,0
1467,14,,,,0,0,0,0,0
1467,15,,,,0,0,0,0,0
1468,11,,,,0,0,0,0,0
1468,12,,,,0,0,0,0,0
1468,13,,,,0,0,0,0,0
1468,14,,,,0,0,0,0,0
1468,15,,,,0,0,0,0,0
1469,11,,,,0,0,0,0,0
1469,12,,,,0,0,0,0,0
1469,13,,,,0,0,0,0,0
1469,14,,,,0,0,0,0,0
1469,15,,,,0,0,0,0,0
1470,11,,,,0,0,0,0,0
1470,12,,,,0,0,0,0,0
1470,13,,,,0,0,0,0,0
1470,14,,,,0,0,0,0,0
1470,15,,,,0,0,0,0,0
1471,11,,,,0,0,0,0,0
1471,12,,,,0,0,0,0,0
1471,13,,,,0,0,0,0,0
1471,14,,,,0,0,0,0,0
1471,15,,,,0,0,0,0,0
1472,11,,,,0,0,0,0,0
1472,12,,,,0,0,0,0,0
1472,13,,,,0,0,0,0,0
1472,14,,,,0,0,0,0,0
1472,15,,,,0,0,0,0,0
1473,11,,,,0,0,0,0,0
1473,12,,,,0,0,0,0,0
1473,13,,,,0,0,0,0,0
1473,14,,,,0,0,0,0,0
1473,15,,,,0,0,0,0,0
1474,11,,,,0,0,0,0,0
1474,12,,,,0,0,0,0,0
1474,13,,,,0,0,0,0,0
1474,14,,,,0,0,0,0,0
1474,15,,,,0,0,0,0,0
1475,11,,,,0,0,0,0,0
1475,12,,,,0,0,0,0,0
1475,13,,,,0,0,0,0,0
1475,14,,,,0,0,0,0,0
1475,15,,,,0,0,0,0,0
1476,11,,,,0,0,0,0,0
1476,12,,,,0,0,0,0,0
1476,13,,,,0,0,0,0,0
1476,14,,,,0,0,0,0,0
1476,15,,,,0,0,0,0,0
1477,11,,,,0,0,0,0,0
1477,12,,,,0,0,0,0,0
1477,13,,,,0,0,0,0,0
1477,14,,,,0,0,0,0,0
1477,15,,,,0,0,0,0,0
1478,11,,,,0,0,0,0,0
1478,12,,,,0,0,0,0,0
1478,13,,,,0,0,0,0,0
1478,14,,,,0,0,0,0,0
1478,15,,,,0,0,0,0,0
1479,11,,,,0,0,0,0,0
1479,12,,,,0,0,0,0,0
1479,13,,,,0,0,0,0,0
1479,14,,,,0,0,0,0,0
1479,15,,,,0,0,0,0,0
1480,11,,,,0,0,0,0,0
1480,12,,,,0,0,0,0,0
1480,13,,,,0,0,0,0,0
1480,14,,,,0,0,0,0,0
1480,15,,,,0,0,0,0,0
1481,11,,,,0,0,0,0,0
1481,12,,,,0,0,0,0,0
1481,13,,,,0,0,0,0,0
1481,14,,,,0,0,0,0,0
1481,15,,,,0,0,0,0,0
1482,11,,,,0,0,0,0,0
1482,12,,,,0,0,0,0,0
1482,13,,,,0,0,0,0,0
1482,14,,,,0,0,0,0,0
1482,15,,,,0,0,0,0,0
1483,11,,,,0,0,0,0,0
1483,12,,,,0,0,0,0,0
1483,13,,,,0,0,0,0,0
1483,14,,,,0,0,0,0,0
1483,15,,,,0,0,0,0,0
1484,11,,,,0,0,0,0,0
1484,12,,,,0,0,0,0,0
1484,13,,,,0,0,0,0,0
1484,14,,,,0,0,0,0,0
1484,15,,,,0,0,0,0,0
1485,11,,,,0,0,0,0,0
1485,12,,,,0,0,0,0,0
1485,13,,,,0,0,0,0,0
1485,14,,,,0,0,0,0,0
1485,15,,,,0,0,0,0,0
1486,11,,,,0,0,0,0,0
1486,12,,,,0,0,0,0,0
1486,13,,,,0,0,0,0,0
1486,14,,,,0,0,0,0,0
1486,15,,,,0,0,0,0,0
1487,11,,,,0,0,0,0,0
1487,12,,,,0,0,0,0,0
1487,13,,,,0,0,0,0,0
1487,14,,,,0,0,0,0,0
1487,15,,,,0,0,0,0,0
1488,11,,,,0,0,0,0,0
1488,12,,,,0,0,0,0,0
1488,13,,,,0,0,0,0,0
1488,14,,,,0,0,0,0,0
1488,15,,,,0,0,0,0,0
1489,11,,,,0,0,0,0,0
1489,12,,,,0,0,0,0,0
1489,13,,,,0,0,0,0,0
1489,14,,,,0,0,0,0,0
1489,15,,,,0,0,0,0,0
1490,11,,,,0,0,0,0,0
1490,12,,,,0,0,0,0,0
1490,13,,,,0,0,0,0,0
1490,14,,,,0,0,0,0,0
1490,15,,,,0,0,0,0,0
1491,11,,,,0,0,0,0,0
1491,12,,,,0,0,0,0,0
1491,13,,,,0,0,0,0,0
1491,14,,,,0,0,0,0,0
1491,15,,,,0,0,0,0,0
1492,11,,,,0,0,0,0,0
1492,12,,,,0,0,0,0,0
1492,13,,,,0,0,0,0,0
1492,14,,,,0,0,0,0,0
1492,15,,,,0,0,0,0,0
1493,11,,,,0,0,0,0,0
1493,12,,,,0,0,0,0,0
1493,13,,,,0,0,0,0,0
1493,14,,,,0,0,0,0,0
1493,15,,,,0,0,0,0,0
1494,11,,,,0,0,0,0,0
1494,12,,,,0,0,0,0,0
1494,13,,,,0,0,0,0,0
1494,14,,,,0,0,0,0,0
1494,15,,,,0,0,0,0,0
1495,11,,,,0,0,0,0,0
1495,12,,,,0,0,0,0,0
1495,13,,,,0,0,0,0,0
1495,14,,,,0,0,0,0,0
1495,15,,,,0,0,0,0,0
1496,11,,,,0,0,0,0,0
1496,12,,,,0,0,0,0,0
1496,13,,,,0,0,0,0,0
1496,14,,,,0,0,0,0,0
1496,15,,,,0,0,0,0,0
1497,11,,,,0,0,0,0,0
1497,12,,,,0,0,0,0,0
1497,13,,,,0,0,0,0,0
1497,14,,,,0,0,0,0,0
1497,15,,,,0,0,0,0,0
1498,11,,,,0,0,0,0,0
1498,12,,,,0,0,0,0,0
1498,13,,,,0,0,0,0,0
1498,14,,,,0,0,0,0,0
1498,15,,,,0,0,0,0,0
1499,11,,,,0,0,0,0,0
1499,12,,,,0,0,0,0,0
1499,13,,,,0,0,0,0,0
1499,14,,,,0,0,0,0,0
1499,15,,,,0,0,0,0,0
1500,11,,,,0,0,0,0,0
1500,12,,,,0,0,0,0,0
1500,13,,,,0,0,0,0,0
1500,14,,,,0,0,0,0,0
1500,15,,,,0,0,0,0,0
1501,11,,,,0,0,0,0,0
1501,12,,,,0,0,0,0,0
1501,13,,,,0,0,0,0,0
1501,14,,,,0,0,0,0,0
1501,15,,,,0,0,0,0,0
1502,11,,,,0,0,0,0,0
1502,12,,,,0,0,0,0,0
1502,13,,,,0,0,0,0,0
1502,14,,,,0,0,0,0,0
1502,15,,,,0,0,0,0,0
1503,11,,,,0,0,0,0,0
1503,12,,,,0,0,0,0,0
1503,13,,,,0,0,0,0,0
1503,14,,,,0,0,0,0,0
1503,15,,,,0,0,0,0,0
1504,11,,,,0,0,0,0,0
1504,12,,,,0,0,0,0,0
1504,13,,,,0,0,0,0,0
1504,14,,,,0,0,0,0,0
1504,15,,,,0,0,0,0,0
1505,11,,,,0,0,0,0,0
1505,12,,,,0,0,0,0,0
1505,13,,,,0,0,0,0,0
1505,14,,,,0,0,0,0,0
1505,15,,,,0,0,0,0,0
1506,11,,,,0,0,0,0,0
1506,12,,,,0,0,0,0,0
1506,13,,,,0,0,0,0,0
1506,14,,,,0,0,0,0,0
1506,15,,,,0,0,0,0,0
1507,11,,,,0,0,0,0,0
1507,12,,,,0,0,0,0,0
1507,13,,,,0,0,0,0,0
1507,14,,,,0,0,0,0,0
1507,15,,,,0,0,0,0,0
1508,11,,,,0,0,0,0,0
1508,12,,,,0,0,0,0,0
1508,13,,,,0,0,0,0,0
1508,14,,,,0,0,0,0,0
1508,15,,,,0,0,0,0,0
1509,11,,,,0,0,0,0,0
1509,12,,,,0,0,0,0,0
1509,13,,,,0,0,0,0,0
1509,14,,,,0,0,0,0,0
1509,15,,,,0,0,0,0,0
1510,11,,,,0,0,0,0,0
1510,12,,,,0,0,0,0,0
1510,13,,,,0,0,0,0,0
1510,14,,,,0,0,0,0,0
1510,15,,,,0,0,0,0,0
1511,11,,,,0,0,0,0,0
1511,12,,,,0,0,0,0,0
1511,13,,,,0,0,0,0,0
1511,14,,,,0,0,0,0,0
1511,15,,,,0,0,0,0,0
1512,11,,,,0,0,0,0,0
1512,12,,,,0,0,0,0,0
1512,13,,,,0,0,0,0,0
1512,14,,,,0,0,0,0,0
1512,15,,,,0,0,0,0,0
1513,11,,,,0,0,0,0,0
1513,12,,,,0,0,0,0,0
1513,13,,,,0,0,0,0,0
1513,14,,,,0,0,0,0,0
1513,15,,,,0,0,0,0,0
1514,11,,,,0,0,0,0,0
1514,12,,,,0,0,0,0,0
1514,13,,,,0,0,0,0,0
1514,14,,,,0,0,0,0,0
1514,15,,,,0,0,0,0,0
1515,11,,,,0,0,0,0,0
1515,12,,,,0,0,0,0,0
1515,13,,,,0,0,0,0,0
1515,14,,,,0,0,0,0,0
1515,15,,,,0,0,0,0,0
1516,11,,,,0,0,0,0,0
1516,12,,,,0,0,0,0,0
1516,13,,,,0,0,0,0,0
1516,14,,,,0,0,0,0,0
1516,15,,,,0,0,0,0,0
1517,11,,,,0,0,0,0,0
1517,12,,,,0,0,0,0,0
1517,13,,,,0,0,0,0,0
1517,14,,,,0,0,0,0,0
1517,15,,,,0,0,0,0,0
1518,11,,,,0,0,0,0,0
1518,12,,,,0,0,0,0,0
1518,13,,,,0,0,0,0,0
1518,14,,,,0,0,0,0,0
1518,15,,,,0,0,0,0,0
1519,11,,,,0,0,0,0,0
1519,12,,,,0,0,0,0,0
1519,13,,,,0,0,0,0,0
1519,14,,,,0,0,0,0,0
1519,15,,,,0,0,0,0,0
1520,11,,,,0,0,0,0,0
1520,12,,,,0,0,0,0,0
1520,13,,,,0,0,0,0,0
1520,14,,,,0,0,0,0,0
1520,15,,,,0,0,0,0,0
1521,11,,,,0,0,0,0,0
1521,12,,,,0,0,0,0,0
1521,13,,,,0,0,0,0,0
1521,14,,,,0,0,0,0,0
1521,15,,,,0,0,0,0,0
1522,11,,,,0,0,0,0,0
1522,12,,,,0,0,0,0,0
1522,13,,,,0,0,0,0,0
1522,14,,,,0,0,0,0,0
1522,15,,,,0,0,0,0,0
1523,11,,,,0,0,0,0,0
1523,12,,,,0,0,0,0,0
1523,13,,,,0,0,0,0,0
1523,14,,,,0,0,0,0,0
1523,15,,,,0,0,0,0,0
1524,11,,,,0,0,0,0,0
1524,12,,,,0,0,0,0,0
1524,13,,,,0,0,0,0,0
1524,14,,,,0,0,0,0,0
1524,15,,,,0,0,0,0,0
1525,11,,,,0,0,0,0,0
1525,12,,,,0,0,0,0,0
1525,13,,,,0,0,0,0,0
1525,14,,,,0,0,0,0,0
1525,15,,,,0,0,0,0,0
1526,11,,,,0,0,0,0,0
1526,12,,,,0,0,0,0,0
1526,13,,,,0,0,0,0,0
1526,14,,,,0,0,0,0,0
1526,15,,,,0,0,0,0,0
1527,11,,,,0,0,0,0,0
1527,12,,,,0,0,0,0,0
1527,13,,,,0,0,0,0,0
1527,14,,,,0,0,0,0,0
1527,15,,,,0,0,0,0,0
1528,11,,,,0,0,0,0,0
1528,12,,,,0,0,0,0,0
1528,13,,,,0,0,0,0,0
1528,14,,,,0,0,0,0,0
1528,15,,,,0,0,0,0,0
1529,11,,,,0,0,0,0,0
1529,12,,,,0,0,0,0,0
1529,13,,,,0,0,0,0,0
1529,14,,,,0,0,0,0,0
1529,15,,,,0,0,0,0,0
1530,11,,,,0,0,0,0,0
1530,12,,,,0,0,0,0,0
1530,13,,,,0,0,0,0,0
1530,14,,,,0,0,0,0,0
1530,15,,,,0,0,0,0,0
1531,11,,,,0,0,0,0,0
1531,12,,,,0,0,0,0,0
1531,13,,,,0,0,0,0,0
1531,14,,,,0,0,0,0,0
1531,15,,,,0,0,0,0,0
1532,11,,,,0,0,0,0,0
1532,12,,,,0,0,0,0,0
1532,13,,,,0,0,0,0,0
1532,14,,,,0,0,0,0,0
1532,15,,,,0,0,0,0,0
1533,11,,,,0,0,0,0,0
1533,12,,,,0,0,0,0,0
1533,13,,,,0,0,0,0,0
1533,14,,,,0,0,0,0,0
1533,15,,,,0,0,0,0,0
1534,11,,,,0,0,0,0,0
1534,12,,,,0,0,0,0,0
1534,13,,,,0,0,0,0,0
1534,14,,,,0,0,0,0,0
1534,15,,,,0,0,0,0,0
1535,11,,,,0,0,0,0,0
1535,12,,,,0,0,0,0,0
1535,13,,,,0,0,0,0,0
1535,14,,,,0,0,0,0,0
1535,15,,,,0,0,0,0,0
1536,11,,,,0,0,0,0,0
1536,12,,,,0,0,0,0,0
1536,13,,,,0,0,0,0,0
1536,14,,,,0,0,0,0,0
1536,15,,,,0,0,0,0,0
1537,11,,,,0,0,0,0,0
1537,12,,,,0,0,0,0,0
1537,13,,,,0,0,0,0,0
1537,14,,,,0,0,0,0,0
1537,15,,,,0,0,0,0,0
1538,11,,,,0,0,0,0,0
1538,12,,,,0,0,0,0,0
1538,13,,,,0,0,0,0,0
1538,14,,,,0,0,0,0,0
1538,15,,,,0,0,0,0,0
1539,11,,,,0,0,0,0,0
1539,12,,,,0,0,0,0,0
1539,13,,,,0,0,0,0,0
1539,14,,,,0,0,0,0,0
1539,15,,,,0,0,0,0,0
1540,11,,,,0,0,0,0,0
1540,12,,,,0,0,0,0,0
1540,13,,,,0,0,0,0,0
1540,14,,,,0,0,0,0,0
1540,15,,,,0,0,0,0,0
1541,11,,,,0,0,0,0,0
1541,12,,,,0,0,0,0,0
1541,13,,,,0,0,0,0,0
1541,14,,,,0,0,0,0,0
1541,15,,,,0,0,0,0,0
1542,11,,,,0,0,0,0,0
1542,12,,,,0,0,0,0,0
1542,13,,,,0,0,0,0,0
1542,14,,,,0,0,0,0,0
1542,15,,,,0,0,0,0,0
1543,11,,,,0,0,0,0,0
1543,12,,,,0,0,0,0,0
1543,13,,,,0,0,0,0,0
1543,14,,,,0,0,0,0,0
1543,15,,,,0,0,0,0,0
1544,11,,,,0,0,0,0,0
1544,12,,,,0,0,0,0,0
1544,13,,,,0,0,0,0,0
1544,14,,,,0,0,0,0,0
1544,15,,,,0,0,0,0,0
1545,11,,,,0,0,0,0,0
1545,12,,,,0,0,0,0,0
1545,13,,,,0,0,0,0,0
1545,14,,,,0,0,0,0,0
1545,15,,,,0,0,0,0,0
1546,11,,,,0,0,0,0,0
1546,12,,,,0,0,0,0,0
1546,13,,,,0,0,0,0,0
1546,14,,,,0,0,0,0,0
1546,15,,,,0,0,0,0,0
1547,11,,,,0,0,0,0,0
1547,12,,,,0,0,0,0,0
1547,13,,,,0,0,0,0,0
1547,14,,,,0,0,0,0,0
1547,15,,,,0,0,0,0,0
1548,11,,,,0,0,0,0,0
1548,12,,,,0,0,0,0,0
1548,13,,,,0,0,0,0,0
1548,14,,,,0,0,0,0,0
1548,15,,,,0,0,0,0,0
1549,11,,,,0,0,0,0,0
1549,12,,,,0,0,0,0,0
1549,13,,,,0,0,0,0,0
1549,14,,,,0,0,0,0,0
1549,15,,,,0,0,0,0,0
1550,11,,,,0,0,0,0,0
1550,12,,,,0,0,0,0,0
1550,13,,,,0,0,0,0,0
1550,14,,,,0,0,0,0,0
1550,15,,,,0,0,0,0,0
1551,11,,,,0,0,0,0,0
1551,12,,,,0,0,0,0,0
1551,13,,,,0,0,0,0,0
1551,14,,,,0,0,0,0,0
1551,15,,,,0,0,0,0,0
1552,11,,,,0,0,0,0,0
1552,12,,,,0,0,0,0,0
1552,13,,,,0,0,0,0,0
1552,14,,,,0,0,0,0,0
1552,15,,,,0,0,0,0,0
1553,11,,,,0,0,0,0,0
1553,12,,,,0,0,0,0,0
1553,13,,,,0,0,0,0,0
1553,14,,,,0,0,0,0,0
1553,15,,,,0,0,0,0,0
1554,11,,,,0,0,0,0,0
1554,12,,,,0,0,0,0,0
1554,13,,,,0,0,0,0,0
1554,14,,,,0,0,0,0,0
1554,15,,,,0,0,0,0,0
1555,11,,,,0,0,0,0,0
1555,12,,,,0,0,0,0,0
1555,13,,,,0,0,0,0,0
1555,14,,,,0,0,0,0,0
1555,15,,,,0,0,0,0,0
1556,11,,,,0,0,0,0,0
1556,12,,,,0,0,0,0,0
1556,13,,,,0,0,0,0,0
1556,14,,,,0,0,0,0,0
1556,15,,,,0,0,0,0,0
1557,11,,,,0,0,0,0,0
1557,12,,,,0,0,0,0,0
1557,13,,,,0,0,0,0,0
1557,14,,,,0,0,0,0,0
1557,15,,,,0,0,0,0,0
1558,11,,,,0,0,0,0,0
1558,12,,,,0,0,0,0,0
1558,13,,,,0,0,0,0,0
1558,14,,,,0,0,0,0,0
1558,15,,,,0,0,0,0,0
1559,11,,,,0,0,0,0,0
1559,12,,,,0,0,0,0,0
1559,13,,,,0,0,0,0,0
1559,14,,,,0,0,0,0,0
1559,15,,,,0,0,0,0,0
1560,11,,,,0,0,0,0,0
1560,12,,,,0,0,0,0,0
1560,13,,,,0,0,0,0,0
1560,14,,,,0,0,0,0,0
1560,15,,,,0,0,0,0,0
1561,11,,,,0,0,0,0,0
1561,12,,,,0,0,0,0,0
1561,13,,,,0,0,0,0,0
1561,14,,,,0,0,0,0,0
1561,15,,,,0,0,0,0,0
1562,11,,,,0,0,0,0,0
1562,12,,,,0,0,0,0,0
1562,13,,,,0,0,0,0,0
1562,14,,,,0,0,0,0,0
1562,15,,,,0,0,0,0,0
1563,11,,,,0,0,0,0,0
1563,12,,,,0,0,0,0,0
1563,13,,,,0,0,0,0,0
1563,14,,,,0,0,0,0,0
1563,15,,,,0,0,0,0,0
1564,11,,,,0,0,0,0,0
1564,12,,,,0,0,0,0,0
1564,13,,,,0,0,0,0,0
1564,14,,,,0,0,0,0,0
1564,15,,,,0,0,0,0,0
1565,11,,,,0,0,0,0,0
1565,12,,,,0,0,0,0,0
1565,13,,,,0,0,0,0,0
1565,14,,,,0,0,0,0,0
1565,15,,,,0,0,0,0,0
1566,11,,,,0,0,0,0,0
1566,12,,,,0,0,0,0,0
1566,13,,,,0,0,0,0,0
1566,14,,,,0,0,0,0,0
1566,15,,,,0,0,0,0,0
1567,11,,,,0,0,0,0,0
1567,12,,,,0,0,0,0,0
1567,13,,,,0,0,0,0,0
1567,14,,,,0,0,0,0,0
1567,15,,,,0,0,0,0,0
1568,11,,,,0,0,0,0,0
1568,12,,,,0,0,0,0,0
1568,13,,,,0,0,0,0,0
1568,14,,,,0,0,0,0,0
1568,15,,,,0,0,0,0,0
1569,11,,,,0,0,0,0,0
1569,12,,,,0,0,0,0,0
1569,13,,,,0,0,0,0,0
1569,14,,,,0,0,0,0,0
1569,15,,,,0,0,0,0,0
1570,11,,,,0,0,0,0,0
1570,12,,,,0,0,0,0,0
1570,13,,,,0,0,0,0,0
1570,14,,,,0,0,0,0,0
1570,15,,,,0,0,0,0,0
1571,11,,,,0,0,0,0,0
1571,12,,,,0,0,0,0,0
1571,13,,,,0,0,0,0,0
1571,14,,,,0,0,0,0,0
1571,15,,,,0,0,0,0,0
1572,11,,,,0,0,0,0,0
1572,12,,,,0,0,0,0,0
1572,13,,,,0,0,0,0,0
1572,14,,,,0,0,0,0,0
1572,15,,,,0,0,0,0,0
1573,11,,,,0,0,0,0,0
1573,12,,,,0,0,0,0,0
1573,13,,,,0,0,0,0,0
1573,14,,,,0,0,0,0,0
1573,15,,,,0,0,0,0,0
1574,11,,,,0,0,0,0,0
1574,12,,,,0,0,0,0,0
1574,13,,,,0,0,0,0,0
1574,14,,,,0,0,0,0,0
1574,15,,,,0,0,0,0,0
1575,11,,,,0,0,0,0,0
1575,12,,,,0,0,0,0,0
1575,13,,,,0,0,0,0,0
1575,14,,,,0,0,0,0,0
1575,15,,,,0,0,0,0,0
1576,11,,,,0,0,0,0,0
1576,12,,,,0,0,0,0,0
1576,13,,,,0,0,0,0,0
1576,14,,,,0,0,0,0,0
1576,15,,,,0,0,0,0,0
1577,11,,,,0,0,0,0,0
1577,12,,,,0,0,0,0,0
1577,13,,,,0,0,0,0,0
1577,14,,,,0,0,0,0,0
1577,15,,,,0,0,0,0,0
1578,11,,,,0,0,0,0,0
1578,12,,,,0,0,0,0,0
1578,13,,,,0,0,0,0,0
1578,14,,,,0,0,0,0,0
1578,15,,,,0,0,0,0,0
1579,11,,,,0,0,0,0,0
1579,12,,,,0,0,0,0,0
1579,13,,,,0,0,0,0,0
1579,14,,,,0,0,0,0,0
1579,15,,,,0,0,0,0,0
1580,11,,,,0,0,0,0,0
1580,12,,,,0,0,0,0,0
1580,13,,,,0,0,0,0,0
1580,14,,,,0,0,0,0,0
1580,15,,,,0,0,0,0,0
1581,11,,,,0,0,0,0,0
1581,12,,,,0,0,0,0,0
1581,13,,,,0,0,0,0,0
1581,14,,,,0,0,0,0,0
1581,15,,,,0,0,0,0,0
1582,11,,,,0,0,0,0,0
1582,12,,,,0,0,0,0,0
1582,13,,,,0,0,0,0,0
1582,14,,,,0,0,0,0,0
1582,15,,,,0,0,0,0,0
1583,11,,,,0,0,0,0,0
1583,12,,,,0,0,0,0,0
1583,13,,,,0,0,0,0,0
1583,14,,,,0,0,0,0,0
1583,15,,,,0,0,0,0,0
1584,11,,,,0,0,0,0,0
1584,12,,,,0,0,0,0,0
1584,13,,,,0,0,0,0,0
1584,14,,,,0,0,0,0,0
1584,15,,,,0,0,0,0,0
1585,11,,,,0,0,0,0,0
1585,12,,,,0,0,0,0,0
1585,13,,,,0,0,0,0,0
1585,14,,,,0,0,0,0,0
1585,15,,,,0,0,0,0,0
1586,11,,,,0,0,0,0,0
1586,12,,,,0,0,0,0,0
1586,13,,,,0,0,0,0,0
1586,14,,,,0,0,0,0,0
1586,15,,,,0,0,0,0,0
1587,11,,,,0,0,0,0,0
1587,12,,,,0,0,0,0,0
1587,13,,,,0,0,0,0,0
1587,14,,,,0,0,0,0,0
1587,15,,,,0,0,0,0,0
1588,11,,,,0,0,0,0,0
1588,12,,,,0,0,0,0,0
1588,13,,,,0,0,0,0,0
1588,14,,,,0,0,0,0,0
1588,15,,,,0,0,0,0,0
1589,11,,,,0,0,0,0,0
1589,12,,,,0,0,0,0,0
1589,13,,,,0,0,0,0,0
1589,14,,,,0,0,0,0,0
1589,15,,,,0,0,0,0,0
1590,11,,,,0,0,0,0,0
1590,12,,,,0,0,0,0,0
1590,13,,,,0,0,0,0,0
1590,14,,,,0,0,0,0,0
1590,15,,,,0,0,0,0,0
1591,11,,,,0,0,0,0,0
1591,12,,,,0,0,0,0,0
1591,13,,,,0,0,0,0,0
1591,14,,,,0,0,0,0,0
1591,15,,,,0,0,0,0,0
1592,11,,,,0,0,0,0,0
1592,12,,,,0,0,0,0,0
1592,13,,,,0,0,0,0,0
1592,14,,,,0,0,0,0,0
1592,15,,,,0,0,0,0,0
1593,11,,,,0,0,0,0,0
1593,12,,,,0,0,0,0,0
1593,13,,,,0,0,0,0,0
1593,14,,,,0,0,0,0,0
1593,15,,,,0,0,0,0,0
1594,11,,,,0,0,0,0,0
1594,12,,,,0,0,0,0,0
1594,13,,,,0,0,0,0,0
1594,14,,,,0,0,0,0,0
1594,15,,,,0,0,0,0,0
1595,11,,,,0,0,0,0,0
1595,12,,,,0,0,0,0,0
1595,13,,,,0,0,0,0,0
1595,14,,,,0,0,0,0,0
1595,15,,,,0,0,0,0,0
1596,11,,,,0,0,0,0,0
1596,12,,,,0,0,0,0,0
1596,13,,,,0,0,0,0,0
1596,14,,,,0,0,0,0,0
1596,15,,,,0,0,0,0,0
1597,11,,,,0,0,0,0,0
1597,12,,,,0,0,0,0,0
1597,13,,,,0,0,0,0,0
1597,14,,,,0,0,0,0,0
1597,15,,,,0,0,0,0,0
1598,11,,,,0,0,0,0,0
1598,12,,,,0,0,0,0,0
1598,13,,,,0,0,0,0,0
1598,14,,,,0,0,0,0,0
1598,15,,,,0,0,0,0,0
1599,11,,,,0,0,0,0,0
1599,12,,,,0,0,0,0,0
1599,13,,,,0,0,0,0,0
1599,14,,,,0,0,0,0,0
1599,15,,,,0,0,0,0,0
1600,11,,,,0,0,0,0,0
1600,12,,,,0,0,0,0,0
1600,13,,,,0,0,0,0,0
1600,14,,,,0,0,0,0,0
1600,15,,,,0,0,0,0,0
1601,11,,,,0,0,0,0,0
1601,12,,,,0,0,0,0,0
1601,13,,,,0,0,0,0,0
1601,14,,,,0,0,0,0,0
1601,15,,,,0,0,0,0,0
1602,11,,,,0,0,0,0,0
1602,12,,,,0,0,0,0,0
1602,13,,,,0,0,0,0,0
1602,14,,,,0,0,0,0,0
1602,15,,,,0,0,0,0,0
1603,11,,,,0,0,0,0,0
1603,12,,,,0,0,0,0,0
1603,13,,,,0,0,0,0,0
1603,14,,,,0,0,0,0,0
1603,15,,,,0,0,0,0,0
1604,11,,,,0,0,0,0,0
1604,12,,,,0,0,0,0,0
1604,13,,,,0,0,0,0,0
1604,14,,,,0,0,0,0,0
1604,15,,,,0,0,0,0,0
1605,11,,,,0,0,0,0,0
1605,12,,,,0,0,0,0,0
1605,13,,,,0,0,0,0,0
1605,14,,,,0,0,0,0,0
1605,15,,,,0,0,0,0,0
1606,11,,,,0,0,0,0,0
1606,12,,,,0,0,0,0,0
1606,13,,,,0,0,0,0,0
1606,14,,,,0,0,0,0,0
1606,15,,,,0,0,0,0,0
1607,11,,,,0,0,0,0,0
1607,12,,,,0,0,0,0,0
1607,13,,,,0,0,0,0,0
1607,14,,,,0,0,0,0,0
1607,15,,,,0,0,0,0,0
1608,11,,,,0,0,0,0,0
1608,12,,,,0,0,0,0,0
1608,13,,,,0,0,0,0,0
1608,14,,,,0,0,0,0,0
1608,15,,,,0,0,0,0,0
1609,11,,,,0,0,0,0,0
1609,12,,,,0,0,0,0,0
1609,13,,,,0,0,0,0,0
1609,14,,,,0,0,0,0,0
1609,15,,,,0,0,0,0,0
1610,11,,,,0,0,0,0,0
1610,12,,,,0,0,0,0,0
1610,13,,,,0,0,0,0,0
1610,14,,,,0,0,0,0,0
1610,15,,,,0,0,0,0,0
1611,11,,,,0,0,0,0,0
1611,12,,,,0,0,0,0,0
1611,13,,,,0,0,0,0,0
1611,14,,,,0,0,0,0,0
1611,15,,,,0,0,0,0,0
1612,11,,,,0,0,0,0,0
1612,12,,,,0,0,0,0,0
1612,13,,,,0,0,0,0,0
1612,14,,,,0,0,0,0,0
1612,15,,,,0,0,0,0,0
1613,11,,,,0,0,0,0,0
1613,12,,,,0,0,0,0,0
1613,13,,,,0,0,0,0,0
1613,14,,,,0,0,0,0,0
1613,15,,,,0,0,0,0,0
1614,11,,,,0,0,0,0,0
1614,12,,,,0,0,0,0,0
1614,13,,,,0,0,0,0,0
1614,14,,,,0,0,0,0,0
1614,15,,,,0,0,0,0,0
1615,11,,,,0,0,0,0,0
1615,12,,,,0,0,0,0,0
1615,13,,,,0,0,0,0,0
1615,14,,,,0,0,0,0,0
1615,15,,,,0,0,0,0,0
1616,11,,,,0,0,0,0,0
1616,12,,,,0,0,0,0,0
1616,13,,,,0,0,0,0,0
1616,14,,,,0,0,0,0,0
1616,15,,,,0,0,0,0,0
1617,11,,,,0,0,0,0,0
1617,12,,,,0,0,0,0,0
1617,13,,,,0,0,0,0,0
1617,14,,,,0,0,0,0,0
1617,15,,,,0,0,0,0,0
1618,11,,,,0,0,0,0,0
1618,12,,,,0,0,0,0,0
1618,13,,,,0,0,0,0,0
1618,14,,,,0,0,0,0,0
1618,15,,,,0,0,0,0,0
1619,11,,,,0,0,0,0,0
1619,12,,,,0,0,0,0,0
1619,13,,,,0,0,0,0,0
1619,14,,,,0,0,0,0,0
1619,15,,,,0,0,0,0,0
1620,11,,,,0,0,0,0,0
1620,12,,,,0,0,0,0,0
1620,13,,,,0,0,0,0,0
1620,14,,,,0,0,0,0,0
1620,15,,,,0,0,0,0,0
1621,11,,,,0,0,0,0,0
1621,12,,,,0,0,0,0,0
1621,13,,,,0,0,0,0,0
1621,14,,,,0,0,0,0,0
1621,15,,,,0,0,0,0,0
1622,11,,,,0,0,0,0,0
1622,12,,,,0,0,0,0,0
1622,13,,,,0,0,0,0,0
1622,14,,,,0,0,0,0,0
1622,15,,,,0,0,0,0,0
1623,11,,,,0,0,0,0,0
1623,12,,,,0,0,0,0,0
1623,13,,,,0,0,0,0,0
1623,14,,,,0,0,0,0,0
1623,15,,,,0,0,0,0,0
1624,11,,,,0,0,0,0,0
1624,12,,,,0,0,0,0,0
1624,13,,,,0,0,0,0,0
1624,14,,,,0,0,0,0,0
1624,15,,,,0,0,0,0,0
1625,11,,,,0,0,0,0,0
1625,12,,,,0,0,0,0,0
1625,13,,,,0,0,0,0,0
1625,14,,,,0,0,0,0,0
1625,15,,,,0,0,0,0,0
1626,11,,,,0,0,0,0,0
1626,12,,,,0,0,0,0,0
1626,13,,,,0,0,0,0,0
1626,14,,,,0,0,0,0,0
1626,15,,,,0,0,0,0,0
1627,11,,,,0,0,0,0,0
1627,12,,,,0,0,0,0,0
1627,13,,,,0,0,0,0,0
1627,14,,,,0,0,0,0,0
1627,15,,,,0,0,0,0,0
1628,11,,,,0,0,0,0,0
1628,12,,,,0,0,0,0,0
1628,13,,,,0,0,0,0,0
1628,14,,,,0,0,0,0,0
1628,15,,,,0,0,0,0,0
1629,11,,,,0,0,0,0,0
1629,12,,,,0,0,0,0,0
1629,13,,,,0,0,0,0,0
1629,14,,,,0,0,0,0,0
1629,15,,,,0,0,0,0,0
1630,11,,,,0,0,0,0,0
1630,12,,,,0,0,0,0,0
1630,13,,,,0,0,0,0,0
1630,14,,,,0,0,0,0,0
1630,15,,,,0,0,0,0,0
1631,11,,,,0,0,0,0,0
1631,12,,,,0,0,0,0,0
1631,13,,,,0,0,0,0,0
1631,14,,,,0,0,0,0,0
1631,15,,,,0,0,0,0,0
1632,11,,,,0,0,0,0,0
1632,12,,,,0,0,0,0,0
1632,13,,,,0,0,0,0,0
1632,14,,,,0,0,0,0,0
1632,15,,,,0,0,0,0,0
1633,11,,,,0,0,0,0,0
1633,12,,,,0,0,0,0,0
1633,13,,,,0,0,0,0,0
1633,14,,,,0,0,0,0,0
1633,15,,,,0,0,0,0,0
1634,11,,,,0,0,0,0,0
1634,12,,,,0,0,0,0,0
1634,13,,,,0,0,0,0,0
1634,14,,,,0,0,0,0,0
1634,15,,,,0,0,0,0,0
1635,11,,,,0,0,0,0,0
1635,12,,,,0,0,0,0,0
1635,13,,,,0,0,0,0,0
1635,14,,,,0,0,0,0,0
1635,15,,,,0,0,0,0,0
1636,11,,,,0,0,0,0,0
1636,12,,,,0,0,0,0,0
1636,13,,,,0,0,0,0,0
1636,14,,,,0,0,0,0,0
1636,15,,,,0,0,0,0,0
1637,11,,,,0,0,0,0,0
1637,12,,,,0,0,0,0,0
1637,13,,,,0,0,0,0,0
1637,14,,,,0,0,0,0,0
1637,15,,,,0,0,0,0,0
1638,11,,,,0,0,0,0,0
1638,12,,,,0,0,0,0,0
1638,13,,,,0,0,0,0,0
1638,14,,,,0,0,0,0,0
1638,15,,,,0,0,0,0,0
1639,11,,,,0,0,0,0,0
1639,12,,,,0,0,0,0,0
1639,13,,,,0,0,0,0,0
1639,14,,,,0,0,0,0,0
1639,15,,,,0,0,0,0,0
1640,11,,,,0,0,0,0,0
1640,12,,,,0,0,0,0,0
1640,13,,,,0,0,0,0,0
1640,14,,,,0,0,0,0,0
1640,15,,,,0,0,0,0,0
1641,11,,,,0,0,0,0,0
1641,12,,,,0,0,0,0,0
1641,13,,,,0,0,0,0,0
1641,14,,,,0,0,0,0,0
1641,15,,,,0,0,0,0,0
1642,11,,,,0,0,0,0,0
1642,12,,,,0,0,0,0,0
1642,13,,,,0,0,0,0,0
1642,14,,,,0,0,0,0,0
1642,15,,,,0,0,0,0,0
1643,11,,,,0,0,0,0,0
1643,12,,,,0,0,0,0,0
1643,13,,,,0,0,0,0,0
1643,14,,,,0,0,0,0,0
1643,15,,,,0,0,0,0,0
1644,11,,,,0,0,0,0,0
1644,12,,,,0,0,0,0,0
1644,13,,,,0,0,0,0,0
1644,14,,,,0,0,0,0,0
1644,15,,,,0,0,0,0,0
1645,11,,,,0,0,0,0,0
1645,12,,,,0,0,0,0,0
1645,13,,,,0,0,0,0,0
1645,14,,,,0,0,0,0,0
1645,15,,,,0,0,0,0,0
1646,11,,,,0,0,0,0,0
1646,12,,,,0,0,0,0,0
1646,13,,,,0,0,0,0,0
1646,14,,,,0,0,0,0,0
1646,15,,,,0,0,0,0,0
1647,11,,,,0,0,0,0,0
1647,12,,,,0,0,0,0,0
1647,13,,,,0,0,0,0,0
1647,14,,,,0,0,0,0,0
1647,15,,,,0,0,0,0,0
1648,11,,,,0,0,0,0,0
1648,12,,,,0,0,0,0,0
1648,13,,,,0,0,0,0,0
1648,14,,,,0,0,0,0,0
1648,15,,,,0,0,0,0,0
1649,11,,,,0,0,0,0,0
1649,12,,,,0,0,0,0,0
1649,13,,,,0,0,0,0,0
1649,14,,,,0,0,0,0,0
1649,15,,,,0,0,0,0,0
1650,11,,,,0,0,0,0,0
1650,12,,,,0,0,0,0,0
1650,13,,,,0,0,0,0,0
1650,14,,,,0,0,0,0,0
1650,15,,,,0,0,0,0,0
1651,11,,,,0,0,0,0,0
1651,12,,,,0,0,0,0,0
1651,13,,,,0,0,0,0,0
1651,14,,,,0,0,0,0,0
1651,15,,,,0,0,0,0,0
1652,11,,,,0,0,0,0,0
1652,12,,,,0,0,0,0,0
1652,13,,,,0,0,0,0,0
1652,14,,,,0,0,0,0,0
1652,15,,,,0,0,0,0,0
1653,11,,,,0,0,0,0,0
1653,12,,,,0,0,0,0,0
1653,13,,,,0,0,0,0,0
1653,14,,,,0,0,0,0,0
1653,15,,,,0,0,0,0,0
1654,11,,,,0,0,0,0,0
1654,12,,,,0,0,0,0,0
1654,13,,,,0,0,0,0,0
1654,14,,,,0,0,0,0,0
1654,15,,,,0,0,0,0,0
1655,11,,,,0,0,0,0,0
1655,12,,,,0,0,0,0,0
1655,13,,,,0,0,0,0,0
1655,14,,,,0,0,0,0,0
1655,15,,,,0,0,0,0,0
1656,11,,,,0,0,0,0,0
1656,12,,,,0,0,0,0,0
1656,13,,,,0,0,0,0,0
1656,14,,,,0,0,0,0,0
1656,15,,,,0,0,0,0,0
1657,11,,,,0,0,0,0,0
1657,12,,,,0,0,0,0,0
1657,13,,,,0,0,0,0,0
1657,14,,,,0,0,0,0,0
1657,15,,,,0,0,0,0,0
1658,11,,,,0,0,0,0,0
1658,12,,,,0,0,0,0,0
1658,13,,,,0,0,0,0,0
1658,14,,,,0,0,0,0,0
1658,15,,,,0,0,0,0,0
1659,11,,,,0,0,0,0,0
1659,12,,,,0,0,0,0,0
1659,13,,,,0,0,0,0,0
1659,14,,,,0,0,0,0,0
1659,15,,,,0,0,0,0,0
1660,11,,,,0,0,0,0,0
1660,12,,,,0,0,0,0,0
1660,13,,,,0,0,0,0,0
1660,14,,,,0,0,0,0,0
1660,15,,,,0,0,0,0,0
1661,11,,,,0,0,0,0,0
1661,12,,,,0,0,0,0,0
1661,13,,,,0,0,0,0,0
1661,14,,,,0,0,0,0,0
1661,15,,,,0,0,0,0,0
1662,11,,,,0,0,0,0,0
1662,12,,,,0,0,0,0,0
1662,13,,,,0,0,0,0,0
1662,14,,,,0,0,0,0,0
1662,15,,,,0,0,0,0,0
1663,11,,,,0,0,0,0,0
1663,12,,,,0,0,0,0,0
1663,13,,,,0,0,0,0,0
1663,14,,,,0,0,0,0,0
1663,15,,,,0,0,0,0,0
1664,11,,,,0,0,0,0,0
1664,12,,,,0,0,0,0,0
1664,13,,,,0,0,0,0,0
1664,14,,,,0,0,0,0,0
1664,15,,,,0,0,0,0,0
1665,11,,,,0,0,0,0,0
1665,12,,,,0,0,0,0,0
1665,13,,,,0,0,0,0,0
1665,14,,,,0,0,0,0,0
1665,15,,,,0,0,0,0,0
1666,11,,,,0,0,0,0,0
1666,12,,,,0,0,0,0,0
1666,13,,,,0,0,0,0,0
1666,14,,,,0,0,0,0,0
1666,15,,,,0,0,0,0,0
1667,11,,,,0,0,0,0,0
1667,12,,,,0,0,0,0,0
1667,13,,,,0,0,0,0,0
1667,14,,,,0,0,0,0,0
1667,15,,,,0,0,0,0,0
1668,11,,,,0,0,0,0,0
1668,12,,,,0,0,0,0,0
1668,13,,,,0,0,0,0,0
1668,14,,,,0,0,0,0,0
1668,15,,,,0,0,0,0,0
1669,11,,,,0,0,0,0,0
1669,12,,,,0,0,0,0,0
1669,13,,,,0,0,0,0,0
1669,14,,,,0,0,0,0,0
1669,15,,,,0,0,0,0,0
1670,11,,,,0,0,0,0,0
1670,12,,,,0,0,0,0,0
1670,13,,,,0,0,0,0,0
1670,14,,,,0,0,0,0,0
1670,15,,,,0,0,0,0,0
1671,11,,,,0,0,0,0,0
1671,12,,,,0,0,0,0,0
1671,13,,,,0,0,0,0,0
1671,14,,,,0,0,0,0,0
1671,15,,,,0,0,0,0,0
1672,11,,,,0,0,0,0,0
1672,12,,,,0,0,0,0,0
1672,13,,,,0,0,0,0,0
1672,14,,,,0,0,0,0,0
1672,15,,,,0,0,0,0,0
1673,11,,,,0,0,0,0,0
1673,12,,,,0,0,0,0,0
1673,13,,,,0,0,0,0,0
1673,14,,,,0,0,0,0,0
1673,15,,,,0,0,0,0,0
1674,11,,,,0,0,0,0,0
1674,12,,,,0,0,0,0,0
1674,13,,,,0,0,0,0,0
1674,14,,,,0,0,0,0,0
1674,15,,,,0,0,0,0,0
1675,11,,,,0,0,0,0,0
1675,12,,,,0,0,0,0,0
1675,13,,,,0,0,0,0,0
1675,14,,,,0,0,0,0,0
1675,15,,,,0,0,0,0,0
1676,11,,,,0,0,0,0,0
1676,12,,,,0,0,0,0,0
1676,13,,,,0,0,0,0,0
1676,14,,,,0,0,0,0,0
1676,15,,,,0,0,0,0,0
1677,11,,,,0,0,0,0,0
1677,12,,,,0,0,0,0,0
1677,13,,,,0,0,0,0,0
1677,14,,,,0,0,0,0,0
1677,15,,,,0,0,0,0,0
1678,11,,,,0,0,0,0,0
1678,12,,,,0,0,0,0,0
1678,13,,,,0,0,0,0,0
1678,14,,,,0,0,0,0,0
1678,15,,,,0,0,0,0,0
1679,11,,,,0,0,0,0,0
1679,12,,,,0,0,0,0,0
1679,13,,,,0,0,0,0,0
1679,14,,,,0,0,0,0,0
1679,15,,,,0,0,0,0,0
1680,11,,,,0,0,0,0,0
1680,12,,,,0,0,0,0,0
1680,13,,,,0,0,0,0,0
1680,14,,,,0,0,0,0,0
1680,15,,,,0,0,0,0,0
1681,11,,,,0,0,0,0,0
1681,12,,,,0,0,0,0,0
1681,13,,,,0,0,0,0,0
1681,14,,,,0,0,0,0,0
1681,15,,,,0,0,0,0,0
1682,11,,,,0,0,0,0,0
1682,12,,,,0,0,0,0,0
1682,13,,,,0,0,0,0,0
1682,14,,,,0,0,0,0,0
1682,15,,,,0,0,0,0,0
1683,11,,,,0,0,0,0,0
1683,12,,,,0,0,0,0,0
1683,13,,,,0,0,0,0,0
1683,14,,,,0,0,0,0,0
1683,15,,,,0,0,0,0,0
1684,11,,,,0,0,0,0,0
1684,12,,,,0,0,0,0,0
1684,13,,,,0,0,0,0,0
1684,14,,,,0,0,0,0,0
1684,15,,,,0,0,0,0,0
1685,11,,,,0,0,0,0,0
1685,12,,,,0,0,0,0,0
1685,13,,,,0,0,0,0,0
1685,14,,,,0,0,0,0,0
1685,15,,,,0,0,0,0,0
1686,11,,,,0,0,0,0,0
1686,12,,,,0,0,0,0,0
1686,13,,,,0,0,0,0,0
1686,14,,,,0,0,0,0,0
1686,15,,,,0,0,0,0,0
1687,11,,,,0,0,0,0,0
1687,12,,,,0,0,0,0,0
1687,13,,,,0,0,0,0,0
1687,14,,,,0,0,0,0,0
1687,15,,,,0,0,0,0,0
1688,11,,,,0,0,0,0,0
1688,12,,,,0,0,0,0,0
1688,13,,,,0,0,0,0,0
1688,14,,,,0,0,0,0,0
1688,15,,,,0,0,0,0,0
1689,11,,,,0,0,0,0,0
1689,12,,,,0,0,0,0,0
1689,13,,,,0,0,0,0,0
1689,14,,,,0,0,0,0,0
1689,15,,,,0,0,0,0,0
1690,11,,,,0,0,0,0,0
1690,12,,,,0,0,0,0,0
1690,13,,,,0,0,0,0,0
1690,14,,,,0,0,0,0,0
1690,15,,,,0,0,0,0,0
1691,11,,,,0,0,0,0,0
1691,12,,,,0,0,0,0,0
1691,13,,,,0,0,0,0,0
1691,14,,,,0,0,0,0,0
1691,15,,,,0,0,0,0,0
1692,11,,,,0,0,0,0,0
1692,12,,,,0,0,0,0,0
1692,13,,,,0,0,0,0,0
1692,14,,,,0,0,0,0,0
1692,15,,,,0,0,0,0,0
1693,11,,,,0,0,0,0,0
1693,12,,,,0,0,0,0,0
1693,13,,,,0,0,0,0,0
1693,14,,,,0,0,0,0,0
1693,15,,,,0,0,0,0,0
1694,11,,,,0,0,0,0,0
1694,12,,,,0,0,0,0,0
1694,13,,,,0,0,0,0,0
1694,14,,,,0,0,0,0,0
1694,15,,,,0,0,0,0,0
1695,11,,,,0,0,0,0,0
1695,12,,,,0,0,0,0,0
1695,13,,,,0,0,0,0,0
1695,14,,,,0,0,0,0,0
1695,15,,,,0,0,0,0,0
1696,11,,,,0,0,0,0,0
1696,12,,,,0,0,0,0,0
1696,13,,,,0,0,0,0,0
1696,14,,,,0,0,0,0,0
1696,15,,,,0,0,0,0,0
1697,11,,,,0,0,0,0,0
1697,12,,,,0,0,0,0,0
1697,13,,,,0,0,0,0,0
1697,14,,,,0,0,0,0,0
1697,15,,,,0,0,0,0,0
1698,11,,,,0,0,0,0,0
1698,12,,,,0,0,0,0,0
1698,13,,,,0,0,0,0,0
1698,14,,,,0,0,0,0,0
1698,15,,,,0,0,0,0,0
1699,11,,,,0,0,0,0,0
1699,12,,,,0,0,0,0,0
1699,13,,,,0,0,0,0,0
1699,14,,,,0,0,0,0,0
1699,15,,,,0,0,0,0,0
1700,11,,,,0,0,0,0,0
1700,12,,,,0,0,0,0,0
1700,13,,,,0,0,0,0,0
1700,14,,,,0,0,0,0,0
1700,15,,,,0,0,0,0,0
1701,11,,,,0,0,0,0,0
1701,12,,,,0,0,0,0,0
1701,13,,,,0,0,0,0,0
1701,14,,,,0,0,0,0,0
1701,15,,,,0,0,0,0,0
1702,11,,,,0,0,0,0,0
1702,12,,,,0,0,0,0,0
1702,13,,,,0,0,0,0,0
1702,14,,,,0,0,0,0,0
1702,15,,,,0,0,0,0,0
1703,11,,,,0,0,0,0,0
1703,12,,,,0,0,0,0,0
1703,13,,,,0,0,0,0,0
1703,14,,,,0,0,0,0,0
1703,15,,,,0,0,0,0,0
1704,11,,,,0,0,0,0,0
1704,12,,,,0,0,0,0,0
1704,13,,,,0,0,0,0,0
1704,14,,,,0,0,0,0,0
1704,15,,,,0,0,0,0,0
1705,11,,,,0,0,0,0,0
1705,12,,,,0,0,0,0,0
1705,13,,,,0,0,0,0,0
1705,14,,,,0,0,0,0,0
1705,15,,,,0,0,0,0,0
1706,11,,,,0,0,0,0,0
1706,12,,,,0,0,0,0,0
1706,13,,,,0,0,0,0,0
1706,14,,,,0,0,0,0,0
1706,15,,,,0,0,0,0,0
1707,11,,,,0,0,0,0,0
1707,12,,,,0,0,0,0,0
1707,13,,,,0,0,0,0,0
1707,14,,,,0,0,0,0,0
1707,15,,,,0,0,0,0,0
1708,11,,,,0,0,0,0,0
1708,12,,,,0,0,0,0,0
1708,13,,,,0,0,0,0,0
1708,14,,,,0,0,0,0,0
1708,15,,,,0,0,0,0,0
1709,11,,,,0,0,0,0,0
1709,12,,,,0,0,0,0,0
1709,13,,,,0,0,0,0,0
1709,14,,,,0,0,0,0,0
1709,15,,,,0,0,0,0,0
1710,11,,,,0,0,0,0,0
1710,12,,,,0,0,0,0,0
1710,13,,,,0,0,0,0,0
1710,14,,,,0,0,0,0,0
1710,15,,,,0,0,0,0,0
1711,11,,,,0,0,0,0,0
1711,12,,,,0,0,0,0,0
1711,13,,,,0,0,0,0,0
1711,14,,,,0,0,0,0,0
1711,15,,,,0,0,0,0,0
1712,11,,,,0,0,0,0,0
1712,12,,,,0,0,0,0,0
1712,13,,,,0,0,0,0,0
1712,14,,,,0,0,0,0,0
1712,15,,,,0,0,0,0,0
1713,11,,,,0,0,0,0,0
1713,12,,,,0,0,0,0,0
1713,13,,,,0,0,0,0,0
1713,14,,,,0,0,0,0,0
1713,15,,,,0,0,0,0,0
1714,11,,,,0,0,0,0,0
1714,12,,,,0,0,0,0,0
1714,13,,,,0,0,0,0,0
1714,14,,,,0,0,0,0,0
1714,15,,,,0,0,0,0,0
1715,11,,,,0,0,0,0,0
1715,12,,,,0,0,0,0,0
1715,13,,,,0,0,0,0,0
1715,14,,,,0,0,0,0,0
1715,15,,,,0,0,0,0,0
1716,11,,,,0,0,0,0,0
1716,12,,,,0,0,0,0,0
1716,13,,,,0,0,0,0,0
1716,14,,,,0,0,0,0,0
1716,15,,,,0,0,0,0,0
1717,11,,,,0,0,0,0,0
1717,12,,,,0,0,0,0,0
1717,13,,,,0,0,0,0,0
1717,14,,,,0,0,0,0,0
1717,15,,,,0,0,0,0,0
1718,11,,,,0,0,0,0,0
1718,12,,,,0,0,0,0,0
1718,13,,,,0,0,0,0,0
1718,14,,,,0,0,0,0,0
1718,15,,,,0,0,0,0,0
1719,11,,,,0,0,0,0,0
1719,12,,,,0,0,0,0,0
1719,13,,,,0,0,0,0,0
1719,14,,,,0,0,0,0,0
1719,15,,,,0,0,0,0,0
1720,11,,,,0,0,0,0,0
1720,12,,,,0,0,0,0,0
1720,13,,,,0,0,0,0,0
1720,14,,,,0,0,0,0,0
1720,15,,,,0,0,0,0,0
1721,11,,,,0,0,0,0,0
1721,12,,,,0,0,0,0,0
1721,13,,,,0,0,0,0,0
1721,14,,,,0,0,0,0,0
1721,15,,,,0,0,0,0,0
1722,11,,,,0,0,0,0,0
1722,12,,,,0,0,0,0,0
1722,13,,,,0,0,0,0,0
1722,14,,,,0,0,0,0,0
1722,15,,,,0,0,0,0,0
1723,11,,,,0,0,0,0,0
1723,12,,,,0,0,0,0,0
1723,13,,,,0,0,0,0,0
1723,14,,,,0,0,0,0,0
1723,15,,,,0,0,0,0,0
1724,11,,,,0,0,0,0,0
1724,12,,,,0,0,0,0,0
1724,13,,,,0,0,0,0,0
1724,14,,,,0,0,0,0,0
1724,15,,,,0,0,0,0,0
1725,11,,,,0,0,0,0,0
1725,12,,,,0,0,0,0,0
1725,13,,,,0,0,0,0,0
1725,14,,,,0,0,0,0,0
1725,15,,,,0,0,0,0,0
1726,11,,,,0,0,0,0,0
1726,12,,,,0,0,0,0,0
1726,13,,,,0,0,0,0,0
1726,14,,,,0,0,0,0,0
1726,15,,,,0,0,0,0,0
1727,11,,,,0,0,0,0,0
1727,12,,,,0,0,0,0,0
1727,13,,,,0,0,0,0,0
1727,14,,,,0,0,0,0,0
1727,15,,,,0,0,0,0,0
1728,11,,,,0,0,0,0,0
1728,12,,,,0,0,0,0,0
1728,13,,,,0,0,0,0,0
1728,14,,,,0,0,0,0,0
1728,15,,,,0,0,0,0,0
1729,11,,,,0,0,0,0,0
1729,12,,,,0,0,0,0,0
1729,13,,,,0,0,0,0,0
1729,14,,,,0,0,0,0,0
1729,15,,,,0,0,0,0,0
1730,11,,,,0,0,0,0,0
1730,12,,,,0,0,0,0,0
1730,13,,,,0,0,0,0,0
1730,14,,,,0,0,0,0,0
1730,15,,,,0,0,0,0,0
1731,11,,,,0,0,0,0,0
1731,12,,,,0,0,0,0,0
1731,13,,,,0,0,0,0,0
1731,14,,,,0,0,0,0,0
1731,15,,,,0,0,0,0,0
1732,11,,,,0,0,0,0,0
1732,12,,,,0,0,0,0,0
1732,13,,,,0,0,0,0,0
1732,14,,,,0,0,0,0,0
1732,15,,,,0,0,0,0,0
1733,11,,,,0,0,0,0,0
1733,12,,,,0,0,0,0,0
1733,13,,,,0,0,0,0,0
1733,14,,,,0,0,0,0,0
1733,15,,,,0,0,0,0,0
1734,11,,,,0,0,0,0,0
1734,12,,,,0,0,0,0,0
1734,13,,,,0,0,0,0,0
1734,14,,,,0,0,0,0,0
1734,15,,,,0,0,0,0,0
1735,11,,,,0,0,0,0,0
1735,12,,,,0,0,0,0,0
1735,13,,,,0,0,0,0,0
1735,14,,,,0,0,0,0,0
1735,15,,,,0,0,0,0,0
1736,11,,,,0,0,0,0,0
1736,12,,,,0,0,0,0,0
1736,13,,,,0,0,0,0,0
1736,14,,,,0,0,0,0,0
1736,15,,,,0,0,0,0,0
1737,11,,,,0,0,0,0,0
1737,12,,,,0,0,0,0,0
1737,13,,,,0,0,0,0,0
1737,14,,,,0,0,0,0,0
1737,15,,,,0,0,0,0,0
1738,11,,,,0,0,0,0,0
1738,12,,,,0,0,0,0,0
1738,13,,,,0,0,0,0,0
1738,14,,,,0,0,0,0,0
1738,15,,,,0,0,0,0,0
1739,11,,,,0,0,0,0,0
1739,12,,,,0,0,0,0,0
1739,13,,,,0,0,0,0,0
1739,14,,,,0,0,0,0,0
1739,15,,,,0,0,0,0,0
1740,11,,,,0,0,0,0,0
1740,12,,,,0,0,0,0,0
1740,13,,,,0,0,0,0,0
1740,14,,,,0,0,0,0,0
1740,15,,,,0,0,0,0,0
1741,11,,,,0,0,0,0,0
1741,12,,,,0,0,0,0,0
1741,13,,,,0,0,0,0,0
1741,14,,,,0,0,0,0,0
1741,15,,,,0,0,0,0,0
1742,11,,,,0,0,0,0,0
1742,12,,,,0,0,0,0,0
1742,13,,,,0,0,0,0,0
1742,14,,,,0,0,0,0,0
1742,15,,,,0,0,0,0,0
1743,11,,,,0,0,0,0,0
1743,12,,,,0,0,0,0,0
1743,13,,,,0,0,0,0,0
1743,14,,,,0,0,0,0,0
1743,15,,,,0,0,0,0,0
1744,11,,,,0,0,0,0,0
1744,12,,,,0,0,0,0,0
1744,13,,,,0,0,0,0,0
1744,14,,,,0,0,0,0,0
1744,15,,,,0,0,0,0,0
1745,11,,,,0,0,0,0,0
1745,12,,,,0,0,0,0,0
1745,13,,,,0,0,0,0,0
1745,14,,,,0,0,0,0,0
1745,15,,,,0,0,0,0,0
1746,11,,,,0,0,0,0,0
1746,12,,,,0,0,0,0,0
1746,13,,,,0,0,0,0,0
1746,14,,,,0,0,0,0,0
1746,15,,,,0,0,0,0,0
1747,11,,,,0,0,0,0,0
1747,12,,,,0,0,0,0,0
1747,13,,,,0,0,0,0,0
1747,14,,,,0,0,0,0,0
1747,15,,,,0,0,0,0,0
1748,11,,,,0,0,0,0,0
1748,12,,,,0,0,0,0,0
1748,13,,,,0,0,0,0,0
1748,14,,,,0,0,0,0,0
1748,15,,,,0,0,0,0,0
1749,11,,,,0,0,0,0,0
1749,12,,,,0,0,0,0,0
1749,13,,,,0,0,0,0,0
1749,14,,,,0,0,0,0,0
1749,15,,,,0,0,0,0,0
1750,11,,,,0,0,0,0,0
1750,12,,,,0,0,0,0,0
1750,13,,,,0,0,0,0,0
1750,14,,,,0,0,0,0,0
1750,15,,,,0,0,0,0,0
1751,11,,,,0,0,0,0,0
1751,12,,,,0,0,0,0,0
1751,13,,,,0,0,0,0,0
1751,14,,,,0,0,0,0,0
1751,15,,,,0,0,0,0,0
1752,11,,,,0,0,0,0,0
1752,12,,,,0,0,0,0,0
1752,13,,,,0,0,0,0,0
1752,14,,,,0,0,0,0,0
1752,15,,,,0,0,0,0,0
1753,11,,,,0,0,0,0,0
1753,12,,,,0,0,0,0,0
1753,13,,,,0,0,0,0,0
1753,14,,,,0,0,0,0,0
1753,15,,,,0,0,0,0,0
1754,11,,,,0,0,0,0,0
1754,12,,,,0,0,0,0,0
1754,13,,,,0,0,0,0,0
1754,14,,,,0,0,0,0,0
1754,15,,,,0,0,0,0,0
1755,11,,,,0,0,0,0,0
1755,12,,,,0,0,0,0,0
1755,13,,,,0,0,0,0,0
1755,14,,,,0,0,0,0,0
1755,15,,,,0,0,0,0,0
1756,11,,,,0,0,0,0,0
1756,12,,,,0,0,0,0,0
1756,13,,,,0,0,0,0,0
1756,14,,,,0,0,0,0,0
1756,15,,,,0,0,0,0,0
1757,11,,,,0,0,0,0,0
1757,12,,,,0,0,0,0,0
1757,13,,,,0,0,0,0,0
1757,14,,,,0,0,0,0,0
1757,15,,,,0,0,0,0,0
1758,11,,,,0,0,0,0,0
1758,12,,,,0,0,0,0,0
1758,13,,,,0,0,0,0,0
1758,14,,,,0,0,0,0,0
1758,15,,,,0,0,0,0,0
1759,11,,,,0,0,0,0,0
1759,12,,,,0,0,0,0,0
1759,13,,,,0,0,0,0,0
1759,14,,,,0,0,0,0,0
1759,15,,,,0,0,0,0,0
1760,11,,,,0,0,0,0,0
1760,12,,,,0,0,0,0,0
1760,13,,,,0,0,0,0,0
1760,14,,,,0,0,0,0,0
1760,15,,,,0,0,0,0,0
1761,11,,,,0,0,0,0,0
1761,12,,,,0,0,0,0,0
1761,13,,,,0,0,0,0,0
1761,14,,,,0,0,0,0,0
1761,15,,,,0,0,0,0,0
1762,11,,,,0,0,0,0,0
1762,12,,,,0,0,0,0,0
1762,13,,,,0,0,0,0,0
1762,14,,,,0,0,0,0,0
1762,15,,,,0,0,0,0,0
1763,11,,,,0,0,0,0,0
1763,12,,,,0,0,0,0,0
1763,13,,,,0,0,0,0,0
1763,14,,,,0,0,0,0,0
1763,15,,,,0,0,0,0,0
1764,11,,,,0,0,0,0,0
1764,12,,,,0,0,0,0,0
1764,13,,,,0,0,0,0,0
1764,14,,,,0,0,0,0,0
1764,15,,,,0,0,0,0,0
1765,11,,,,0,0,0,0,0
1765,12,,,,0,0,0,0,0
1765,13,,,,0,0,0,0,0
1765,14,,,,0,0,0,0,0
1765,15,,,,0,0,0,0,0
1766,11,,,,0,0,0,0,0
1766,12,,,,0,0,0,0,0
1766,13,,,,0,0,0,0,0
1766,14,,,,0,0,0,0,0
1766,15,,,,0,0,0,0,0
1767,11,,,,0,0,0,0,0
1767,12,,,,0,0,0,0,0
1767,13,,,,0,0,0,0,0
1767,14,,,,0,0,0,0,0
1767,15,,,,0,0,0,0,0
1768,11,,,,0,0,0,0,0
1768,12,,,,0,0,0,0,0
1768,13,,,,0,0,0,0,0
1768,14,,,,0,0,0,0,0
1768,15,,,,0,0,0,0,0
1769,11,,,,0,0,0,0,0
1769,12,,,,0,0,0,0,0
1769,13,,,,0,0,0,0,0
1769,14,,,,0,0,0,0,0
1769,15,,,,0,0,0,0,0
1770,11,,,,0,0,0,0,0
1770,12,,,,0,0,0,0,0
1770,13,,,,0,0,0,0,0
1770,14,,,,0,0,0,0,0
1770,15,,,,0,0,0,0,0
1771,11,,,,0,0,0,0,0
1771,12,,,,0,0,0,0,0
1771,13,,,,0,0,0,0,0
1771,14,,,,0,0,0,0,0
1771,15,,,,0,0,0,0,0
1772,11,,,,0,0,0,0,0
1772,12,,,,0,0,0,0,0
1772,13,,,,0,0,0,0,0
1772,14,,,,0,0,0,0,0
1772,15,,,,0,0,0,0,0
1773,11,,,,0,0,0,0,0
1773,12,,,,0,0,0,0,0
1773,13,,,,0,0,0,0,0
1773,14,,,,0,0,0,0,0
1773,15,,,,0,0,0,0,0
1774,11,,,,0,0,0,0,0
1774,12,,,,0,0,0,0,0
1774,13,,,,0,0,0,0,0
1774,14,,,,0,0,0,0,0
1774,15,,,,0,0,0,0,0
1775,11,,,,0,0,0,0,0
1775,12,,,,0,0,0,0,0
1775,13,,,,0,0,0,0,0
1775,14,,,,0,0,0,0,0
1775,15,,,,0,0,0,0,0
1776,11,,,,0,0,0,0,0
1776,12,,,,0,0,0,0,0
1776,13,,,,0,0,0,0,0
1776,14,,,,0,0,0,0,0
1776,15,,,,0,0,0,0,0
1777,11,,,,0,0,0,0,0
1777,12,,,,0,0,0,0,0
1777,13,,,,0,0,0,0,0
1777,14,,,,0,0,0,0,0
1777,15,,,,0,0,0,0,0
1778,11,,,,0,0,0,0,0
1778,12,,,,0,0,0,0,0
1778,13,,,,0,0,0,0,0
1778,14,,,,0,0,0,0,0
1778,15,,,,0,0,0,0,0
1779,11,,,,0,0,0,0,0
1779,12,,,,0,0,0,0,0
1779,13,,,,0,0,0,0,0
1779,14,,,,0,0,0,0,0
1779,15,,,,0,0,0,0,0
1780,11,,,,0,0,0,0,0
1780,12,,,,0,0,0,0,0
1780,13,,,,0,0,0,0,0
1780,14,,,,0,0,0,0,0
1780,15,,,,0,0,0,0,0
1781,11,,,,0,0,0,0,0
1781,12,,,,0,0,0,0,0
1781,13,,,,0,0,0,0,0
1781,14,,,,0,0,0,0,0
1781,15,,,,0,0,0,0,0
1782,11,,,,0,0,0,0,0
1782,12,,,,0,0,0,0,0
1782,13,,,,0,0,0,0,0
1782,14,,,,0,0,0,0,0
1782,15,,,,0,0,0,0,0
1783,11,,,,0,0,0,0,0
1783,12,,,,0,0,0,0,0
1783,13,,,,0,0,0,0,0
1783,14,,,,0,0,0,0,0
1783,15,,,,0,0,0,0,0
1784,11,,,,0,0,0,0,0
1784,12,,,,0,0,0,0,0
1784,13,,,,0,0,0,0,0
1784,14,,,,0,0,0,0,0
1784,15,,,,0,0,0,0,0
1785,11,,,,0,0,0,0,0
1785,12,,,,0,0,0,0,0
1785,13,,,,0,0,0,0,0
1785,14,,,,0,0,0,0,0
1785,15,,,,0,0,0,0,0
1786,11,,,,0,0,0,0,0
1786,12,,,,0,0,0,0,0
1786,13,,,,0,0,0,0,0
1786,14,,,,0,0,0,0,0
1786,15,,,,0,0,0,0,0
1787,11,,,,0,0,0,0,0
1787,12,,,,0,0,0,0,0
1787,13,,,,0,0,0,0,0
1787,14,,,,0,0,0,0,0
1787,15,,,,0,0,0,0,0
1788,11,,,,0,0,0,0,0
1788,12,,,,0,0,0,0,0
1788,13,,,,0,0,0,0,0
1788,14,,,,0,0,0,0,0
1788,15,,,,0,0,0,0,0
1789,11,,,,0,0,0,0,0
1789,12,,,,0,0,0,0,0
1789,13,,,,0,0,0,0,0
1789,14,,,,0,0,0,0,0
1789,15,,,,0,0,0,0,0
1790,11,,,,0,0,0,0,0
1790,12,,,,0,0,0,0,0
1790,13,,,,0,0,0,0,0
1790,14,,,,0,0,0,0,0
1790,15,,,,0,0,0,0,0
1791,11,,,,0,0,0,0,0
1791,12,,,,0,0,0,0,0
1791,13,,,,0,0,0,0,0
1791,14,,,,0,0,0,0,0
1791,15,,,,0,0,0,0,0
1792,11,,,,0,0,0,0,0
1792,12,,,,0,0,0,0,0
1792,13,,,,0,0,0,0,0
1792,14,,,,0,0,0,0,0
1792,15,,,,0,0,0,0,0
1793,11,,,,0,0,0,0,0
1793,12,,,,0,0,0,0,0
1793,13,,,,0,0,0,0,0
1793,14,,,,0,0,0,0,0
1793,15,,,,0,0,0,0,0
1794,11,,,,0,0,0,0,0
1794,12,,,,0,0,0,0,0
1794,13,,,,0,0,0,0,0
1794,14,,,,0,0,0,0,0
1794,15,,,,0,0,0,0,0
1795,11,,,,0,0,0,0,0
1795,12,,,,0,0,0,0,0
1795,13,,,,0,0,0,0,0
1795,14,,,,0,0,0,0,0
1795,15,,,,0,0,0,0,0
1796,11,,,,0,0,0,0,0
1796,12,,,,0,0,0,0,0
1796,13,,,,0,0,0,0,0
1796,14,,,,0,0,0,0,0
1796,15,,,,0,0,0,0,0
1797,11,,,,0,0,0,0,0
1797,12,,,,0,0,0,0,0
1797,13,,,,0,0,0,0,0
1797,14,,,,0,0,0,0,0
1797,15,,,,0,0,0,0,0
1798,11,,,,0,0,0,0,0
1798,12,,,,0,0,0,0,0
1798,13,,,,0,0,0,0,0
1798,14,,,,0,0,0,0,0
1798,15,,,,0,0,0,0,0
1799,11,,,,0,0,0,0,0
1799,12,,,,0,0,0,0,0
1799,13,,,,0,0,0,0,0
1799,14,,,,0,0,0,0,0
1799,15,,,,0,0,0,0,0
1800,11,,,,0,0,0,0,0
1800,12,,,,0,0,0,0,0
1800,13,,,,0,0,0,0,0
1800,14,,,,0,0,0,0,0
1800,15,,,,0,0,0,0,0
1801,11,,,,0,0,0,0,0
1801,12,,,,0,0,0,0,0
1801,13,,,,0,0,0,0,0
1801,14,,,,0,0,0,0,0
1801,15,,,,0,0,0,0,0
1802,11,,,,0,0,0,0,0
1802,12,,,,0,0,0,0,0
1802,13,,,,0,0,0,0,0
1802,14,,,,0,0,0,0,0
1802,15,,,,0,0,0,0,0
1803,11,,,,0,0,0,0,0
1803,12,,,,0,0,0,0,0
1803,13,,,,0,0,0,0,0
1803,14,,,,0,0,0,0,0
1803,15,,,,0,0,0,0,0
1804,11,,,,0,0,0,0,0
1804,12,,,,0,0,0,0,0
1804,13,,,,0,0,0,0,0
1804,14,,,,0,0,0,0,0
1804,15,,,,0,0,0,0,0
1805,11,,,,0,0,0,0,0
1805,12,,,,0,0,0,0,0
1805,13,,,,0,0,0,0,0
1805,14,,,,0,0,0,0,0
1805,15,,,,0,0,0,0,0
1806,11,,,,0,0,0,0,0
1806,12,,,,0,0,0,0,0
1806,13,,,,0,0,0,0,0
1806,14,,,,0,0,0,0,0
1806,15,,,,0,0,0,0,0
1807,11,,,,0,0,0,0,0
1807,12,,,,0,0,0,0,0
1807,13,,,,0,0,0,0,0
1807,14,,,,0,0,0,0,0
1807,15,,,,0,0,0,0,0
1808,11,,,,0,0,0,0,0
1808,12,,,,0,0,0,0,0
1808,13,,,,0,0,0,0,0
1808,14,,,,0,0,0,0,0
1808,15,,,,0,0,0,0,0
1809,11,,,,0,0,0,0,0
1809,12,,,,0,0,0,0,0
1809,13,,,,0,0,0,0,0
1809,14,,,,0,0,0,0,0
1809,15,,,,0,0,0,0,0
1810,11,,,,0,0,0,0,0
1810,12,,,,0,0,0,0,0
1810,13,,,,0,0,0,0,0
1810,14,,,,0,0,0,0,0
1810,15,,,,0,0,0,0,0
1811,11,,,,0,0,0,0,0
1811,12,,,,0,0,0,0,0
1811,13,,,,0,0,0,0,0
1811,14,,,,0,0,0,0,0
1811,15,,,,0,0,0,0,0
1812,11,,,,0,0,0,0,0
1812,12,,,,0,0,0,0,0
1812,13,,,,0,0,0,0,0
1812,14,,,,0,0,0,0,0
1812,15,,,,0,0,0,0,0
1813,11,,,,0,0,0,0,0
1813,12,,,,0,0,0,0,0
1813,13,,,,0,0,0,0,0
1813,14,,,,0,0,0,0,0
1813,15,,,,0,0,0,0,0
1814,11,,,,0,0,0,0,0
1814,12,,,,0,0,0,0,0
1814,13,,,,0,0,0,0,0
1814,14,,,,0,0,0,0,0
1814,15,,,,0,0,0,0,0
1815,11,,,,0,0,0,0,0
1815,12,,,,0,0,0,0,0
1815,13,,,,0,0,0,0,0
1815,14,,,,0,0,0,0,0
1815,15,,,,0,0,0,0,0
1816,11,,,,0,0,0,0,0
1816,12,,,,0,0,0,0,0
1816,13,,,,0,0,0,0,0
1816,14,,,,0,0,0,0,0
1816,15,,,,0,0,0,0,0
1817,11,,,,0,0,0,0,0
1817,12,,,,0,0,0,0,0
1817,13,,,,0,0,0,0,0
1817,14,,,,0,0,0,0,0
1817,15,,,,0,0,0,0,0
1818,11,,,,0,0,0,0,0
1818,12,,,,0,0,0,0,0
1818,13,,,,0,0,0,0,0
1818,14,,,,0,0,0,0,0
1818,15,,,,0,0,0,0,0
1819,11,,,,0,0,0,0,0
1819,12,,,,0,0,0,0,0
1819,13,,,,0,0,0,0,0
1819,14,,,,0,0,0,0,0
1819,15,,,,0,0,0,0,0
1820,11,,,,0,0,0,0,0
1820,12,,,,0,0,0,0,0
1820,13,,,,0,0,0,0,0
1820,14,,,,0,0,0,0,0
1820,15,,,,0,0,0,0,0
1821,11,,,,0,0,0,0,0
1821,12,,,,0,0,0,0,0
1821,13,,,,0,0,0,0,0
1821,14,,,,0,0,0,0,0
1821,15,,,,0,0,0,0,0
1822,11,,,,0,0,0,0,0
1822,12,,,,0,0,0,0,0
1822,13,,,,0,0,0,0,0
1822,14,,,,0,0,0,0,0
1822,15,,,,0,0,0,0,0
1823,11,,,,0,0,0,0,0
1823,12,,,,0,0,0,0,0
1823,13,,,,0,0,0,0,0
1823,14,,,,0,0,0,0,0
1823,15,,,,0,0,0,0,0
1824,11,,,,0,0,0,0,0
1824,12,,,,0,0,0,0,0
1824,13,,,,0,0,0,0,0
1824,14,,,,0,0,0,0,0
1824,15,,,,0,0,0,0,0
1825,11,,,,0,0,0,0,0
1825,12,,,,0,0,0,0,0
1825,13,,,,0,0,0,0,0
1825,14,,,,0,0,0,0,0
1825,15,,,,0,0,0,0,0
1826,11,,,,0,0,0,0,0
1826,12,,,,0,0,0,0,0
1826,13,,,,0,0,0,0,0
1826,14,,,,0,0,0,0,0
1826,15,,,,0,0,0,0,0
1827,11,,,,0,0,0,0,0
1827,12,,,,0,0,0,0,0
1827,13,,,,0,0,0,0,0
1827,14,,,,0,0,0,0,0
1827,15,,,,0,0,0,0,0
1828,11,,,,0,0,0,0,0
1828,12,,,,0,0,0,0,0
1828,13,,,,0,0,0,0,0
1828,14,,,,0,0,0,0,0
1828,15,,,,0,0,0,0,0
1829,11,,,,0,0,0,0,0
1829,12,,,,0,0,0,0,0
1829,13,,,,0,0,0,0,0
1829,14,,,,0,0,0,0,0
1829,15,,,,0,0,0,0,0
1830,11,,,,0,0,0,0,0
1830,12,,,,0,0,0,0,0
1830,13,,,,0,0,0,0,0
1830,14,,,,0,0,0,0,0
1830,15,,,,0,0,0,0,0
1831,11,,,,0,0,0,0,0
1831,12,,,,0,0,0,0,0
1831,13,,,,0,0,0,0,0
1831,14,,,,0,0,0,0,0
1831,15,,,,0,0,0,0,0
1832,11,,,,0,0,0,0,0
1832,12,,,,0,0,0,0,0
1832,13,,,,0,0,0,0,0
1832,14,,,,0,0,0,0,0
1832,15,,,,0,0,0,0,0
1833,11,,,,0,0,0,0,0
1833,12,,,,0,0,0,0,0
1833,13,,,,0,0,0,0,0
1833,14,,,,0,0,0,0,0
1833,15,,,,0,0,0,0,0
1834,11,,,,0,0,0,0,0
1834,12,,,,0,0,0,0,0
1834,13,,,,0,0,0,0,0
1834,14,,,,0,0,0,0,0
1834,15,,,,0,0,0,0,0
1835,11,,,,0,0,0,0,0
1835,12,,,,0,0,0,0,0
1835,13,,,,0,0,0,0,0
1835,14,,,,0,0,0,0,0
1835,15,,,,0,0,0,0,0
1836,11,,,,0,0,0,0,0
1836,12,,,,0,0,0,0,0
1836,13,,,,0,0,0,0,0
1836,14,,,,0,0,0,0,0
1836,15,,,,0,0,0,0,0
1837,11,,,,0,0,0,0,0
1837,12,,,,0,0,0,0,0
1837,13,,,,0,0,0,0,0
1837,14,,,,0,0,0,0,0
1837,15,,,,0,0,0,0,0
1838,11,,,,0,0,0,0,0
1838,12,,,,0,0,0,0,0
1838,13,,,,0,0,0,0,0
1838,14,,,,0,0,0,0,0
1838,15,,,,0,0,0,0,0
1839,11,,,,0,0,0,0,0
1839,12,,,,0,0,0,0,0
1839,13,,,,0,0,0,0,0
1839,14,,,,0,0,0,0,0
1839,15,,,,0,0,0,0,0
1840,11,,,,0,0,0,0,0
1840,12,,,,0,0,0,0,0
1840,13,,,,0,0,0,0,0
1840,14,,,,0,0,0,0,0
1840,15,,,,0,0,0,0,0
1841,11,,,,0,0,0,0,0
1841,12,,,,0,0,0,0,0
1841,13,,,,0,0,0,0,0
1841,14,,,,0,0,0,0,0
1841,15,,,,0,0,0,0,0
1842,11,,,,0,0,0,0,0
1842,12,,,,0,0,0,0,0
1842,13,,,,0,0,0,0,0
1842,14,,,,0,0,0,0,0
1842,15,,,,0,0,0,0,0
1843,11,,,,0,0,0,0,0
1843,12,,,,0,0,0,0,0
1843,13,,,,0,0,0,0,0
1843,14,,,,0,0,0,0,0
1843,15,,,,0,0,0,0,0
1844,11,,,,0,0,0,0,0
1844,12,,,,0,0,0,0,0
1844,13,,,,0,0,0,0,0
1844,14,,,,0,0,0,0,0
1844,15,,,,0,0,0,0,0
1845,11,,,,0,0,0,0,0
1845,12,,,,0,0,0,0,0
1845,13,,,,0,0,0,0,0
1845,14,,,,0,0,0,0,0
1845,15,,,,0,0,0,0,0
1846,11,,,,0,0,0,0,0
1846,12,,,,0,0,0,0,0
1846,13,,,,0,0,0,0,0
1846,14,,,,0,0,0,0,0
1846,15,,,,0,0,0,0,0
1847,11,,,,0,0,0,0,0
1847,12,,,,0,0,0,0,0
1847,13,,,,0,0,0,0,0
1847,14,,,,0,0,0,0,0
1847,15,,,,0,0,0,0,0
1848,11,,,,0,0,0,0,0
1848,12,,,,0,0,0,0,0
1848,13,,,,0,0,0,0,0
1848,14,,,,0,0,0,0,0
1848,15,,,,0,0,0,0,0
1849,11,,,,0,0,0,0,0
1849,12,,,,0,0,0,0,0
1849,13,,,,0,0,0,0,0
1849,14,,,,0,0,0,0,0
1849,15,,,,0,0,0,0,0
1850,11,,,,0,0,0,0,0
1850,12,,,,0,0,0,0,0
1850,13,,,,0,0,0,0,0
1850,14,,,,0,0,0,0,0
1850,15,,,,0,0,0,0,0
1851,11,,,,0,0,0,0,0
1851,12,,,,0,0,0,0,0
1851,13,,,,0,0,0,0,0
1851,14,,,,0,0,0,0,0
1851,15,,,,0,0,0,0,0
1852,11,,,,0,0,0,0,0
1852,12,,,,0,0,0,0,0
1852,13,,,,0,0,0,0,0
1852,14,,,,0,0,0,0,0
1852,15,,,,0,0,0,0,0
1853,11,,,,0,0,0,0,0
1853,12,,,,0,0,0,0,0
1853,13,,,,0,0,0,0,0
1853,14,,,,0,0,0,0,0
1853,15,,,,0,0,0,0,0
1854,11,,,,0,0,0,0,0
1854,12,,,,0,0,0,0,0
1854,13,,,,0,0,0,0,0
1854,14,,,,0,0,0,0,0
1854,15,,,,0,0,0,0,0
1855,11,,,,0,0,0,0,0
1855,12,,,,0,0,0,0,0
1855,13,,,,0,0,0,0,0
1855,14,,,,0,0,0,0,0
1855,15,,,,0,0,0,0,0
1856,11,,,,0,0,0,0,0
1856,12,,,,0,0,0,0,0
1856,13,,,,0,0,0,0,0
1856,14,,,,0,0,0,0,0
1856,15,,,,0,0,0,0,0
1857,11,,,,0,0,0,0,0
1857,12,,,,0,0,0,0,0
1857,13,,,,0,0,0,0,0
1857,14,,,,0,0,0,0,0
1857,15,,,,0,0,0,0,0
1858,11,,,,0,0,0,0,0
1858,12,,,,0,0,0,0,0
1858,13,,,,0,0,0,0,0
1858,14,,,,0,0,0,0,0
1858,15,,,,0,0,0,0,0
1859,11,,,,0,0,0,0,0
1859,12,,,,0,0,0,0,0
1859,13,,,,0,0,0,0,0
1859,14,,,,0,0,0,0,0
1859,15,,,,0,0,0,0,0
1860,11,,,,0,0,0,0,0
1860,12,,,,0,0,0,0,0
1860,13,,,,0,0,0,0,0
1860,14,,,,0,0,0,0,0
1860,15,,,,0,0,0,0,0
1861,11,,,,0,0,0,0,0
1861,12,,,,0,0,0,0,0
1861,13,,,,0,0,0,0,0
1861,14,,,,0,0,0,0,0
1861,15,,,,0,0,0,0,0
1862,11,,,,0,0,0,0,0
1862,12,,,,0,0,0,0,0
1862,13,,,,0,0,0,0,0
1862,14,,,,0,0,0,0,0
1862,15,,,,0,0,0,0,0
1863,11,,,,0,0,0,0,0
1863,12,,,,0,0,0,0,0
1863,13,,,,0,0,0,0,0
1863,14,,,,0,0,0,0,0
1863,15,,,,0,0,0,0,0
1864,11,,,,0,0,0,0,0
1864,12,,,,0,0,0,0,0
1864,13,,,,0,0,0,0,0
1864,14,,,,0,0,0,0,0
1864,15,,,,0,0,0,0,0
1865,11,,,,0,0,0,0,0
1865,12,,,,0,0,0,0,0
1865,13,,,,0,0,0,0,0
1865,14,,,,0,0,0,0,0
1865,15,,,,0,0,0,0,0
1866,11,,,,0,0,0,0,0
1866,12,,,,0,0,0,0,0
1866,13,,,,0,0,0,0,0
1866,14,,,,0,0,0,0,0
1866,15,,,,0,0,0,0,0
1867,11,,,,0,0,0,0,0
1867,12,,,,0,0,0,0,0
1867,13,,,,0,0,0,0,0
1867,14,,,,0,0,0,0,0
1867,15,,,,0,0,0,0,0
1868,11,,,,0,0,0,0,0
1868,12,,,,0,0,0,0,0
1868,13,,,,0,0,0,0,0
1868,14,,,,0,0,0,0,0
1868,15,,,,0,0,0,0,0
1869,11,,,,0,0,0,0,0
1869,12,,,,0,0,0,0,0
1869,13,,,,0,0,0,0,0
1869,14,,,,0,0,0,0,0
1869,15,,,,0,0,0,0,0
1870,11,,,,0,0,0,0,0
1870,12,,,,0,0,0,0,0
1870,13,,,,0,0,0,0,0
1870,14,,,,0,0,0,0,0
1870,15,,,,0,0,0,0,0
1871,11,,,,0,0,0,0,0
1871,12,,,,0,0,0,0,0
1871,13,,,,0,0,0,0,0
1871,14,,,,0,0,0,0,0
1871,15,,,,0,0,0,0,0
1872,11,,,,0,0,0,0,0
1872,12,,,,0,0,0,0,0
1872,13,,,,0,0,0,0,0
1872,14,,,,0,0,0,0,0
1872,15,,,,0,0,0,0,0
1873,11,,,,0,0,0,0,0
1873,12,,,,0,0,0,0,0
1873,13,,,,0,0,0,0,0
1873,14,,,,0,0,0,0,0
1873,15,,,,0,0,0,0,0
1874,11,,,,0,0,0,0,0
1874,12,,,,0,0,0,0,0
1874,13,,,,0,0,0,0,0
1874,14,,,,0,0,0,0,0
1874,15,,,,0,0,0,0,0
1875,11,,,,0,0,0,0,0
1875,12,,,,0,0,0,0,0
1875,13,,,,0,0,0,0,0
1875,14,,,,0,0,0,0,0
1875,15,,,,0,0,0,0,0
1876,11,,,,0,0,0,0,0
1876,12,,,,0,0,0,0,0
1876,13,,,,0,0,0,0,0
1876,14,,,,0,0,0,0,0
1876,15,,,,0,0,0,0,0
1877,11,,,,0,0,0,0,0
1877,12,,,,0,0,0,0,0
1877,13,,,,0,0,0,0,0
1877,14,,,,0,0,0,0,0
1877,15,,,,0,0,0,0,0
1878,11,,,,0,0,0,0,0
1878,12,,,,0,0,0,0,0
1878,13,,,,0,0,0,0,0
1878,14,,,,0,0,0,0,0
1878,15,,,,0,0,0,0,0
1879,11,,,,0,0,0,0,0
1879,12,,,,0,0,0,0,0
1879,13,,,,0,0,0,0,0
1879,14,,,,0,0,0,0,0
1879,15,,,,0,0,0,0,0
1880,11,,,,0,0,0,0,0
1880,12,,,,0,0,0,0,0
1880,13,,,,0,0,0,0,0
1880,14,,,,0,0,0,0,0
1880,15,,,,0,0,0,0,0
1881,11,,,,0,0,0,0,0
1881,12,,,,0,0,0,0,0
1881,13,,,,0,0,0,0,0
1881,14,,,,0,0,0,0,0
1881,15,,,,0,0,0,0,0
1882,11,,,,0,0,0,0,0
1882,12,,,,0,0,0,0,0
1882,13,,,,0,0,0,0,0
1882,14,,,,0,0,0,0,0
1882,15,,,,0,0,0,0,0
1883,11,,,,0,0,0,0,0
1883,12,,,,0,0,0,0,0
1883,13,,,,0,0,0,0,0
1883,14,,,,0,0,0,0,0
1883,15,,,,0,0,0,0,0
1884,11,,,,0,0,0,0,0
1884,12,,,,0,0,0,0,0
1884,13,,,,0,0,0,0,0
1884,14,,,,0,0,0,0,0
1884,15,,,,0,0,0,0,0
1885,11,,,,0,0,0,0,0
1885,12,,,,0,0,0,0,0
1885,13,,,,0,0,0,0,0
1885,14,,,,0,0,0,0,0
1885,15,,,,0,0,0,0,0
1886,11,,,,0,0,0,0,0
1886,12,,,,0,0,0,0,0
1886,13,,,,0,0,0,0,0
1886,14,,,,0,0,0,0,0
1886,15,,,,0,0,0,0,0
1887,11,,,,0,0,0,0,0
1887,12,,,,0,0,0,0,0
1887,13,,,,0,0,0,0,0
1887,14,,,,0,0,0,0,0
1887,15,,,,0,0,0,0,0
1888,11,,,,0,0,0,0,0
1888,12,,,,0,0,0,0,0
1888,13,,,,0,0,0,0,0
1888,14,,,,0,0,0,0,0
1888,15,,,,0,0,0,0,0
1889,11,,,,0,0,0,0,0
1889,12,,,,0,0,0,0,0
1889,13,,,,0,0,0,0,0
1889,14,,,,0,0,0,0,0
1889,15,,,,0,0,0,0,0
1890,11,,,,0,0,0,0,0
1890,12,,,,0,0,0,0,0
1890,13,,,,0,0,0,0,0
1890,14,,,,0,0,0,0,0
1890,15,,,,0,0,0,0,0
1891,11,,,,0,0,0,0,0
1891,12,,,,0,0,0,0,0
1891,13,,,,0,0,0,0,0
1891,14,,,,0,0,0,0,0
1891,15,,,,0,0,0,0,0
1892,11,,,,0,0,0,0,0
1892,12,,,,0,0,0,0,0
1892,13,,,,0,0,0,0,0
1892,14,,,,0,0,0,0,0
1892,15,,,,0,0,0,0,0
1893,11,,,,0,0,0,0,0
1893,12,,,,0,0,0,0,0
1893,13,,,,0,0,0,0,0
1893,14,,,,0,0,0,0,0
1893,15,,,,0,0,0,0,0
1894,11,,,,0,0,0,0,0
1894,12,,,,0,0,0,0,0
1894,13,,,,0,0,0,0,0
1894,14,,,,0,0,0,0,0
1894,15,,,,0,0,0,0,0
1895,11,,,,0,0,0,0,0
1895,12,,,,0,0,0,0,0
1895,13,,,,0,0,0,0,0
1895,14,,,,0,0,0,0,0
1895,15,,,,0,0,0,0,0
1896,11,,,,0,0,0,0,0
1896,12,,,,0,0,0,0,0
1896,13,,,,0,0,0,0,0
1896,14,,,,0,0,0,0,0
1896,15,,,,0,0,0,0,0
1897,11,,,,0,0,0,0,0
1897,12,,,,0,0,0,0,0
1897,13,,,,0,0,0,0,0
1897,14,,,,0,0,0,0,0
1897,15,,,,0,0,0,0,0
1898,11,,,,0,0,0,0,0
1898,12,,,,0,0,0,0,0
1898,13,,,,0,0,0,0,0
1898,14,,,,0,0,0,0,0
1898,15,,,,0,0,0,0,0
1899,11,,,,0,0,0,0,0
1899,12,,,,0,0,0,0,0
1899,13,,,,0,0,0,0,0
1899,14,,,,0,0,0,0,0
1899,15,,,,0,0,0,0,0
1900,11,,,,0,0,0,0,0
1900,12,,,,0,0,0,0,0
1900,13,,,,0,0,0,0,0
1900,14,,,,0,0,0,0,0
1900,15,,,,0,0,0,0,0
1901,11,,,,0,0,0,0,0
1901,12,,,,0,0,0,0,0
1901,13,,,,0,0,0,0,0
1901,14,,,,0,0,0,0,0
1901,15,,,,0,0,0,0,0
1902,11,,,,0,0,0,0,0
1902,12,,,,0,0,0,0,0
1902,13,,,,0,0,0,0,0
1902,14,,,,0,0,0,0,0
1902,15,,,,0,0,0,0,0
1903,11,,,,0,0,0,0,0
1903,12,,,,0,0,0,0,0
1903,13,,,,0,0,0,0,0
1903,14,,,,0,0,0,0,0
1903,15,,,,0,0,0,0,0
1904,11,,,,0,0,0,0,0
1904,12,,,,0,0,0,0,0
1904,13,,,,0,0,0,0,0
1904,14,,,,0,0,0,0,0
1904,15,,,,0,0,0,0,0
1905,11,,,,0,0,0,0,0
1905,12,,,,0,0,0,0,0
1905,13,,,,0,0,0,0,0
1905,14,,,,0,0,0,0,0
1905,15,,,,0,0,0,0,0
1906,11,,,,0,0,0,0,0
1906,12,,,,0,0,0,0,0
1906,13,,,,0,0,0,0,0
1906,14,,,,0,0,0,0,0
1906,15,,,,0,0,0,0,0
1907,11,,,,0,0,0,0,0
1907,12,,,,0,0,0,0,0
1907,13,,,,0,0,0,0,0
1907,14,,,,0,0,0,0,0
1907,15,,,,0,0,0,0,0
1908,11,,,,0,0,0,0,0
1908,12,,,,0,0,0,0,0
1908,13,,,,0,0,0,0,0
1908,14,,,,0,0,0,0,0
1908,15,,,,0,0,0,0,0
1909,11,,,,0,0,0,0,0
1909,12,,,,0,0,0,0,0
1909,13,,,,0,0,0,0,0
1909,14,,,,0,0,0,0,0
1909,15,,,,0,0,0,0,0
1910,11,,,,0,0,0,0,0
1910,12,,,,0,0,0,0,0
1910,13,,,,0,0,0,0,0
1910,14,,,,0,0,0,0,0
1910,15,,,,0,0,0,0,0
1911,11,,,,0,0,0,0,0
1911,12,,,,0,0,0,0,0
1911,13,,,,0,0,0,0,0
1911,14,,,,0,0,0,0,0
1911,15,,,,0,0,0,0,0
1912,11,,,,0,0,0,0,0
1912,12,,,,0,0,0,0,0
1912,13,,,,0,0,0,0,0
1912,14,,,,0,0,0,0,0
1912,15,,,,0,0,0,0,0
1913,11,,,,0,0,0,0,0
1913,12,,,,0,0,0,0,0
1913,13,,,,0,0,0,0,0
1913,14,,,,0,0,0,0,0
1913,15,,,,0,0,0,0,0
1914,11,,,,0,0,0,0,0
1914,12,,,,0,0,0,0,0
1914,13,,,,0,0,0,0,0
1914,14,,,,0,0,0,0,0
1914,15,,,,0,0,0,0,0
1915,11,,,,0,0,0,0,0
1915,12,,,,0,0,0,0,0
1915,13,,,,0,0,0,0,0
1915,14,,,,0,0,0,0,0
1915,15,,,,0,0,0,0,0
1916,11,,,,0,0,0,0,0
1916,12,,,,0,0,0,0,0
1916,13,,,,0,0,0,0,0
1916,14,,,,0,0,0,0,0
1916,15,,,,0,0,0,0,0
1917,11,,,,0,0,0,0,0
1917,12,,,,0,0,0,0,0
1917,13,,,,0,0,0,0,0
1917,14,,,,0,0,0,0,0
1917,15,,,,0,0,0,0,0
1918,11,,,,0,0,0,0,0
1918,12,,,,0,0,0,0,0
1918,13,,,,0,0,0,0,0
1918,14,,,,0,0,0,0,0
1918,15,,,,0,0,0,0,0
1919,11,,,,0,0,0,0,0
1919,12,,,,0,0,0,0,0
1919,13,,,,0,0,0,0,0
1919,14,,,,0,0,0,0,0
1919,15,,,,0,0,0,0,0
1920,11,,,,0,0,0,0,0
1920,12,,,,0,0,0,0,0
1920,13,,,,0,0,0,0,0
1920,14,,,,0,0,0,0,0
1920,15,,,,0,0,0,0,0
1921,11,,,,0,0,0,0,0
1921,12,,,,0,0,0,0,0
1921,13,,,,0,0,0,0,0
1921,14,,,,0,0,0,0,0
1921,15,,,,0,0,0,0,0
1922,11,,,,0,0,0,0,0
1922,12,,,,0,0,0,0,0
1922,13,,,,0,0,0,0,0
1922,14,,,,0,0,0,0,0
1922,15,,,,0,0,0,0,0
1923,11,,,,0,0,0,0,0
1923,12,,,,0,0,0,0,0
1923,13,,,,0,0,0,0,0
1923,14,,,,0,0,0,0,0
1923,15,,,,0,0,0,0,0
1924,11,,,,0,0,0,0,0
1924,12,,,,0,0,0,0,0
1924,13,,,,0,0,0,0,0
1924,14,,,,0,0,0,0,0
1924,15,,,,0,0,0,0,0
1925,11,,,,0,0,0,0,0
1925,12,,,,0,0,0,0,0
1925,13,,,,0,0,0,0,0
1925,14,,,,0,0,0,0,0
1925,15,,,,0,0,0,0,0
1926,11,,,,0,0,0,0,0
1926,12,,,,0,0,0,0,0
1926,13,,,,0,0,0,0,0
1926,14,,,,0,0,0,0,0
1926,15,,,,0,0,0,0,0
1927,11,,,,0,0,0,0,0
1927,12,,,,0,0,0,0,0
1927,13,,,,0,0,0,0,0
1927,14,,,,0,0,0,0,0
1927,15,,,,0,0,0,0,0
1928,11,,,,0,0,0,0,0
1928,12,,,,0,0,0,0,0
1928,13,,,,0,0,0,0,0
1928,14,,,,0,0,0,0,0
1928,15,,,,0,0,0,0,0
1929,11,,,,0,0,0,0,0
1929,12,,,,0,0,0,0,0
1929,13,,,,0,0,0,0,0
1929,14,,,,0,0,0,0,0
1929,15,,,,0,0,0,0,0
1930,11,,,,0,0,0,0,0
1930,12,,,,0,0,0,0,0
1930,13,,,,0,0,0,0,0
1930,14,,,,0,0,0,0,0
1930,15,,,,0,0,0,0,0
1931,11,,,,0,0,0,0,0
1931,12,,,,0,0,0,0,0
1931,13,,,,0,0,0,0,0
1931,14,,,,0,0,0,0,0
1931,15,,,,0,0,0,0,0
1932,11,,,,0,0,0,0,0
1932,12,,,,0,0,0,0,0
1932,13,,,,0,0,0,0,0
1932,14,,,,0,0,0,0,0
1932,15,,,,0,0,0,0,0
1933,11,,,,0,0,0,0,0
1933,12,,,,0,0,0,0,0
1933,13,,,,0,0,0,0,0
1933,14,,,,0,0,0,0,0
1933,15,,,,0,0,0,0,0
1934,11,,,,0,0,0,0,0
1934,12,,,,0,0,0,0,0
1934,13,,,,0,0,0,0,0
1934,14,,,,0,0,0,0,0
1934,15,,,,0,0,0,0,0
1935,11,,,,0,0,0,0,0
1935,12,,,,0,0,0,0,0
1935,13,,,,0,0,0,0,0
1935,14,,,,0,0,0,0,0
1935,15,,,,0,0,0,0,0
1936,11,,,,0,0,0,0,0
1936,12,,,,0,0,0,0,0
1936,13,,,,0,0,0,0,0
1936,14,,,,0,0,0,0,0
1936,15,,,,0,0,0,0,0
1937,11,,,,0,0,0,0,0
1937,12,,,,0,0,0,0,0
1937,13,,,,0,0,0,0,0
1937,14,,,,0,0,0,0,0
1937,15,,,,0,0,0,0,0
1938,11,,,,0,0,0,0,0
1938,12,,,,0,0,0,0,0
1938,13,,,,0,0,0,0,0
1938,14,,,,0,0,0,0,0
1938,15,,,,0,0,0,0,0
1939,11,,,,0,0,0,0,0
1939,12,,,,0,0,0,0,0
1939,13,,,,0,0,0,0,0
1939,14,,,,0,0,0,0,0
1939,15,,,,0,0,0,0,0
1940,11,,,,0,0,0,0,0
1940,12,,,,0,0,0,0,0
1940,13,,,,0,0,0,0,0
1940,14,,,,0,0,0,0,0
1940,15,,,,0,0,0,0,0
1941,11,,,,0,0,0,0,0
1941,12,,,,0,0,0,0,0
1941,13,,,,0,0,0,0,0
1941,14,,,,0,0,0,0,0
1941,15,,,,0,0,0,0,0
1942,11,,,,0,0,0,0,0
1942,12,,,,0,0,0,0,0
1942,13,,,,0,0,0,0,0
1942,14,,,,0,0,0,0,0
1942,15,,,,0,0,0,0,0
1943,11,,,,0,0,0,0,0
1943,12,,,,0,0,0,0,0
1943,13,,,,0,0,0,0,0
1943,14,,,,0,0,0,0,0
1943,15,,,,0,0,0,0,0
1944,11,,,,0,0,0,0,0
1944,12,,,,0,0,0,0,0
1944,13,,,,0,0,0,0,0
1944,14,,,,0,0,0,0,0
1944,15,,,,0,0,0,0,0
1945,11,,,,0,0,0,0,0
1945,12,,,,0,0,0,0,0
1945,13,,,,0,0,0,0,0
1945,14,,,,0,0,0,0,0
1945,15,,,,0,0,0,0,0
1946,11,,,,0,0,0,0,0
1946,12,,,,0,0,0,0,0
1946,13,,,,0,0,0,0,0
1946,14,,,,0,0,0,0,0
1946,15,,,,0,0,0,0,0
1947,11,,,,0,0,0,0,0
1947,12,,,,0,0,0,0,0
1947,13,,,,0,0,0,0,0
1947,14,,,,0,0,0,0,0
1947,15,,,,0,0,0,0,0
1948,11,,,,0,0,0,0,0
1948,12,,,,0,0,0,0,0
1948,13,,,,0,0,0,0,0
1948,14,,,,0,0,0,0,0
1948,15,,,,0,0,0,0,0
1949,11,,,,0,0,0,0,0
1949,12,,,,0,0,0,0,0
1949,13,,,,0,0,0,0,0
1949,14,,,,0,0,0,0,0
1949,15,,,,0,0,0,0,0
1950,11,,,,0,0,0,0,0
1950,12,,,,0,0,0,0,0
1950,13,,,,0,0,0,0,0
1950,14,,,,0,0,0,0,0
1950,15,,,,0,0,0,0,0
1951,11,,,,0,0,0,0,0
1951,12,,,,0,0,0,0,0
1951,13,,,,0,0,0,0,0
1951,14,,,,0,0,0,0,0
1951,15,,,,0,0,0,0,0
1952,11,,,,0,0,0,0,0
1952,12,,,,0,0,0,0,0
1952,13,,,,0,0,0,0,0
1952,14,,,,0,0,0,0,0
1952,15,,,,0,0,0,0,0
1953,11,,,,0,0,0,0,0
1953,12,,,,0,0,0,0,0
1953,13,,,,0,0,0,0,0
1953,14,,,,0,0,0,0,0
1953,15,,,,0,0,0,0,0
1954,11,,,,0,0,0,0,0
1954,12,,,,0,0,0,0,0
1954,13,,,,0,0,0,0,0
1954,14,,,,0,0,0,0,0
1954,15,,,,0,0,0,0,0
1955,11,,,,0,0,0,0,0
1955,12,,,,0,0,0,0,0
1955,13,,,,0,0,0,0,0
1955,14,,,,0,0,0,0,0
1955,15,,,,0,0,0,0,0
1956,11,,,,0,0,0,0,0
1956,12,,,,0,0,0,0,0
1956,13,,,,0,0,0,0,0
1956,14,,,,0,0,0,0,0
1956,15,,,,0,0,0,0,0
1957,11,,,,0,0,0,0,0
1957,12,,,,0,0,0,0,0
1957,13,,,,0,0,0,0,0
1957,14,,,,0,0,0,0,0
1957,15,,,,0,0,0,0,0
1958,11,,,,0,0,0,0,0
1958,12,,,,0,0,0,0,0
1958,13,,,,0,0,0,0,0
1958,14,,,,0,0,0,0,0
1958,15,,,,0,0,0,0,0
1959,11,,,,0,0,0,0,0
1959,12,,,,0,0,0,0,0
1959,13,,,,0,0,0,0,0
1959,14,,,,0,0,0,0,0
1959,15,,,,0,0,0,0,0
1960,11,,,,0,0,0,0,0
1960,12,,,,0,0,0,0,0
1960,13,,,,0,0,0,0,0
1960,14,,,,0,0,0,0,0
1960,15,,,,0,0,0,0,0
1961,11,,,,0,0,0,0,0
1961,12,,,,0,0,0,0,0
1961,13,,,,0,0,0,0,0
1961,14,,,,0,0,0,0,0
1961,15,,,,0,0,0,0,0
1962,11,,,,0,0,0,0,0
1962,12,,,,0,0,0,0,0
1962,13,,,,0,0,0,0,0
1962,14,,,,0,0,0,0,0
1962,15,,,,0,0,0,0,0
1963,11,,,,0,0,0,0,0
1963,12,,,,0,0,0,0,0
1963,13,,,,0,0,0,0,0
1963,14,,,,0,0,0,0,0
1963,15,,,,0,0,0,0,0
1964,11,,,,0,0,0,0,0
1964,12,,,,0,0,0,0,0
1964,13,,,,0,0,0,0,0
1964,14,,,,0,0,0,0,0
1964,15,,,,0,0,0,0,0
1965,11,,,,0,0,0,0,0
1965,12,,,,0,0,0,0,0
1965,13,,,,0,0,0,0,0
1965,14,,,,0,0,0,0,0
1965,15,,,,0,0,0,0,0
1966,11,,,,0,0,0,0,0
1966,12,,,,0,0,0,0,0
1966,13,,,,0,0,0,0,0
1966,14,,,,0,0,0,0,0
1966,15,,,,0,0,0,0,0
1967,11,,,,0,0,0,0,0
1967,12,,,,0,0,0,0,0
1967,13,,,,0,0,0,0,0
1967,14,,,,0,0,0,0,0
1967,15,,,,0,0,0,0,0
1968,11,,,,0,0,0,0,0
1968,12,,,,0,0,0,0,0
1968,13,,,,0,0,0,0,0
1968,14,,,,0,0,0,0,0
1968,15,,,,0,0,0,0,0
1969,11,,,,0,0,0,0,0
1969,12,,,,0,0,0,0,0
1969,13,,,,0,0,0,0,0
1969,14,,,,0,0,0,0,0
1969,15,,,,0,0,0,0,0
1970,11,,,,0,0,0,0,0
1970,12,,,,0,0,0,0,0
1970,13,,,,0,0,0,0,0
1970,14,,,,0,0,0,0,0
1970,15,,,,0,0,0,0,0
1971,11,,,,0,0,0,0,0
1971,12,,,,0,0,0,0,0
1971,13,,,,0,0,0,0,0
1971,14,,,,0,0,0,0,0
1971,15,,,,0,0,0,0,0
1972,11,,,,0,0,0,0,0
1972,12,,,,0,0,0,0,0
1972,13,,,,0,0,0,0,0
1972,14,,,,0,0,0,0,0
1972,15,,,,0,0,0,0,0
1973,11,,,,0,0,0,0,0
1973,12,,,,0,0,0,0,0
1973,13,,,,0,0,0,0,0
1973,14,,,,0,0,0,0,0
1973,15,,,,0,0,0,0,0
1974,11,,,,0,0,0,0,0
1974,12,,,,0,0,0,0,0
1974,13,,,,0,0,0,0,0
1974,14,,,,0,0,0,0,0
1974,15,,,,0,0,0,0,0
1975,11,,,,0,0,0,0,0
1975,12,,,,0,0,0,0,0
1975,13,,,,0,0,0,0,0
1975,14,,,,0,0,0,0,0
1975,15,,,,0,0,0,0,0
1976,11,,,,0,0,0,0,0
1976,12,,,,0,0,0,0,0
1976,13,,,,0,0,0,0,0
1976,14,,,,0,0,0,0,0
1976,15,,,,0,0,0,0,0
1977,11,,,,0,0,0,0,0
1977,12,,,,0,0,0,0,0
1977,13,,,,0,0,0,0,0
1977,14,,,,0,0,0,0,0
1977,15,,,,0,0,0,0,0
1978,11,,,,0,0,0,0,0
1978,12,,,,0,0,0,0,0
1978,13,,,,0,0,0,0,0
1978,14,,,,0,0,0,0,0
1978,15,,,,0,0,0,0,0
1979,11,,,,0,0,0,0,0
1979,12,,,,0,0,0,0,0
1979,13,,,,0,0,0,0,0
1979,14,,,,0,0,0,0,0
1979,15,,,,0,0,0,0,0
1980,11,,,,0,0,0,0,0
1980,12,,,,0,0,0,0,0
1980,13,,,,0,0,0,0,0
1980,14,,,,0,0,0,0,0
1980,15,,,,0,0,0,0,0
1981,11,,,,0,0,0,0,0
1981,12,,,,0,0,0,0,0
1981,13,,,,0,0,0,0,0
1981,14,,,,0,0,0,0,0
1981,15,,,,0,0,0,0,0
1982,11,,,,0,0,0,0,0
1982,12,,,,0,0,0,0,0
1982,13,,,,0,0,0,0,0
1982,14,,,,0,0,0,0,0
1982,15,,,,0,0,0,0,0
1983,11,,,,0,0,0,0,0
1983,12,,,,0,0,0,0,0
1983,13,,,,0,0,0,0,0
1983,14,,,,0,0,0,0,0
1983,15,,,,0,0,0,0,0
1984,11,,,,0,0,0,0,0
1984,12,,,,0,0,0,0,0
1984,13,,,,0,0,0,0,0
1984,14,,,,0,0,0,0,0
1984,15,,,,0,0,0,0,0
1985,11,,,,0,0,0,0,0
1985,12,,,,0,0,0,0,0
1985,13,,,,0,0,0,0,0
1985,14,,,,0,0,0,0,0
1985,15,,,,0,0,0,0,0
1986,11,,,,0,0,0,0,0
1986,12,,,,0,0,0,0,0
1986,13,,,,0,0,0,0,0
1986,14,,,,0,0,0,0,0
1986,15,,,,0,0,0,0,0
1987,11,,,,0,0,0,0,0
1987,12,,,,0,0,0,0,0
1987,13,,,,0,0,0,0,0
1987,14,,,,0,0,0,0,0
1987,15,,,,0,0,0,0,0
1988,11,,,,0,0,0,0,0
1988,12,,,,0,0,0,0,0
1988,13,,,,0,0,0,0,0
1988,14,,,,0,0,0,0,0
1988,15,,,,0,0,0,0,0
1989,11,,,,0,0,0,0,0
1989,12,,,,0,0,0,0,0
1989,13,,,,0,0,0,0,0
1989,14,,,,0,0,0,0,0
1989,15,,,,0,0,0,0,0
1990,11,,,,0,0,0,0,0
1990,12,,,,0,0,0,0,0
1990,13,,,,0,0,0,0,0
1990,14,,,,0,0,0,0,0
1990,15,,,,0,0,0,0,0
1991,11,,,,0,0,0,0,0
1991,12,,,,0,0,0,0,0
1991,13,,,,0,0,0,0,0
1991,14,,,,0,0,0,0,0
1991,15,,,,0,0,0,0,0
1992,11,,,,0,0,0,0,0
1992,12,,,,0,0,0,0,0
1992,13,,,,0,0,0,0,0
1992,14,,,,0,0,0,0,0
1992,15,,,,0,0,0,0,0
1993,11,,,,0,0,0,0,0
1993,12,,,,0,0,0,0,0
1993,13,,,,0,0,0,0,0
1993,14,,,,0,0,0,0,0
1993,15,,,,0,0,0,0,0
1994,11,,,,0,0,0,0,0
1994,12,,,,0,0,0,0,0
1994,13,,,,0,0,0,0,0
1994,14,,,,0,0,0,0,0
1994,15,,,,0,0,0,0,0
1995,11,,,,0,0,0,0,0
1995,12,,,,0,0,0,0,0
1995,13,,,,0,0,0,0,0
1995,14,,,,0,0,0,0,0
1995,15,,,,0,0,0,0,0
1996,11,,,,0,0,0,0,0
1996,12,,,,0,0,0,0,0
1996,13,,,,0,0,0,0,0
1996,14,,,,0,0,0,0,0
1996,15,,,,0,0,0,0,0
1997,11,,,,0,0,0,0,0
1997,12,,,,0,0,0,0,0
1997,13,,,,0,0,0,0,0
1997,14,,,,0,0,0,0,0
1997,15,,,,0,0,0,0,0
1998,11,,,,0,0,0,0,0
1998,12,,,,0,0,0,0,0
1998,13,,,,0,0,0,0,0
1998,14,,,,0,0,0,0,0
1998,15,,,,0,0,0,0,0
1999,11,,,,0,0,0,0,0
1999,12,,,,0,0,0,0,0
1999,13,,,,0,0,0,0,0
1999,14,,,,0,0,0,0,0
1999,15,,,,0,0,0,0,0
2000,11,,,,0,0,0,0,0
2000,12,,,,0,0,0,0,0
2000,13,,,,0,0,0,0,0
2000,14,,,,0,0,0,0,0
2000,15,,,,0,0,0,0,0
2001,11,,,,0,0,0,0,0
2001,12,,,,0,0,0,0,0
2001,13,,,,0,0,0,0,0
2001,14,,,,0,0,0,0,0
2001,15,,,,0,0,0,0,0
2002,11,,,,0,0,0,0,0
2002,12,,,,0,0,0,0,0
2002,13,,,,0,0,0,0,0
2002,14,,,,0,0,0,0,0
2002,15,,,,0,0,0,0,0
2003,11,,,,0,0,0,0,0
2003,12,,,,0,0,0,0,0
2003,13,,,,0,0,0,0,0
2003,14,,,,0,0,0,0,0
2003,15,,,,0,0,0,0,0
2004,11,,,,0,0,0,0,0
2004,12,,,,0,0,0,0,0
2004,13,,,,0,0,0,0,0
2004,14,,,,0,0,0,0,0
2004,15,,,,0,0,0,0,0
2005,11,,,,0,0,0,0,0
2005,12,,,,0,0,0,0,0
2005,13,,,,0,0,0,0,0
2005,14,,,,0,0,0,0,0
2005,15,,,,0,0,0,0,0
2006,11,,,,0,0,0,0,0
2006,12,,,,0,0,0,0,0
2006,13,,,,0,0,0,0,0
2006,14,,,,0,0,0,0,0
2006,15,,,,0,0,0,0,0
2007,11,,,,0,0,0,0,0
2007,12,,,,0,0,0,0,0
2007,13,,,,0,0,0,0,0
2007,14,,,,0,0,0,0,0
2007,15,,,,0,0,0,0,0
2008,11,,,,0,0,0,0,0
2008,12,,,,0,0,0,0,0
2008,13,,,,0,0,0,0,0
2008,14,,,,0,0,0,0,0
2008,15,,,,0,0,0,0,0
2009,11,,,,0,0,0,0,0
2009,12,,,,0,0,0,0,0
2009,13,,,,0,0,0,0,0
2009,14,,,,0,0,0,0,0
2009,15,,,,0,0,0,0,0
2010,11,,,,0,0,0,0,0
2010,12,,,,0,0,0,0,0
2010,13,,,,0,0,0,0,0
2010,14,,,,0,0,0,0,0
2010,15,,,,0,0,0,0,0
2011,11,,,,0,0,0,0,0
2011,12,,,,0,0,0,0,0
2011,13,,,,0,0,0,0,0
2011,14,,,,0,0,0,0,0
2011,15,,,,0,0,0,0,0
2012,11,,,,0,0,0,0,0
2012,12,,,,0,0,0,0,0
2012,13,,,,0,0,0,0,0
2012,14,,,,0,0,0,0,0
2012,15,,,,0,0,0,0,0
2013,11,,,,0,0,0,0,0
2013,12,,,,0,0,0,0,0
2013,13,,,,0,0,0,0,0
2013,14,,,,0,0,0,0,0
2013,15,,,,0,0,0,0,0
2014,11,,,,0,0,0,0,0
2014,12,,,,0,0,0,0,0
2014,13,,,,0,0,0,0,0
2014,14,,,,0,0,0,0,0
2014,15,,,,0,0,0,0,0
2015,11,,,,0,0,0,0,0
2015,12,,,,0,0,0,0,0
2015,13,,,,0,0,0,0,0
2015,14,,,,0,0,0,0,0
2015,15,,,,0,0,0,0,0
2016,11,,,,0,0,0,0,0
2016,12,,,,0,0,0,0,0
2016,13,,,,0,0,0,0,0
2016,14,,,,0,0,0,0,0
2016,15,,,,0,0,0,0,0
2017,11,,,,0,0,0,0,0
2017,12,,,,0,0,0,0,0
2017,13,,,,0,0,0,0,0
2017,14,,,,0,0,0,0,0
2017,15,,,,0,0,0,0,0
2018,11,,,,0,0,0,0,0
2018,12,,,,0,0,0,0,0
2018,13,,,,0,0,0,0,0
2018,14,,,,0,0,0,0,0
2018,15,,,,0,0,0,0,0
2019,11,,,,0,0,0,0,0
2019,12,,,,0,0,0,0,0
2019,13,,,,0,0,0,0,0
2019,14,,,,0,0,0,0,0
2019,15,,,,0,0,0,0,0
2020,11,,,,0,0,0,0,0
2020,12,,,,0,0,0,0,0
2020,13,,,,0,0,0,0,0
2020,14,,,,0,0,0,0,0
2020,15,,,,0,0,0,0,0
2021,11,,,,0,0,0,0,0
2021,12,,,,0,0,0,0,0
2021,13,,,,0,0,0,0,0
2021,14,,,,0,0,0,0,0
2021,15,,,,0,0,0,0,0
2022,11,,,,0,0,0,0,0
2022,12,,,,0,0,0,0,0
2022,13,,,,0,0,0,0,0
2022,14,,,,0,0,0,0,0
2022,15,,,,0,0,0,0,0
2023,11,,,,0,0,0,0,0
2023,12,,,,0,0,0,0,0
2023,13,,,,0,0,0,0,0
2023,14,,,,0,0,0,0,0
2023,15,,,,0,0,0,0,0
2024,11,,,,0,0,0,0,0
2024,12,,,,0,0,0,0,0
2024,13,,,,0,0,0,0,0
2024,14,,,,0,0,0,0,0
2024,15,,,,0,0,0,0,0
2025,11,,,,0,0,0,0,0
2025,12,,,,0,0,0,0,0
2025,13,,,,0,0,0,0,0
2025,14,,,,0,0,0,0,0
2025,15,,,,0,0,0,0,0
2026,11,,,,0,0,0,0,0
2026,12,,,,0,0,0,0,0
2026,13,,,,0,0,0,0,0
2026,14,,,,0,0,0,0,0
2026,15,,,,0,0,0,0,0
2027,11,,,,0,0,0,0,0
2027,12,,,,0,0,0,0,0
2027,13,,,,0,0,0,0,0
2027,14,,,,0,0,0,0,0
2027,15,,,,0,0,0,0,0
2028,11,,,,0,0,0,0,0
2028,12,,,,0,0,0,0,0
2028,13,,,,0,0,0,0,0
2028,14,,,,0,0,0,0,0
2028,15,,,,0,0,0,0,0
2029,11,,,,0,0,0,0,0
2029,12,,,,0,0,0,0,0
2029,13,,,,0,0,0,0,0
2029,14,,,,0,0,0,0,0
2029,15,,,,0,0,0,0,0
2030,11,,,,0,0,0,0,0
2030,12,,,,0,0,0,0,0
2030,13,,,,0,0,0,0,0
2030,14,,,,0,0,0,0,0
2030,15,,,,0,0,0,0,0
2031,11,,,,0,0,0,0,0
2031,12,,,,0,0,0,0,0
2031,13,,,,0,0,0,0,0
2031,14,,,,0,0,0,0,0
2031,15,,,,0,0,0,0,0
2032,11,,,,0,0,0,0,0
2032,12,,,,0,0,0,0,0
2032,13,,,,0,0,0,0,0
2032,14,,,,0,0,0,0,0
2032,15,,,,0,0,0,0,0
2033,11,,,,0,0,0,0,0
2033,12,,,,0,0,0,0,0
2033,13,,,,0,0,0,0,0
2033,14,,,,0,0,0,0,0
2033,15,,,,0,0,0,0,0
2034,11,,,,0,0,0,0,0
2034,12,,,,0,0,0,0,0
2034,13,,,,0,0,0,0,0
2034,14,,,,0,0,0,0,0
2034,15,,,,0,0,0,0,0
2035,11,,,,0,0,0,0,0
2035,12,,,,0,0,0,0,0
2035,13,,,,0,0,0,0,0
2035,14,,,,0,0,0,0,0
2035,15,,,,0,0,0,0,0
2036,11,,,,0,0,0,0,0
2036,12,,,,0,0,0,0,0
2036,13,,,,0,0,0,0,0
2036,14,,,,0,0,0,0,0
2036,15,,,,0,0,0,0,0
2037,11,,,,0,0,0,0,0
2037,12,,,,0,0,0,0,0
2037,13,,,,0,0,0,0,0
2037,14,,,,0,0,0,0,0
2037,15,,,,0,0,0,0,0
2038,11,,,,0,0,0,0,0
2038,12,,,,0,0,0,0,0
2038,13,,,,0,0,0,0,0
2038,14,,,,0,0,0,0,0
2038,15,,,,0,0,0,0,0
2039,11,,,,0,0,0,0,0
2039,12,,,,0,0,0,0,0
2039,13,,,,0,0,0,0,0
2039,14,,,,0,0,0,0,0
2039,15,,,,0,0,0,0,0
2040,11,,,,0,0,0,0,0
2040,12,,,,0,0,0,0,0
2040,13,,,,0,0,0,0,0
2040,14,,,,0,0,0,0,0
2040,15,,,,0,0,0,0,0
2041,11,,,,0,0,0,0,0
2041,12,,,,0,0,0,0,0
2041,13,,,,0,0,0,0,0
2041,14,,,,0,0,0,0,0
2041,15,,,,0,0,0,0,0
2042,11,,,,0,0,0,0,0
2042,12,,,,0,0,0,0,0
2042,13,,,,0,0,0,0,0
2042,14,,,,0,0,0,0,0
2042,15,,,,0,0,0,0,0
2043,11,,,,0,0,0,0,0
2043,12,,,,0,0,0,0,0
2043,13,,,,0,0,0,0,0
2043,14,,,,0,0,0,0,0
2043,15,,,,0,0,0,0,0
2044,11,,,,0,0,0,0,0
2044,12,,,,0,0,0,0,0
2044,13,,,,0,0,0,0,0
2044,14,,,,0,0,0,0,0
2044,15,,,,0,0,0,0,0
2045,11,,,,0,0,0,0,0
2045,12,,,,0,0,0,0,0
2045,13,,,,0,0,0,0,0
2045,14,,,,0,0,0,0,0
2045,15,,,,0,0,0,0,0
2046,11,,,,0,0,0,0,0
2046,12,,,,0,0,0,0,0
2046,13,,,,0,0,0,0,0
2046,14,,,,0,0,0,0,0
2046,15,,,,0,0,0,0,0
2047,11,,,,0,0,0,0,0
2047,12,,,,0,0,0,0,0
2047,13,,,,0,0,0,0,0
2047,14,,,,0,0,0,0,0
2047,15,,,,0,0,0,0,0
2048,11,,,,0,0,0,0,0
2048,12,,,,0,0,0,0,0
2048,13,,,,0,0,0,0,0
2048,14,,,,0,0,0,0,0
2048,15,,,,0,0,0,0,0
2049,11,,,,0,0,0,0,0
2049,12,,,,0,0,0,0,0
2049,13,,,,0,0,0,0,0
2049,14,,,,0,0,0,0,0
2049,15,,,,0,0,0,0,0
2050,11,,,,0,0,0,0,0
2050,12,,,,0,0,0,0,0
2050,13,,,,0,0,0,0,0
2050,14,,,,0,0,0,0,0
2050,15,,,,0,0,0,0,0
2051,11,,,,0,0,0,0,0
2051,12,,,,0,0,0,0,0
2051,13,,,,0,0,0,0,0
2051,14,,,,0,0,0,0,0
2051,15,,,,0,0,0,0,0
2052,11,,,,0,0,0,0,0
2052,12,,,,0,0,0,0,0
2052,13,,,,0,0,0,0,0
2052,14,,,,0,0,0,0,0
2052,15,,,,0,0,0,0,0
2053,11,,,,0,0,0,0,0
2053,12,,,,0,0,0,0,0
2053,13,,,,0,0,0,0,0
2053,14,,,,0,0,0,0,0
2053,15,,,,0,0,0,0,0
2054,11,,,,0,0,0,0,0
2054,12,,,,0,0,0,0,0
2054,13,,,,0,0,0,0,0
2054,14,,,,0,0,0,0,0
2054,15,,,,0,0,0,0,0
2055,11,,,,0,0,0,0,0
2055,12,,,,0,0,0,0,0
2055,13,,,,0,0,0,0,0
2055,14,,,,0,0,0,0,0
2055,15,,,,0,0,0,0,0
2056,11,,,,0,0,0,0,0
2056,12,,,,0,0,0,0,0
2056,13,,,,0,0,0,0,0
2056,14,,,,0,0,0,0,0
2056,15,,,,0,0,0,0,0
2057,11,,,,0,0,0,0,0
2057,12,,,,0,0,0,0,0
2057,13,,,,0,0,0,0,0
2057,14,,,,0,0,0,0,0
2057,15,,,,0,0,0,0,0
2058,11,,,,0,0,0,0,0
2058,12,,,,0,0,0,0,0
2058,13,,,,0,0,0,0,0
2058,14,,,,0,0,0,0,0
2058,15,,,,0,0,0,0,0
2059,11,,,,0,0,0,0,0
2059,12,,,,0,0,0,0,0
2059,13,,,,0,0,0,0,0
2059,14,,,,0,0,0,0,0
2059,15,,,,0,0,0,0,0
2060,11,,,,0,0,0,0,0
2060,12,,,,0,0,0,0,0
2060,13,,,,0,0,0,0,0
2060,14,,,,0,0,0,0,0
2060,15,,,,0,0,0,0,0
2061,11,,,,0,0,0,0,0
2061,12,,,,0,0,0,0,0
2061,13,,,,0,0,0,0,0
2061,14,,,,0,0,0,0,0
2061,15,,,,0,0,0,0,0
2062,11,,,,0,0,0,0,0
2062,12,,,,0,0,0,0,0
2062,13,,,,0,0,0,0,0
2062,14,,,,0,0,0,0,0
2062,15,,,,0,0,0,0,0
2063,11,,,,0,0,0,0,0
2063,12,,,,0,0,0,0,0
2063,13,,,,0,0,0,0,0
2063,14,,,,0,0,0,0,0
2063,15,,,,0,0,0,0,0
2064,11,,,,0,0,0,0,0
2064,12,,,,0,0,0,0,0
2064,13,,,,0,0,0,0,0
2064,14,,,,0,0,0,0,0
2064,15,,,,0,0,0,0,0
2065,11,,,,0,0,0,0,0
2065,12,,,,0,0,0,0,0
2065,13,,,,0,0,0,0,0
2065,14,,,,0,0,0,0,0
2065,15,,,,0,0,0,0,0
2066,11,,,,0,0,0,0,0
2066,12,,,,0,0,0,0,0
2066,13,,,,0,0,0,0,0
2066,14,,,,0,0,0,0,0
2066,15,,,,0,0,0,0,0
2067,11,,,,0,0,0,0,0
2067,12,,,,0,0,0,0,0
2067,13,,,,0,0,0,0,0
2067,14,,,,0,0,0,0,0
2067,15,,,,0,0,0,0,0
2068,11,,,,0,0,0,0,0
2068,12,,,,0,0,0,0,0
2068,13,,,,0,0,0,0,0
2068,14,,,,0,0,0,0,0
2068,15,,,,0,0,0,0,0
2069,11,,,,0,0,0,0,0
2069,12,,,,0,0,0,0,0
2069,13,,,,0,0,0,0,0
2069,14,,,,0,0,0,0,0
2069,15,,,,0,0,0,0,0
2070,11,,,,0,0,0,0,0
2070,12,,,,0,0,0,0,0
2070,13,,,,0,0,0,0,0
2070,14,,,,0,0,0,0,0
2070,15,,,,0,0,0,0,0
2071,11,,,,0,0,0,0,0
2071,12,,,,0,0,0,0,0
2071,13,,,,0,0,0,0,0
2071,14,,,,0,0,0,0,0
2071,15,,,,0,0,0,0,0
2072,11,,,,0,0,0,0,0
2072,12,,,,0,0,0,0,0
2072,13,,,,0,0,0,0,0
2072,14,,,,0,0,0,0,0
2072,15,,,,0,0,0,0,0
2073,11,,,,0,0,0,0,0
2073,12,,,,0,0,0,0,0
2073,13,,,,0,0,0,0,0
2073,14,,,,0,0,0,0,0
2073,15,,,,0,0,0,0,0
2074,11,,,,0,0,0,0,0
2074,12,,,,0,0,0,0,0
2074,13,,,,0,0,0,0,0
2074,14,,,,0,0,0,0,0
2074,15,,,,0,0,0,0,0
2075,11,,,,0,0,0,0,0
2075,12,,,,0,0,0,0,0
2075,13,,,,0,0,0,0,0
2075,14,,,,0,0,0,0,0
2075,15,,,,0,0,0,0,0
2076,11,,,,0,0,0,0,0
2076,12,,,,0,0,0,0,0
2076,13,,,,0,0,0,0,0
2076,14,,,,0,0,0,0,0
2076,15,,,,0,0,0,0,0
2077,11,,,,0,0,0,0,0
2077,12,,,,0,0,0,0,0
2077,13,,,,0,0,0,0,0
2077,14,,,,0,0,0,0,0
2077,15,,,,0,0,0,0,0
2078,11,,,,0,0,0,0,0
2078,12,,,,0,0,0,0,0
2078,13,,,,0,0,0,0,0
2078,14,,,,0,0,0,0,0
2078,15,,,,0,0,0,0,0
2079,11,,,,0,0,0,0,0
2079,12,,,,0,0,0,0,0
2079,13,,,,0,0,0,0,0
2079,14,,,,0,0,0,0,0
2079,15,,,,0,0,0,0,0
2080,11,,,,0,0,0,0,0
2080,12,,,,0,0,0,0,0
2080,13,,,,0,0,0,0,0
2080,14,,,,0,0,0,0,0
2080,15,,,,0,0,0,0,0
2081,11,,,,0,0,0,0,0
2081,12,,,,0,0,0,0,0
2081,13,,,,0,0,0,0,0
2081,14,,,,0,0,0,0,0
2081,15,,,,0,0,0,0,0
2082,11,,,,0,0,0,0,0
2082,12,,,,0,0,0,0,0
2082,13,,,,0,0,0,0,0
2082,14,,,,0,0,0,0,0
2082,15,,,,0,0,0,0,0
2083,11,,,,0,0,0,0,0
2083,12,,,,0,0,0,0,0
2083,13,,,,0,0,0,0,0
2083,14,,,,0,0,0,0,0
2083,15,,,,0,0,0,0,0
2084,11,,,,0,0,0,0,0
2084,12,,,,0,0,0,0,0
2084,13,,,,0,0,0,0,0
2084,14,,,,0,0,0,0,0
2084,15,,,,0,0,0,0,0
2085,11,,,,0,0,0,0,0
2085,12,,,,0,0,0,0,0
2085,13,,,,0,0,0,0,0
2085,14,,,,0,0,0,0,0
2085,15,,,,0,0,0,0,0
2086,11,,,,0,0,0,0,0
2086,12,,,,0,0,0,0,0
2086,13,,,,0,0,0,0,0
2086,14,,,,0,0,0,0,0
2086,15,,,,0,0,0,0,0
2087,11,,,,0,0,0,0,0
2087,12,,,,0,0,0,0,0
2087,13,,,,0,0,0,0,0
2087,14,,,,0,0,0,0,0
2087,15,,,,0,0,0,0,0
2088,11,,,,0,0,0,0,0
2088,12,,,,0,0,0,0,0
2088,13,,,,0,0,0,0,0
2088,14,,,,0,0,0,0,0
2088,15,,,,0,0,0,0,0
2089,11,,,,0,0,0,0,0
2089,12,,,,0,0,0,0,0
2089,13,,,,0,0,0,0,0
2089,14,,,,0,0,0,0,0
2089,15,,,,0,0,0,0,0
2090,11,,,,0,0,0,0,0
2090,12,,,,0,0,0,0,0
2090,13,,,,0,0,0,0,0
2090,14,,,,0,0,0,0,0
2090,15,,,,0,0,0,0,0
2091,11,,,,0,0,0,0,0
2091,12,,,,0,0,0,0,0
2091,13,,,,0,0,0,0,0
2091,14,,,,0,0,0,0,0
2091,15,,,,0,0,0,0,0
2092,11,,,,0,0,0,0,0
2092,12,,,,0,0,0,0,0
2092,13,,,,0,0,0,0,0
2092,14,,,,0,0,0,0,0
2092,15,,,,0,0,0,0,0
2093,11,,,,0,0,0,0,0
2093,12,,,,0,0,0,0,0
2093,13,,,,0,0,0,0,0
2093,14,,,,0,0,0,0,0
2093,15,,,,0,0,0,0,0
2094,11,,,,0,0,0,0,0
2094,12,,,,0,0,0,0,0
2094,13,,,,0,0,0,0,0
2094,14,,,,0,0,0,0,0
2094,15,,,,0,0,0,0,0
2095,11,,,,0,0,0,0,0
2095,12,,,,0,0,0,0,0
2095,13,,,,0,0,0,0,0
2095,14,,,,0,0,0,0,0
2095,15,,,,0,0,0,0,0
2096,11,,,,0,0,0,0,0
2096,12,,,,0,0,0,0,0
2096,13,,,,0,0,0,0,0
2096,14,,,,0,0,0,0,0
2096,15,,,,0,0,0,0,0
2097,11,,,,0,0,0,0,0
2097,12,,,,0,0,0,0,0
2097,13,,,,0,0,0,0,0
2097,14,,,,0,0,0,0,0
2097,15,,,,0,0,0,0,0
2098,11,,,,0,0,0,0,0
2098,12,,,,0,0,0,0,0
2098,13,,,,0,0,0,0,0
2098,14,,,,0,0,0,0,0
2098,15,,,,0,0,0,0,0
2099,11,,,,0,0,0,0,0
2099,12,,,,0,0,0,0,0
2099,13,,,,0,0,0,0,0
2099,14,,,,0,0,0,0,0
2099,15,,,,0,0,0,0,0
2100,11,,,,0,0,0,0,0
2100,12,,,,0,0,0,0,0
2100,13,,,,0,0,0,0,0
2100,14,,,,0,0,0,0,0
2100,15,,,,0,0,0,0,0
2101,11,,,,0,0,0,0,0
2101,12,,,,0,0,0,0,0
2101,13,,,,0,0,0,0,0
2101,14,,,,0,0,0,0,0
2101,15,,,,0,0,0,0,0
2102,11,,,,0,0,0,0,0
2102,12,,,,0,0,0,0,0
2102,13,,,,0,0,0,0,0
2102,14,,,,0,0,0,0,0
2102,15,,,,0,0,0,0,0
2103,11,,,,0,0,0,0,0
2103,12,,,,0,0,0,0,0
2103,13,,,,0,0,0,0,0
2103,14,,,,0,0,0,0,0
2103,15,,,,0,0,0,0,0
2104,11,,,,0,0,0,0,0
2104,12,,,,0,0,0,0,0
2104,13,,,,0,0,0,0,0
2104,14,,,,0,0,0,0,0
2104,15,,,,0,0,0,0,0
2105,11,,,,0,0,0,0,0
2105,12,,,,0,0,0,0,0
2105,13,,,,0,0,0,0,0
2105,14,,,,0,0,0,0,0
2105,15,,,,0,0,0,0,0
2106,11,,,,0,0,0,0,0
2106,12,,,,0,0,0,0,0
2106,13,,,,0,0,0,0,0
2106,14,,,,0,0,0,0,0
2106,15,,,,0,0,0,0,0
2107,11,,,,0,0,0,0,0
2107,12,,,,0,0,0,0,0
2107,13,,,,0,0,0,0,0
2107,14,,,,0,0,0,0,0
2107,15,,,,0,0,0,0,0
2108,11,,,,0,0,0,0,0
2108,12,,,,0,0,0,0,0
2108,13,,,,0,0,0,0,0
2108,14,,,,0,0,0,0,0
2108,15,,,,0,0,0,0,0
2109,11,,,,0,0,0,0,0
2109,12,,,,0,0,0,0,0
2109,13,,,,0,0,0,0,0
2109,14,,,,0,0,0,0,0
2109,15,,,,0,0,0,0,0
2110,11,,,,0,0,0,0,0
2110,12,,,,0,0,0,0,0
2110,13,,,,0,0,0,0,0
2110,14,,,,0,0,0,0,0
2110,15,,,,0,0,0,0,0
2111,11,,,,0,0,0,0,0
2111,12,,,,0,0,0,0,0
2111,13,,,,0,0,0,0,0
2111,14,,,,0,0,0,0,0
2111,15,,,,0,0,0,0,0
2112,11,,,,0,0,0,0,0
2112,12,,,,0,0,0,0,0
2112,13,,,,0,0,0,0,0
2112,14,,,,0,0,0,0,0
2112,15,,,,0,0,0,0,0
2113,11,,,,0,0,0,0,0
2113,12,,,,0,0,0,0,0
2113,13,,,,0,0,0,0,0
2113,14,,,,0,0,0,0,0
2113,15,,,,0,0,0,0,0
2114,11,,,,0,0,0,0,0
2114,12,,,,0,0,0,0,0
2114,13,,,,0,0,0,0,0
2114,14,,,,0,0,0,0,0
2114,15,,,,0,0,0,0,0
2115,11,,,,0,0,0,0,0
2115,12,,,,0,0,0,0,0
2115,13,,,,0,0,0,0,0
2115,14,,,,0,0,0,0,0
2115,15,,,,0,0,0,0,0
2116,11,,,,0,0,0,0,0
2116,12,,,,0,0,0,0,0
2116,13,,,,0,0,0,0,0
2116,14,,,,0,0,0,0,0
2116,15,,,,0,0,0,0,0
2117,11,,,,0,0,0,0,0
2117,12,,,,0,0,0,0,0
2117,13,,,,0,0,0,0,0
2117,14,,,,0,0,0,0,0
2117,15,,,,0,0,0,0,0
2118,11,,,,0,0,0,0,0
2118,12,,,,0,0,0,0,0
2118,13,,,,0,0,0,0,0
2118,14,,,,0,0,0,0,0
2118,15,,,,0,0,0,0,0
2119,11,,,,0,0,0,0,0
2119,12,,,,0,0,0,0,0
2119,13,,,,0,0,0,0,0
2119,14,,,,0,0,0,0,0
2119,15,,,,0,0,0,0,0
2120,11,,,,0,0,0,0,0
2120,12,,,,0,0,0,0,0
2120,13,,,,0,0,0,0,0
2120,14,,,,0,0,0,0,0
2120,15,,,,0,0,0,0,0
2121,11,,,,0,0,0,0,0
2121,12,,,,0,0,0,0,0
2121,13,,,,0,0,0,0,0
2121,14,,,,0,0,0,0,0
2121,15,,,,0,0,0,0,0
2122,11,,,,0,0,0,0,0
2122,12,,,,0,0,0,0,0
2122,13,,,,0,0,0,0,0
2122,14,,,,0,0,0,0,0
2122,15,,,,0,0,0,0,0
2123,11,,,,0,0,0,0,0
2123,12,,,,0,0,0,0,0
2123,13,,,,0,0,0,0,0
2123,14,,,,0,0,0,0,0
2123,15,,,,0,0,0,0,0
2124,11,,,,0,0,0,0,0
2124,12,,,,0,0,0,0,0
2124,13,,,,0,0,0,0,0
2124,14,,,,0,0,0,0,0
2124,15,,,,0,0,0,0,0
2125,11,,,,0,0,0,0,0
2125,12,,,,0,0,0,0,0
2125,13,,,,0,0,0,0,0
2125,14,,,,0,0,0,0,0
2125,15,,,,0,0,0,0,0
2126,11,,,,0,0,0,0,0
2126,12,,,,0,0,0,0,0
2126,13,,,,0,0,0,0,0
2126,14,,,,0,0,0,0,0
2126,15,,,,0,0,0,0,0
2127,11,,,,0,0,0,0,0
2127,12,,,,0,0,0,0,0
2127,13,,,,0,0,0,0,0
2127,14,,,,0,0,0,0,0
2127,15,,,,0,0,0,0,0
2128,11,,,,0,0,0,0,0
2128,12,,,,0,0,0,0,0
2128,13,,,,0,0,0,0,0
2128,14,,,,0,0,0,0,0
2128,15,,,,0,0,0,0,0
2129,11,,,,0,0,0,0,0
2129,12,,,,0,0,0,0,0
2129,13,,,,0,0,0,0,0
2129,14,,,,0,0,0,0,0
2129,15,,,,0,0,0,0,0
2130,11,,,,0,0,0,0,0
2130,12,,,,0,0,0,0,0
2130,13,,,,0,0,0,0,0
2130,14,,,,0,0,0,0,0
2130,15,,,,0,0,0,0,0
2131,11,,,,0,0,0,0,0
2131,12,,,,0,0,0,0,0
2131,13,,,,0,0,0,0,0
2131,14,,,,0,0,0,0,0
2131,15,,,,0,0,0,0,0
2132,11,,,,0,0,0,0,0
2132,12,,,,0,0,0,0,0
2132,13,,,,0,0,0,0,0
2132,14,,,,0,0,0,0,0
2132,15,,,,0,0,0,0,0
2133,11,,,,0,0,0,0,0
2133,12,,,,0,0,0,0,0
2133,13,,,,0,0,0,0,0
2133,14,,,,0,0,0,0,0
2133,15,,,,0,0,0,0,0
2134,11,,,,0,0,0,0,0
2134,12,,,,0,0,0,0,0
2134,13,,,,0,0,0,0,0
2134,14,,,,0,0,0,0,0
2134,15,,,,0,0,0,0,0
2135,11,,,,0,0,0,0,0
2135,12,,,,0,0,0,0,0
2135,13,,,,0,0,0,0,0
2135,14,,,,0,0,0,0,0
2135,15,,,,0,0,0,0,0
2136,11,,,,0,0,0,0,0
2136,12,,,,0,0,0,0,0
2136,13,,,,0,0,0,0,0
2136,14,,,,0,0,0,0,0
2136,15,,,,0,0,0,0,0
2137,11,,,,0,0,0,0,0
2137,12,,,,0,0,0,0,0
2137,13,,,,0,0,0,0,0
2137,14,,,,0,0,0,0,0
2137,15,,,,0,0,0,0,0
2138,11,,,,0,0,0,0,0
2138,12,,,,0,0,0,0,0
2138,13,,,,0,0,0,0,0
2138,14,,,,0,0,0,0,0
2138,15,,,,0,0,0,0,0
2139,11,,,,0,0,0,0,0
2139,12,,,,0,0,0,0,0
2139,13,,,,0,0,0,0,0
2139,14,,,,0,0,0,0,0
2139,15,,,,0,0,0,0,0
2140,11,,,,0,0,0,0,0
2140,12,,,,0,0,0,0,0
2140,13,,,,0,0,0,0,0
2140,14,,,,0,0,0,0,0
2140,15,,,,0,0,0,0,0
2141,11,,,,0,0,0,0,0
2141,12,,,,0,0,0,0,0
2141,13,,,,0,0,0,0,0
2141,14,,,,0,0,0,0,0
2141,15,,,,0,0,0,0,0
2142,11,,,,0,0,0,0,0
2142,12,,,,0,0,0,0,0
2142,13,,,,0,0,0,0,0
2142,14,,,,0,0,0,0,0
2142,15,,,,0,0,0,0,0
2143,11,,,,0,0,0,0,0
2143,12,,,,0,0,0,0,0
2143,13,,,,0,0,0,0,0
2143,14,,,,0,0,0,0,0
2143,15,,,,0,0,0,0,0
2144,11,,,,0,0,0,0,0
2144,12,,,,0,0,0,0,0
2144,13,,,,0,0,0,0,0
2144,14,,,,0,0,0,0,0
2144,15,,,,0,0,0,0,0
2145,11,,,,0,0,0,0,0
2145,12,,,,0,0,0,0,0
2145,13,,,,0,0,0,0,0
2145,14,,,,0,0,0,0,0
2145,15,,,,0,0,0,0,0
2146,11,,,,0,0,0,0,0
2146,12,,,,0,0,0,0,0
2146,13,,,,0,0,0,0,0
2146,14,,,,0,0,0,0,0
2146,15,,,,0,0,0,0,0
2147,11,,,,0,0,0,0,0
2147,12,,,,0,0,0,0,0
2147,13,,,,0,0,0,0,0
2147,14,,,,0,0,0,0,0
2147,15,,,,0,0,0,0,0
2148,11,,,,0,0,0,0,0
2148,12,,,,0,0,0,0,0
2148,13,,,,0,0,0,0,0
2148,14,,,,0,0,0,0,0
2148,15,,,,0,0,0,0,0
2149,11,,,,0,0,0,0,0
2149,12,,,,0,0,0,0,0
2149,13,,,,0,0,0,0,0
2149,14,,,,0,0,0,0,0
2149,15,,,,0,0,0,0,0
2150,11,,,,0,0,0,0,0
2150,12,,,,0,0,0,0,0
2150,13,,,,0,0,0,0,0
2150,14,,,,0,0,0,0,0
2150,15,,,,0,0,0,0,0
2151,11,,,,0,0,0,0,0
2151,12,,,,0,0,0,0,0
2151,13,,,,0,0,0,0,0
2151,14,,,,0,0,0,0,0
2151,15,,,,0,0,0,0,0
2152,11,,,,0,0,0,0,0
2152,12,,,,0,0,0,0,0
2152,13,,,,0,0,0,0,0
2152,14,,,,0,0,0,0,0
2152,15,,,,0,0,0,0,0
2153,11,,,,0,0,0,0,0
2153,12,,,,0,0,0,0,0
2153,13,,,,0,0,0,0,0
2153,14,,,,0,0,0,0,0
2153,15,,,,0,0,0,0,0
2154,11,,,,0,0,0,0,0
2154,12,,,,0,0,0,0,0
2154,13,,,,0,0,0,0,0
2154,14,,,,0,0,0,0,0
2154,15,,,,0,0,0,0,0
2155,11,,,,0,0,0,0,0
2155,12,,,,0,0,0,0,0
2155,13,,,,0,0,0,0,0
2155,14,,,,0,0,0,0,0
2155,15,,,,0,0,0,0,0
2156,11,,,,0,0,0,0,0
2156,12,,,,0,0,0,0,0
2156,13,,,,0,0,0,0,0
2156,14,,,,0,0,0,0,0
2156,15,,,,0,0,0,0,0
2157,11,,,,0,0,0,0,0
2157,12,,,,0,0,0,0,0
2157,13,,,,0,0,0,0,0
2157,14,,,,0,0,0,0,0
2157,15,,,,0,0,0,0,0
2158,11,,,,0,0,0,0,0
2158,12,,,,0,0,0,0,0
2158,13,,,,0,0,0,0,0
2158,14,,,,0,0,0,0,0
2158,15,,,,0,0,0,0,0
2159,11,,,,0,0,0,0,0
2159,12,,,,0,0,0,0,0
2159,13,,,,0,0,0,0,0
2159,14,,,,0,0,0,0,0
2159,15,,,,0,0,0,0,0
2160,11,,,,0,0,0,0,0
2160,12,,,,0,0,0,0,0
2160,13,,,,0,0,0,0,0
2160,14,,,,0,0,0,0,0
2160,15,,,,0,0,0,0,0
2161,11,,,,0,0,0,0,0
2161,12,,,,0,0,0,0,0
2161,13,,,,0,0,0,0,0
2161,14,,,,0,0,0,0,0
2161,15,,,,0,0,0,0,0
2162,11,,,,0,0,0,0,0
2162,12,,,,0,0,0,0,0
2162,13,,,,0,0,0,0,0
2162,14,,,,0,0,0,0,0
2162,15,,,,0,0,0,0,0
2163,11,,,,0,0,0,0,0
2163,12,,,,0,0,0,0,0
2163,13,,,,0,0,0,0,0
2163,14,,,,0,0,0,0,0
2163,15,,,,0,0,0,0,0
2164,11,,,,0,0,0,0,0
2164,12,,,,0,0,0,0,0
2164,13,,,,0,0,0,0,0
2164,14,,,,0,0,0,0,0
2164,15,,,,0,0,0,0,0
2165,11,,,,0,0,0,0,0
2165,12,,,,0,0,0,0,0
2165,13,,,,0,0,0,0,0
2165,14,,,,0,0,0,0,0
2165,15,,,,0,0,0,0,0
2166,11,,,,0,0,0,0,0
2166,12,,,,0,0,0,0,0
2166,13,,,,0,0,0,0,0
2166,14,,,,0,0,0,0,0
2166,15,,,,0,0,0,0,0
2167,11,,,,0,0,0,0,0
2167,12,,,,0,0,0,0,0
2167,13,,,,0,0,0,0,0
2167,14,,,,0,0,0,0,0
2167,15,,,,0,0,0,0,0
2168,11,,,,0,0,0,0,0
2168,12,,,,0,0,0,0,0
2168,13,,,,0,0,0,0,0
2168,14,,,,0,0,0,0,0
2168,15,,,,0,0,0,0,0
2169,11,,,,0,0,0,0,0
2169,12,,,,0,0,0,0,0
2169,13,,,,0,0,0,0,0
2169,14,,,,0,0,0,0,0
2169,15,,,,0,0,0,0,0
2170,11,,,,0,0,0,0,0
2170,12,,,,0,0,0,0,0
2170,13,,,,0,0,0,0,0
2170,14,,,,0,0,0,0,0
2170,15,,,,0,0,0,0,0
2171,11,,,,0,0,0,0,0
2171,12,,,,0,0,0,0,0
2171,13,,,,0,0,0,0,0
2171,14,,,,0,0,0,0,0
2171,15,,,,0,0,0,0,0
2172,11,,,,0,0,0,0,0
2172,12,,,,0,0,0,0,0
2172,13,,,,0,0,0,0,0
2172,14,,,,0,0,0,0,0
2172,15,,,,0,0,0,0,0
2173,11,,,,0,0,0,0,0
2173,12,,,,0,0,0,0,0
2173,13,,,,0,0,0,0,0
2173,14,,,,0,0,0,0,0
2173,15,,,,0,0,0,0,0
2174,11,,,,0,0,0,0,0
2174,12,,,,0,0,0,0,0
2174,13,,,,0,0,0,0,0
2174,14,,,,0,0,0,0,0
2174,15,,,,0,0,0,0,0
2175,11,,,,0,0,0,0,0
2175,12,,,,0,0,0,0,0
2175,13,,,,0,0,0,0,0
2175,14,,,,0,0,0,0,0
2175,15,,,,0,0,0,0,0
2176,11,,,,0,0,0,0,0
2176,12,,,,0,0,0,0,0
2176,13,,,,0,0,0,0,0
2176,14,,,,0,0,0,0,0
2176,15,,,,0,0,0,0,0
2177,11,,,,0,0,0,0,0
2177,12,,,,0,0,0,0,0
2177,13,,,,0,0,0,0,0
2177,14,,,,0,0,0,0,0
2177,15,,,,0,0,0,0,0
2178,11,,,,0,0,0,0,0
2178,12,,,,0,0,0,0,0
2178,13,,,,0,0,0,0,0
2178,14,,,,0,0,0,0,0
2178,15,,,,0,0,0,0,0
2179,11,,,,0,0,0,0,0
2179,12,,,,0,0,0,0,0
2179,13,,,,0,0,0,0,0
2179,14,,,,0,0,0,0,0
2179,15,,,,0,0,0,0,0
2180,11,,,,0,0,0,0,0
2180,12,,,,0,0,0,0,0
2180,13,,,,0,0,0,0,0
2180,14,,,,0,0,0,0,0
2180,15,,,,0,0,0,0,0
2181,11,,,,0,0,0,0,0
2181,12,,,,0,0,0,0,0
2181,13,,,,0,0,0,0,0
2181,14,,,,0,0,0,0,0
2181,15,,,,0,0,0,0,0
2182,11,,,,0,0,0,0,0
2182,12,,,,0,0,0,0,0
2182,13,,,,0,0,0,0,0
2182,14,,,,0,0,0,0,0
2182,15,,,,0,0,0,0,0
2183,11,,,,0,0,0,0,0
2183,12,,,,0,0,0,0,0
2183,13,,,,0,0,0,0,0
2183,14,,,,0,0,0,0,0
2183,15,,,,0,0,0,0,0
2184,11,,,,0,0,0,0,0
2184,12,,,,0,0,0,0,0
2184,13,,,,0,0,0,0,0
2184,14,,,,0,0,0,0,0
2184,15,,,,0,0,0,0,0
2185,11,,,,0,0,0,0,0
2185,12,,,,0,0,0,0,0
2185,13,,,,0,0,0,0,0
2185,14,,,,0,0,0,0,0
2185,15,,,,0,0,0,0,0
2186,11,,,,0,0,0,0,0
2186,12,,,,0,0,0,0,0
2186,13,,,,0,0,0,0,0
2186,14,,,,0,0,0,0,0
2186,15,,,,0,0,0,0,0
2187,11,,,,0,0,0,0,0
2187,12,,,,0,0,0,0,0
2187,13,,,,0,0,0,0,0
2187,14,,,,0,0,0,0,0
2187,15,,,,0,0,0,0,0
2188,11,,,,0,0,0,0,0
2188,12,,,,0,0,0,0,0
2188,13,,,,0,0,0,0,0
2188,14,,,,0,0,0,0,0
2188,15,,,,0,0,0,0,0
2189,11,,,,0,0,0,0,0
2189,12,,,,0,0,0,0,0
2189,13,,,,0,0,0,0,0
2189,14,,,,0,0,0,0,0
2189,15,,,,0,0,0,0,0
2190,11,,,,0,0,0,0,0
2190,12,,,,0,0,0,0,0
2190,13,,,,0,0,0,0,0
2190,14,,,,0,0,0,0,0
2190,15,,,,0,0,0,0,0
2191,11,,,,0,0,0,0,0
2191,12,,,,0,0,0,0,0
2191,13,,,,0,0,0,0,0
2191,14,,,,0,0,0,0,0
2191,15,,,,0,0,0,0,0
2192,11,,,,0,0,0,0,0
2192,12,,,,0,0,0,0,0
2192,13,,,,0,0,0,0,0
2192,14,,,,0,0,0,0,0
2192,15,,,,0,0,0,0,0
2193,11,,,,0,0,0,0,0
2193,12,,,,0,0,0,0,0
2193,13,,,,0,0,0,0,0
2193,14,,,,0,0,0,0,0
2193,15,,,,0,0,0,0,0
2194,11,,,,0,0,0,0,0
2194,12,,,,0,0,0,0,0
2194,13,,,,0,0,0,0,0
2194,14,,,,0,0,0,0,0
2194,15,,,,0,0,0,0,0
2195,11,,,,0,0,0,0,0
2195,12,,,,0,0,0,0,0
2195,13,,,,0,0,0,0,0
2195,14,,,,0,0,0,0,0
2195,15,,,,0,0,0,0,0
2196,11,,,,0,0,0,0,0
2196,12,,,,0,0,0,0,0
2196,13,,,,0,0,0,0,0
2196,14,,,,0,0,0,0,0
2196,15,,,,0,0,0,0,0
2197,11,,,,0,0,0,0,0
2197,12,,,,0,0,0,0,0
2197,13,,,,0,0,0,0,0
2197,14,,,,0,0,0,0,0
2197,15,,,,0,0,0,0,0
2198,11,,,,0,0,0,0,0
2198,12,,,,0,0,0,0,0
2198,13,,,,0,0,0,0,0
2198,14,,,,0,0,0,0,0
2198,15,,,,0,0,0,0,0
2199,11,,,,0,0,0,0,0
2199,12,,,,0,0,0,0,0
2199,13,,,,0,0,0,0,0
2199,14,,,,0,0,0,0,0
2199,15,,,,0,0,0,0,0
2200,11,,,,0,0,0,0,0
2200,12,,,,0,0,0,0,0
2200,13,,,,0,0,0,0,0
2200,14,,,,0,0,0,0,0
2200,15,,,,0,0,0,0,0
2201,11,,,,0,0,0,0,0
2201,12,,,,0,0,0,0,0
2201,13,,,,0,0,0,0,0
2201,14,,,,0,0,0,0,0
2201,15,,,,0,0,0,0,0
2202,11,,,,0,0,0,0,0
2202,12,,,,0,0,0,0,0
2202,13,,,,0,0,0,0,0
2202,14,,,,0,0,0,0,0
2202,15,,,,0,0,0,0,0
2203,11,,,,0,0,0,0,0
2203,12,,,,0,0,0,0,0
2203,13,,,,0,0,0,0,0
2203,14,,,,0,0,0,0,0
2203,15,,,,0,0,0,0,0
2204,11,,,,0,0,0,0,0
2204,12,,,,0,0,0,0,0
2204,13,,,,0,0,0,0,0
2204,14,,,,0,0,0,0,0
2204,15,,,,0,0,0,0,0
2205,11,,,,0,0,0,0,0
2205,12,,,,0,0,0,0,0
2205,13,,,,0,0,0,0,0
2205,14,,,,0,0,0,0,0
2205,15,,,,0,0,0,0,0
2206,11,,,,0,0,0,0,0
2206,12,,,,0,0,0,0,0
2206,13,,,,0,0,0,0,0
2206,14,,,,0,0,0,0,0
2206,15,,,,0,0,0,0,0
2207,11,,,,0,0,0,0,0
2207,12,,,,0,0,0,0,0
2207,13,,,,0,0,0,0,0
2207,14,,,,0,0,0,0,0
2207,15,,,,0,0,0,0,0
2208,11,,,,0,0,0,0,0
2208,12,,,,0,0,0,0,0
2208,13,,,,0,0,0,0,0
2208,14,,,,0,0,0,0,0
2208,15,,,,0,0,0,0,0
2209,11,,,,0,0,0,0,0
2209,12,,,,0,0,0,0,0
2209,13,,,,0,0,0,0,0
2209,14,,,,0,0,0,0,0
2209,15,,,,0,0,0,0,0
2210,11,,,,0,0,0,0,0
2210,12,,,,0,0,0,0,0
2210,13,,,,0,0,0,0,0
2210,14,,,,0,0,0,0,0
2210,15,,,,0,0,0,0,0
2211,11,,,,0,0,0,0,0
2211,12,,,,0,0,0,0,0
2211,13,,,,0,0,0,0,0
2211,14,,,,0,0,0,0,0
2211,15,,,,0,0,0,0,0
2212,11,,,,0,0,0,0,0
2212,12,,,,0,0,0,0,0
2212,13,,,,0,0,0,0,0
2212,14,,,,0,0,0,0,0
2212,15,,,,0,0,0,0,0
2213,11,,,,0,0,0,0,0
2213,12,,,,0,0,0,0,0
2213,13,,,,0,0,0,0,0
2213,14,,,,0,0,0,0,0
2213,15,,,,0,0,0,0,0
2214,11,,,,0,0,0,0,0
2214,12,,,,0,0,0,0,0
2214,13,,,,0,0,0,0,0
2214,14,,,,0,0,0,0,0
2214,15,,,,0,0,0,0,0
2215,11,,,,0,0,0,0,0
2215,12,,,,0,0,0,0,0
2215,13,,,,0,0,0,0,0
2215,14,,,,0,0,0,0,0
2215,15,,,,0,0,0,0,0
2216,11,,,,0,0,0,0,0
2216,12,,,,0,0,0,0,0
2216,13,,,,0,0,0,0,0
2216,14,,,,0,0,0,0,0
2216,15,,,,0,0,0,0,0
2217,11,,,,0,0,0,0,0
2217,12,,,,0,0,0,0,0
2217,13,,,,0,0,0,0,0
2217,14,,,,0,0,0,0,0
2217,15,,,,0,0,0,0,0
2218,11,,,,0,0,0,0,0
2218,12,,,,0,0,0,0,0
2218,13,,,,0,0,0,0,0
2218,14,,,,0,0,0,0,0
2218,15,,,,0,0,0,0,0
2219,11,,,,0,0,0,0,0
2219,12,,,,0,0,0,0,0
2219,13,,,,0,0,0,0,0
2219,14,,,,0,0,0,0,0
2219,15,,,,0,0,0,0,0
2220,11,,,,0,0,0,0,0
2220,12,,,,0,0,0,0,0
2220,13,,,,0,0,0,0,0
2220,14,,,,0,0,0,0,0
2220,15,,,,0,0,0,0,0
2221,11,,,,0,0,0,0,0
2221,12,,,,0,0,0,0,0
2221,13,,,,0,0,0,0,0
2221,14,,,,0,0,0,0,0
2221,15,,,,0,0,0,0,0
2222,11,,,,0,0,0,0,0
2222,12,,,,0,0,0,0,0
2222,13,,,,0,0,0,0,0
2222,14,,,,0,0,0,0,0
2222,15,,,,0,0,0,0,0
2223,11,,,,0,0,0,0,0
2223,12,,,,0,0,0,0,0
2223,13,,,,0,0,0,0,0
2223,14,,,,0,0,0,0,0
2223,15,,,,0,0,0,0,0
2224,11,,,,0,0,0,0,0
2224,12,,,,0,0,0,0,0
2224,13,,,,0,0,0,0,0
2224,14,,,,0,0,0,0,0
2224,15,,,,0,0,0,0,0
2225,11,,,,0,0,0,0,0
2225,12,,,,0,0,0,0,0
2225,13,,,,0,0,0,0,0
2225,14,,,,0,0,0,0,0
2225,15,,,,0,0,0,0,0
2226,11,,,,0,0,0,0,0
2226,12,,,,0,0,0,0,0
2226,13,,,,0,0,0,0,0
2226,14,,,,0,0,0,0,0
2226,15,,,,0,0,0,0,0
2227,11,,,,0,0,0,0,0
2227,12,,,,0,0,0,0,0
2227,13,,,,0,0,0,0,0
2227,14,,,,0,0,0,0,0
2227,15,,,,0,0,0,0,0
2228,11,,,,0,0,0,0,0
2228,12,,,,0,0,0,0,0
2228,13,,,,0,0,0,0,0
2228,14,,,,0,0,0,0,0
2228,15,,,,0,0,0,0,0
2229,11,,,,0,0,0,0,0
2229,12,,,,0,0,0,0,0
2229,13,,,,0,0,0,0,0
2229,14,,,,0,0,0,0,0
2229,15,,,,0,0,0,0,0
2230,11,,,,0,0,0,0,0
2230,12,,,,0,0,0,0,0
2230,13,,,,0,0,0,0,0
2230,14,,,,0,0,0,0,0
2230,15,,,,0,0,0,0,0
2231,11,,,,0,0,0,0,0
2231,12,,,,0,0,0,0,0
2231,13,,,,0,0,0,0,0
2231,14,,,,0,0,0,0,0
2231,15,,,,0,0,0,0,0
2232,11,,,,0,0,0,0,0
2232,12,,,,0,0,0,0,0
2232,13,,,,0,0,0,0,0
2232,14,,,,0,0,0,0,0
2232,15,,,,0,0,0,0,0
2233,11,,,,0,0,0,0,0
2233,12,,,,0,0,0,0,0
2233,13,,,,0,0,0,0,0
2233,14,,,,0,0,0,0,0
2233,15,,,,0,0,0,0,0
2234,11,,,,0,0,0,0,0
2234,12,,,,0,0,0,0,0
2234,13,,,,0,0,0,0,0
2234,14,,,,0,0,0,0,0
2234,15,,,,0,0,0,0,0
2235,11,,,,0,0,0,0,0
2235,12,,,,0,0,0,0,0
2235,13,,,,0,0,0,0,0
2235,14,,,,0,0,0,0,0
2235,15,,,,0,0,0,0,0
2236,11,,,,0,0,0,0,0
2236,12,,,,0,0,0,0,0
2236,13,,,,0,0,0,0,0
2236,14,,,,0,0,0,0,0
2236,15,,,,0,0,0,0,0
2237,11,,,,0,0,0,0,0
2237,12,,,,0,0,0,0,0
2237,13,,,,0,0,0,0,0
2237,14,,,,0,0,0,0,0
2237,15,,,,0,0,0,0,0
2238,11,,,,0,0,0,0,0
2238,12,,,,0,0,0,0,0
2238,13,,,,0,0,0,0,0
2238,14,,,,0,0,0,0,0
2238,15,,,,0,0,0,0,0
2239,11,,,,0,0,0,0,0
2239,12,,,,0,0,0,0,0
2239,13,,,,0,0,0,0,0
2239,14,,,,0,0,0,0,0
2239,15,,,,0,0,0,0,0
2240,11,,,,0,0,0,0,0
2240,12,,,,0,0,0,0,0
2240,13,,,,0,0,0,0,0
2240,14,,,,0,0,0,0,0
2240,15,,,,0,0,0,0,0
2241,11,,,,0,0,0,0,0
2241,12,,,,0,0,0,0,0
2241,13,,,,0,0,0,0,0
2241,14,,,,0,0,0,0,0
2241,15,,,,0,0,0,0,0
2242,11,,,,0,0,0,0,0
2242,12,,,,0,0,0,0,0
2242,13,,,,0,0,0,0,0
2242,14,,,,0,0,0,0,0
2242,15,,,,0,0,0,0,0
2243,11,,,,0,0,0,0,0
2243,12,,,,0,0,0,0,0
2243,13,,,,0,0,0,0,0
2243,14,,,,0,0,0,0,0
2243,15,,,,0,0,0,0,0
2244,11,,,,0,0,0,0,0
2244,12,,,,0,0,0,0,0
2244,13,,,,0,0,0,0,0
2244,14,,,,0,0,0,0,0
2244,15,,,,0,0,0,0,0
2245,11,,,,0,0,0,0,0
2245,12,,,,0,0,0,0,0
2245,13,,,,0,0,0,0,0
2245,14,,,,0,0,0,0,0
2245,15,,,,0,0,0,0,0
2246,11,,,,0,0,0,0,0
2246,12,,,,0,0,0,0,0
2246,13,,,,0,0,0,0,0
2246,14,,,,0,0,0,0,0
2246,15,,,,0,0,0,0,0
2247,11,,,,0,0,0,0,0
2247,12,,,,0,0,0,0,0
2247,13,,,,0,0,0,0,0
2247,14,,,,0,0,0,0,0
2247,15,,,,0,0,0,0,0
2248,11,,,,0,0,0,0,0
2248,12,,,,0,0,0,0,0
2248,13,,,,0,0,0,0,0
2248,14,,,,0,0,0,0,0
2248,15,,,,0,0,0,0,0
2249,11,,,,0,0,0,0,0
2249,12,,,,0,0,0,0,0
2249,13,,,,0,0,0,0,0
2249,14,,,,0,0,0,0,0
2249,15,,,,0,0,0,0,0
2250,11,,,,0,0,0,0,0
2250,12,,,,0,0,0,0,0
2250,13,,,,0,0,0,0,0
2250,14,,,,0,0,0,0,0
2250,15,,,,0,0,0,0,0
2251,11,,,,0,0,0,0,0
2251,12,,,,0,0,0,0,0
2251,13,,,,0,0,0,0,0
2251,14,,,,0,0,0,0,0
2251,15,,,,0,0,0,0,0
2252,11,,,,0,0,0,0,0
2252,12,,,,0,0,0,0,0
2252,13,,,,0,0,0,0,0
2252,14,,,,0,0,0,0,0
2252,15,,,,0,0,0,0,0
2253,11,,,,0,0,0,0,0
2253,12,,,,0,0,0,0,0
2253,13,,,,0,0,0,0,0
2253,14,,,,0,0,0,0,0
2253,15,,,,0,0,0,0,0
2254,11,,,,0,0,0,0,0
2254,12,,,,0,0,0,0,0
2254,13,,,,0,0,0,0,0
2254,14,,,,0,0,0,0,0
2254,15,,,,0,0,0,0,0
2255,11,,,,0,0,0,0,0
2255,12,,,,0,0,0,0,0
2255,13,,,,0,0,0,0,0
2255,14,,,,0,0,0,0,0
2255,15,,,,0,0,0,0,0
2256,11,,,,0,0,0,0,0
2256,12,,,,0,0,0,0,0
2256,13,,,,0,0,0,0,0
2256,14,,,,0,0,0,0,0
2256,15,,,,0,0,0,0,0
2257,11,,,,0,0,0,0,0
2257,12,,,,0,0,0,0,0
2257,13,,,,0,0,0,0,0
2257,14,,,,0,0,0,0,0
2257,15,,,,0,0,0,0,0
2258,11,,,,0,0,0,0,0
2258,12,,,,0,0,0,0,0
2258,13,,,,0,0,0,0,0
2258,14,,,,0,0,0,0,0
2258,15,,,,0,0,0,0,0
2259,11,,,,0,0,0,0,0
2259,12,,,,0,0,0,0,0
2259,13,,,,0,0,0,0,0
2259,14,,,,0,0,0,0,0
2259,15,,,,0,0,0,0,0
2260,11,,,,0,0,0,0,0
2260,12,,,,0,0,0,0,0
2260,13,,,,0,0,0,0,0
2260,14,,,,0,0,0,0,0
2260,15,,,,0,0,0,0,0
2261,11,,,,0,0,0,0,0
2261,12,,,,0,0,0,0,0
2261,13,,,,0,0,0,0,0
2261,14,,,,0,0,0,0,0
2261,15,,,,0,0,0,0,0
2262,11,,,,0,0,0,0,0
2262,12,,,,0,0,0,0,0
2262,13,,,,0,0,0,0,0
2262,14,,,,0,0,0,0,0
2262,15,,,,0,0,0,0,0
2263,11,,,,0,0,0,0,0
2263,12,,,,0,0,0,0,0
2263,13,,,,0,0,0,0,0
2263,14,,,,0,0,0,0,0
2263,15,,,,0,0,0,0,0
2264,11,,,,0,0,0,0,0
2264,12,,,,0,0,0,0,0
2264,13,,,,0,0,0,0,0
2264,14,,,,0,0,0,0,0
2264,15,,,,0,0,0,0,0
2265,11,,,,0,0,0,0,0
2265,12,,,,0,0,0,0,0
2265,13,,,,0,0,0,0,0
2265,14,,,,0,0,0,0,0
2265,15,,,,0,0,0,0,0
2266,11,,,,0,0,0,0,0
2266,12,,,,0,0,0,0,0
2266,13,,,,0,0,0,0,0
2266,14,,,,0,0,0,0,0
2266,15,,,,0,0,0,0,0
2267,11,,,,0,0,0,0,0
2267,12,,,,0,0,0,0,0
2267,13,,,,0,0,0,0,0
2267,14,,,,0,0,0,0,0
2267,15,,,,0,0,0,0,0
2268,11,,,,0,0,0,0,0
2268,12,,,,0,0,0,0,0
2268,13,,,,0,0,0,0,0
2268,14,,,,0,0,0,0,0
2268,15,,,,0,0,0,0,0
2269,11,,,,0,0,0,0,0
2269,12,,,,0,0,0,0,0
2269,13,,,,0,0,0,0,0
2269,14,,,,0,0,0,0,0
2269,15,,,,0,0,0,0,0
2270,11,,,,0,0,0,0,0
2270,12,,,,0,0,0,0,0
2270,13,,,,0,0,0,0,0
2270,14,,,,0,0,0,0,0
2270,15,,,,0,0,0,0,0
2271,11,,,,0,0,0,0,0
2271,12,,,,0,0,0,0,0
2271,13,,,,0,0,0,0,0
2271,14,,,,0,0,0,0,0
2271,15,,,,0,0,0,0,0
2272,11,,,,0,0,0,0,0
2272,12,,,,0,0,0,0,0
2272,13,,,,0,0,0,0,0
2272,14,,,,0,0,0,0,0
2272,15,,,,0,0,0,0,0
2273,11,,,,0,0,0,0,0
2273,12,,,,0,0,0,0,0
2273,13,,,,0,0,0,0,0
2273,14,,,,0,0,0,0,0
2273,15,,,,0,0,0,0,0
2274,11,,,,0,0,0,0,0
2274,12,,,,0,0,0,0,0
2274,13,,,,0,0,0,0,0
2274,14,,,,0,0,0,0,0
2274,15,,,,0,0,0,0,0
2275,11,,,,0,0,0,0,0
2275,12,,,,0,0,0,0,0
2275,13,,,,0,0,0,0,0
2275,14,,,,0,0,0,0,0
2275,15,,,,0,0,0,0,0
2276,11,,,,0,0,0,0,0
2276,12,,,,0,0,0,0,0
2276,13,,,,0,0,0,0,0
2276,14,,,,0,0,0,0,0
2276,15,,,,0,0,0,0,0
2277,11,,,,0,0,0,0,0
2277,12,,,,0,0,0,0,0
2277,13,,,,0,0,0,0,0
2277,14,,,,0,0,0,0,0
2277,15,,,,0,0,0,0,0
2278,11,,,,0,0,0,0,0
2278,12,,,,0,0,0,0,0
2278,13,,,,0,0,0,0,0
2278,14,,,,0,0,0,0,0
2278,15,,,,0,0,0,0,0
2279,11,,,,0,0,0,0,0
2279,12,,,,0,0,0,0,0
2279,13,,,,0,0,0,0,0
2279,14,,,,0,0,0,0,0
2279,15,,,,0,0,0,0,0
2280,11,,,,0,0,0,0,0
2280,12,,,,0,0,0,0,0
2280,13,,,,0,0,0,0,0
2280,14,,,,0,0,0,0,0
2280,15,,,,0,0,0,0,0
2281,11,,,,0,0,0,0,0
2281,12,,,,0,0,0,0,0
2281,13,,,,0,0,0,0,0
2281,14,,,,0,0,0,0,0
2281,15,,,,0,0,0,0,0
2282,11,,,,0,0,0,0,0
2282,12,,,,0,0,0,0,0
2282,13,,,,0,0,0,0,0
2282,14,,,,0,0,0,0,0
2282,15,,,,0,0,0,0,0
2283,11,,,,0,0,0,0,0
2283,12,,,,0,0,0,0,0
2283,13,,,,0,0,0,0,0
2283,14,,,,0,0,0,0,0
2283,15,,,,0,0,0,0,0
2284,11,,,,0,0,0,0,0
2284,12,,,,0,0,0,0,0
2284,13,,,,0,0,0,0,0
2284,14,,,,0,0,0,0,0
2284,15,,,,0,0,0,0,0
2285,11,,,,0,0,0,0,0
2285,12,,,,0,0,0,0,0
2285,13,,,,0,0,0,0,0
2285,14,,,,0,0,0,0,0
2285,15,,,,0,0,0,0,0
2286,11,,,,0,0,0,0,0
2286,12,,,,0,0,0,0,0
2286,13,,,,0,0,0,0,0
2286,14,,,,0,0,0,0,0
2286,15,,,,0,0,0,0,0
2287,11,,,,0,0,0,0,0
2287,12,,,,0,0,0,0,0
2287,13,,,,0,0,0,0,0
2287,14,,,,0,0,0,0,0
2287,15,,,,0,0,0,0,0
2288,11,,,,0,0,0,0,0
2288,12,,,,0,0,0,0,0
2288,13,,,,0,0,0,0,0
2288,14,,,,0,0,0,0,0
2288,15,,,,0,0,0,0,0
2289,11,,,,0,0,0,0,0
2289,12,,,,0,0,0,0,0
2289,13,,,,0,0,0,0,0
2289,14,,,,0,0,0,0,0
2289,15,,,,0,0,0,0,0
2290,11,,,,0,0,0,0,0
2290,12,,,,0,0,0,0,0
2290,13,,,,0,0,0,0,0
2290,14,,,,0,0,0,0,0
2290,15,,,,0,0,0,0,0
2291,11,,,,0,0,0,0,0
2291,12,,,,0,0,0,0,0
2291,13,,,,0,0,0,0,0
2291,14,,,,0,0,0,0,0
2291,15,,,,0,0,0,0,0
2292,11,,,,0,0,0,0,0
2292,12,,,,0,0,0,0,0
2292,13,,,,0,0,0,0,0
2292,14,,,,0,0,0,0,0
2292,15,,,,0,0,0,0,0
2293,11,,,,0,0,0,0,0
2293,12,,,,0,0,0,0,0
2293,13,,,,0,0,0,0,0
2293,14,,,,0,0,0,0,0
2293,15,,,,0,0,0,0,0
2294,11,,,,0,0,0,0,0
2294,12,,,,0,0,0,0,0
2294,13,,,,0,0,0,0,0
2294,14,,,,0,0,0,0,0
2294,15,,,,0,0,0,0,0
2295,11,,,,0,0,0,0,0
2295,12,,,,0,0,0,0,0
2295,13,,,,0,0,0,0,0
2295,14,,,,0,0,0,0,0
2295,15,,,,0,0,0,0,0
2296,11,,,,0,0,0,0,0
2296,12,,,,0,0,0,0,0
2296,13,,,,0,0,0,0,0
2296,14,,,,0,0,0,0,0
2296,15,,,,0,0,0,0,0
2297,11,,,,0,0,0,0,0
2297,12,,,,0,0,0,0,0
2297,13,,,,0,0,0,0,0
2297,14,,,,0,0,0,0,0
2297,15,,,,0,0,0,0,0
2298,11,,,,0,0,0,0,0
2298,12,,,,0,0,0,0,0
2298,13,,,,0,0,0,0,0
2298,14,,,,0,0,0,0,0
2298,15,,,,0,0,0,0,0
2299,11,,,,0,0,0,0,0
2299,12,,,,0,0,0,0,0
2299,13,,,,0,0,0,0,0
2299,14,,,,0,0,0,0,0
2299,15,,,,0,0,0,0,0
2300,11,,,,0,0,0,0,0
2300,12,,,,0,0,0,0,0
2300,13,,,,0,0,0,0,0
2300,14,,,,0,0,0,0,0
2300,15,,,,0,0,0,0,0
2301,11,,,,0,0,0,0,0
2301,12,,,,0,0,0,0,0
2301,13,,,,0,0,0,0,0
2301,14,,,,0,0,0,0,0
2301,15,,,,0,0,0,0,0
2302,11,,,,0,0,0,0,0
2302,12,,,,0,0,0,0,0
2302,13,,,,0,0,0,0,0
2302,14,,,,0,0,0,0,0
2302,15,,,,0,0,0,0,0
2303,11,,,,0,0,0,0,0
2303,12,,,,0,0,0,0,0
2303,13,,,,0,0,0,0,0
2303,14,,,,0,0,0,0,0
2303,15,,,,0,0,0,0,0
2304,11,,,,0,0,0,0,0
2304,12,,,,0,0,0,0,0
2304,13,,,,0,0,0,0,0
2304,14,,,,0,0,0,0,0
2304,15,,,,0,0,0,0,0
2305,11,,,,0,0,0,0,0
2305,12,,,,0,0,0,0,0
2305,13,,,,0,0,0,0,0
2305,14,,,,0,0,0,0,0
2305,15,,,,0,0,0,0,0
2306,11,,,,0,0,0,0,0
2306,12,,,,0,0,0,0,0
2306,13,,,,0,0,0,0,0
2306,14,,,,0,0,0,0,0
2306,15,,,,0,0,0,0,0
2307,11,,,,0,0,0,0,0
2307,12,,,,0,0,0,0,0
2307,13,,,,0,0,0,0,0
2307,14,,,,0,0,0,0,0
2307,15,,,,0,0,0,0,0
2308,11,,,,0,0,0,0,0
2308,12,,,,0,0,0,0,0
2308,13,,,,0,0,0,0,0
2308,14,,,,0,0,0,0,0
2308,15,,,,0,0,0,0,0
2309,11,,,,0,0,0,0,0
2309,12,,,,0,0,0,0,0
2309,13,,,,0,0,0,0,0
2309,14,,,,0,0,0,0,0
2309,15,,,,0,0,0,0,0
2310,11,,,,0,0,0,0,0
2310,12,,,,0,0,0,0,0
2310,13,,,,0,0,0,0,0
2310,14,,,,0,0,0,0,0
2310,15,,,,0,0,0,0,0
2311,11,,,,0,0,0,0,0
2311,12,,,,0,0,0,0,0
2311,13,,,,0,0,0,0,0
2311,14,,,,0,0,0,0,0
2311,15,,,,0,0,0,0,0
2312,11,,,,0,0,0,0,0
2312,12,,,,0,0,0,0,0
2312,13,,,,0,0,0,0,0
2312,14,,,,0,0,0,0,0
2312,15,,,,0,0,0,0,0
2313,11,,,,0,0,0,0,0
2313,12,,,,0,0,0,0,0
2313,13,,,,0,0,0,0,0
2313,14,,,,0,0,0,0,0
2313,15,,,,0,0,0,0,0
2314,11,,,,0,0,0,0,0
2314,12,,,,0,0,0,0,0
2314,13,,,,0,0,0,0,0
2314,14,,,,0,0,0,0,0
2314,15,,,,0,0,0,0,0
2315,11,,,,0,0,0,0,0
2315,12,,,,0,0,0,0,0
2315,13,,,,0,0,0,0,0
2315,14,,,,0,0,0,0,0
2315,15,,,,0,0,0,0,0
2316,11,,,,0,0,0,0,0
2316,12,,,,0,0,0,0,0
2316,13,,,,0,0,0,0,0
2316,14,,,,0,0,0,0,0
2316,15,,,,0,0,0,0,0
2317,11,,,,0,0,0,0,0
2317,12,,,,0,0,0,0,0
2317,13,,,,0,0,0,0,0
2317,14,,,,0,0,0,0,0
2317,15,,,,0,0,0,0,0
2318,11,,,,0,0,0,0,0
2318,12,,,,0,0,0,0,0
2318,13,,,,0,0,0,0,0
2318,14,,,,0,0,0,0,0
2318,15,,,,0,0,0,0,0
2319,11,,,,0,0,0,0,0
2319,12,,,,0,0,0,0,0
2319,13,,,,0,0,0,0,0
2319,14,,,,0,0,0,0,0
2319,15,,,,0,0,0,0,0
2320,11,,,,0,0,0,0,0
2320,12,,,,0,0,0,0,0
2320,13,,,,0,0,0,0,0
2320,14,,,,0,0,0,0,0
2320,15,,,,0,0,0,0,0
2321,11,,,,0,0,0,0,0
2321,12,,,,0,0,0,0,0
2321,13,,,,0,0,0,0,0
2321,14,,,,0,0,0,0,0
2321,15,,,,0,0,0,0,0
2322,11,,,,0,0,0,0,0
2322,12,,,,0,0,0,0,0
2322,13,,,,0,0,0,0,0
2322,14,,,,0,0,0,0,0
2322,15,,,,0,0,0,0,0
2323,11,,,,0,0,0,0,0
2323,12,,,,0,0,0,0,0
2323,13,,,,0,0,0,0,0
2323,14,,,,0,0,0,0,0
2323,15,,,,0,0,0,0,0
2324,11,,,,0,0,0,0,0
2324,12,,,,0,0,0,0,0
2324,13,,,,0,0,0,0,0
2324,14,,,,0,0,0,0,0
2324,15,,,,0,0,0,0,0
2325,11,,,,0,0,0,0,0
2325,12,,,,0,0,0,0,0
2325,13,,,,0,0,0,0,0
2325,14,,,,0,0,0,0,0
2325,15,,,,0,0,0,0,0
2326,11,,,,0,0,0,0,0
2326,12,,,,0,0,0,0,0
2326,13,,,,0,0,0,0,0
2326,14,,,,0,0,0,0,0
2326,15,,,,0,0,0,0,0
2327,11,,,,0,0,0,0,0
2327,12,,,,0,0,0,0,0
2327,13,,,,0,0,0,0,0
2327,14,,,,0,0,0,0,0
2327,15,,,,0,0,0,0,0
2328,11,,,,0,0,0,0,0
2328,12,,,,0,0,0,0,0
2328,13,,,,0,0,0,0,0
2328,14,,,,0,0,0,0,0
2328,15,,,,0,0,0,0,0
2329,11,,,,0,0,0,0,0
2329,12,,,,0,0,0,0,0
2329,13,,,,0,0,0,0,0
2329,14,,,,0,0,0,0,0
2329,15,,,,0,0,0,0,0
2330,11,,,,0,0,0,0,0
2330,12,,,,0,0,0,0,0
2330,13,,,,0,0,0,0,0
2330,14,,,,0,0,0,0,0
2330,15,,,,0,0,0,0,0
2331,11,,,,0,0,0,0,0
2331,12,,,,0,0,0,0,0
2331,13,,,,0,0,0,0,0
2331,14,,,,0,0,0,0,0
2331,15,,,,0,0,0,0,0
2332,11,,,,0,0,0,0,0
2332,12,,,,0,0,0,0,0
2332,13,,,,0,0,0,0,0
2332,14,,,,0,0,0,0,0
2332,15,,,,0,0,0,0,0
2333,11,,,,0,0,0,0,0
2333,12,,,,0,0,0,0,0
2333,13,,,,0,0,0,0,0
2333,14,,,,0,0,0,0,0
2333,15,,,,0,0,0,0,0
2334,11,,,,0,0,0,0,0
2334,12,,,,0,0,0,0,0
2334,13,,,,0,0,0,0,0
2334,14,,,,0,0,0,0,0
2334,15,,,,0,0,0,0,0
2335,11,,,,0,0,0,0,0
2335,12,,,,0,0,0,0,0
2335,13,,,,0,0,0,0,0
2335,14,,,,0,0,0,0,0
2335,15,,,,0,0,0,0,0
2336,11,,,,0,0,0,0,0
2336,12,,,,0,0,0,0,0
2336,13,,,,0,0,0,0,0
2336,14,,,,0,0,0,0,0
2336,15,,,,0,0,0,0,0
2337,11,,,,0,0,0,0,0
2337,12,,,,0,0,0,0,0
2337,13,,,,0,0,0,0,0
2337,14,,,,0,0,0,0,0
2337,15,,,,0,0,0,0,0
2338,11,,,,0,0,0,0,0
2338,12,,,,0,0,0,0,0
2338,13,,,,0,0,0,0,0
2338,14,,,,0,0,0,0,0
2338,15,,,,0,0,0,0,0
2339,11,,,,0,0,0,0,0
2339,12,,,,0,0,0,0,0
2339,13,,,,0,0,0,0,0
2339,14,,,,0,0,0,0,0
2339,15,,,,0,0,0,0,0
2340,11,,,,0,0,0,0,0
2340,12,,,,0,0,0,0,0
2340,13,,,,0,0,0,0,0
2340,14,,,,0,0,0,0,0
2340,15,,,,0,0,0,0,0
2341,11,,,,0,0,0,0,0
2341,12,,,,0,0,0,0,0
2341,13,,,,0,0,0,0,0
2341,14,,,,0,0,0,0,0
2341,15,,,,0,0,0,0,0
2342,11,,,,0,0,0,0,0
2342,12,,,,0,0,0,0,0
2342,13,,,,0,0,0,0,0
2342,14,,,,0,0,0,0,0
2342,15,,,,0,0,0,0,0
2343,11,,,,0,0,0,0,0
2343,12,,,,0,0,0,0,0
2343,13,,,,0,0,0,0,0
2343,14,,,,0,0,0,0,0
2343,15,,,,0,0,0,0,0
2344,11,,,,0,0,0,0,0
2344,12,,,,0,0,0,0,0
2344,13,,,,0,0,0,0,0
2344,14,,,,0,0,0,0,0
2344,15,,,,0,0,0,0,0
2345,11,,,,0,0,0,0,0
2345,12,,,,0,0,0,0,0
2345,13,,,,0,0,0,0,0
2345,14,,,,0,0,0,0,0
2345,15,,,,0,0,0,0,0
2346,11,,,,0,0,0,0,0
2346,12,,,,0,0,0,0,0
2346,13,,,,0,0,0,0,0
2346,14,,,,0,0,0,0,0
2346,15,,,,0,0,0,0,0
2347,11,,,,0,0,0,0,0
2347,12,,,,0,0,0,0,0
2347,13,,,,0,0,0,0,0
2347,14,,,,0,0,0,0,0
2347,15,,,,0,0,0,0,0
2348,11,,,,0,0,0,0,0
2348,12,,,,0,0,0,0,0
2348,13,,,,0,0,0,0,0
2348,14,,,,0,0,0,0,0
2348,15,,,,0,0,0,0,0
2349,11,,,,0,0,0,0,0
2349,12,,,,0,0,0,0,0
2349,13,,,,0,0,0,0,0
2349,14,,,,0,0,0,0,0
2349,15,,,,0,0,0,0,0
2350,11,,,,0,0,0,0,0
2350,12,,,,0,0,0,0,0
2350,13,,,,0,0,0,0,0
2350,14,,,,0,0,0,0,0
2350,15,,,,0,0,0,0,0
2351,11,,,,0,0,0,0,0
2351,12,,,,0,0,0,0,0
2351,13,,,,0,0,0,0,0
2351,14,,,,0,0,0,0,0
2351,15,,,,0,0,0,0,0
2352,11,,,,0,0,0,0,0
2352,12,,,,0,0,0,0,0
2352,13,,,,0,0,0,0,0
2352,14,,,,0,0,0,0,0
2352,15,,,,0,0,0,0,0
2353,11,,,,0,0,0,0,0
2353,12,,,,0,0,0,0,0
2353,13,,,,0,0,0,0,0
2353,14,,,,0,0,0,0,0
2353,15,,,,0,0,0,0,0
2354,11,,,,0,0,0,0,0
2354,12,,,,0,0,0,0,0
2354,13,,,,0,0,0,0,0
2354,14,,,,0,0,0,0,0
2354,15,,,,0,0,0,0,0
2355,11,,,,0,0,0,0,0
2355,12,,,,0,0,0,0,0
2355,13,,,,0,0,0,0,0
2355,14,,,,0,0,0,0,0
2355,15,,,,0,0,0,0,0
2356,11,,,,0,0,0,0,0
2356,12,,,,0,0,0,0,0
2356,13,,,,0,0,0,0,0
2356,14,,,,0,0,0,0,0
2356,15,,,,0,0,0,0,0
2357,11,,,,0,0,0,0,0
2357,12,,,,0,0,0,0,0
2357,13,,,,0,0,0,0,0
2357,14,,,,0,0,0,0,0
2357,15,,,,0,0,0,0,0
2358,11,,,,0,0,0,0,0
2358,12,,,,0,0,0,0,0
2358,13,,,,0,0,0,0,0
2358,14,,,,0,0,0,0,0
2358,15,,,,0,0,0,0,0
2359,11,,,,0,0,0,0,0
2359,12,,,,0,0,0,0,0
2359,13,,,,0,0,0,0,0
2359,14,,,,0,0,0,0,0
2359,15,,,,0,0,0,0,0
2360,11,,,,0,0,0,0,0
2360,12,,,,0,0,0,0,0
2360,13,,,,0,0,0,0,0
2360,14,,,,0,0,0,0,0
2360,15,,,,0,0,0,0,0
2361,11,,,,0,0,0,0,0
2361,12,,,,0,0,0,0,0
2361,13,,,,0,0,0,0,0
2361,14,,,,0,0,0,0,0
2361,15,,,,0,0,0,0,0
2362,11,,,,0,0,0,0,0
2362,12,,,,0,0,0,0,0
2362,13,,,,0,0,0,0,0
2362,14,,,,0,0,0,0,0
2362,15,,,,0,0,0,0,0
2363,11,,,,0,0,0,0,0
2363,12,,,,0,0,0,0,0
2363,13,,,,0,0,0,0,0
2363,14,,,,0,0,0,0,0
2363,15,,,,0,0,0,0,0
2364,11,,,,0,0,0,0,0
2364,12,,,,0,0,0,0,0
2364,13,,,,0,0,0,0,0
2364,14,,,,0,0,0,0,0
2364,15,,,,0,0,0,0,0
2365,11,,,,0,0,0,0,0
2365,12,,,,0,0,0,0,0
2365,13,,,,0,0,0,0,0
2365,14,,,,0,0,0,0,0
2365,15,,,,0,0,0,0,0
2366,11,,,,0,0,0,0,0
2366,12,,,,0,0,0,0,0
2366,13,,,,0,0,0,0,0
2366,14,,,,0,0,0,0,0
2366,15,,,,0,0,0,0,0
2367,11,,,,0,0,0,0,0
2367,12,,,,0,0,0,0,0
2367,13,,,,0,0,0,0,0
2367,14,,,,0,0,0,0,0
2367,15,,,,0,0,0,0,0
2368,11,,,,0,0,0,0,0
2368,12,,,,0,0,0,0,0
2368,13,,,,0,0,0,0,0
2368,14,,,,0,0,0,0,0
2368,15,,,,0,0,0,0,0
2369,11,,,,0,0,0,0,0
2369,12,,,,0,0,0,0,0
2369,13,,,,0,0,0,0,0
2369,14,,,,0,0,0,0,0
2369,15,,,,0,0,0,0,0
2370,11,,,,0,0,0,0,0
2370,12,,,,0,0,0,0,0
2370,13,,,,0,0,0,0,0
2370,14,,,,0,0,0,0,0
2370,15,,,,0,0,0,0,0
2371,11,,,,0,0,0,0,0
2371,12,,,,0,0,0,0,0
2371,13,,,,0,0,0,0,0
2371,14,,,,0,0,0,0,0
2371,15,,,,0,0,0,0,0
2372,11,,,,0,0,0,0,0
2372,12,,,,0,0,0,0,0
2372,13,,,,0,0,0,0,0
2372,14,,,,0,0,0,0,0
2372,15,,,,0,0,0,0,0
2373,11,,,,0,0,0,0,0
2373,12,,,,0,0,0,0,0
2373,13,,,,0,0,0,0,0
2373,14,,,,0,0,0,0,0
2373,15,,,,0,0,0,0,0
2374,11,,,,0,0,0,0,0
2374,12,,,,0,0,0,0,0
2374,13,,,,0,0,0,0,0
2374,14,,,,0,0,0,0,0
2374,15,,,,0,0,0,0,0
2375,11,,,,0,0,0,0,0
2375,12,,,,0,0,0,0,0
2375,13,,,,0,0,0,0,0
2375,14,,,,0,0,0,0,0
2375,15,,,,0,0,0,0,0
2376,11,,,,0,0,0,0,0
2376,12,,,,0,0,0,0,0
2376,13,,,,0,0,0,0,0
2376,14,,,,0,0,0,0,0
2376,15,,,,0,0,0,0,0
2377,11,,,,0,0,0,0,0
2377,12,,,,0,0,0,0,0
2377,13,,,,0,0,0,0,0
2377,14,,,,0,0,0,0,0
2377,15,,,,0,0,0,0,0
2378,11,,,,0,0,0,0,0
2378,12,,,,0,0,0,0,0
2378,13,,,,0,0,0,0,0
2378,14,,,,0,0,0,0,0
2378,15,,,,0,0,0,0,0
2379,11,,,,0,0,0,0,0
2379,12,,,,0,0,0,0,0
2379,13,,,,0,0,0,0,0
2379,14,,,,0,0,0,0,0
2379,15,,,,0,0,0,0,0
2380,11,,,,0,0,0,0,0
2380,12,,,,0,0,0,0,0
2380,13,,,,0,0,0,0,0
2380,14,,,,0,0,0,0,0
2380,15,,,,0,0,0,0,0
2381,11,,,,0,0,0,0,0
2381,12,,,,0,0,0,0,0
2381,13,,,,0,0,0,0,0
2381,14,,,,0,0,0,0,0
2381,15,,,,0,0,0,0,0
2382,11,,,,0,0,0,0,0
2382,12,,,,0,0,0,0,0
2382,13,,,,0,0,0,0,0
2382,14,,,,0,0,0,0,0
2382,15,,,,0,0,0,0,0
2383,11,,,,0,0,0,0,0
2383,12,,,,0,0,0,0,0
2383,13,,,,0,0,0,0,0
2383,14,,,,0,0,0,0,0
2383,15,,,,0,0,0,0,0
2384,11,,,,0,0,0,0,0
2384,12,,,,0,0,0,0,0
2384,13,,,,0,0,0,0,0
2384,14,,,,0,0,0,0,0
2384,15,,,,0,0,0,0,0
2385,11,,,,0,0,0,0,0
2385,12,,,,0,0,0,0,0
2385,13,,,,0,0,0,0,0
2385,14,,,,0,0,0,0,0
2385,15,,,,0,0,0,0,0
2386,11,,,,0,0,0,0,0
2386,12,,,,0,0,0,0,0
2386,13,,,,0,0,0,0,0
2386,14,,,,0,0,0,0,0
2386,15,,,,0,0,0,0,0
2387,11,,,,0,0,0,0,0
2387,12,,,,0,0,0,0,0
2387,13,,,,0,0,0,0,0
2387,14,,,,0,0,0,0,0
2387,15,,,,0,0,0,0,0
2388,11,,,,0,0,0,0,0
2388,12,,,,0,0,0,0,0
2388,13,,,,0,0,0,0,0
2388,14,,,,0,0,0,0,0
2388,15,,,,0,0,0,0,0
2389,11,,,,0,0,0,0,0
2389,12,,,,0,0,0,0,0
2389,13,,,,0,0,0,0,0
2389,14,,,,0,0,0,0,0
2389,15,,,,0,0,0,0,0
2390,11,,,,0,0,0,0,0
2390,12,,,,0,0,0,0,0
2390,13,,,,0,0,0,0,0
2390,14,,,,0,0,0,0,0
2390,15,,,,0,0,0,0,0
2391,11,,,,0,0,0,0,0
2391,12,,,,0,0,0,0,0
2391,13,,,,0,0,0,0,0
2391,14,,,,0,0,0,0,0
2391,15,,,,0,0,0,0,0
2392,11,,,,0,0,0,0,0
2392,12,,,,0,0,0,0,0
2392,13,,,,0,0,0,0,0
2392,14,,,,0,0,0,0,0
2392,15,,,,0,0,0,0,0
2393,11,,,,0,0,0,0,0
2393,12,,,,0,0,0,0,0
2393,13,,,,0,0,0,0,0
2393,14,,,,0,0,0,0,0
2393,15,,,,0,0,0,0,0
2394,11,,,,0,0,0,0,0
2394,12,,,,0,0,0,0,0
2394,13,,,,0,0,0,0,0
2394,14,,,,0,0,0,0,0
2394,15,,,,0,0,0,0,0
2395,11,,,,0,0,0,0,0
2395,12,,,,0,0,0,0,0
2395,13,,,,0,0,0,0,0
2395,14,,,,0,0,0,0,0
2395,15,,,,0,0,0,0,0
2396,11,,,,0,0,0,0,0
2396,12,,,,0,0,0,0,0
2396,13,,,,0,0,0,0,0
2396,14,,,,0,0,0,0,0
2396,15,,,,0,0,0,0,0
2397,11,,,,0,0,0,0,0
2397,12,,,,0,0,0,0,0
2397,13,,,,0,0,0,0,0
2397,14,,,,0,0,0,0,0
2397,15,,,,0,0,0,0,0
2398,11,,,,0,0,0,0,0
2398,12,,,,0,0,0,0,0
2398,13,,,,0,0,0,0,0
2398,14,,,,0,0,0,0,0
2398,15,,,,0,0,0,0,0
2399,11,,,,0,0,0,0,0
2399,12,,,,0,0,0,0,0
2399,13,,,,0,0,0,0,0
2399,14,,,,0,0,0,0,0
2399,15,,,,0,0,0,0,0
2400,11,,,,0,0,0,0,0
2400,12,,,,0,0,0,0,0
2400,13,,,,0,0,0,0,0
2400,14,,,,0,0,0,0,0
2400,15,,,,0,0,0,0,0
2401,11,,,,0,0,0,0,0
2401,12,,,,0,0,0,0,0
2401,13,,,,0,0,0,0,0
2401,14,,,,0,0,0,0,0
2401,15,,,,0,0,0,0,0
2402,11,,,,0,0,0,0,0
2402,12,,,,0,0,0,0,0
2402,13,,,,0,0,0,0,0
2402,14,,,,0,0,0,0,0
2402,15,,,,0,0,0,0,0
2403,11,,,,0,0,0,0,0
2403,12,,,,0,0,0,0,0
2403,13,,,,0,0,0,0,0
2403,14,,,,0,0,0,0,0
2403,15,,,,0,0,0,0,0
2404,11,,,,0,0,0,0,0
2404,12,,,,0,0,0,0,0
2404,13,,,,0,0,0,0,0
2404,14,,,,0,0,0,0,0
2404,15,,,,0,0,0,0,0
2405,11,,,,0,0,0,0,0
2405,12,,,,0,0,0,0,0
2405,13,,,,0,0,0,0,0
2405,14,,,,0,0,0,0,0
2405,15,,,,0,0,0,0,0
2406,11,,,,0,0,0,0,0
2406,12,,,,0,0,0,0,0
2406,13,,,,0,0,0,0,0
2406,14,,,,0,0,0,0,0
2406,15,,,,0,0,0,0,0
2407,11,,,,0,0,0,0,0
2407,12,,,,0,0,0,0,0
2407,13,,,,0,0,0,0,0
2407,14,,,,0,0,0,0,0
2407,15,,,,0,0,0,0,0
2408,11,,,,0,0,0,0,0
2408,12,,,,0,0,0,0,0
2408,13,,,,0,0,0,0,0
2408,14,,,,0,0,0,0,0
2408,15,,,,0,0,0,0,0
2409,11,,,,0,0,0,0,0
2409,12,,,,0,0,0,0,0
2409,13,,,,0,0,0,0,0
2409,14,,,,0,0,0,0,0
2409,15,,,,0,0,0,0,0
2410,11,,,,0,0,0,0,0
2410,12,,,,0,0,0,0,0
2410,13,,,,0,0,0,0,0
2410,14,,,,0,0,0,0,0
2410,15,,,,0,0,0,0,0
2411,11,,,,0,0,0,0,0
2411,12,,,,0,0,0,0,0
2411,13,,,,0,0,0,0,0
2411,14,,,,0,0,0,0,0
2411,15,,,,0,0,0,0,0
2412,11,,,,0,0,0,0,0
2412,12,,,,0,0,0,0,0
2412,13,,,,0,0,0,0,0
2412,14,,,,0,0,0,0,0
2412,15,,,,0,0,0,0,0
2413,11,,,,0,0,0,0,0
2413,12,,,,0,0,0,0,0
2413,13,,,,0,0,0,0,0
2413,14,,,,0,0,0,0,0
2413,15,,,,0,0,0,0,0
2414,11,,,,0,0,0,0,0
2414,12,,,,0,0,0,0,0
2414,13,,,,0,0,0,0,0
2414,14,,,,0,0,0,0,0
2414,15,,,,0,0,0,0,0
2415,11,,,,0,0,0,0,0
2415,12,,,,0,0,0,0,0
2415,13,,,,0,0,0,0,0
2415,14,,,,0,0,0,0,0
2415,15,,,,0,0,0,0,0
2416,11,,,,0,0,0,0,0
2416,12,,,,0,0,0,0,0
2416,13,,,,0,0,0,0,0
2416,14,,,,0,0,0,0,0
2416,15,,,,0,0,0,0,0
2417,11,,,,0,0,0,0,0
2417,12,,,,0,0,0,0,0
2417,13,,,,0,0,0,0,0
2417,14,,,,0,0,0,0,0
2417,15,,,,0,0,0,0,0
2418,11,,,,0,0,0,0,0
2418,12,,,,0,0,0,0,0
2418,13,,,,0,0,0,0,0
2418,14,,,,0,0,0,0,0
2418,15,,,,0,0,0,0,0
2419,11,,,,0,0,0,0,0
2419,12,,,,0,0,0,0,0
2419,13,,,,0,0,0,0,0
2419,14,,,,0,0,0,0,0
2419,15,,,,0,0,0,0,0
2420,11,,,,0,0,0,0,0
2420,12,,,,0,0,0,0,0
2420,13,,,,0,0,0,0,0
2420,14,,,,0,0,0,0,0
2420,15,,,,0,0,0,0,0
2421,11,,,,0,0,0,0,0
2421,12,,,,0,0,0,0,0
2421,13,,,,0,0,0,0,0
2421,14,,,,0,0,0,0,0
2421,15,,,,0,0,0,0,0
2422,11,,,,0,0,0,0,0
2422,12,,,,0,0,0,0,0
2422,13,,,,0,0,0,0,0
2422,14,,,,0,0,0,0,0
2422,15,,,,0,0,0,0,0
2423,11,,,,0,0,0,0,0
2423,12,,,,0,0,0,0,0
2423,13,,,,0,0,0,0,0
2423,14,,,,0,0,0,0,0
2423,15,,,,0,0,0,0,0
2424,11,,,,0,0,0,0,0
2424,12,,,,0,0,0,0,0
2424,13,,,,0,0,0,0,0
2424,14,,,,0,0,0,0,0
2424,15,,,,0,0,0,0,0
2425,11,,,,0,0,0,0,0
2425,12,,,,0,0,0,0,0
2425,13,,,,0,0,0,0,0
2425,14,,,,0,0,0,0,0
2425,15,,,,0,0,0,0,0
2426,11,,,,0,0,0,0,0
2426,12,,,,0,0,0,0,0
2426,13,,,,0,0,0,0,0
2426,14,,,,0,0,0,0,0
2426,15,,,,0,0,0,0,0
2427,11,,,,0,0,0,0,0
2427,12,,,,0,0,0,0,0
2427,13,,,,0,0,0,0,0
2427,14,,,,0,0,0,0,0
2427,15,,,,0,0,0,0,0
2428,11,,,,0,0,0,0,0
2428,12,,,,0,0,0,0,0
2428,13,,,,0,0,0,0,0
2428,14,,,,0,0,0,0,0
2428,15,,,,0,0,0,0,0
2429,11,,,,0,0,0,0,0
2429,12,,,,0,0,0,0,0
2429,13,,,,0,0,0,0,0
2429,14,,,,0,0,0,0,0
2429,15,,,,0,0,0,0,0
2430,11,,,,0,0,0,0,0
2430,12,,,,0,0,0,0,0
2430,13,,,,0,0,0,0,0
2430,14,,,,0,0,0,0,0
2430,15,,,,0,0,0,0,0
2431,11,,,,0,0,0,0,0
2431,12,,,,0,0,0,0,0
2431,13,,,,0,0,0,0,0
2431,14,,,,0,0,0,0,0
2431,15,,,,0,0,0,0,0
2432,11,,,,0,0,0,0,0
2432,12,,,,0,0,0,0,0
2432,13,,,,0,0,0,0,0
2432,14,,,,0,0,0,0,0
2432,15,,,,0,0,0,0,0
2433,11,,,,0,0,0,0,0
2433,12,,,,0,0,0,0,0
2433,13,,,,0,0,0,0,0
2433,14,,,,0,0,0,0,0
2433,15,,,,0,0,0,0,0
2434,11,,,,0,0,0,0,0
2434,12,,,,0,0,0,0,0
2434,13,,,,0,0,0,0,0
2434,14,,,,0,0,0,0,0
2434,15,,,,0,0,0,0,0
2435,11,,,,0,0,0,0,0
2435,12,,,,0,0,0,0,0
2435,13,,,,0,0,0,0,0
2435,14,,,,0,0,0,0,0
2435,15,,,,0,0,0,0,0
2436,11,,,,0,0,0,0,0
2436,12,,,,0,0,0,0,0
2436,13,,,,0,0,0,0,0
2436,14,,,,0,0,0,0,0
2436,15,,,,0,0,0,0,0
2437,11,,,,0,0,0,0,0
2437,12,,,,0,0,0,0,0
2437,13,,,,0,0,0,0,0
2437,14,,,,0,0,0,0,0
2437,15,,,,0,0,0,0,0
2438,11,,,,0,0,0,0,0
2438,12,,,,0,0,0,0,0
2438,13,,,,0,0,0,0,0
2438,14,,,,0,0,0,0,0
2438,15,,,,0,0,0,0,0
2439,11,,,,0,0,0,0,0
2439,12,,,,0,0,0,0,0
2439,13,,,,0,0,0,0,0
2439,14,,,,0,0,0,0,0
2439,15,,,,0,0,0,0,0
2440,11,,,,0,0,0,0,0
2440,12,,,,0,0,0,0,0
2440,13,,,,0,0,0,0,0
2440,14,,,,0,0,0,0,0
2440,15,,,,0,0,0,0,0
2441,11,,,,0,0,0,0,0
2441,12,,,,0,0,0,0,0
2441,13,,,,0,0,0,0,0
2441,14,,,,0,0,0,0,0
2441,15,,,,0,0,0,0,0
2442,11,,,,0,0,0,0,0
2442,12,,,,0,0,0,0,0
2442,13,,,,0,0,0,0,0
2442,14,,,,0,0,0,0,0
2442,15,,,,0,0,0,0,0
2443,11,,,,0,0,0,0,0
2443,12,,,,0,0,0,0,0
2443,13,,,,0,0,0,0,0
2443,14,,,,0,0,0,0,0
2443,15,,,,0,0,0,0,0
2444,11,,,,0,0,0,0,0
2444,12,,,,0,0,0,0,0
2444,13,,,,0,0,0,0,0
2444,14,,,,0,0,0,0,0
2444,15,,,,0,0,0,0,0
2445,11,,,,0,0,0,0,0
2445,12,,,,0,0,0,0,0
2445,13,,,,0,0,0,0,0
2445,14,,,,0,0,0,0,0
2445,15,,,,0,0,0,0,0
2446,11,,,,0,0,0,0,0
2446,12,,,,0,0,0,0,0
2446,13,,,,0,0,0,0,0
2446,14,,,,0,0,0,0,0
2446,15,,,,0,0,0,0,0
2447,11,,,,0,0,0,0,0
2447,12,,,,0,0,0,0,0
2447,13,,,,0,0,0,0,0
2447,14,,,,0,0,0,0,0
2447,15,,,,0,0,0,0,0
2448,11,,,,0,0,0,0,0
2448,12,,,,0,0,0,0,0
2448,13,,,,0,0,0,0,0
2448,14,,,,0,0,0,0,0
2448,15,,,,0,0,0,0,0
2449,11,,,,0,0,0,0,0
2449,12,,,,0,0,0,0,0
2449,13,,,,0,0,0,0,0
2449,14,,,,0,0,0,0,0
2449,15,,,,0,0,0,0,0
2450,11,,,,0,0,0,0,0
2450,12,,,,0,0,0,0,0
2450,13,,,,0,0,0,0,0
2450,14,,,,0,0,0,0,0
2450,15,,,,0,0,0,0,0
2451,11,,,,0,0,0,0,0
2451,12,,,,0,0,0,0,0
2451,13,,,,0,0,0,0,0
2451,14,,,,0,0,0,0,0
2451,15,,,,0,0,0,0,0
2452,11,,,,0,0,0,0,0
2452,12,,,,0,0,0,0,0
2452,13,,,,0,0,0,0,0
2452,14,,,,0,0,0,0,0
2452,15,,,,0,0,0,0,0
2453,11,,,,0,0,0,0,0
2453,12,,,,0,0,0,0,0
2453,13,,,,0,0,0,0,0
2453,14,,,,0,0,0,0,0
2453,15,,,,0,0,0,0,0
2454,11,,,,0,0,0,0,0
2454,12,,,,0,0,0,0,0
2454,13,,,,0,0,0,0,0
2454,14,,,,0,0,0,0,0
2454,15,,,,0,0,0,0,0
2455,11,,,,0,0,0,0,0
2455,12,,,,0,0,0,0,0
2455,13,,,,0,0,0,0,0
2455,14,,,,0,0,0,0,0
2455,15,,,,0,0,0,0,0
2456,11,,,,0,0,0,0,0
2456,12,,,,0,0,0,0,0
2456,13,,,,0,0,0,0,0
2456,14,,,,0,0,0,0,0
2456,15,,,,0,0,0,0,0
2457,11,,,,0,0,0,0,0
2457,12,,,,0,0,0,0,0
2457,13,,,,0,0,0,0,0
2457,14,,,,0,0,0,0,0
2457,15,,,,0,0,0,0,0
2458,11,,,,0,0,0,0,0
2458,12,,,,0,0,0,0,0
2458,13,,,,0,0,0,0,0
2458,14,,,,0,0,0,0,0
2458,15,,,,0,0,0,0,0
2459,11,,,,0,0,0,0,0
2459,12,,,,0,0,0,0,0
2459,13,,,,0,0,0,0,0
2459,14,,,,0,0,0,0,0
2459,15,,,,0,0,0,0,0
2460,11,,,,0,0,0,0,0
2460,12,,,,0,0,0,0,0
2460,13,,,,0,0,0,0,0
2460,14,,,,0,0,0,0,0
2460,15,,,,0,0,0,0,0
2461,11,,,,0,0,0,0,0
2461,12,,,,0,0,0,0,0
2461,13,,,,0,0,0,0,0
2461,14,,,,0,0,0,0,0
2461,15,,,,0,0,0,0,0
2462,11,,,,0,0,0,0,0
2462,12,,,,0,0,0,0,0
2462,13,,,,0,0,0,0,0
2462,14,,,,0,0,0,0,0
2462,15,,,,0,0,0,0,0
2463,11,,,,0,0,0,0,0
2463,12,,,,0,0,0,0,0
2463,13,,,,0,0,0,0,0
2463,14,,,,0,0,0,0,0
2463,15,,,,0,0,0,0,0
2464,11,,,,0,0,0,0,0
2464,12,,,,0,0,0,0,0
2464,13,,,,0,0,0,0,0
2464,14,,,,0,0,0,0,0
2464,15,,,,0,0,0,0,0
2465,11,,,,0,0,0,0,0
2465,12,,,,0,0,0,0,0
2465,13,,,,0,0,0,0,0
2465,14,,,,0,0,0,0,0
2465,15,,,,0,0,0,0,0
2466,11,,,,0,0,0,0,0
2466,12,,,,0,0,0,0,0
2466,13,,,,0,0,0,0,0
2466,14,,,,0,0,0,0,0
2466,15,,,,0,0,0,0,0
2467,11,,,,0,0,0,0,0
2467,12,,,,0,0,0,0,0
2467,13,,,,0,0,0,0,0
2467,14,,,,0,0,0,0,0
2467,15,,,,0,0,0,0,0
2468,11,,,,0,0,0,0,0
2468,12,,,,0,0,0,0,0
2468,13,,,,0,0,0,0,0
2468,14,,,,0,0,0,0,0
2468,15,,,,0,0,0,0,0
2469,11,,,,0,0,0,0,0
2469,12,,,,0,0,0,0,0
2469,13,,,,0,0,0,0,0
2469,14,,,,0,0,0,0,0
2469,15,,,,0,0,0,0,0
2470,11,,,,0,0,0,0,0
2470,12,,,,0,0,0,0,0
2470,13,,,,0,0,0,0,0
2470,14,,,,0,0,0,0,0
2470,15,,,,0,0,0,0,0
2471,11,,,,0,0,0,0,0
2471,12,,,,0,0,0,0,0
2471,13,,,,0,0,0,0,0
2471,14,,,,0,0,0,0,0
2471,15,,,,0,0,0,0,0
2472,11,,,,0,0,0,0,0
2472,12,,,,0,0,0,0,0
2472,13,,,,0,0,0,0,0
2472,14,,,,0,0,0,0,0
2472,15,,,,0,0,0,0,0
2473,11,,,,0,0,0,0,0
2473,12,,,,0,0,0,0,0
2473,13,,,,0,0,0,0,0
2473,14,,,,0,0,0,0,0
2473,15,,,,0,0,0,0,0
2474,11,,,,0,0,0,0,0
2474,12,,,,0,0,0,0,0
2474,13,,,,0,0,0,0,0
2474,14,,,,0,0,0,0,0
2474,15,,,,0,0,0,0,0
2475,11,,,,0,0,0,0,0
2475,12,,,,0,0,0,0,0
2475,13,,,,0,0,0,0,0
2475,14,,,,0,0,0,0,0
2475,15,,,,0,0,0,0,0
2476,11,,,,0,0,0,0,0
2476,12,,,,0,0,0,0,0
2476,13,,,,0,0,0,0,0
2476,14,,,,0,0,0,0,0
2476,15,,,,0,0,0,0,0
2477,11,,,,0,0,0,0,0
2477,12,,,,0,0,0,0,0
2477,13,,,,0,0,0,0,0
2477,14,,,,0,0,0,0,0
2477,15,,,,0,0,0,0,0
2478,11,,,,0,0,0,0,0
2478,12,,,,0,0,0,0,0
2478,13,,,,0,0,0,0,0
2478,14,,,,0,0,0,0,0
2478,15,,,,0,0,0,0,0
2479,11,,,,0,0,0,0,0
2479,12,,,,0,0,0,0,0
2479,13,,,,0,0,0,0,0
2479,14,,,,0,0,0,0,0
2479,15,,,,0,0,0,0,0
2480,11,,,,0,0,0,0,0
2480,12,,,,0,0,0,0,0
2480,13,,,,0,0,0,0,0
2480,14,,,,0,0,0,0,0
2480,15,,,,0,0,0,0,0
2481,11,,,,0,0,0,0,0
2481,12,,,,0,0,0,0,0
2481,13,,,,0,0,0,0,0
2481,14,,,,0,0,0,0,0
2481,15,,,,0,0,0,0,0
2482,11,,,,0,0,0,0,0
2482,12,,,,0,0,0,0,0
2482,13,,,,0,0,0,0,0
2482,14,,,,0,0,0,0,0
2482,15,,,,0,0,0,0,0
2483,11,,,,0,0,0,0,0
2483,12,,,,0,0,0,0,0
2483,13,,,,0,0,0,0,0
2483,14,,,,0,0,0,0,0
2483,15,,,,0,0,0,0,0
2484,11,,,,0,0,0,0,0
2484,12,,,,0,0,0,0,0
2484,13,,,,0,0,0,0,0
2484,14,,,,0,0,0,0,0
2484,15,,,,0,0,0,0,0
2485,11,,,,0,0,0,0,0
2485,12,,,,0,0,0,0,0
2485,13,,,,0,0,0,0,0
2485,14,,,,0,0,0,0,0
2485,15,,,,0,0,0,0,0
2486,11,,,,0,0,0,0,0
2486,12,,,,0,0,0,0,0
2486,13,,,,0,0,0,0,0
2486,14,,,,0,0,0,0,0
2486,15,,,,0,0,0,0,0
2487,11,,,,0,0,0,0,0
2487,12,,,,0,0,0,0,0
2487,13,,,,0,0,0,0,0
2487,14,,,,0,0,0,0,0
2487,15,,,,0,0,0,0,0
2488,11,,,,0,0,0,0,0
2488,12,,,,0,0,0,0,0
2488,13,,,,0,0,0,0,0
2488,14,,,,0,0,0,0,0
2488,15,,,,0,0,0,0,0
2489,11,,,,0,0,0,0,0
2489,12,,,,0,0,0,0,0
2489,13,,,,0,0,0,0,0
2489,14,,,,0,0,0,0,0
2489,15,,,,0,0,0,0,0
2490,11,,,,0,0,0,0,0
2490,12,,,,0,0,0,0,0
2490,13,,,,0,0,0,0,0
2490,14,,,,0,0,0,0,0
2490,15,,,,0,0,0,0,0
2491,11,,,,0,0,0,0,0
2491,12,,,,0,0,0,0,0
2491,13,,,,0,0,0,0,0
2491,14,,,,0,0,0,0,0
2491,15,,,,0,0,0,0,0
2492,11,,,,0,0,0,0,0
2492,12,,,,0,0,0,0,0
2492,13,,,,0,0,0,0,0
2492,14,,,,0,0,0,0,0
2492,15,,,,0,0,0,0,0
2493,11,,,,0,0,0,0,0
2493,12,,,,0,0,0,0,0
2493,13,,,,0,0,0,0,0
2493,14,,,,0,0,0,0,0
2493,15,,,,0,0,0,0,0
2494,11,,,,0,0,0,0,0
2494,12,,,,0,0,0,0,0
2494,13,,,,0,0,0,0,0
2494,14,,,,0,0,0,0,0
2494,15,,,,0,0,0,0,0
2495,11,,,,0,0,0,0,0
2495,12,,,,0,0,0,0,0
2495,13,,,,0,0,0,0,0
2495,14,,,,0,0,0,0,0
2495,15,,,,0,0,0,0,0
2496,11,,,,0,0,0,0,0
2496,12,,,,0,0,0,0,0
2496,13,,,,0,0,0,0,0
2496,14,,,,0,0,0,0,0
2496,15,,,,0,0,0,0,0
2497,11,,,,0,0,0,0,0
2497,12,,,,0,0,0,0,0
2497,13,,,,0,0,0,0,0
2497,14,,,,0,0,0,0,0
2497,15,,,,0,0,0,0,0
2498,11,,,,0,0,0,0,0
2498,12,,,,0,0,0,0,0
2498,13,,,,0,0,0,0,0
2498,14,,,,0,0,0,0,0
2498,15,,,,0,0,0,0,0
2499,11,,,,0,0,0,0,0
2499,12,,,,0,0,0,0,0
2499,13,,,,0,0,0,0,0
2499,14,,,,0,0,0,0,0
2499,15,,,,0,0,0,0,0
2500,11,,,,0,0,0,0,0
2500,12,,,,0,0,0,0,0
2500,13,,,,0,0,0,0,0
2500,14,,,,0,0,0,0,0
2500,15,,,,0,0,0,0,0
2501,11,,,,0,0,0,0,0
2501,12,,,,0,0,0,0,0
2501,13,,,,0,0,0,0,0
2501,14,,,,0,0,0,0,0
2501,15,,,,0,0,0,0,0
2502,11,,,,0,0,0,0,0
2502,12,,,,0,0,0,0,0
2502,13,,,,0,0,0,0,0
2502,14,,,,0,0,0,0,0
2502,15,,,,0,0,0,0,0
2503,11,,,,0,0,0,0,0
2503,12,,,,0,0,0,0,0
2503,13,,,,0,0,0,0,0
2503,14,,,,0,0,0,0,0
2503,15,,,,0,0,0,0,0
2504,11,,,,0,0,0,0,0
2504,12,,,,0,0,0,0,0
2504,13,,,,0,0,0,0,0
2504,14,,,,0,0,0,0,0
2504,15,,,,0,0,0,0,0
2505,11,,,,0,0,0,0,0
2505,12,,,,0,0,0,0,0
2505,13,,,,0,0,0,0,0
2505,14,,,,0,0,0,0,0
2505,15,,,,0,0,0,0,0
2506,11,,,,0,0,0,0,0
2506,12,,,,0,0,0,0,0
2506,13,,,,0,0,0,0,0
2506,14,,,,0,0,0,0,0
2506,15,,,,0,0,0,0,0
2507,11,,,,0,0,0,0,0
2507,12,,,,0,0,0,0,0
2507,13,,,,0,0,0,0,0
2507,14,,,,0,0,0,0,0
2507,15,,,,0,0,0,0,0
2508,11,,,,0,0,0,0,0
2508,12,,,,0,0,0,0,0
2508,13,,,,0,0,0,0,0
2508,14,,,,0,0,0,0,0
2508,15,,,,0,0,0,0,0
2509,11,,,,0,0,0,0,0
2509,12,,,,0,0,0,0,0
2509,13,,,,0,0,0,0,0
2509,14,,,,0,0,0,0,0
2509,15,,,,0,0,0,0,0
2510,11,,,,0,0,0,0,0
2510,12,,,,0,0,0,0,0
2510,13,,,,0,0,0,0,0
2510,14,,,,0,0,0,0,0
2510,15,,,,0,0,0,0,0
2511,11,,,,0,0,0,0,0
2511,12,,,,0,0,0,0,0
2511,13,,,,0,0,0,0,0
2511,14,,,,0,0,0,0,0
2511,15,,,,0,0,0,0,0
2512,11,,,,0,0,0,0,0
2512,12,,,,0,0,0,0,0
2512,13,,,,0,0,0,0,0
2512,14,,,,0,0,0,0,0
2512,15,,,,0,0,0,0,0
2513,11,,,,0,0,0,0,0
2513,12,,,,0,0,0,0,0
2513,13,,,,0,0,0,0,0
2513,14,,,,0,0,0,0,0
2513,15,,,,0,0,0,0,0
2514,11,,,,0,0,0,0,0
2514,12,,,,0,0,0,0,0
2514,13,,,,0,0,0,0,0
2514,14,,,,0,0,0,0,0
2514,15,,,,0,0,0,0,0
2515,11,,,,0,0,0,0,0
2515,12,,,,0,0,0,0,0
2515,13,,,,0,0,0,0,0
2515,14,,,,0,0,0,0,0
2515,15,,,,0,0,0,0,0
2516,11,,,,0,0,0,0,0
2516,12,,,,0,0,0,0,0
2516,13,,,,0,0,0,0,0
2516,14,,,,0,0,0,0,0
2516,15,,,,0,0,0,0,0
2517,11,,,,0,0,0,0,0
2517,12,,,,0,0,0,0,0
2517,13,,,,0,0,0,0,0
2517,14,,,,0,0,0,0,0
2517,15,,,,0,0,0,0,0
2518,11,,,,0,0,0,0,0
2518,12,,,,0,0,0,0,0
2518,13,,,,0,0,0,0,0
2518,14,,,,0,0,0,0,0
2518,15,,,,0,0,0,0,0
2519,11,,,,0,0,0,0,0
2519,12,,,,0,0,0,0,0
2519,13,,,,0,0,0,0,0
2519,14,,,,0,0,0,0,0
2519,15,,,,0,0,0,0,0
2520,11,,,,0,0,0,0,0
2520,12,,,,0,0,0,0,0
2520,13,,,,0,0,0,0,0
2520,14,,,,0,0,0,0,0
2520,15,,,,0,0,0,0,0
2521,11,,,,0,0,0,0,0
2521,12,,,,0,0,0,0,0
2521,13,,,,0,0,0,0,0
2521,14,,,,0,0,0,0,0
2521,15,,,,0,0,0,0,0
2522,11,,,,0,0,0,0,0
2522,12,,,,0,0,0,0,0
2522,13,,,,0,0,0,0,0
2522,14,,,,0,0,0,0,0
2522,15,,,,0,0,0,0,0
2523,11,,,,0,0,0,0,0
2523,12,,,,0,0,0,0,0
2523,13,,,,0,0,0,0,0
2523,14,,,,0,0,0,0,0
2523,15,,,,0,0,0,0,0
2524,11,,,,0,0,0,0,0
2524,12,,,,0,0,0,0,0
2524,13,,,,0,0,0,0,0
2524,14,,,,0,0,0,0,0
2524,15,,,,0,0,0,0,0
2525,11,,,,0,0,0,0,0
2525,12,,,,0,0,0,0,0
2525,13,,,,0,0,0,0,0
2525,14,,,,0,0,0,0,0
2525,15,,,,0,0,0,0,0
2526,11,,,,0,0,0,0,0
2526,12,,,,0,0,0,0,0
2526,13,,,,0,0,0,0,0
2526,14,,,,0,0,0,0,0
2526,15,,,,0,0,0,0,0
2527,11,,,,0,0,0,0,0
2527,12,,,,0,0,0,0,0
2527,13,,,,0,0,0,0,0
2527,14,,,,0,0,0,0,0
2527,15,,,,0,0,0,0,0
2528,11,,,,0,0,0,0,0
2528,12,,,,0,0,0,0,0
2528,13,,,,0,0,0,0,0
2528,14,,,,0,0,0,0,0
2528,15,,,,0,0,0,0,0
2529,11,,,,0,0,0,0,0
2529,12,,,,0,0,0,0,0
2529,13,,,,0,0,0,0,0
2529,14,,,,0,0,0,0,0
2529,15,,,,0,0,0,0,0
2530,11,,,,0,0,0,0,0
2530,12,,,,0,0,0,0,0
2530,13,,,,0,0,0,0,0
2530,14,,,,0,0,0,0,0
2530,15,,,,0,0,0,0,0
2531,11,,,,0,0,0,0,0
2531,12,,,,0,0,0,0,0
2531,13,,,,0,0,0,0,0
2531,14,,,,0,0,0,0,0
2531,15,,,,0,0,0,0,0
2532,11,,,,0,0,0,0,0
2532,12,,,,0,0,0,0,0
2532,13,,,,0,0,0,0,0
2532,14,,,,0,0,0,0,0
2532,15,,,,0,0,0,0,0
2533,11,,,,0,0,0,0,0
2533,12,,,,0,0,0,0,0
2533,13,,,,0,0,0,0,0
2533,14,,,,0,0,0,0,0
2533,15,,,,0,0,0,0,0
2534,11,,,,0,0,0,0,0
2534,12,,,,0,0,0,0,0
2534,13,,,,0,0,0,0,0
2534,14,,,,0,0,0,0,0
2534,15,,,,0,0,0,0,0
2535,11,,,,0,0,0,0,0
2535,12,,,,0,0,0,0,0
2535,13,,,,0,0,0,0,0
2535,14,,,,0,0,0,0,0
2535,15,,,,0,0,0,0,0
2536,11,,,,0,0,0,0,0
2536,12,,,,0,0,0,0,0
2536,13,,,,0,0,0,0,0
2536,14,,,,0,0,0,0,0
2536,15,,,,0,0,0,0,0
2537,11,,,,0,0,0,0,0
2537,12,,,,0,0,0,0,0
2537,13,,,,0,0,0,0,0
2537,14,,,,0,0,0,0,0
2537,15,,,,0,0,0,0,0
2538,11,,,,0,0,0,0,0
2538,12,,,,0,0,0,0,0
2538,13,,,,0,0,0,0,0
2538,14,,,,0,0,0,0,0
2538,15,,,,0,0,0,0,0
2539,11,,,,0,0,0,0,0
2539,12,,,,0,0,0,0,0
2539,13,,,,0,0,0,0,0
2539,14,,,,0,0,0,0,0
2539,15,,,,0,0,0,0,0
2540,11,,,,0,0,0,0,0
2540,12,,,,0,0,0,0,0
2540,13,,,,0,0,0,0,0
2540,14,,,,0,0,0,0,0
2540,15,,,,0,0,0,0,0
2541,11,,,,0,0,0,0,0
2541,12,,,,0,0,0,0,0
2541,13,,,,0,0,0,0,0
2541,14,,,,0,0,0,0,0
2541,15,,,,0,0,0,0,0
2542,11,,,,0,0,0,0,0
2542,12,,,,0,0,0,0,0
2542,13,,,,0,0,0,0,0
2542,14,,,,0,0,0,0,0
2542,15,,,,0,0,0,0,0
2543,11,,,,0,0,0,0,0
2543,12,,,,0,0,0,0,0
2543,13,,,,0,0,0,0,0
2543,14,,,,0,0,0,0,0
2543,15,,,,0,0,0,0,0
2544,11,,,,0,0,0,0,0
2544,12,,,,0,0,0,0,0
2544,13,,,,0,0,0,0,0
2544,14,,,,0,0,0,0,0
2544,15,,,,0,0,0,0,0
2545,11,,,,0,0,0,0,0
2545,12,,,,0,0,0,0,0
2545,13,,,,0,0,0,0,0
2545,14,,,,0,0,0,0,0
2545,15,,,,0,0,0,0,0
2546,11,,,,0,0,0,0,0
2546,12,,,,0,0,0,0,0
2546,13,,,,0,0,0,0,0
2546,14,,,,0,0,0,0,0
2546,15,,,,0,0,0,0,0
2547,11,,,,0,0,0,0,0
2547,12,,,,0,0,0,0,0
2547,13,,,,0,0,0,0,0
2547,14,,,,0,0,0,0,0
2547,15,,,,0,0,0,0,0
2548,11,,,,0,0,0,0,0
2548,12,,,,0,0,0,0,0
2548,13,,,,0,0,0,0,0
2548,14,,,,0,0,0,0,0
2548,15,,,,0,0,0,0,0
2549,11,,,,0,0,0,0,0
2549,12,,,,0,0,0,0,0
2549,13,,,,0,0,0,0,0
2549,14,,,,0,0,0,0,0
2549,15,,,,0,0,0,0,0
2550,11,,,,0,0,0,0,0
2550,12,,,,0,0,0,0,0
2550,13,,,,0,0,0,0,0
2550,14,,,,0,0,0,0,0
2550,15,,,,0,0,0,0,0
2551,11,,,,0,0,0,0,0
2551,12,,,,0,0,0,0,0
2551,13,,,,0,0,0,0,0
2551,14,,,,0,0,0,0,0
2551,15,,,,0,0,0,0,0
2552,11,,,,0,0,0,0,0
2552,12,,,,0,0,0,0,0
2552,13,,,,0,0,0,0,0
2552,14,,,,0,0,0,0,0
2552,15,,,,0,0,0,0,0
2553,11,,,,0,0,0,0,0
2553,12,,,,0,0,0,0,0
2553,13,,,,0,0,0,0,0
2553,14,,,,0,0,0,0,0
2553,15,,,,0,0,0,0,0
2554,11,,,,0,0,0,0,0
2554,12,,,,0,0,0,0,0
2554,13,,,,0,0,0,0,0
2554,14,,,,0,0,0,0,0
2554,15,,,,0,0,0,0,0
2555,11,,,,0,0,0,0,0
2555,12,,,,0,0,0,0,0
2555,13,,,,0,0,0,0,0
2555,14,,,,0,0,0,0,0
2555,15,,,,0,0,0,0,0
2556,11,,,,0,0,0,0,0
2556,12,,,,0,0,0,0,0
2556,13,,,,0,0,0,0,0
2556,14,,,,0,0,0,0,0
2556,15,,,,0,0,0,0,0
2557,11,,,,0,0,0,0,0
2557,12,,,,0,0,0,0,0
2557,13,,,,0,0,0,0,0
2557,14,,,,0,0,0,0,0
2557,15,,,,0,0,0,0,0
2558,11,,,,0,0,0,0,0
2558,12,,,,0,0,0,0,0
2558,13,,,,0,0,0,0,0
2558,14,,,,0,0,0,0,0
2558,15,,,,0,0,0,0,0
2559,11,,,,0,0,0,0,0
2559,12,,,,0,0,0,0,0
2559,13,,,,0,0,0,0,0
2559,14,,,,0,0,0,0,0
2559,15,,,,0,0,0,0,0
2560,11,,,,0,0,0,0,0
2560,12,,,,0,0,0,0,0
2560,13,,,,0,0,0,0,0
2560,14,,,,0,0,0,0,0
2560,15,,,,0,0,0,0,0
2561,11,,,,0,0,0,0,0
2561,12,,,,0,0,0,0,0
2561,13,,,,0,0,0,0,0
2561,14,,,,0,0,0,0,0
2561,15,,,,0,0,0,0,0
2562,11,,,,0,0,0,0,0
2562,12,,,,0,0,0,0,0
2562,13,,,,0,0,0,0,0
2562,14,,,,0,0,0,0,0
2562,15,,,,0,0,0,0,0
2563,11,,,,0,0,0,0,0
2563,12,,,,0,0,0,0,0
2563,13,,,,0,0,0,0,0
2563,14,,,,0,0,0,0,0
2563,15,,,,0,0,0,0,0
2564,11,,,,0,0,0,0,0
2564,12,,,,0,0,0,0,0
2564,13,,,,0,0,0,0,0
2564,14,,,,0,0,0,0,0
2564,15,,,,0,0,0,0,0
2565,11,,,,0,0,0,0,0
2565,12,,,,0,0,0,0,0
2565,13,,,,0,0,0,0,0
2565,14,,,,0,0,0,0,0
2565,15,,,,0,0,0,0,0
2566,11,,,,0,0,0,0,0
2566,12,,,,0,0,0,0,0
2566,13,,,,0,0,0,0,0
2566,14,,,,0,0,0,0,0
2566,15,,,,0,0,0,0,0
2567,11,,,,0,0,0,0,0
2567,12,,,,0,0,0,0,0
2567,13,,,,0,0,0,0,0
2567,14,,,,0,0,0,0,0
2567,15,,,,0,0,0,0,0
2568,11,,,,0,0,0,0,0
2568,12,,,,0,0,0,0,0
2568,13,,,,0,0,0,0,0
2568,14,,,,0,0,0,0,0
2568,15,,,,0,0,0,0,0
2569,11,,,,0,0,0,0,0
2569,12,,,,0,0,0,0,0
2569,13,,,,0,0,0,0,0
2569,14,,,,0,0,0,0,0
2569,15,,,,0,0,0,0,0
2570,11,,,,0,0,0,0,0
2570,12,,,,0,0,0,0,0
2570,13,,,,0,0,0,0,0
2570,14,,,,0,0,0,0,0
2570,15,,,,0,0,0,0,0
2571,11,,,,0,0,0,0,0
2571,12,,,,0,0,0,0,0
2571,13,,,,0,0,0,0,0
2571,14,,,,0,0,0,0,0
2571,15,,,,0,0,0,0,0
2572,11,,,,0,0,0,0,0
2572,12,,,,0,0,0,0,0
2572,13,,,,0,0,0,0,0
2572,14,,,,0,0,0,0,0
2572,15,,,,0,0,0,0,0
2573,11,,,,0,0,0,0,0
2573,12,,,,0,0,0,0,0
2573,13,,,,0,0,0,0,0
2573,14,,,,0,0,0,0,0
2573,15,,,,0,0,0,0,0
2574,11,,,,0,0,0,0,0
2574,12,,,,0,0,0,0,0
2574,13,,,,0,0,0,0,0
2574,14,,,,0,0,0,0,0
2574,15,,,,0,0,0,0,0
2575,11,,,,0,0,0,0,0
2575,12,,,,0,0,0,0,0
2575,13,,,,0,0,0,0,0
2575,14,,,,0,0,0,0,0
2575,15,,,,0,0,0,0,0
2576,11,,,,0,0,0,0,0
2576,12,,,,0,0,0,0,0
2576,13,,,,0,0,0,0,0
2576,14,,,,0,0,0,0,0
2576,15,,,,0,0,0,0,0
2577,11,,,,0,0,0,0,0
2577,12,,,,0,0,0,0,0
2577,13,,,,0,0,0,0,0
2577,14,,,,0,0,0,0,0
2577,15,,,,0,0,0,0,0
2578,11,,,,0,0,0,0,0
2578,12,,,,0,0,0,0,0
2578,13,,,,0,0,0,0,0
2578,14,,,,0,0,0,0,0
2578,15,,,,0,0,0,0,0
2579,11,,,,0,0,0,0,0
2579,12,,,,0,0,0,0,0
2579,13,,,,0,0,0,0,0
2579,14,,,,0,0,0,0,0
2579,15,,,,0,0,0,0,0
2580,11,,,,0,0,0,0,0
2580,12,,,,0,0,0,0,0
2580,13,,,,0,0,0,0,0
2580,14,,,,0,0,0,0,0
2580,15,,,,0,0,0,0,0
2581,11,,,,0,0,0,0,0
2581,12,,,,0,0,0,0,0
2581,13,,,,0,0,0,0,0
2581,14,,,,0,0,0,0,0
2581,15,,,,0,0,0,0,0
2582,11,,,,0,0,0,0,0
2582,12,,,,0,0,0,0,0
2582,13,,,,0,0,0,0,0
2582,14,,,,0,0,0,0,0
2582,15,,,,0,0,0,0,0
2583,11,,,,0,0,0,0,0
2583,12,,,,0,0,0,0,0
2583,13,,,,0,0,0,0,0
2583,14,,,,0,0,0,0,0
2583,15,,,,0,0,0,0,0
2584,11,,,,0,0,0,0,0
2584,12,,,,0,0,0,0,0
2584,13,,,,0,0,0,0,0
2584,14,,,,0,0,0,0,0
2584,15,,,,0,0,0,0,0
2585,11,,,,0,0,0,0,0
2585,12,,,,0,0,0,0,0
2585,13,,,,0,0,0,0,0
2585,14,,,,0,0,0,0,0
2585,15,,,,0,0,0,0,0
2586,11,,,,0,0,0,0,0
2586,12,,,,0,0,0,0,0
2586,13,,,,0,0,0,0,0
2586,14,,,,0,0,0,0,0
2586,15,,,,0,0,0,0,0
2587,11,,,,0,0,0,0,0
2587,12,,,,0,0,0,0,0
2587,13,,,,0,0,0,0,0
2587,14,,,,0,0,0,0,0
2587,15,,,,0,0,0,0,0
2588,11,,,,0,0,0,0,0
2588,12,,,,0,0,0,0,0
2588,13,,,,0,0,0,0,0
2588,14,,,,0,0,0,0,0
2588,15,,,,0,0,0,0,0
2589,11,,,,0,0,0,0,0
2589,12,,,,0,0,0,0,0
2589,13,,,,0,0,0,0,0
2589,14,,,,0,0,0,0,0
2589,15,,,,0,0,0,0,0
2590,11,,,,0,0,0,0,0
2590,12,,,,0,0,0,0,0
2590,13,,,,0,0,0,0,0
2590,14,,,,0,0,0,0,0
2590,15,,,,0,0,0,0,0
2591,11,,,,0,0,0,0,0
2591,12,,,,0,0,0,0,0
2591,13,,,,0,0,0,0,0
2591,14,,,,0,0,0,0,0
2591,15,,,,0,0,0,0,0
2592,11,,,,0,0,0,0,0
2592,12,,,,0,0,0,0,0
2592,13,,,,0,0,0,0,0
2592,14,,,,0,0,0,0,0
2592,15,,,,0,0,0,0,0
2593,11,,,,0,0,0,0,0
2593,12,,,,0,0,0,0,0
2593,13,,,,0,0,0,0,0
2593,14,,,,0,0,0,0,0
2593,15,,,,0,0,0,0,0
2594,11,,,,0,0,0,0,0
2594,12,,,,0,0,0,0,0
2594,13,,,,0,0,0,0,0
2594,14,,,,0,0,0,0,0
2594,15,,,,0,0,0,0,0
2595,11,,,,0,0,0,0,0
2595,12,,,,0,0,0,0,0
2595,13,,,,0,0,0,0,0
2595,14,,,,0,0,0,0,0
2595,15,,,,0,0,0,0,0
2596,11,,,,0,0,0,0,0
2596,12,,,,0,0,0,0,0
2596,13,,,,0,0,0,0,0
2596,14,,,,0,0,0,0,0
2596,15,,,,0,0,0,0,0
2597,11,,,,0,0,0,0,0
2597,12,,,,0,0,0,0,0
2597,13,,,,0,0,0,0,0
2597,14,,,,0,0,0,0,0
2597,15,,,,0,0,0,0,0
2598,11,,,,0,0,0,0,0
2598,12,,,,0,0,0,0,0
2598,13,,,,0,0,0,0,0
2598,14,,,,0,0,0,0,0
2598,15,,,,0,0,0,0,0
2599,11,,,,0,0,0,0,0
2599,12,,,,0,0,0,0,0
2599,13,,,,0,0,0,0,0
2599,14,,,,0,0,0,0,0
2599,15,,,,0,0,0,0,0
2600,11,,,,0,0,0,0,0
2600,12,,,,0,0,0,0,0
2600,13,,,,0,0,0,0,0
2600,14,,,,0,0,0,0,0
2600,15,,,,0,0,0,0,0
2601,11,,,,0,0,0,0,0
2601,12,,,,0,0,0,0,0
2601,13,,,,0,0,0,0,0
2601,14,,,,0,0,0,0,0
2601,15,,,,0,0,0,0,0
2602,11,,,,0,0,0,0,0
2602,12,,,,0,0,0,0,0
2602,13,,,,0,0,0,0,0
2602,14,,,,0,0,0,0,0
2602,15,,,,0,0,0,0,0
2603,11,,,,0,0,0,0,0
2603,12,,,,0,0,0,0,0
2603,13,,,,0,0,0,0,0
2603,14,,,,0,0,0,0,0
2603,15,,,,0,0,0,0,0
2604,11,,,,0,0,0,0,0
2604,12,,,,0,0,0,0,0
2604,13,,,,0,0,0,0,0
2604,14,,,,0,0,0,0,0
2604,15,,,,0,0,0,0,0
2605,11,,,,0,0,0,0,0
2605,12,,,,0,0,0,0,0
2605,13,,,,0,0,0,0,0
2605,14,,,,0,0,0,0,0
2605,15,,,,0,0,0,0,0
2606,11,,,,0,0,0,0,0
2606,12,,,,0,0,0,0,0
2606,13,,,,0,0,0,0,0
2606,14,,,,0,0,0,0,0
2606,15,,,,0,0,0,0,0
2607,11,,,,0,0,0,0,0
2607,12,,,,0,0,0,0,0
2607,13,,,,0,0,0,0,0
2607,14,,,,0,0,0,0,0
2607,15,,,,0,0,0,0,0
2608,11,,,,0,0,0,0,0
2608,12,,,,0,0,0,0,0
2608,13,,,,0,0,0,0,0
2608,14,,,,0,0,0,0,0
2608,15,,,,0,0,0,0,0
2609,11,,,,0,0,0,0,0
2609,12,,,,0,0,0,0,0
2609,13,,,,0,0,0,0,0
2609,14,,,,0,0,0,0,0
2609,15,,,,0,0,0,0,0
2610,11,,,,0,0,0,0,0
2610,12,,,,0,0,0,0,0
2610,13,,,,0,0,0,0,0
2610,14,,,,0,0,0,0,0
2610,15,,,,0,0,0,0,0
2611,11,,,,0,0,0,0,0
2611,12,,,,0,0,0,0,0
2611,13,,,,0,0,0,0,0
2611,14,,,,0,0,0,0,0
2611,15,,,,0,0,0,0,0
2612,11,,,,0,0,0,0,0
2612,12,,,,0,0,0,0,0
2612,13,,,,0,0,0,0,0
2612,14,,,,0,0,0,0,0
2612,15,,,,0,0,0,0,0
2613,11,,,,0,0,0,0,0
2613,12,,,,0,0,0,0,0
2613,13,,,,0,0,0,0,0
2613,14,,,,0,0,0,0,0
2613,15,,,,0,0,0,0,0
2614,11,,,,0,0,0,0,0
2614,12,,,,0,0,0,0,0
2614,13,,,,0,0,0,0,0
2614,14,,,,0,0,0,0,0
2614,15,,,,0,0,0,0,0
2615,11,,,,0,0,0,0,0
2615,12,,,,0,0,0,0,0
2615,13,,,,0,0,0,0,0
2615,14,,,,0,0,0,0,0
2615,15,,,,0,0,0,0,0
2616,11,,,,0,0,0,0,0
2616,12,,,,0,0,0,0,0
2616,13,,,,0,0,0,0,0
2616,14,,,,0,0,0,0,0
2616,15,,,,0,0,0,0,0
2617,11,,,,0,0,0,0,0
2617,12,,,,0,0,0,0,0
2617,13,,,,0,0,0,0,0
2617,14,,,,0,0,0,0,0
2617,15,,,,0,0,0,0,0
2618,11,,,,0,0,0,0,0
2618,12,,,,0,0,0,0,0
2618,13,,,,0,0,0,0,0
2618,14,,,,0,0,0,0,0
2618,15,,,,0,0,0,0,0
2619,11,,,,0,0,0,0,0
2619,12,,,,0,0,0,0,0
2619,13,,,,0,0,0,0,0
2619,14,,,,0,0,0,0,0
2619,15,,,,0,0,0,0,0
2620,11,,,,0,0,0,0,0
2620,12,,,,0,0,0,0,0
2620,13,,,,0,0,0,0,0
2620,14,,,,0,0,0,0,0
2620,15,,,,0,0,0,0,0
2621,11,,,,0,0,0,0,0
2621,12,,,,0,0,0,0,0
2621,13,,,,0,0,0,0,0
2621,14,,,,0,0,0,0,0
2621,15,,,,0,0,0,0,0
2622,11,,,,0,0,0,0,0
2622,12,,,,0,0,0,0,0
2622,13,,,,0,0,0,0,0
2622,14,,,,0,0,0,0,0
2622,15,,,,0,0,0,0,0
2623,11,,,,0,0,0,0,0
2623,12,,,,0,0,0,0,0
2623,13,,,,0,0,0,0,0
2623,14,,,,0,0,0,0,0
2623,15,,,,0,0,0,0,0
2624,11,,,,0,0,0,0,0
2624,12,,,,0,0,0,0,0
2624,13,,,,0,0,0,0,0
2624,14,,,,0,0,0,0,0
2624,15,,,,0,0,0,0,0
2625,11,,,,0,0,0,0,0
2625,12,,,,0,0,0,0,0
2625,13,,,,0,0,0,0,0
2625,14,,,,0,0,0,0,0
2625,15,,,,0,0,0,0,0
2626,11,,,,0,0,0,0,0
2626,12,,,,0,0,0,0,0
2626,13,,,,0,0,0,0,0
2626,14,,,,0,0,0,0,0
2626,15,,,,0,0,0,0,0
2627,11,,,,0,0,0,0,0
2627,12,,,,0,0,0,0,0
2627,13,,,,0,0,0,0,0
2627,14,,,,0,0,0,0,0
2627,15,,,,0,0,0,0,0
2628,11,,,,0,0,0,0,0
2628,12,,,,0,0,0,0,0
2628,13,,,,0,0,0,0,0
2628,14,,,,0,0,0,0,0
2628,15,,,,0,0,0,0,0
2629,11,,,,0,0,0,0,0
2629,12,,,,0,0,0,0,0
2629,13,,,,0,0,0,0,0
2629,14,,,,0,0,0,0,0
2629,15,,,,0,0,0,0,0
2630,11,,,,0,0,0,0,0
2630,12,,,,0,0,0,0,0
2630,13,,,,0,0,0,0,0
2630,14,,,,0,0,0,0,0
2630,15,,,,0,0,0,0,0
2631,11,,,,0,0,0,0,0
2631,12,,,,0,0,0,0,0
2631,13,,,,0,0,0,0,0
2631,14,,,,0,0,0,0,0
2631,15,,,,0,0,0,0,0
2632,11,,,,0,0,0,0,0
2632,12,,,,0,0,0,0,0
2632,13,,,,0,0,0,0,0
2632,14,,,,0,0,0,0,0
2632,15,,,,0,0,0,0,0
2633,11,,,,0,0,0,0,0
2633,12,,,,0,0,0,0,0
2633,13,,,,0,0,0,0,0
2633,14,,,,0,0,0,0,0
2633,15,,,,0,0,0,0,0
2634,11,,,,0,0,0,0,0
2634,12,,,,0,0,0,0,0
2634,13,,,,0,0,0,0,0
2634,14,,,,0,0,0,0,0
2634,15,,,,0,0,0,0,0
2635,11,,,,0,0,0,0,0
2635,12,,,,0,0,0,0,0
2635,13,,,,0,0,0,0,0
2635,14,,,,0,0,0,0,0
2635,15,,,,0,0,0,0,0
2636,11,,,,0,0,0,0,0
2636,12,,,,0,0,0,0,0
2636,13,,,,0,0,0,0,0
2636,14,,,,0,0,0,0,0
2636,15,,,,0,0,0,0,0
2637,11,,,,0,0,0,0,0
2637,12,,,,0,0,0,0,0
2637,13,,,,0,0,0,0,0
2637,14,,,,0,0,0,0,0
2637,15,,,,0,0,0,0,0
2638,11,,,,0,0,0,0,0
2638,12,,,,0,0,0,0,0
2638,13,,,,0,0,0,0,0
2638,14,,,,0,0,0,0,0
2638,15,,,,0,0,0,0,0
2639,11,,,,0,0,0,0,0
2639,12,,,,0,0,0,0,0
2639,13,,,,0,0,0,0,0
2639,14,,,,0,0,0,0,0
2639,15,,,,0,0,0,0,0
2640,11,,,,0,0,0,0,0
2640,12,,,,0,0,0,0,0
2640,13,,,,0,0,0,0,0
2640,14,,,,0,0,0,0,0
2640,15,,,,0,0,0,0,0
2641,11,,,,0,0,0,0,0
2641,12,,,,0,0,0,0,0
2641,13,,,,0,0,0,0,0
2641,14,,,,0,0,0,0,0
2641,15,,,,0,0,0,0,0
2642,11,,,,0,0,0,0,0
2642,12,,,,0,0,0,0,0
2642,13,,,,0,0,0,0,0
2642,14,,,,0,0,0,0,0
2642,15,,,,0,0,0,0,0
2643,11,,,,0,0,0,0,0
2643,12,,,,0,0,0,0,0
2643,13,,,,0,0,0,0,0
2643,14,,,,0,0,0,0,0
2643,15,,,,0,0,0,0,0
2644,11,,,,0,0,0,0,0
2644,12,,,,0,0,0,0,0
2644,13,,,,0,0,0,0,0
2644,14,,,,0,0,0,0,0
2644,15,,,,0,0,0,0,0
2645,11,,,,0,0,0,0,0
2645,12,,,,0,0,0,0,0
2645,13,,,,0,0,0,0,0
2645,14,,,,0,0,0,0,0
2645,15,,,,0,0,0,0,0
2646,11,,,,0,0,0,0,0
2646,12,,,,0,0,0,0,0
2646,13,,,,0,0,0,0,0
2646,14,,,,0,0,0,0,0
2646,15,,,,0,0,0,0,0
2647,11,,,,0,0,0,0,0
2647,12,,,,0,0,0,0,0
2647,13,,,,0,0,0,0,0
2647,14,,,,0,0,0,0,0
2647,15,,,,0,0,0,0,0
2648,11,,,,0,0,0,0,0
2648,12,,,,0,0,0,0,0
2648,13,,,,0,0,0,0,0
2648,14,,,,0,0,0,0,0
2648,15,,,,0,0,0,0,0
2649,11,,,,0,0,0,0,0
2649,12,,,,0,0,0,0,0
2649,13,,,,0,0,0,0,0
2649,14,,,,0,0,0,0,0
2649,15,,,,0,0,0,0,0
2650,11,,,,0,0,0,0,0
2650,12,,,,0,0,0,0,0
2650,13,,,,0,0,0,0,0
2650,14,,,,0,0,0,0,0
2650,15,,,,0,0,0,0,0
2651,11,,,,0,0,0,0,0
2651,12,,,,0,0,0,0,0
2651,13,,,,0,0,0,0,0
2651,14,,,,0,0,0,0,0
2651,15,,,,0,0,0,0,0
2652,11,,,,0,0,0,0,0
2652,12,,,,0,0,0,0,0
2652,13,,,,0,0,0,0,0
2652,14,,,,0,0,0,0,0
2652,15,,,,0,0,0,0,0
2653,11,,,,0,0,0,0,0
2653,12,,,,0,0,0,0,0
2653,13,,,,0,0,0,0,0
2653,14,,,,0,0,0,0,0
2653,15,,,,0,0,0,0,0
2654,11,,,,0,0,0,0,0
2654,12,,,,0,0,0,0,0
2654,13,,,,0,0,0,0,0
2654,14,,,,0,0,0,0,0
2654,15,,,,0,0,0,0,0
2655,11,,,,0,0,0,0,0
2655,12,,,,0,0,0,0,0
2655,13,,,,0,0,0,0,0
2655,14,,,,0,0,0,0,0
2655,15,,,,0,0,0,0,0
2656,11,,,,0,0,0,0,0
2656,12,,,,0,0,0,0,0
2656,13,,,,0,0,0,0,0
2656,14,,,,0,0,0,0,0
2656,15,,,,0,0,0,0,0
2657,11,,,,0,0,0,0,0
2657,12,,,,0,0,0,0,0
2657,13,,,,0,0,0,0,0
2657,14,,,,0,0,0,0,0
2657,15,,,,0,0,0,0,0
2658,11,,,,0,0,0,0,0
2658,12,,,,0,0,0,0,0
2658,13,,,,0,0,0,0,0
2658,14,,,,0,0,0,0,0
2658,15,,,,0,0,0,0,0
2659,11,,,,0,0,0,0,0
2659,12,,,,0,0,0,0,0
2659,13,,,,0,0,0,0,0
2659,14,,,,0,0,0,0,0
2659,15,,,,0,0,0,0,0
2660,11,,,,0,0,0,0,0
2660,12,,,,0,0,0,0,0
2660,13,,,,0,0,0,0,0
2660,14,,,,0,0,0,0,0
2660,15,,,,0,0,0,0,0
2661,11,,,,0,0,0,0,0
2661,12,,,,0,0,0,0,0
2661,13,,,,0,0,0,0,0
2661,14,,,,0,0,0,0,0
2661,15,,,,0,0,0,0,0
2662,11,,,,0,0,0,0,0
2662,12,,,,0,0,0,0,0
2662,13,,,,0,0,0,0,0
2662,14,,,,0,0,0,0,0
2662,15,,,,0,0,0,0,0
2663,11,,,,0,0,0,0,0
2663,12,,,,0,0,0,0,0
2663,13,,,,0,0,0,0,0
2663,14,,,,0,0,0,0,0
2663,15,,,,0,0,0,0,0
2664,11,,,,0,0,0,0,0
2664,12,,,,0,0,0,0,0
2664,13,,,,0,0,0,0,0
2664,14,,,,0,0,0,0,0
2664,15,,,,0,0,0,0,0
2665,11,,,,0,0,0,0,0
2665,12,,,,0,0,0,0,0
2665,13,,,,0,0,0,0,0
2665,14,,,,0,0,0,0,0
2665,15,,,,0,0,0,0,0
2666,11,,,,0,0,0,0,0
2666,12,,,,0,0,0,0,0
2666,13,,,,0,0,0,0,0
2666,14,,,,0,0,0,0,0
2666,15,,,,0,0,0,0,0
2667,11,,,,0,0,0,0,0
2667,12,,,,0,0,0,0,0
2667,13,,,,0,0,0,0,0
2667,14,,,,0,0,0,0,0
2667,15,,,,0,0,0,0,0
2668,11,,,,0,0,0,0,0
2668,12,,,,0,0,0,0,0
2668,13,,,,0,0,0,0,0
2668,14,,,,0,0,0,0,0
2668,15,,,,0,0,0,0,0
2669,11,,,,0,0,0,0,0
2669,12,,,,0,0,0,0,0
2669,13,,,,0,0,0,0,0
2669,14,,,,0,0,0,0,0
2669,15,,,,0,0,0,0,0
2670,11,,,,0,0,0,0,0
2670,12,,,,0,0,0,0,0
2670,13,,,,0,0,0,0,0
2670,14,,,,0,0,0,0,0
2670,15,,,,0,0,0,0,0
2671,11,,,,0,0,0,0,0
2671,12,,,,0,0,0,0,0
2671,13,,,,0,0,0,0,0
2671,14,,,,0,0,0,0,0
2671,15,,,,0,0,0,0,0
2672,11,,,,0,0,0,0,0
2672,12,,,,0,0,0,0,0
2672,13,,,,0,0,0,0,0
2672,14,,,,0,0,0,0,0
2672,15,,,,0,0,0,0,0
2673,11,,,,0,0,0,0,0
2673,12,,,,0,0,0,0,0
2673,13,,,,0,0,0,0,0
2673,14,,,,0,0,0,0,0
2673,15,,,,0,0,0,0,0
2674,11,,,,0,0,0,0,0
2674,12,,,,0,0,0,0,0
2674,13,,,,0,0,0,0,0
2674,14,,,,0,0,0,0,0
2674,15,,,,0,0,0,0,0
2675,11,,,,0,0,0,0,0
2675,12,,,,0,0,0,0,0
2675,13,,,,0,0,0,0,0
2675,14,,,,0,0,0,0,0
2675,15,,,,0,0,0,0,0
2676,11,,,,0,0,0,0,0
2676,12,,,,0,0,0,0,0
2676,13,,,,0,0,0,0,0
2676,14,,,,0,0,0,0,0
2676,15,,,,0,0,0,0,0
2677,11,,,,0,0,0,0,0
2677,12,,,,0,0,0,0,0
2677,13,,,,0,0,0,0,0
2677,14,,,,0,0,0,0,0
2677,15,,,,0,0,0,0,0
2678,11,,,,0,0,0,0,0
2678,12,,,,0,0,0,0,0
2678,13,,,,0,0,0,0,0
2678,14,,,,0,0,0,0,0
2678,15,,,,0,0,0,0,0
2679,11,,,,0,0,0,0,0
2679,12,,,,0,0,0,0,0
2679,13,,,,0,0,0,0,0
2679,14,,,,0,0,0,0,0
2679,15,,,,0,0,0,0,0
2680,11,,,,0,0,0,0,0
2680,12,,,,0,0,0,0,0
2680,13,,,,0,0,0,0,0
2680,14,,,,0,0,0,0,0
2680,15,,,,0,0,0,0,0
2681,11,,,,0,0,0,0,0
2681,12,,,,0,0,0,0,0
2681,13,,,,0,0,0,0,0
2681,14,,,,0,0,0,0,0
2681,15,,,,0,0,0,0,0
2682,11,,,,0,0,0,0,0
2682,12,,,,0,0,0,0,0
2682,13,,,,0,0,0,0,0
2682,14,,,,0,0,0,0,0
2682,15,,,,0,0,0,0,0
2683,11,,,,0,0,0,0,0
2683,12,,,,0,0,0,0,0
2683,13,,,,0,0,0,0,0
2683,14,,,,0,0,0,0,0
2683,15,,,,0,0,0,0,0
2684,11,,,,0,0,0,0,0
2684,12,,,,0,0,0,0,0
2684,13,,,,0,0,0,0,0
2684,14,,,,0,0,0,0,0
2684,15,,,,0,0,0,0,0
2685,11,,,,0,0,0,0,0
2685,12,,,,0,0,0,0,0
2685,13,,,,0,0,0,0,0
2685,14,,,,0,0,0,0,0
2685,15,,,,0,0,0,0,0
2686,11,,,,0,0,0,0,0
2686,12,,,,0,0,0,0,0
2686,13,,,,0,0,0,0,0
2686,14,,,,0,0,0,0,0
2686,15,,,,0,0,0,0,0
2687,11,,,,0,0,0,0,0
2687,12,,,,0,0,0,0,0
2687,13,,,,0,0,0,0,0
2687,14,,,,0,0,0,0,0
2687,15,,,,0,0,0,0,0
2688,11,,,,0,0,0,0,0
2688,12,,,,0,0,0,0,0
2688,13,,,,0,0,0,0,0
2688,14,,,,0,0,0,0,0
2688,15,,,,0,0,0,0,0
2689,11,,,,0,0,0,0,0
2689,12,,,,0,0,0,0,0
2689,13,,,,0,0,0,0,0
2689,14,,,,0,0,0,0,0
2689,15,,,,0,0,0,0,0
2690,11,,,,0,0,0,0,0
2690,12,,,,0,0,0,0,0
2690,13,,,,0,0,0,0,0
2690,14,,,,0,0,0,0,0
2690,15,,,,0,0,0,0,0
2691,11,,,,0,0,0,0,0
2691,12,,,,0,0,0,0,0
2691,13,,,,0,0,0,0,0
2691,14,,,,0,0,0,0,0
2691,15,,,,0,0,0,0,0
2692,11,,,,0,0,0,0,0
2692,12,,,,0,0,0,0,0
2692,13,,,,0,0,0,0,0
2692,14,,,,0,0,0,0,0
2692,15,,,,0,0,0,0,0
2693,11,,,,0,0,0,0,0
2693,12,,,,0,0,0,0,0
2693,13,,,,0,0,0,0,0
2693,14,,,,0,0,0,0,0
2693,15,,,,0,0,0,0,0
2694,11,,,,0,0,0,0,0
2694,12,,,,0,0,0,0,0
2694,13,,,,0,0,0,0,0
2694,14,,,,0,0,0,0,0
2694,15,,,,0,0,0,0,0
2695,11,,,,0,0,0,0,0
2695,12,,,,0,0,0,0,0
2695,13,,,,0,0,0,0,0
2695,14,,,,0,0,0,0,0
2695,15,,,,0,0,0,0,0
2696,11,,,,0,0,0,0,0
2696,12,,,,0,0,0,0,0
2696,13,,,,0,0,0,0,0
2696,14,,,,0,0,0,0,0
2696,15,,,,0,0,0,0,0
2697,11,,,,0,0,0,0,0
2697,12,,,,0,0,0,0,0
2697,13,,,,0,0,0,0,0
2697,14,,,,0,0,0,0,0
2697,15,,,,0,0,0,0,0
2698,11,,,,0,0,0,0,0
2698,12,,,,0,0,0,0,0
2698,13,,,,0,0,0,0,0
2698,14,,,,0,0,0,0,0
2698,15,,,,0,0,0,0,0
2699,11,,,,0,0,0,0,0
2699,12,,,,0,0,0,0,0
2699,13,,,,0,0,0,0,0
2699,14,,,,0,0,0,0,0
2699,15,,,,0,0,0,0,0
2700,11,,,,0,0,0,0,0
2700,12,,,,0,0,0,0,0
2700,13,,,,0,0,0,0,0
2700,14,,,,0,0,0,0,0
2700,15,,,,0,0,0,0,0
2701,11,,,,0,0,0,0,0
2701,12,,,,0,0,0,0,0
2701,13,,,,0,0,0,0,0
2701,14,,,,0,0,0,0,0
2701,15,,,,0,0,0,0,0
2702,11,,,,0,0,0,0,0
2702,12,,,,0,0,0,0,0
2702,13,,,,0,0,0,0,0
2702,14,,,,0,0,0,0,0
2702,15,,,,0,0,0,0,0
2703,11,,,,0,0,0,0,0
2703,12,,,,0,0,0,0,0
2703,13,,,,0,0,0,0,0
2703,14,,,,0,0,0,0,0
2703,15,,,,0,0,0,0,0
2704,11,,,,0,0,0,0,0
2704,12,,,,0,0,0,0,0
2704,13,,,,0,0,0,0,0
2704,14,,,,0,0,0,0,0
2704,15,,,,0,0,0,0,0
2705,11,,,,0,0,0,0,0
2705,12,,,,0,0,0,0,0
2705,13,,,,0,0,0,0,0
2705,14,,,,0,0,0,0,0
2705,15,,,,0,0,0,0,0
2706,11,,,,0,0,0,0,0
2706,12,,,,0,0,0,0,0
2706,13,,,,0,0,0,0,0
2706,14,,,,0,0,0,0,0
2706,15,,,,0,0,0,0,0
2707,11,,,,0,0,0,0,0
2707,12,,,,0,0,0,0,0
2707,13,,,,0,0,0,0,0
2707,14,,,,0,0,0,0,0
2707,15,,,,0,0,0,0,0
2708,11,,,,0,0,0,0,0
2708,12,,,,0,0,0,0,0
2708,13,,,,0,0,0,0,0
2708,14,,,,0,0,0,0,0
2708,15,,,,0,0,0,0,0
2709,11,,,,0,0,0,0,0
2709,12,,,,0,0,0,0,0
2709,13,,,,0,0,0,0,0
2709,14,,,,0,0,0,0,0
2709,15,,,,0,0,0,0,0
2710,11,,,,0,0,0,0,0
2710,12,,,,0,0,0,0,0
2710,13,,,,0,0,0,0,0
2710,14,,,,0,0,0,0,0
2710,15,,,,0,0,0,0,0
2711,11,,,,0,0,0,0,0
2711,12,,,,0,0,0,0,0
2711,13,,,,0,0,0,0,0
2711,14,,,,0,0,0,0,0
2711,15,,,,0,0,0,0,0
2712,11,,,,0,0,0,0,0
2712,12,,,,0,0,0,0,0
2712,13,,,,0,0,0,0,0
2712,14,,,,0,0,0,0,0
2712,15,,,,0,0,0,0,0
2713,11,,,,0,0,0,0,0
2713,12,,,,0,0,0,0,0
2713,13,,,,0,0,0,0,0
2713,14,,,,0,0,0,0,0
2713,15,,,,0,0,0,0,0
2714,11,,,,0,0,0,0,0
2714,12,,,,0,0,0,0,0
2714,13,,,,0,0,0,0,0
2714,14,,,,0,0,0,0,0
2714,15,,,,0,0,0,0,0
2715,11,,,,0,0,0,0,0
2715,12,,,,0,0,0,0,0
2715,13,,,,0,0,0,0,0
2715,14,,,,0,0,0,0,0
2715,15,,,,0,0,0,0,0
2716,11,,,,0,0,0,0,0
2716,12,,,,0,0,0,0,0
2716,13,,,,0,0,0,0,0
2716,14,,,,0,0,0,0,0
2716,15,,,,0,0,0,0,0
2717,11,,,,0,0,0,0,0
2717,12,,,,0,0,0,0,0
2717,13,,,,0,0,0,0,0
2717,14,,,,0,0,0,0,0
2717,15,,,,0,0,0,0,0
2718,11,,,,0,0,0,0,0
2718,12,,,,0,0,0,0,0
2718,13,,,,0,0,0,0,0
2718,14,,,,0,0,0,0,0
2718,15,,,,0,0,0,0,0
2719,11,,,,0,0,0,0,0
2719,12,,,,0,0,0,0,0
2719,13,,,,0,0,0,0,0
2719,14,,,,0,0,0,0,0
2719,15,,,,0,0,0,0,0
2720,11,,,,0,0,0,0,0
2720,12,,,,0,0,0,0,0
2720,13,,,,0,0,0,0,0
2720,14,,,,0,0,0,0,0
2720,15,,,,0,0,0,0,0
2721,11,,,,0,0,0,0,0
2721,12,,,,0,0,0,0,0
2721,13,,,,0,0,0,0,0
2721,14,,,,0,0,0,0,0
2721,15,,,,0,0,0,0,0
2722,11,,,,0,0,0,0,0
2722,12,,,,0,0,0,0,0
2722,13,,,,0,0,0,0,0
2722,14,,,,0,0,0,0,0
2722,15,,,,0,0,0,0,0
2723,11,,,,0,0,0,0,0
2723,12,,,,0,0,0,0,0
2723,13,,,,0,0,0,0,0
2723,14,,,,0,0,0,0,0
2723,15,,,,0,0,0,0,0
2724,11,,,,0,0,0,0,0
2724,12,,,,0,0,0,0,0
2724,13,,,,0,0,0,0,0
2724,14,,,,0,0,0,0,0
2724,15,,,,0,0,0,0,0
2725,11,,,,0,0,0,0,0
2725,12,,,,0,0,0,0,0
2725,13,,,,0,0,0,0,0
2725,14,,,,0,0,0,0,0
2725,15,,,,0,0,0,0,0
2726,11,,,,0,0,0,0,0
2726,12,,,,0,0,0,0,0
2726,13,,,,0,0,0,0,0
2726,14,,,,0,0,0,0,0
2726,15,,,,0,0,0,0,0
2727,11,,,,0,0,0,0,0
2727,12,,,,0,0,0,0,0
2727,13,,,,0,0,0,0,0
2727,14,,,,0,0,0,0,0
2727,15,,,,0,0,0,0,0
2728,11,,,,0,0,0,0,0
2728,12,,,,0,0,0,0,0
2728,13,,,,0,0,0,0,0
2728,14,,,,0,0,0,0,0
2728,15,,,,0,0,0,0,0
2729,11,,,,0,0,0,0,0
2729,12,,,,0,0,0,0,0
2729,13,,,,0,0,0,0,0
2729,14,,,,0,0,0,0,0
2729,15,,,,0,0,0,0,0
2730,11,,,,0,0,0,0,0
2730,12,,,,0,0,0,0,0
2730,13,,,,0,0,0,0,0
2730,14,,,,0,0,0,0,0
2730,15,,,,0,0,0,0,0
2731,11,,,,0,0,0,0,0
2731,12,,,,0,0,0,0,0
2731,13,,,,0,0,0,0,0
2731,14,,,,0,0,0,0,0
2731,15,,,,0,0,0,0,0
2732,11,,,,0,0,0,0,0
2732,12,,,,0,0,0,0,0
2732,13,,,,0,0,0,0,0
2732,14,,,,0,0,0,0,0
2732,15,,,,0,0,0,0,0
2733,11,,,,0,0,0,0,0
2733,12,,,,0,0,0,0,0
2733,13,,,,0,0,0,0,0
2733,14,,,,0,0,0,0,0
2733,15,,,,0,0,0,0,0
2734,11,,,,0,0,0,0,0
2734,12,,,,0,0,0,0,0
2734,13,,,,0,0,0,0,0
2734,14,,,,0,0,0,0,0
2734,15,,,,0,0,0,0,0
2735,11,,,,0,0,0,0,0
2735,12,,,,0,0,0,0,0
2735,13,,,,0,0,0,0,0
2735,14,,,,0,0,0,0,0
2735,15,,,,0,0,0,0,0
2736,11,,,,0,0,0,0,0
2736,12,,,,0,0,0,0,0
2736,13,,,,0,0,0,0,0
2736,14,,,,0,0,0,0,0
2736,15,,,,0,0,0,0,0
2737,11,,,,0,0,0,0,0
2737,12,,,,0,0,0,0,0
2737,13,,,,0,0,0,0,0
2737,14,,,,0,0,0,0,0
2737,15,,,,0,0,0,0,0
2738,11,,,,0,0,0,0,0
2738,12,,,,0,0,0,0,0
2738,13,,,,0,0,0,0,0
2738,14,,,,0,0,0,0,0
2738,15,,,,0,0,0,0,0
2739,11,,,,0,0,0,0,0
2739,12,,,,0,0,0,0,0
2739,13,,,,0,0,0,0,0
2739,14,,,,0,0,0,0,0
2739,15,,,,0,0,0,0,0
2740,11,,,,0,0,0,0,0
2740,12,,,,0,0,0,0,0
2740,13,,,,0,0,0,0,0
2740,14,,,,0,0,0,0,0
2740,15,,,,0,0,0,0,0
2741,11,,,,0,0,0,0,0
2741,12,,,,0,0,0,0,0
2741,13,,,,0,0,0,0,0
2741,14,,,,0,0,0,0,0
2741,15,,,,0,0,0,0,0
2742,11,,,,0,0,0,0,0
2742,12,,,,0,0,0,0,0
2742,13,,,,0,0,0,0,0
2742,14,,,,0,0,0,0,0
2742,15,,,,0,0,0,0,0
2743,11,,,,0,0,0,0,0
2743,12,,,,0,0,0,0,0
2743,13,,,,0,0,0,0,0
2743,14,,,,0,0,0,0,0
2743,15,,,,0,0,0,0,0
2744,11,,,,0,0,0,0,0
2744,12,,,,0,0,0,0,0
2744,13,,,,0,0,0,0,0
2744,14,,,,0,0,0,0,0
2744,15,,,,0,0,0,0,0
2745,11,,,,0,0,0,0,0
2745,12,,,,0,0,0,0,0
2745,13,,,,0,0,0,0,0
2745,14,,,,0,0,0,0,0
2745,15,,,,0,0,0,0,0
2746,11,,,,0,0,0,0,0
2746,12,,,,0,0,0,0,0
2746,13,,,,0,0,0,0,0
2746,14,,,,0,0,0,0,0
2746,15,,,,0,0,0,0,0
2747,11,,,,0,0,0,0,0
2747,12,,,,0,0,0,0,0
2747,13,,,,0,0,0,0,0
2747,14,,,,0,0,0,0,0
2747,15,,,,0,0,0,0,0
2748,11,,,,0,0,0,0,0
2748,12,,,,0,0,0,0,0
2748,13,,,,0,0,0,0,0
2748,14,,,,0,0,0,0,0
2748,15,,,,0,0,0,0,0
2749,11,,,,0,0,0,0,0
2749,12,,,,0,0,0,0,0
2749,13,,,,0,0,0,0,0
2749,14,,,,0,0,0,0,0
2749,15,,,,0,0,0,0,0
2750,11,,,,0,0,0,0,0
2750,12,,,,0,0,0,0,0
2750,13,,,,0,0,0,0,0
2750,14,,,,0,0,0,0,0
2750,15,,,,0,0,0,0,0
2751,11,,,,0,0,0,0,0
2751,12,,,,0,0,0,0,0
2751,13,,,,0,0,0,0,0
2751,14,,,,0,0,0,0,0
2751,15,,,,0,0,0,0,0
2752,11,,,,0,0,0,0,0
2752,12,,,,0,0,0,0,0
2752,13,,,,0,0,0,0,0
2752,14,,,,0,0,0,0,0
2752,15,,,,0,0,0,0,0
2753,11,,,,0,0,0,0,0
2753,12,,,,0,0,0,0,0
2753,13,,,,0,0,0,0,0
2753,14,,,,0,0,0,0,0
2753,15,,,,0,0,0,0,0
2754,11,,,,0,0,0,0,0
2754,12,,,,0,0,0,0,0
2754,13,,,,0,0,0,0,0
2754,14,,,,0,0,0,0,0
2754,15,,,,0,0,0,0,0
2755,11,,,,0,0,0,0,0
2755,12,,,,0,0,0,0,0
2755,13,,,,0,0,0,0,0
2755,14,,,,0,0,0,0,0
2755,15,,,,0,0,0,0,0
2756,11,,,,0,0,0,0,0
2756,12,,,,0,0,0,0,0
2756,13,,,,0,0,0,0,0
2756,14,,,,0,0,0,0,0
2756,15,,,,0,0,0,0,0
2757,11,,,,0,0,0,0,0
2757,12,,,,0,0,0,0,0
2757,13,,,,0,0,0,0,0
2757,14,,,,0,0,0,0,0
2757,15,,,,0,0,0,0,0
2758,11,,,,0,0,0,0,0
2758,12,,,,0,0,0,0,0
2758,13,,,,0,0,0,0,0
2758,14,,,,0,0,0,0,0
2758,15,,,,0,0,0,0,0
2759,11,,,,0,0,0,0,0
2759,12,,,,0,0,0,0,0
2759,13,,,,0,0,0,0,0
2759,14,,,,0,0,0,0,0
2759,15,,,,0,0,0,0,0
2760,11,,,,0,0,0,0,0
2760,12,,,,0,0,0,0,0
2760,13,,,,0,0,0,0,0
2760,14,,,,0,0,0,0,0
2760,15,,,,0,0,0,0,0
2761,11,,,,0,0,0,0,0
2761,12,,,,0,0,0,0,0
2761,13,,,,0,0,0,0,0
2761,14,,,,0,0,0,0,0
2761,15,,,,0,0,0,0,0
2762,11,,,,0,0,0,0,0
2762,12,,,,0,0,0,0,0
2762,13,,,,0,0,0,0,0
2762,14,,,,0,0,0,0,0
2762,15,,,,0,0,0,0,0
2763,11,,,,0,0,0,0,0
2763,12,,,,0,0,0,0,0
2763,13,,,,0,0,0,0,0
2763,14,,,,0,0,0,0,0
2763,15,,,,0,0,0,0,0
2764,11,,,,0,0,0,0,0
2764,12,,,,0,0,0,0,0
2764,13,,,,0,0,0,0,0
2764,14,,,,0,0,0,0,0
2764,15,,,,0,0,0,0,0
2765,11,,,,0,0,0,0,0
2765,12,,,,0,0,0,0,0
2765,13,,,,0,0,0,0,0
2765,14,,,,0,0,0,0,0
2765,15,,,,0,0,0,0,0
2766,11,,,,0,0,0,0,0
2766,12,,,,0,0,0,0,0
2766,13,,,,0,0,0,0,0
2766,14,,,,0,0,0,0,0
2766,15,,,,0,0,0,0,0
2767,11,,,,0,0,0,0,0
2767,12,,,,0,0,0,0,0
2767,13,,,,0,0,0,0,0
2767,14,,,,0,0,0,0,0
2767,15,,,,0,0,0,0,0
2768,11,,,,0,0,0,0,0
2768,12,,,,0,0,0,0,0
2768,13,,,,0,0,0,0,0
2768,14,,,,0,0,0,0,0
2768,15,,,,0,0,0,0,0
2769,11,,,,0,0,0,0,0
2769,12,,,,0,0,0,0,0
2769,13,,,,0,0,0,0,0
2769,14,,,,0,0,0,0,0
2769,15,,,,0,0,0,0,0
2770,11,,,,0,0,0,0,0
2770,12,,,,0,0,0,0,0
2770,13,,,,0,0,0,0,0
2770,14,,,,0,0,0,0,0
2770,15,,,,0,0,0,0,0
2771,11,,,,0,0,0,0,0
2771,12,,,,0,0,0,0,0
2771,13,,,,0,0,0,0,0
2771,14,,,,0,0,0,0,0
2771,15,,,,0,0,0,0,0
2772,11,,,,0,0,0,0,0
2772,12,,,,0,0,0,0,0
2772,13,,,,0,0,0,0,0
2772,14,,,,0,0,0,0,0
2772,15,,,,0,0,0,0,0
2773,11,,,,0,0,0,0,0
2773,12,,,,0,0,0,0,0
2773,13,,,,0,0,0,0,0
2773,14,,,,0,0,0,0,0
2773,15,,,,0,0,0,0,0
2774,11,,,,0,0,0,0,0
2774,12,,,,0,0,0,0,0
2774,13,,,,0,0,0,0,0
2774,14,,,,0,0,0,0,0
2774,15,,,,0,0,0,0,0
2775,11,,,,0,0,0,0,0
2775,12,,,,0,0,0,0,0
2775,13,,,,0,0,0,0,0
2775,14,,,,0,0,0,0,0
2775,15,,,,0,0,0,0,0
2776,11,,,,0,0,0,0,0
2776,12,,,,0,0,0,0,0
2776,13,,,,0,0,0,0,0
2776,14,,,,0,0,0,0,0
2776,15,,,,0,0,0,0,0
2777,11,,,,0,0,0,0,0
2777,12,,,,0,0,0,0,0
2777,13,,,,0,0,0,0,0
2777,14,,,,0,0,0,0,0
2777,15,,,,0,0,0,0,0
2778,11,,,,0,0,0,0,0
2778,12,,,,0,0,0,0,0
2778,13,,,,0,0,0,0,0
2778,14,,,,0,0,0,0,0
2778,15,,,,0,0,0,0,0
2779,11,,,,0,0,0,0,0
2779,12,,,,0,0,0,0,0
2779,13,,,,0,0,0,0,0
2779,14,,,,0,0,0,0,0
2779,15,,,,0,0,0,0,0
2780,11,,,,0,0,0,0,0
2780,12,,,,0,0,0,0,0
2780,13,,,,0,0,0,0,0
2780,14,,,,0,0,0,0,0
2780,15,,,,0,0,0,0,0
2781,11,,,,0,0,0,0,0
2781,12,,,,0,0,0,0,0
2781,13,,,,0,0,0,0,0
2781,14,,,,0,0,0,0,0
2781,15,,,,0,0,0,0,0
2782,11,,,,0,0,0,0,0
2782,12,,,,0,0,0,0,0
2782,13,,,,0,0,0,0,0
2782,14,,,,0,0,0,0,0
2782,15,,,,0,0,0,0,0
2783,11,,,,0,0,0,0,0
2783,12,,,,0,0,0,0,0
2783,13,,,,0,0,0,0,0
2783,14,,,,0,0,0,0,0
2783,15,,,,0,0,0,0,0
2784,11,,,,0,0,0,0,0
2784,12,,,,0,0,0,0,0
2784,13,,,,0,0,0,0,0
2784,14,,,,0,0,0,0,0
2784,15,,,,0,0,0,0,0
2785,11,,,,0,0,0,0,0
2785,12,,,,0,0,0,0,0
2785,13,,,,0,0,0,0,0
2785,14,,,,0,0,0,0,0
2785,15,,,,0,0,0,0,0
2786,11,,,,0,0,0,0,0
2786,12,,,,0,0,0,0,0
2786,13,,,,0,0,0,0,0
2786,14,,,,0,0,0,0,0
2786,15,,,,0,0,0,0,0
2787,11,,,,0,0,0,0,0
2787,12,,,,0,0,0,0,0
2787,13,,,,0,0,0,0,0
2787,14,,,,0,0,0,0,0
2787,15,,,,0,0,0,0,0
2788,11,,,,0,0,0,0,0
2788,12,,,,0,0,0,0,0
2788,13,,,,0,0,0,0,0
2788,14,,,,0,0,0,0,0
2788,15,,,,0,0,0,0,0
2789,11,,,,0,0,0,0,0
2789,12,,,,0,0,0,0,0
2789,13,,,,0,0,0,0,0
2789,14,,,,0,0,0,0,0
2789,15,,,,0,0,0,0,0
2790,11,,,,0,0,0,0,0
2790,12,,,,0,0,0,0,0
2790,13,,,,0,0,0,0,0
2790,14,,,,0,0,0,0,0
2790,15,,,,0,0,0,0,0
2791,11,,,,0,0,0,0,0
2791,12,,,,0,0,0,0,0
2791,13,,,,0,0,0,0,0
2791,14,,,,0,0,0,0,0
2791,15,,,,0,0,0,0,0
2792,11,,,,0,0,0,0,0
2792,12,,,,0,0,0,0,0
2792,13,,,,0,0,0,0,0
2792,14,,,,0,0,0,0,0
2792,15,,,,0,0,0,0,0
2793,11,,,,0,0,0,0,0
2793,12,,,,0,0,0,0,0
2793,13,,,,0,0,0,0,0
2793,14,,,,0,0,0,0,0
2793,15,,,,0,0,0,0,0
2794,11,,,,0,0,0,0,0
2794,12,,,,0,0,0,0,0
2794,13,,,,0,0,0,0,0
2794,14,,,,0,0,0,0,0
2794,15,,,,0,0,0,0,0
2795,11,,,,0,0,0,0,0
2795,12,,,,0,0,0,0,0
2795,13,,,,0,0,0,0,0
2795,14,,,,0,0,0,0,0
2795,15,,,,0,0,0,0,0
2796,11,,,,0,0,0,0,0
2796,12,,,,0,0,0,0,0
2796,13,,,,0,0,0,0,0
2796,14,,,,0,0,0,0,0
2796,15,,,,0,0,0,0,0
2797,11,,,,0,0,0,0,0
2797,12,,,,0,0,0,0,0
2797,13,,,,0,0,0,0,0
2797,14,,,,0,0,0,0,0
2797,15,,,,0,0,0,0,0
2798,11,,,,0,0,0,0,0
2798,12,,,,0,0,0,0,0
2798,13,,,,0,0,0,0,0
2798,14,,,,0,0,0,0,0
2798,15,,,,0,0,0,0,0
2799,11,,,,0,0,0,0,0
2799,12,,,,0,0,0,0,0
2799,13,,,,0,0,0,0,0
2799,14,,,,0,0,0,0,0
2799,15,,,,0,0,0,0,0
2800,11,,,,0,0,0,0,0
2800,12,,,,0,0,0,0,0
2800,13,,,,0,0,0,0,0
2800,14,,,,0,0,0,0,0
2800,15,,,,0,0,0,0,0
2801,11,,,,0,0,0,0,0
2801,12,,,,0,0,0,0,0
2801,13,,,,0,0,0,0,0
2801,14,,,,0,0,0,0,0
2801,15,,,,0,0,0,0,0
2802,11,,,,0,0,0,0,0
2802,12,,,,0,0,0,0,0
2802,13,,,,0,0,0,0,0
2802,14,,,,0,0,0,0,0
2802,15,,,,0,0,0,0,0
2803,11,,,,0,0,0,0,0
2803,12,,,,0,0,0,0,0
2803,13,,,,0,0,0,0,0
2803,14,,,,0,0,0,0,0
2803,15,,,,0,0,0,0,0
2804,11,,,,0,0,0,0,0
2804,12,,,,0,0,0,0,0
2804,13,,,,0,0,0,0,0
2804,14,,,,0,0,0,0,0
2804,15,,,,0,0,0,0,0
2805,11,,,,0,0,0,0,0
2805,12,,,,0,0,0,0,0
2805,13,,,,0,0,0,0,0
2805,14,,,,0,0,0,0,0
2805,15,,,,0,0,0,0,0
2806,11,,,,0,0,0,0,0
2806,12,,,,0,0,0,0,0
2806,13,,,,0,0,0,0,0
2806,14,,,,0,0,0,0,0
2806,15,,,,0,0,0,0,0
2807,11,,,,0,0,0,0,0
2807,12,,,,0,0,0,0,0
2807,13,,,,0,0,0,0,0
2807,14,,,,0,0,0,0,0
2807,15,,,,0,0,0,0,0
2808,11,,,,0,0,0,0,0
2808,12,,,,0,0,0,0,0
2808,13,,,,0,0,0,0,0
2808,14,,,,0,0,0,0,0
2808,15,,,,0,0,0,0,0
2809,11,,,,0,0,0,0,0
2809,12,,,,0,0,0,0,0
2809,13,,,,0,0,0,0,0
2809,14,,,,0,0,0,0,0
2809,15,,,,0,0,0,0,0
2810,11,,,,0,0,0,0,0
2810,12,,,,0,0,0,0,0
2810,13,,,,0,0,0,0,0
2810,14,,,,0,0,0,0,0
2810,15,,,,0,0,0,0,0
2811,11,,,,0,0,0,0,0
2811,12,,,,0,0,0,0,0
2811,13,,,,0,0,0,0,0
2811,14,,,,0,0,0,0,0
2811,15,,,,0,0,0,0,0
2812,11,,,,0,0,0,0,0
2812,12,,,,0,0,0,0,0
2812,13,,,,0,0,0,0,0
2812,14,,,,0,0,0,0,0
2812,15,,,,0,0,0,0,0
2813,11,,,,0,0,0,0,0
2813,12,,,,0,0,0,0,0
2813,13,,,,0,0,0,0,0
2813,14,,,,0,0,0,0,0
2813,15,,,,0,0,0,0,0
2814,11,,,,0,0,0,0,0
2814,12,,,,0,0,0,0,0
2814,13,,,,0,0,0,0,0
2814,14,,,,0,0,0,0,0
2814,15,,,,0,0,0,0,0
2815,11,,,,0,0,0,0,0
2815,12,,,,0,0,0,0,0
2815,13,,,,0,0,0,0,0
2815,14,,,,0,0,0,0,0
2815,15,,,,0,0,0,0,0
2816,11,,,,0,0,0,0,0
2816,12,,,,0,0,0,0,0
2816,13,,,,0,0,0,0,0
2816,14,,,,0,0,0,0,0
2816,15,,,,0,0,0,0,0
2817,11,,,,0,0,0,0,0
2817,12,,,,0,0,0,0,0
2817,13,,,,0,0,0,0,0
2817,14,,,,0,0,0,0,0
2817,15,,,,0,0,0,0,0
2818,11,,,,0,0,0,0,0
2818,12,,,,0,0,0,0,0
2818,13,,,,0,0,0,0,0
2818,14,,,,0,0,0,0,0
2818,15,,,,0,0,0,0,0
2819,11,,,,0,0,0,0,0
2819,12,,,,0,0,0,0,0
2819,13,,,,0,0,0,0,0
2819,14,,,,0,0,0,0,0
2819,15,,,,0,0,0,0,0
2820,11,,,,0,0,0,0,0
2820,12,,,,0,0,0,0,0
2820,13,,,,0,0,0,0,0
2820,14,,,,0,0,0,0,0
2820,15,,,,0,0,0,0,0
2821,11,,,,0,0,0,0,0
2821,12,,,,0,0,0,0,0
2821,13,,,,0,0,0,0,0
2821,14,,,,0,0,0,0,0
2821,15,,,,0,0,0,0,0
2822,11,,,,0,0,0,0,0
2822,12,,,,0,0,0,0,0
2822,13,,,,0,0,0,0,0
2822,14,,,,0,0,0,0,0
2822,15,,,,0,0,0,0,0
2823,11,,,,0,0,0,0,0
2823,12,,,,0,0,0,0,0
2823,13,,,,0,0,0,0,0
2823,14,,,,0,0,0,0,0
2823,15,,,,0,0,0,0,0
2824,11,,,,0,0,0,0,0
2824,12,,,,0,0,0,0,0
2824,13,,,,0,0,0,0,0
2824,14,,,,0,0,0,0,0
2824,15,,,,0,0,0,0,0
2825,11,,,,0,0,0,0,0
2825,12,,,,0,0,0,0,0
2825,13,,,,0,0,0,0,0
2825,14,,,,0,0,0,0,0
2825,15,,,,0,0,0,0,0
2826,11,,,,0,0,0,0,0
2826,12,,,,0,0,0,0,0
2826,13,,,,0,0,0,0,0
2826,14,,,,0,0,0,0,0
2826,15,,,,0,0,0,0,0
2827,11,,,,0,0,0,0,0
2827,12,,,,0,0,0,0,0
2827,13,,,,0,0,0,0,0
2827,14,,,,0,0,0,0,0
2827,15,,,,0,0,0,0,0
2828,11,,,,0,0,0,0,0
2828,12,,,,0,0,0,0,0
2828,13,,,,0,0,0,0,0
2828,14,,,,0,0,0,0,0
2828,15,,,,0,0,0,0,0
2829,11,,,,0,0,0,0,0
2829,12,,,,0,0,0,0,0
2829,13,,,,0,0,0,0,0
2829,14,,,,0,0,0,0,0
2829,15,,,,0,0,0,0,0
2830,11,,,,0,0,0,0,0
2830,12,,,,0,0,0,0,0
2830,13,,,,0,0,0,0,0
2830,14,,,,0,0,0,0,0
2830,15,,,,0,0,0,0,0
2831,11,,,,0,0,0,0,0
2831,12,,,,0,0,0,0,0
2831,13,,,,0,0,0,0,0
2831,14,,,,0,0,0,0,0
2831,15,,,,0,0,0,0,0
2832,11,,,,0,0,0,0,0
2832,12,,,,0,0,0,0,0
2832,13,,,,0,0,0,0,0
2832,14,,,,0,0,0,0,0
2832,15,,,,0,0,0,0,0
2833,11,,,,0,0,0,0,0
2833,12,,,,0,0,0,0,0
2833,13,,,,0,0,0,0,0
2833,14,,,,0,0,0,0,0
2833,15,,,,0,0,0,0,0
2834,11,,,,0,0,0,0,0
2834,12,,,,0,0,0,0,0
2834,13,,,,0,0,0,0,0
2834,14,,,,0,0,0,0,0
2834,15,,,,0,0,0,0,0
2835,11,,,,0,0,0,0,0
2835,12,,,,0,0,0,0,0
2835,13,,,,0,0,0,0,0
2835,14,,,,0,0,0,0,0
2835,15,,,,0,0,0,0,0
2836,11,,,,0,0,0,0,0
2836,12,,,,0,0,0,0,0
2836,13,,,,0,0,0,0,0
2836,14,,,,0,0,0,0,0
2836,15,,,,0,0,0,0,0
2837,11,,,,0,0,0,0,0
2837,12,,,,0,0,0,0,0
2837,13,,,,0,0,0,0,0
2837,14,,,,0,0,0,0,0
2837,15,,,,0,0,0,0,0
2838,11,,,,0,0,0,0,0
2838,12,,,,0,0,0,0,0
2838,13,,,,0,0,0,0,0
2838,14,,,,0,0,0,0,0
2838,15,,,,0,0,0,0,0
2839,11,,,,0,0,0,0,0
2839,12,,,,0,0,0,0,0
2839,13,,,,0,0,0,0,0
2839,14,,,,0,0,0,0,0
2839,15,,,,0,0,0,0,0
2840,11,,,,0,0,0,0,0
2840,12,,,,0,0,0,0,0
2840,13,,,,0,0,0,0,0
2840,14,,,,0,0,0,0,0
2840,15,,,,0,0,0,0,0
2841,11,,,,0,0,0,0,0
2841,12,,,,0,0,0,0,0
2841,13,,,,0,0,0,0,0
2841,14,,,,0,0,0,0,0
2841,15,,,,0,0,0,0,0
2842,11,,,,0,0,0,0,0
2842,12,,,,0,0,0,0,0
2842,13,,,,0,0,0,0,0
2842,14,,,,0,0,0,0,0
2842,15,,,,0,0,0,0,0
2843,11,,,,0,0,0,0,0
2843,12,,,,0,0,0,0,0
2843,13,,,,0,0,0,0,0
2843,14,,,,0,0,0,0,0
2843,15,,,,0,0,0,0,0
2844,11,,,,0,0,0,0,0
2844,12,,,,0,0,0,0,0
2844,13,,,,0,0,0,0,0
2844,14,,,,0,0,0,0,0
2844,15,,,,0,0,0,0,0
2845,11,,,,0,0,0,0,0
2845,12,,,,0,0,0,0,0
2845,13,,,,0,0,0,0,0
2845,14,,,,0,0,0,0,0
2845,15,,,,0,0,0,0,0
2846,11,,,,0,0,0,0,0
2846,12,,,,0,0,0,0,0
2846,13,,,,0,0,0,0,0
2846,14,,,,0,0,0,0,0
2846,15,,,,0,0,0,0,0
2847,11,,,,0,0,0,0,0
2847,12,,,,0,0,0,0,0
2847,13,,,,0,0,0,0,0
2847,14,,,,0,0,0,0,0
2847,15,,,,0,0,0,0,0
2848,11,,,,0,0,0,0,0
2848,12,,,,0,0,0,0,0
2848,13,,,,0,0,0,0,0
2848,14,,,,0,0,0,0,0
2848,15,,,,0,0,0,0,0
2849,11,,,,0,0,0,0,0
2849,12,,,,0,0,0,0,0
2849,13,,,,0,0,0,0,0
2849,14,,,,0,0,0,0,0
2849,15,,,,0,0,0,0,0
2850,11,,,,0,0,0,0,0
2850,12,,,,0,0,0,0,0
2850,13,,,,0,0,0,0,0
2850,14,,,,0,0,0,0,0
2850,15,,,,0,0,0,0,0
2851,11,,,,0,0,0,0,0
2851,12,,,,0,0,0,0,0
2851,13,,,,0,0,0,0,0
2851,14,,,,0,0,0,0,0
2851,15,,,,0,0,0,0,0
2852,11,,,,0,0,0,0,0
2852,12,,,,0,0,0,0,0
2852,13,,,,0,0,0,0,0
2852,14,,,,0,0,0,0,0
2852,15,,,,0,0,0,0,0
2853,11,,,,0,0,0,0,0
2853,12,,,,0,0,0,0,0
2853,13,,,,0,0,0,0,0
2853,14,,,,0,0,0,0,0
2853,15,,,,0,0,0,0,0
2854,11,,,,0,0,0,0,0
2854,12,,,,0,0,0,0,0
2854,13,,,,0,0,0,0,0
2854,14,,,,0,0,0,0,0
2854,15,,,,0,0,0,0,0
2855,11,,,,0,0,0,0,0
2855,12,,,,0,0,0,0,0
2855,13,,,,0,0,0,0,0
2855,14,,,,0,0,0,0,0
2855,15,,,,0,0,0,0,0
2856,11,,,,0,0,0,0,0
2856,12,,,,0,0,0,0,0
2856,13,,,,0,0,0,0,0
2856,14,,,,0,0,0,0,0
2856,15,,,,0,0,0,0,0
2857,11,,,,0,0,0,0,0
2857,12,,,,0,0,0,0,0
2857,13,,,,0,0,0,0,0
2857,14,,,,0,0,0,0,0
2857,15,,,,0,0,0,0,0
2858,11,,,,0,0,0,0,0
2858,12,,,,0,0,0,0,0
2858,13,,,,0,0,0,0,0
2858,14,,,,0,0,0,0,0
2858,15,,,,0,0,0,0,0
2859,11,,,,0,0,0,0,0
2859,12,,,,0,0,0,0,0
2859,13,,,,0,0,0,0,0
2859,14,,,,0,0,0,0,0
2859,15,,,,0,0,0,0,0
2860,11,,,,0,0,0,0,0
2860,12,,,,0,0,0,0,0
2860,13,,,,0,0,0,0,0
2860,14,,,,0,0,0,0,0
2860,15,,,,0,0,0,0,0
2861,11,,,,0,0,0,0,0
2861,12,,,,0,0,0,0,0
2861,13,,,,0,0,0,0,0
2861,14,,,,0,0,0,0,0
2861,15,,,,0,0,0,0,0
2862,11,,,,0,0,0,0,0
2862,12,,,,0,0,0,0,0
2862,13,,,,0,0,0,0,0
2862,14,,,,0,0,0,0,0
2862,15,,,,0,0,0,0,0
2863,11,,,,0,0,0,0,0
2863,12,,,,0,0,0,0,0
2863,13,,,,0,0,0,0,0
2863,14,,,,0,0,0,0,0
2863,15,,,,0,0,0,0,0
2864,11,,,,0,0,0,0,0
2864,12,,,,0,0,0,0,0
2864,13,,,,0,0,0,0,0
2864,14,,,,0,0,0,0,0
2864,15,,,,0,0,0,0,0
2865,11,,,,0,0,0,0,0
2865,12,,,,0,0,0,0,0
2865,13,,,,0,0,0,0,0
2865,14,,,,0,0,0,0,0
2865,15,,,,0,0,0,0,0
2866,11,,,,0,0,0,0,0
2866,12,,,,0,0,0,0,0
2866,13,,,,0,0,0,0,0
2866,14,,,,0,0,0,0,0
2866,15,,,,0,0,0,0,0
2867,11,,,,0,0,0,0,0
2867,12,,,,0,0,0,0,0
2867,13,,,,0,0,0,0,0
2867,14,,,,0,0,0,0,0
2867,15,,,,0,0,0,0,0
2868,11,,,,0,0,0,0,0
2868,12,,,,0,0,0,0,0
2868,13,,,,0,0,0,0,0
2868,14,,,,0,0,0,0,0
2868,15,,,,0,0,0,0,0
2869,11,,,,0,0,0,0,0
2869,12,,,,0,0,0,0,0
2869,13,,,,0,0,0,0,0
2869,14,,,,0,0,0,0,0
2869,15,,,,0,0,0,0,0
2870,11,,,,0,0,0,0,0
2870,12,,,,0,0,0,0,0
2870,13,,,,0,0,0,0,0
2870,14,,,,0,0,0,0,0
2870,15,,,,0,0,0,0,0
2871,11,,,,0,0,0,0,0
2871,12,,,,0,0,0,0,0
2871,13,,,,0,0,0,0,0
2871,14,,,,0,0,0,0,0
2871,15,,,,0,0,0,0,0
2872,11,,,,0,0,0,0,0
2872,12,,,,0,0,0,0,0
2872,13,,,,0,0,0,0,0
2872,14,,,,0,0,0,0,0
2872,15,,,,0,0,0,0,0
2873,11,,,,0,0,0,0,0
2873,12,,,,0,0,0,0,0
2873,13,,,,0,0,0,0,0
2873,14,,,,0,0,0,0,0
2873,15,,,,0,0,0,0,0
2874,11,,,,0,0,0,0,0
2874,12,,,,0,0,0,0,0
2874,13,,,,0,0,0,0,0
2874,14,,,,0,0,0,0,0
2874,15,,,,0,0,0,0,0
2875,11,,,,0,0,0,0,0
2875,12,,,,0,0,0,0,0
2875,13,,,,0,0,0,0,0
2875,14,,,,0,0,0,0,0
2875,15,,,,0,0,0,0,0
2876,11,,,,0,0,0,0,0
2876,12,,,,0,0,0,0,0
2876,13,,,,0,0,0,0,0
2876,14,,,,0,0,0,0,0
2876,15,,,,0,0,0,0,0
2877,11,,,,0,0,0,0,0
2877,12,,,,0,0,0,0,0
2877,13,,,,0,0,0,0,0
2877,14,,,,0,0,0,0,0
2877,15,,,,0,0,0,0,0
2878,11,,,,0,0,0,0,0
2878,12,,,,0,0,0,0,0
2878,13,,,,0,0,0,0,0
2878,14,,,,0,0,0,0,0
2878,15,,,,0,0,0,0,0
2879,11,,,,0,0,0,0,0
2879,12,,,,0,0,0,0,0
2879,13,,,,0,0,0,0,0
2879,14,,,,0,0,0,0,0
2879,15,,,,0,0,0,0,0
2880,11,,,,0,0,0,0,0
2880,12,,,,0,0,0,0,0
2880,13,,,,0,0,0,0,0
2880,14,,,,0,0,0,0,0
2880,15,,,,0,0,0,0,0
2881,11,,,,0,0,0,0,0
2881,12,,,,0,0,0,0,0
2881,13,,,,0,0,0,0,0
2881,14,,,,0,0,0,0,0
2881,15,,,,0,0,0,0,0
2882,11,,,,0,0,0,0,0
2882,12,,,,0,0,0,0,0
2882,13,,,,0,0,0,0,0
2882,14,,,,0,0,0,0,0
2882,15,,,,0,0,0,0,0
2883,11,,,,0,0,0,0,0
2883,12,,,,0,0,0,0,0
2883,13,,,,0,0,0,0,0
2883,14,,,,0,0,0,0,0
2883,15,,,,0,0,0,0,0
2884,11,,,,0,0,0,0,0
2884,12,,,,0,0,0,0,0
2884,13,,,,0,0,0,0,0
2884,14,,,,0,0,0,0,0
2884,15,,,,0,0,0,0,0
2885,11,,,,0,0,0,0,0
2885,12,,,,0,0,0,0,0
2885,13,,,,0,0,0,0,0
2885,14,,,,0,0,0,0,0
2885,15,,,,0,0,0,0,0
2886,11,,,,0,0,0,0,0
2886,12,,,,0,0,0,0,0
2886,13,,,,0,0,0,0,0
2886,14,,,,0,0,0,0,0
2886,15,,,,0,0,0,0,0
2887,11,,,,0,0,0,0,0
2887,12,,,,0,0,0,0,0
2887,13,,,,0,0,0,0,0
2887,14,,,,0,0,0,0,0
2887,15,,,,0,0,0,0,0
2888,11,,,,0,0,0,0,0
2888,12,,,,0,0,0,0,0
2888,13,,,,0,0,0,0,0
2888,14,,,,0,0,0,0,0
2888,15,,,,0,0,0,0,0
2889,11,,,,0,0,0,0,0
2889,12,,,,0,0,0,0,0
2889,13,,,,0,0,0,0,0
2889,14,,,,0,0,0,0,0
2889,15,,,,0,0,0,0,0
2890,11,,,,0,0,0,0,0
2890,12,,,,0,0,0,0,0
2890,13,,,,0,0,0,0,0
2890,14,,,,0,0,0,0,0
2890,15,,,,0,0,0,0,0
2891,11,,,,0,0,0,0,0
2891,12,,,,0,0,0,0,0
2891,13,,,,0,0,0,0,0
2891,14,,,,0,0,0,0,0
2891,15,,,,0,0,0,0,0
2892,11,,,,0,0,0,0,0
2892,12,,,,0,0,0,0,0
2892,13,,,,0,0,0,0,0
2892,14,,,,0,0,0,0,0
2892,15,,,,0,0,0,0,0
2893,11,,,,0,0,0,0,0
2893,12,,,,0,0,0,0,0
2893,13,,,,0,0,0,0,0
2893,14,,,,0,0,0,0,0
2893,15,,,,0,0,0,0,0
2894,11,,,,0,0,0,0,0
2894,12,,,,0,0,0,0,0
2894,13,,,,0,0,0,0,0
2894,14,,,,0,0,0,0,0
2894,15,,,,0,0,0,0,0
2895,11,,,,0,0,0,0,0
2895,12,,,,0,0,0,0,0
2895,13,,,,0,0,0,0,0
2895,14,,,,0,0,0,0,0
2895,15,,,,0,0,0,0,0
2896,11,,,,0,0,0,0,0
2896,12,,,,0,0,0,0,0
2896,13,,,,0,0,0,0,0
2896,14,,,,0,0,0,0,0
2896,15,,,,0,0,0,0,0
2897,11,,,,0,0,0,0,0
2897,12,,,,0,0,0,0,0
2897,13,,,,0,0,0,0,0
2897,14,,,,0,0,0,0,0
2897,15,,,,0,0,0,0,0
2898,11,,,,0,0,0,0,0
2898,12,,,,0,0,0,0,0
2898,13,,,,0,0,0,0,0
2898,14,,,,0,0,0,0,0
2898,15,,,,0,0,0,0,0
2899,11,,,,0,0,0,0,0
2899,12,,,,0,0,0,0,0
2899,13,,,,0,0,0,0,0
2899,14,,,,0,0,0,0,0
2899,15,,,,0,0,0,0,0
2900,11,,,,0,0,0,0,0
2900,12,,,,0,0,0,0,0
2900,13,,,,0,0,0,0,0
2900,14,,,,0,0,0,0,0
2900,15,,,,0,0,0,0,0
2901,11,,,,0,0,0,0,0
2901,12,,,,0,0,0,0,0
2901,13,,,,0,0,0,0,0
2901,14,,,,0,0,0,0,0
2901,15,,,,0,0,0,0,0
2902,11,,,,0,0,0,0,0
2902,12,,,,0,0,0,0,0
2902,13,,,,0,0,0,0,0
2902,14,,,,0,0,0,0,0
2902,15,,,,0,0,0,0,0
2903,11,,,,0,0,0,0,0
2903,12,,,,0,0,0,0,0
2903,13,,,,0,0,0,0,0
2903,14,,,,0,0,0,0,0
2903,15,,,,0,0,0,0,0
2904,11,,,,0,0,0,0,0
2904,12,,,,0,0,0,0,0
2904,13,,,,0,0,0,0,0
2904,14,,,,0,0,0,0,0
2904,15,,,,0,0,0,0,0
2905,11,,,,0,0,0,0,0
2905,12,,,,0,0,0,0,0
2905,13,,,,0,0,0,0,0
2905,14,,,,0,0,0,0,0
2905,15,,,,0,0,0,0,0
2906,11,,,,0,0,0,0,0
2906,12,,,,0,0,0,0,0
2906,13,,,,0,0,0,0,0
2906,14,,,,0,0,0,0,0
2906,15,,,,0,0,0,0,0
2907,11,,,,0,0,0,0,0
2907,12,,,,0,0,0,0,0
2907,13,,,,0,0,0,0,0
2907,14,,,,0,0,0,0,0
2907,15,,,,0,0,0,0,0
2908,11,,,,0,0,0,0,0
2908,12,,,,0,0,0,0,0
2908,13,,,,0,0,0,0,0
2908,14,,,,0,0,0,0,0
2908,15,,,,0,0,0,0,0
2909,11,,,,0,0,0,0,0
2909,12,,,,0,0,0,0,0
2909,13,,,,0,0,0,0,0
2909,14,,,,0,0,0,0,0
2909,15,,,,0,0,0,0,0
2910,11,,,,0,0,0,0,0
2910,12,,,,0,0,0,0,0
2910,13,,,,0,0,0,0,0
2910,14,,,,0,0,0,0,0
2910,15,,,,0,0,0,0,0
2911,11,,,,0,0,0,0,0
2911,12,,,,0,0,0,0,0
2911,13,,,,0,0,0,0,0
2911,14,,,,0,0,0,0,0
2911,15,,,,0,0,0,0,0
2912,11,,,,0,0,0,0,0
2912,12,,,,0,0,0,0,0
2912,13,,,,0,0,0,0,0
2912,14,,,,0,0,0,0,0
2912,15,,,,0,0,0,0,0
2913,11,,,,0,0,0,0,0
2913,12,,,,0,0,0,0,0
2913,13,,,,0,0,0,0,0
2913,14,,,,0,0,0,0,0
2913,15,,,,0,0,0,0,0
2914,11,,,,0,0,0,0,0
2914,12,,,,0,0,0,0,0
2914,13,,,,0,0,0,0,0
2914,14,,,,0,0,0,0,0
2914,15,,,,0,0,0,0,0
2915,11,,,,0,0,0,0,0
2915,12,,,,0,0,0,0,0
2915,13,,,,0,0,0,0,0
2915,14,,,,0,0,0,0,0
2915,15,,,,0,0,0,0,0
2916,11,,,,0,0,0,0,0
2916,12,,,,0,0,0,0,0
2916,13,,,,0,0,0,0,0
2916,14,,,,0,0,0,0,0
2916,15,,,,0,0,0,0,0
2917,11,,,,0,0,0,0,0
2917,12,,,,0,0,0,0,0
2917,13,,,,0,0,0,0,0
2917,14,,,,0,0,0,0,0
2917,15,,,,0,0,0,0,0
2918,11,,,,0,0,0,0,0
2918,12,,,,0,0,0,0,0
2918,13,,,,0,0,0,0,0
2918,14,,,,0,0,0,0,0
2918,15,,,,0,0,0,0,0
2919,11,,,,0,0,0,0,0
2919,12,,,,0,0,0,0,0
2919,13,,,,0,0,0,0,0
2919,14,,,,0,0,0,0,0
2919,15,,,,0,0,0,0,0
2920,11,,,,0,0,0,0,0
2920,12,,,,0,0,0,0,0
2920,13,,,,0,0,0,0,0
2920,14,,,,0,0,0,0,0
2920,15,,,,0,0,0,0,0
2921,11,,,,0,0,0,0,0
2921,12,,,,0,0,0,0,0
2921,13,,,,0,0,0,0,0
2921,14,,,,0,0,0,0,0
2921,15,,,,0,0,0,0,0
2922,11,,,,0,0,0,0,0
2922,12,,,,0,0,0,0,0
2922,13,,,,0,0,0,0,0
2922,14,,,,0,0,0,0,0
2922,15,,,,0,0,0,0,0
2923,11,,,,0,0,0,0,0
2923,12,,,,0,0,0,0,0
2923,13,,,,0,0,0,0,0
2923,14,,,,0,0,0,0,0
2923,15,,,,0,0,0,0,0
2924,11,,,,0,0,0,0,0
2924,12,,,,0,0,0,0,0
2924,13,,,,0,0,0,0,0
2924,14,,,,0,0,0,0,0
2924,15,,,,0,0,0,0,0
2925,11,,,,0,0,0,0,0
2925,12,,,,0,0,0,0,0
2925,13,,,,0,0,0,0,0
2925,14,,,,0,0,0,0,0
2925,15,,,,0,0,0,0,0
2926,11,,,,0,0,0,0,0
2926,12,,,,0,0,0,0,0
2926,13,,,,0,0,0,0,0
2926,14,,,,0,0,0,0,0
2926,15,,,,0,0,0,0,0
2927,11,,,,0,0,0,0,0
2927,12,,,,0,0,0,0,0
2927,13,,,,0,0,0,0,0
2927,14,,,,0,0,0,0,0
2927,15,,,,0,0,0,0,0
2928,11,,,,0,0,0,0,0
2928,12,,,,0,0,0,0,0
2928,13,,,,0,0,0,0,0
2928,14,,,,0,0,0,0,0
2928,15,,,,0,0,0,0,0
2929,11,,,,0,0,0,0,0
2929,12,,,,0,0,0,0,0
2929,13,,,,0,0,0,0,0
2929,14,,,,0,0,0,0,0
2929,15,,,,0,0,0,0,0
2930,11,,,,0,0,0,0,0
2930,12,,,,0,0,0,0,0
2930,13,,,,0,0,0,0,0
2930,14,,,,0,0,0,0,0
2930,15,,,,0,0,0,0,0
2931,11,,,,0,0,0,0,0
2931,12,,,,0,0,0,0,0
2931,13,,,,0,0,0,0,0
2931,14,,,,0,0,0,0,0
2931,15,,,,0,0,0,0,0
2932,11,,,,0,0,0,0,0
2932,12,,,,0,0,0,0,0
2932,13,,,,0,0,0,0,0
2932,14,,,,0,0,0,0,0
2932,15,,,,0,0,0,0,0
2933,11,,,,0,0,0,0,0
2933,12,,,,0,0,0,0,0
2933,13,,,,0,0,0,0,0
2933,14,,,,0,0,0,0,0
2933,15,,,,0,0,0,0,0
2934,11,,,,0,0,0,0,0
2934,12,,,,0,0,0,0,0
2934,13,,,,0,0,0,0,0
2934,14,,,,0,0,0,0,0
2934,15,,,,0,0,0,0,0
2935,11,,,,0,0,0,0,0
2935,12,,,,0,0,0,0,0
2935,13,,,,0,0,0,0,0
2935,14,,,,0,0,0,0,0
2935,15,,,,0,0,0,0,0
2936,11,,,,0,0,0,0,0
2936,12,,,,0,0,0,0,0
2936,13,,,,0,0,0,0,0
2936,14,,,,0,0,0,0,0
2936,15,,,,0,0,0,0,0
2937,11,,,,0,0,0,0,0
2937,12,,,,0,0,0,0,0
2937,13,,,,0,0,0,0,0
2937,14,,,,0,0,0,0,0
2937,15,,,,0,0,0,0,0
2938,11,,,,0,0,0,0,0
2938,12,,,,0,0,0,0,0
2938,13,,,,0,0,0,0,0
2938,14,,,,0,0,0,0,0
2938,15,,,,0,0,0,0,0
2939,11,,,,0,0,0,0,0
2939,12,,,,0,0,0,0,0
2939,13,,,,0,0,0,0,0
2939,14,,,,0,0,0,0,0
2939,15,,,,0,0,0,0,0
2940,11,,,,0,0,0,0,0
2940,12,,,,0,0,0,0,0
2940,13,,,,0,0,0,0,0
2940,14,,,,0,0,0,0,0
2940,15,,,,0,0,0,0,0
2941,11,,,,0,0,0,0,0
2941,12,,,,0,0,0,0,0
2941,13,,,,0,0,0,0,0
2941,14,,,,0,0,0,0,0
2941,15,,,,0,0,0,0,0
2942,11,,,,0,0,0,0,0
2942,12,,,,0,0,0,0,0
2942,13,,,,0,0,0,0,0
2942,14,,,,0,0,0,0,0
2942,15,,,,0,0,0,0,0
2943,11,,,,0,0,0,0,0
2943,12,,,,0,0,0,0,0
2943,13,,,,0,0,0,0,0
2943,14,,,,0,0,0,0,0
2943,15,,,,0,0,0,0,0
2944,11,,,,0,0,0,0,0
2944,12,,,,0,0,0,0,0
2944,13,,,,0,0,0,0,0
2944,14,,,,0,0,0,0,0
2944,15,,,,0,0,0,0,0
2945,11,,,,0,0,0,0,0
2945,12,,,,0,0,0,0,0
2945,13,,,,0,0,0,0,0
2945,14,,,,0,0,0,0,0
2945,15,,,,0,0,0,0,0
2946,11,,,,0,0,0,0,0
2946,12,,,,0,0,0,0,0
2946,13,,,,0,0,0,0,0
2946,14,,,,0,0,0,0,0
2946,15,,,,0,0,0,0,0
2947,11,,,,0,0,0,0,0
2947,12,,,,0,0,0,0,0
2947,13,,,,0,0,0,0,0
2947,14,,,,0,0,0,0,0
2947,15,,,,0,0,0,0,0
2948,11,,,,0,0,0,0,0
2948,12,,,,0,0,0,0,0
2948,13,,,,0,0,0,0,0
2948,14,,,,0,0,0,0,0
2948,15,,,,0,0,0,0,0
2949,11,,,,0,0,0,0,0
2949,12,,,,0,0,0,0,0
2949,13,,,,0,0,0,0,0
2949,14,,,,0,0,0,0,0
2949,15,,,,0,0,0,0,0
2950,11,,,,0,0,0,0,0
2950,12,,,,0,0,0,0,0
2950,13,,,,0,0,0,0,0
2950,14,,,,0,0,0,0,0
2950,15,,,,0,0,0,0,0
2951,11,,,,0,0,0,0,0
2951,12,,,,0,0,0,0,0
2951,13,,,,0,0,0,0,0
2951,14,,,,0,0,0,0,0
2951,15,,,,0,0,0,0,0
2952,11,,,,0,0,0,0,0
2952,12,,,,0,0,0,0,0
2952,13,,,,0,0,0,0,0
2952,14,,,,0,0,0,0,0
2952,15,,,,0,0,0,0,0
2953,11,,,,0,0,0,0,0
2953,12,,,,0,0,0,0,0
2953,13,,,,0,0,0,0,0
2953,14,,,,0,0,0,0,0
2953,15,,,,0,0,0,0,0
2954,11,,,,0,0,0,0,0
2954,12,,,,0,0,0,0,0
2954,13,,,,0,0,0,0,0
2954,14,,,,0,0,0,0,0
2954,15,,,,0,0,0,0,0
2955,11,,,,0,0,0,0,0
2955,12,,,,0,0,0,0,0
2955,13,,,,0,0,0,0,0
2955,14,,,,0,0,0,0,0
2955,15,,,,0,0,0,0,0
2956,11,,,,0,0,0,0,0
2956,12,,,,0,0,0,0,0
2956,13,,,,0,0,0,0,0
2956,14,,,,0,0,0,0,0
2956,15,,,,0,0,0,0,0
2957,11,,,,0,0,0,0,0
2957,12,,,,0,0,0,0,0
2957,13,,,,0,0,0,0,0
2957,14,,,,0,0,0,0,0
2957,15,,,,0,0,0,0,0
2958,11,,,,0,0,0,0,0
2958,12,,,,0,0,0,0,0
2958,13,,,,0,0,0,0,0
2958,14,,,,0,0,0,0,0
2958,15,,,,0,0,0,0,0
2959,11,,,,0,0,0,0,0
2959,12,,,,0,0,0,0,0
2959,13,,,,0,0,0,0,0
2959,14,,,,0,0,0,0,0
2959,15,,,,0,0,0,0,0
2960,11,,,,0,0,0,0,0
2960,12,,,,0,0,0,0,0
2960,13,,,,0,0,0,0,0
2960,14,,,,0,0,0,0,0
2960,15,,,,0,0,0,0,0
2961,11,,,,0,0,0,0,0
2961,12,,,,0,0,0,0,0
2961,13,,,,0,0,0,0,0
2961,14,,,,0,0,0,0,0
2961,15,,,,0,0,0,0,0
2962,11,,,,0,0,0,0,0
2962,12,,,,0,0,0,0,0
2962,13,,,,0,0,0,0,0
2962,14,,,,0,0,0,0,0
2962,15,,,,0,0,0,0,0
2963,11,,,,0,0,0,0,0
2963,12,,,,0,0,0,0,0
2963,13,,,,0,0,0,0,0
2963,14,,,,0,0,0,0,0
2963,15,,,,0,0,0,0,0
2964,11,,,,0,0,0,0,0
2964,12,,,,0,0,0,0,0
2964,13,,,,0,0,0,0,0
2964,14,,,,0,0,0,0,0
2964,15,,,,0,0,0,0,0
2965,11,,,,0,0,0,0,0
2965,12,,,,0,0,0,0,0
2965,13,,,,0,0,0,0,0
2965,14,,,,0,0,0,0,0
2965,15,,,,0,0,0,0,0
2966,11,,,,0,0,0,0,0
2966,12,,,,0,0,0,0,0
2966,13,,,,0,0,0,0,0
2966,14,,,,0,0,0,0,0
2966,15,,,,0,0,0,0,0
2967,11,,,,0,0,0,0,0
2967,12,,,,0,0,0,0,0
2967,13,,,,0,0,0,0,0
2967,14,,,,0,0,0,0,0
2967,15,,,,0,0,0,0,0
2968,11,,,,0,0,0,0,0
2968,12,,,,0,0,0,0,0
2968,13,,,,0,0,0,0,0
2968,14,,,,0,0,0,0,0
2968,15,,,,0,0,0,0,0
2969,11,,,,0,0,0,0,0
2969,12,,,,0,0,0,0,0
2969,13,,,,0,0,0,0,0
2969,14,,,,0,0,0,0,0
2969,15,,,,0,0,0,0,0
2970,11,,,,0,0,0,0,0
2970,12,,,,0,0,0,0,0
2970,13,,,,0,0,0,0,0
2970,14,,,,0,0,0,0,0
2970,15,,,,0,0,0,0,0
2971,11,,,,0,0,0,0,0
2971,12,,,,0,0,0,0,0
2971,13,,,,0,0,0,0,0
2971,14,,,,0,0,0,0,0
2971,15,,,,0,0,0,0,0
2972,11,,,,0,0,0,0,0
2972,12,,,,0,0,0,0,0
2972,13,,,,0,0,0,0,0
2972,14,,,,0,0,0,0,0
2972,15,,,,0,0,0,0,0
2973,11,,,,0,0,0,0,0
2973,12,,,,0,0,0,0,0
2973,13,,,,0,0,0,0,0
2973,14,,,,0,0,0,0,0
2973,15,,,,0,0,0,0,0
2974,11,,,,0,0,0,0,0
2974,12,,,,0,0,0,0,0
2974,13,,,,0,0,0,0,0
2974,14,,,,0,0,0,0,0
2974,15,,,,0,0,0,0,0
2975,11,,,,0,0,0,0,0
2975,12,,,,0,0,0,0,0
2975,13,,,,0,0,0,0,0
2975,14,,,,0,0,0,0,0
2975,15,,,,0,0,0,0,0
2976,11,,,,0,0,0,0,0
2976,12,,,,0,0,0,0,0
2976,13,,,,0,0,0,0,0
2976,14,,,,0,0,0,0,0
2976,15,,,,0,0,0,0,0
2977,11,,,,0,0,0,0,0
2977,12,,,,0,0,0,0,0
2977,13,,,,0,0,0,0,0
2977,14,,,,0,0,0,0,0
2977,15,,,,0,0,0,0,0
2978,11,,,,0,0,0,0,0
2978,12,,,,0,0,0,0,0
2978,13,,,,0,0,0,0,0
2978,14,,,,0,0,0,0,0
2978,15,,,,0,0,0,0,0
2979,11,,,,0,0,0,0,0
2979,12,,,,0,0,0,0,0
2979,13,,,,0,0,0,0,0
2979,14,,,,0,0,0,0,0
2979,15,,,,0,0,0,0,0
2980,11,,,,0,0,0,0,0
2980,12,,,,0,0,0,0,0
2980,13,,,,0,0,0,0,0
2980,14,,,,0,0,0,0,0
2980,15,,,,0,0,0,0,0
2981,11,,,,0,0,0,0,0
2981,12,,,,0,0,0,0,0
2981,13,,,,0,0,0,0,0
2981,14,,,,0,0,0,0,0
2981,15,,,,0,0,0,0,0
2982,11,,,,0,0,0,0,0
2982,12,,,,0,0,0,0,0
2982,13,,,,0,0,0,0,0
2982,14,,,,0,0,0,0,0
2982,15,,,,0,0,0,0,0
2983,11,,,,0,0,0,0,0
2983,12,,,,0,0,0,0,0
2983,13,,,,0,0,0,0,0
2983,14,,,,0,0,0,0,0
2983,15,,,,0,0,0,0,0
2984,11,,,,0,0,0,0,0
2984,12,,,,0,0,0,0,0
2984,13,,,,0,0,0,0,0
2984,14,,,,0,0,0,0,0
2984,15,,,,0,0,0,0,0
2985,11,,,,0,0,0,0,0
2985,12,,,,0,0,0,0,0
2985,13,,,,0,0,0,0,0
2985,14,,,,0,0,0,0,0
2985,15,,,,0,0,0,0,0
2986,11,,,,0,0,0,0,0
2986,12,,,,0,0,0,0,0
2986,13,,,,0,0,0,0,0
2986,14,,,,0,0,0,0,0
2986,15,,,,0,0,0,0,0
2987,11,,,,0,0,0,0,0
2987,12,,,,0,0,0,0,0
2987,13,,,,0,0,0,0,0
2987,14,,,,0,0,0,0,0
2987,15,,,,0,0,0,0,0
2988,11,,,,0,0,0,0,0
2988,12,,,,0,0,0,0,0
2988,13,,,,0,0,0,0,0
2988,14,,,,0,0,0,0,0
2988,15,,,,0,0,0,0,0
2989,11,,,,0,0,0,0,0
2989,12,,,,0,0,0,0,0
2989,13,,,,0,0,0,0,0
2989,14,,,,0,0,0,0,0
2989,15,,,,0,0,0,0,0
2990,11,,,,0,0,0,0,0
2990,12,,,,0,0,0,0,0
2990,13,,,,0,0,0,0,0
2990,14,,,,0,0,0,0,0
2990,15,,,,0,0,0,0,0
2991,11,,,,0,0,0,0,0
2991,12,,,,0,0,0,0,0
2991,13,,,,0,0,0,0,0
2991,14,,,,0,0,0,0,0
2991,15,,,,0,0,0,0,0
2992,11,,,,0,0,0,0,0
2992,12,,,,0,0,0,0,0
2992,13,,,,0,0,0,0,0
2992,14,,,,0,0,0,0,0
2992,15,,,,0,0,0,0,0
2993,11,,,,0,0,0,0,0
2993,12,,,,0,0,0,0,0
2993,13,,,,0,0,0,0,0
2993,14,,,,0,0,0,0,0
2993,15,,,,0,0,0,0,0
2994,11,,,,0,0,0,0,0
2994,12,,,,0,0,0,0,0
2994,13,,,,0,0,0,0,0
2994,14,,,,0,0,0,0,0
2994,15,,,,0,0,0,0,0
2995,11,,,,0,0,0,0,0
2995,12,,,,0,0,0,0,0
2995,13,,,,0,0,0,0,0
2995,14,,,,0,0,0,0,0
2995,15,,,,0,0,0,0,0
2996,11,,,,0,0,0,0,0
2996,12,,,,0,0,0,0,0
2996,13,,,,0,0,0,0,0
2996,14,,,,0,0,0,0,0
2996,15,,,,0,0,0,0,0
2997,11,,,,0,0,0,0,0
2997,12,,,,0,0,0,0,0
2997,13,,,,0,0,0,0,0
2997,14,,,,0,0,0,0,0
2997,15,,,,0,0,0,0,0
2998,11,,,,0,0,0,0,0
2998,12,,,,0,0,0,0,0
2998,13,,,,0,0,0,0,0
2998,14,,,,0,0,0,0,0
2998,15,,,,0,0,0,0,0
2999,11,,,,0,0,0,0,0
2999,12,,,,0,0,0,0,0
2999,13,,,,0,0,0,0,0
2999,14,,,,0,0,0,0,0
2999,15,,,,0,0,0,0,0
3000,11,,,,0,0,0,0,0
3000,12,,,,0,0,0,0,0
3000,13,,,,0,0,0,0,0
3000,14,,,,0,0,0,0,0
3000,15,,,,0,0,0,0,0
3001,11,,,,0,0,0,0,0
3001,12,,,,0,0,0,0,0
3001,13,,,,0,0,0,0,0
3001,14,,,,0,0,0,0,0
3001,15,,,,0,0,0,0,0
3002,11,,,,0,0,0,0,0
3002,12,,,,0,0,0,0,0
3002,13,,,,0,0,0,0,0
3002,14,,,,0,0,0,0,0
3002,15,,,,0,0,0,0,0
3003,11,,,,0,0,0,0,0
3003,12,,,,0,0,0,0,0
3003,13,,,,0,0,0,0,0
3003,14,,,,0,0,0,0,0
3003,15,,,,0,0,0,0,0
3004,11,,,,0,0,0,0,0
3004,12,,,,0,0,0,0,0
3004,13,,,,0,0,0,0,0
3004,14,,,,0,0,0,0,0
3004,15,,,,0,0,0,0,0
3005,11,,,,0,0,0,0,0
3005,12,,,,0,0,0,0,0
3005,13,,,,0,0,0,0,0
3005,14,,,,0,0,0,0,0
3005,15,,,,0,0,0,0,0
3006,11,,,,0,0,0,0,0
3006,12,,,,0,0,0,0,0
3006,13,,,,0,0,0,0,0
3006,14,,,,0,0,0,0,0
3006,15,,,,0,0,0,0,0
3007,11,,,,0,0,0,0,0
3007,12,,,,0,0,0,0,0
3007,13,,,,0,0,0,0,0
3007,14,,,,0,0,0,0,0
3007,15,,,,0,0,0,0,0
3008,11,,,,0,0,0,0,0
3008,12,,,,0,0,0,0,0
3008,13,,,,0,0,0,0,0
3008,14,,,,0,0,0,0,0
3008,15,,,,0,0,0,0,0
3009,11,,,,0,0,0,0,0
3009,12,,,,0,0,0,0,0
3009,13,,,,0,0,0,0,0
3009,14,,,,0,0,0,0,0
3009,15,,,,0,0,0,0,0
3010,11,,,,0,0,0,0,0
3010,12,,,,0,0,0,0,0
3010,13,,,,0,0,0,0,0
3010,14,,,,0,0,0,0,0
3010,15,,,,0,0,0,0,0
3011,11,,,,0,0,0,0,0
3011,12,,,,0,0,0,0,0
3011,13,,,,0,0,0,0,0
3011,14,,,,0,0,0,0,0
3011,15,,,,0,0,0,0,0
3012,11,,,,0,0,0,0,0
3012,12,,,,0,0,0,0,0
3012,13,,,,0,0,0,0,0
3012,14,,,,0,0,0,0,0
3012,15,,,,0,0,0,0,0
3013,11,,,,0,0,0,0,0
3013,12,,,,0,0,0,0,0
3013,13,,,,0,0,0,0,0
3013,14,,,,0,0,0,0,0
3013,15,,,,0,0,0,0,0
3014,11,,,,0,0,0,0,0
3014,12,,,,0,0,0,0,0
3014,13,,,,0,0,0,0,0
3014,14,,,,0,0,0,0,0
3014,15,,,,0,0,0,0,0
3015,11,,,,0,0,0,0,0
3015,12,,,,0,0,0,0,0
3015,13,,,,0,0,0,0,0
3015,14,,,,0,0,0,0,0
3015,15,,,,0,0,0,0,0
3016,11,,,,0,0,0,0,0
3016,12,,,,0,0,0,0,0
3016,13,,,,0,0,0,0,0
3016,14,,,,0,0,0,0,0
3016,15,,,,0,0,0,0,0
3017,11,,,,0,0,0,0,0
3017,12,,,,0,0,0,0,0
3017,13,,,,0,0,0,0,0
3017,14,,,,0,0,0,0,0
3017,15,,,,0,0,0,0,0
3018,11,,,,0,0,0,0,0
3018,12,,,,0,0,0,0,0
3018,13,,,,0,0,0,0,0
3018,14,,,,0,0,0,0,0
3018,15,,,,0,0,0,0,0
3019,11,,,,0,0,0,0,0
3019,12,,,,0,0,0,0,0
3019,13,,,,0,0,0,0,0
3019,14,,,,0,0,0,0,0
3019,15,,,,0,0,0,0,0
3020,11,,,,0,0,0,0,0
3020,12,,,,0,0,0,0,0
3020,13,,,,0,0,0,0,0
3020,14,,,,0,0,0,0,0
3020,15,,,,0,0,0,0,0
3021,11,,,,0,0,0,0,0
3021,12,,,,0,0,0,0,0
3021,13,,,,0,0,0,0,0
3021,14,,,,0,0,0,0,0
3021,15,,,,0,0,0,0,0
3022,11,,,,0,0,0,0,0
3022,12,,,,0,0,0,0,0
3022,13,,,,0,0,0,0,0
3022,14,,,,0,0,0,0,0
3022,15,,,,0,0,0,0,0
3023,11,,,,0,0,0,0,0
3023,12,,,,0,0,0,0,0
3023,13,,,,0,0,0,0,0
3023,14,,,,0,0,0,0,0
3023,15,,,,0,0,0,0,0
3024,11,,,,0,0,0,0,0
3024,12,,,,0,0,0,0,0
3024,13,,,,0,0,0,0,0
3024,14,,,,0,0,0,0,0
3024,15,,,,0,0,0,0,0
3025,11,,,,0,0,0,0,0
3025,12,,,,0,0,0,0,0
3025,13,,,,0,0,0,0,0
3025,14,,,,0,0,0,0,0
3025,15,,,,0,0,0,0,0
3026,11,,,,0,0,0,0,0
3026,12,,,,0,0,0,0,0
3026,13,,,,0,0,0,0,0
3026,14,,,,0,0,0,0,0
3026,15,,,,0,0,0,0,0
3027,11,,,,0,0,0,0,0
3027,12,,,,0,0,0,0,0
3027,13,,,,0,0,0,0,0
3027,14,,,,0,0,0,0,0
3027,15,,,,0,0,0,0,0
3028,11,,,,0,0,0,0,0
3028,12,,,,0,0,0,0,0
3028,13,,,,0,0,0,0,0
3028,14,,,,0,0,0,0,0
3028,15,,,,0,0,0,0,0
3029,11,,,,0,0,0,0,0
3029,12,,,,0,0,0,0,0
3029,13,,,,0,0,0,0,0
3029,14,,,,0,0,0,0,0
3029,15,,,,0,0,0,0,0
3030,11,,,,0,0,0,0,0
3030,12,,,,0,0,0,0,0
3030,13,,,,0,0,0,0,0
3030,14,,,,0,0,0,0,0
3030,15,,,,0,0,0,0,0
3031,11,,,,0,0,0,0,0
3031,12,,,,0,0,0,0,0
3031,13,,,,0,0,0,0,0
3031,14,,,,0,0,0,0,0
3031,15,,,,0,0,0,0,0
3032,11,,,,0,0,0,0,0
3032,12,,,,0,0,0,0,0
3032,13,,,,0,0,0,0,0
3032,14,,,,0,0,0,0,0
3032,15,,,,0,0,0,0,0
3033,11,,,,0,0,0,0,0
3033,12,,,,0,0,0,0,0
3033,13,,,,0,0,0,0,0
3033,14,,,,0,0,0,0,0
3033,15,,,,0,0,0,0,0
3034,11,,,,0,0,0,0,0
3034,12,,,,0,0,0,0,0
3034,13,,,,0,0,0,0,0
3034,14,,,,0,0,0,0,0
3034,15,,,,0,0,0,0,0
3035,11,,,,0,0,0,0,0
3035,12,,,,0,0,0,0,0
3035,13,,,,0,0,0,0,0
3035,14,,,,0,0,0,0,0
3035,15,,,,0,0,0,0,0
3036,11,,,,0,0,0,0,0
3036,12,,,,0,0,0,0,0
3036,13,,,,0,0,0,0,0
3036,14,,,,0,0,0,0,0
3036,15,,,,0,0,0,0,0
3037,11,,,,0,0,0,0,0
3037,12,,,,0,0,0,0,0
3037,13,,,,0,0,0,0,0
3037,14,,,,0,0,0,0,0
3037,15,,,,0,0,0,0,0
3038,11,,,,0,0,0,0,0
3038,12,,,,0,0,0,0,0
3038,13,,,,0,0,0,0,0
3038,14,,,,0,0,0,0,0
3038,15,,,,0,0,0,0,0
3039,11,,,,0,0,0,0,0
3039,12,,,,0,0,0,0,0
3039,13,,,,0,0,0,0,0
3039,14,,,,0,0,0,0,0
3039,15,,,,0,0,0,0,0
3040,11,,,,0,0,0,0,0
3040,12,,,,0,0,0,0,0
3040,13,,,,0,0,0,0,0
3040,14,,,,0,0,0,0,0
3040,15,,,,0,0,0,0,0
3041,11,,,,0,0,0,0,0
3041,12,,,,0,0,0,0,0
3041,13,,,,0,0,0,0,0
3041,14,,,,0,0,0,0,0
3041,15,,,,0,0,0,0,0
3042,11,,,,0,0,0,0,0
3042,12,,,,0,0,0,0,0
3042,13,,,,0,0,0,0,0
3042,14,,,,0,0,0,0,0
3042,15,,,,0,0,0,0,0
3043,11,,,,0,0,0,0,0
3043,12,,,,0,0,0,0,0
3043,13,,,,0,0,0,0,0
3043,14,,,,0,0,0,0,0
3043,15,,,,0,0,0,0,0
3044,11,,,,0,0,0,0,0
3044,12,,,,0,0,0,0,0
3044,13,,,,0,0,0,0,0
3044,14,,,,0,0,0,0,0
3044,15,,,,0,0,0,0,0
3045,11,,,,0,0,0,0,0
3045,12,,,,0,0,0,0,0
3045,13,,,,0,0,0,0,0
3045,14,,,,0,0,0,0,0
3045,15,,,,0,0,0,0,0
3046,11,,,,0,0,0,0,0
3046,12,,,,0,0,0,0,0
3046,13,,,,0,0,0,0,0
3046,14,,,,0,0,0,0,0
3046,15,,,,0,0,0,0,0
3047,11,,,,0,0,0,0,0
3047,12,,,,0,0,0,0,0
3047,13,,,,0,0,0,0,0
3047,14,,,,0,0,0,0,0
3047,15,,,,0,0,0,0,0
3048,11,,,,0,0,0,0,0
3048,12,,,,0,0,0,0,0
3048,13,,,,0,0,0,0,0
3048,14,,,,0,0,0,0,0
3048,15,,,,0,0,0,0,0
3049,11,,,,0,0,0,0,0
3049,12,,,,0,0,0,0,0
3049,13,,,,0,0,0,0,0
3049,14,,,,0,0,0,0,0
3049,15,,,,0,0,0,0,0
3050,11,,,,0,0,0,0,0
3050,12,,,,0,0,0,0,0
3050,13,,,,0,0,0,0,0
3050,14,,,,0,0,0,0,0
3050,15,,,,0,0,0,0,0
3051,11,,,,0,0,0,0,0
3051,12,,,,0,0,0,0,0
3051,13,,,,0,0,0,0,0
3051,14,,,,0,0,0,0,0
3051,15,,,,0,0,0,0,0
3052,11,,,,0,0,0,0,0
3052,12,,,,0,0,0,0,0
3052,13,,,,0,0,0,0,0
3052,14,,,,0,0,0,0,0
3052,15,,,,0,0,0,0,0
3053,11,,,,0,0,0,0,0
3053,12,,,,0,0,0,0,0
3053,13,,,,0,0,0,0,0
3053,14,,,,0,0,0,0,0
3053,15,,,,0,0,0,0,0
3054,11,,,,0,0,0,0,0
3054,12,,,,0,0,0,0,0
3054,13,,,,0,0,0,0,0
3054,14,,,,0,0,0,0,0
3054,15,,,,0,0,0,0,0
3055,11,,,,0,0,0,0,0
3055,12,,,,0,0,0,0,0
3055,13,,,,0,0,0,0,0
3055,14,,,,0,0,0,0,0
3055,15,,,,0,0,0,0,0
3056,11,,,,0,0,0,0,0
3056,12,,,,0,0,0,0,0
3056,13,,,,0,0,0,0,0
3056,14,,,,0,0,0,0,0
3056,15,,,,0,0,0,0,0
3057,11,,,,0,0,0,0,0
3057,12,,,,0,0,0,0,0
3057,13,,,,0,0,0,0,0
3057,14,,,,0,0,0,0,0
3057,15,,,,0,0,0,0,0
3058,11,,,,0,0,0,0,0
3058,12,,,,0,0,0,0,0
3058,13,,,,0,0,0,0,0
3058,14,,,,0,0,0,0,0
3058,15,,,,0,0,0,0,0
3059,11,,,,0,0,0,0,0
3059,12,,,,0,0,0,0,0
3059,13,,,,0,0,0,0,0
3059,14,,,,0,0,0,0,0
3059,15,,,,0,0,0,0,0
3060,11,,,,0,0,0,0,0
3060,12,,,,0,0,0,0,0
3060,13,,,,0,0,0,0,0
3060,14,,,,0,0,0,0,0
3060,15,,,,0,0,0,0,0
3061,11,,,,0,0,0,0,0
3061,12,,,,0,0,0,0,0
3061,13,,,,0,0,0,0,0
3061,14,,,,0,0,0,0,0
3061,15,,,,0,0,0,0,0
3062,11,,,,0,0,0,0,0
3062,12,,,,0,0,0,0,0
3062,13,,,,0,0,0,0,0
3062,14,,,,0,0,0,0,0
3062,15,,,,0,0,0,0,0
3063,11,,,,0,0,0,0,0
3063,12,,,,0,0,0,0,0
3063,13,,,,0,0,0,0,0
3063,14,,,,0,0,0,0,0
3063,15,,,,0,0,0,0,0
3064,11,,,,0,0,0,0,0
3064,12,,,,0,0,0,0,0
3064,13,,,,0,0,0,0,0
3064,14,,,,0,0,0,0,0
3064,15,,,,0,0,0,0,0
3065,11,,,,0,0,0,0,0
3065,12,,,,0,0,0,0,0
3065,13,,,,0,0,0,0,0
3065,14,,,,0,0,0,0,0
3065,15,,,,0,0,0,0,0
3066,11,,,,0,0,0,0,0
3066,12,,,,0,0,0,0,0
3066,13,,,,0,0,0,0,0
3066,14,,,,0,0,0,0,0
3066,15,,,,0,0,0,0,0
3067,11,,,,0,0,0,0,0
3067,12,,,,0,0,0,0,0
3067,13,,,,0,0,0,0,0
3067,14,,,,0,0,0,0,0
3067,15,,,,0,0,0,0,0
3068,11,,,,0,0,0,0,0
3068,12,,,,0,0,0,0,0
3068,13,,,,0,0,0,0,0
3068,14,,,,0,0,0,0,0
3068,15,,,,0,0,0,0,0
3069,11,,,,0,0,0,0,0
3069,12,,,,0,0,0,0,0
3069,13,,,,0,0,0,0,0
3069,14,,,,0,0,0,0,0
3069,15,,,,0,0,0,0,0
3070,11,,,,0,0,0,0,0
3070,12,,,,0,0,0,0,0
3070,13,,,,0,0,0,0,0
3070,14,,,,0,0,0,0,0
3070,15,,,,0,0,0,0,0
3071,11,,,,0,0,0,0,0
3071,12,,,,0,0,0,0,0
3071,13,,,,0,0,0,0,0
3071,14,,,,0,0,0,0,0
3071,15,,,,0,0,0,0,0
3072,11,,,,0,0,0,0,0
3072,12,,,,0,0,0,0,0
3072,13,,,,0,0,0,0,0
3072,14,,,,0,0,0,0,0
3072,15,,,,0,0,0,0,0
3073,11,,,,0,0,0,0,0
3073,12,,,,0,0,0,0,0
3073,13,,,,0,0,0,0,0
3073,14,,,,0,0,0,0,0
3073,15,,,,0,0,0,0,0
3074,11,,,,0,0,0,0,0
3074,12,,,,0,0,0,0,0
3074,13,,,,0,0,0,0,0
3074,14,,,,0,0,0,0,0
3074,15,,,,0,0,0,0,0
3075,11,,,,0,0,0,0,0
3075,12,,,,0,0,0,0,0
3075,13,,,,0,0,0,0,0
3075,14,,,,0,0,0,0,0
3075,15,,,,0,0,0,0,0
3076,11,,,,0,0,0,0,0
3076,12,,,,0,0,0,0,0
3076,13,,,,0,0,0,0,0
3076,14,,,,0,0,0,0,0
3076,15,,,,0,0,0,0,0
3077,11,,,,0,0,0,0,0
3077,12,,,,0,0,0,0,0
3077,13,,,,0,0,0,0,0
3077,14,,,,0,0,0,0,0
3077,15,,,,0,0,0,0,0
3078,11,,,,0,0,0,0,0
3078,12,,,,0,0,0,0,0
3078,13,,,,0,0,0,0,0
3078,14,,,,0,0,0,0,0
3078,15,,,,0,0,0,0,0
3079,11,,,,0,0,0,0,0
3079,12,,,,0,0,0,0,0
3079,13,,,,0,0,0,0,0
3079,14,,,,0,0,0,0,0
3079,15,,,,0,0,0,0,0
3080,11,,,,0,0,0,0,0
3080,12,,,,0,0,0,0,0
3080,13,,,,0,0,0,0,0
3080,14,,,,0,0,0,0,0
3080,15,,,,0,0,0,0,0
3081,11,,,,0,0,0,0,0
3081,12,,,,0,0,0,0,0
3081,13,,,,0,0,0,0,0
3081,14,,,,0,0,0,0,0
3081,15,,,,0,0,0,0,0
3082,11,,,,0,0,0,0,0
3082,12,,,,0,0,0,0,0
3082,13,,,,0,0,0,0,0
3082,14,,,,0,0,0,0,0
3082,15,,,,0,0,0,0,0
3083,11,,,,0,0,0,0,0
3083,12,,,,0,0,0,0,0
3083,13,,,,0,0,0,0,0
3083,14,,,,0,0,0,0,0
3083,15,,,,0,0,0,0,0
3084,11,,,,0,0,0,0,0
3084,12,,,,0,0,0,0,0
3084,13,,,,0,0,0,0,0
3084,14,,,,0,0,0,0,0
3084,15,,,,0,0,0,0,0
3085,11,,,,0,0,0,0,0
3085,12,,,,0,0,0,0,0
3085,13,,,,0,0,0,0,0
3085,14,,,,0,0,0,0,0
3085,15,,,,0,0,0,0,0
3086,11,,,,0,0,0,0,0
3086,12,,,,0,0,0,0,0
3086,13,,,,0,0,0,0,0
3086,14,,,,0,0,0,0,0
3086,15,,,,0,0,0,0,0
3087,11,,,,0,0,0,0,0
3087,12,,,,0,0,0,0,0
3087,13,,,,0,0,0,0,0
3087,14,,,,0,0,0,0,0
3087,15,,,,0,0,0,0,0
3088,11,,,,0,0,0,0,0
3088,12,,,,0,0,0,0,0
3088,13,,,,0,0,0,0,0
3088,14,,,,0,0,0,0,0
3088,15,,,,0,0,0,0,0
3089,11,,,,0,0,0,0,0
3089,12,,,,0,0,0,0,0
3089,13,,,,0,0,0,0,0
3089,14,,,,0,0,0,0,0
3089,15,,,,0,0,0,0,0
3090,11,,,,0,0,0,0,0
3090,12,,,,0,0,0,0,0
3090,13,,,,0,0,0,0,0
3090,14,,,,0,0,0,0,0
3090,15,,,,0,0,0,0,0
3091,11,,,,0,0,0,0,0
3091,12,,,,0,0,0,0,0
3091,13,,,,0,0,0,0,0
3091,14,,,,0,0,0,0,0
3091,15,,,,0,0,0,0,0
3092,11,,,,0,0,0,0,0
3092,12,,,,0,0,0,0,0
3092,13,,,,0,0,0,0,0
3092,14,,,,0,0,0,0,0
3092,15,,,,0,0,0,0,0
3093,11,,,,0,0,0,0,0
3093,12,,,,0,0,0,0,0
3093,13,,,,0,0,0,0,0
3093,14,,,,0,0,0,0,0
3093,15,,,,0,0,0,0,0
3094,11,,,,0,0,0,0,0
3094,12,,,,0,0,0,0,0
3094,13,,,,0,0,0,0,0
3094,14,,,,0,0,0,0,0
3094,15,,,,0,0,0,0,0
3095,11,,,,0,0,0,0,0
3095,12,,,,0,0,0,0,0
3095,13,,,,0,0,0,0,0
3095,14,,,,0,0,0,0,0
3095,15,,,,0,0,0,0,0
3096,11,,,,0,0,0,0,0
3096,12,,,,0,0,0,0,0
3096,13,,,,0,0,0,0,0
3096,14,,,,0,0,0,0,0
3096,15,,,,0,0,0,0,0
3097,11,,,,0,0,0,0,0
3097,12,,,,0,0,0,0,0
3097,13,,,,0,0,0,0,0
3097,14,,,,0,0,0,0,0
3097,15,,,,0,0,0,0,0
3098,11,,,,0,0,0,0,0
3098,12,,,,0,0,0,0,0
3098,13,,,,0,0,0,0,0
3098,14,,,,0,0,0,0,0
3098,15,,,,0,0,0,0,0
3099,11,,,,0,0,0,0,0
3099,12,,,,0,0,0,0,0
3099,13,,,,0,0,0,0,0
3099,14,,,,0,0,0,0,0
3099,15,,,,0,0,0,0,0
3100,11,,,,0,0,0,0,0
3100,12,,,,0,0,0,0,0
3100,13,,,,0,0,0,0,0
3100,14,,,,0,0,0,0,0
3100,15,,,,0,0,0,0,0
3101,11,,,,0,0,0,0,0
3101,12,,,,0,0,0,0,0
3101,13,,,,0,0,0,0,0
3101,14,,,,0,0,0,0,0
3101,15,,,,0,0,0,0,0
3102,11,,,,0,0,0,0,0
3102,12,,,,0,0,0,0,0
3102,13,,,,0,0,0,0,0
3102,14,,,,0,0,0,0,0
3102,15,,,,0,0,0,0,0
3103,11,,,,0,0,0,0,0
3103,12,,,,0,0,0,0,0
3103,13,,,,0,0,0,0,0
3103,14,,,,0,0,0,0,0
3103,15,,,,0,0,0,0,0
3104,11,,,,0,0,0,0,0
3104,12,,,,0,0,0,0,0
3104,13,,,,0,0,0,0,0
3104,14,,,,0,0,0,0,0
3104,15,,,,0,0,0,0,0
3105,11,,,,0,0,0,0,0
3105,12,,,,0,0,0,0,0
3105,13,,,,0,0,0,0,0
3105,14,,,,0,0,0,0,0
3105,15,,,,0,0,0,0,0
3106,11,,,,0,0,0,0,0
3106,12,,,,0,0,0,0,0
3106,13,,,,0,0,0,0,0
3106,14,,,,0,0,0,0,0
3106,15,,,,0,0,0,0,0
3107,11,,,,0,0,0,0,0
3107,12,,,,0,0,0,0,0
3107,13,,,,0,0,0,0,0
3107,14,,,,0,0,0,0,0
3107,15,,,,0,0,0,0,0
3108,11,,,,0,0,0,0,0
3108,12,,,,0,0,0,0,0
3108,13,,,,0,0,0,0,0
3108,14,,,,0,0,0,0,0
3108,15,,,,0,0,0,0,0
3109,11,,,,0,0,0,0,0
3109,12,,,,0,0,0,0,0
3109,13,,,,0,0,0,0,0
3109,14,,,,0,0,0,0,0
3109,15,,,,0,0,0,0,0
3110,11,,,,0,0,0,0,0
3110,12,,,,0,0,0,0,0
3110,13,,,,0,0,0,0,0
3110,14,,,,0,0,0,0,0
3110,15,,,,0,0,0,0,0
3111,11,,,,0,0,0,0,0
3111,12,,,,0,0,0,0,0
3111,13,,,,0,0,0,0,0
3111,14,,,,0,0,0,0,0
3111,15,,,,0,0,0,0,0
3112,11,,,,0,0,0,0,0
3112,12,,,,0,0,0,0,0
3112,13,,,,0,0,0,0,0
3112,14,,,,0,0,0,0,0
3112,15,,,,0,0,0,0,0
3113,11,,,,0,0,0,0,0
3113,12,,,,0,0,0,0,0
3113,13,,,,0,0,0,0,0
3113,14,,,,0,0,0,0,0
3113,15,,,,0,0,0,0,0
3114,11,,,,0,0,0,0,0
3114,12,,,,0,0,0,0,0
3114,13,,,,0,0,0,0,0
3114,14,,,,0,0,0,0,0
3114,15,,,,0,0,0,0,0
3115,11,,,,0,0,0,0,0
3115,12,,,,0,0,0,0,0
3115,13,,,,0,0,0,0,0
3115,14,,,,0,0,0,0,0
3115,15,,,,0,0,0,0,0
3116,11,,,,0,0,0,0,0
3116,12,,,,0,0,0,0,0
3116,13,,,,0,0,0,0,0
3116,14,,,,0,0,0,0,0
3116,15,,,,0,0,0,0,0
3117,11,,,,0,0,0,0,0
3117,12,,,,0,0,0,0,0
3117,13,,,,0,0,0,0,0
3117,14,,,,0,0,0,0,0
3117,15,,,,0,0,0,0,0
3118,11,,,,0,0,0,0,0
3118,12,,,,0,0,0,0,0
3118,13,,,,0,0,0,0,0
3118,14,,,,0,0,0,0,0
3118,15,,,,0,0,0,0,0
3119,11,,,,0,0,0,0,0
3119,12,,,,0,0,0,0,0
3119,13,,,,0,0,0,0,0
3119,14,,,,0,0,0,0,0
3119,15,,,,0,0,0,0,0
3120,11,,,,0,0,0,0,0
3120,12,,,,0,0,0,0,0
3120,13,,,,0,0,0,0,0
3120,14,,,,0,0,0,0,0
3120,15,,,,0,0,0,0,0
3121,11,,,,0,0,0,0,0
3121,12,,,,0,0,0,0,0
3121,13,,,,0,0,0,0,0
3121,14,,,,0,0,0,0,0
3121,15,,,,0,0,0,0,0
3122,11,,,,0,0,0,0,0
3122,12,,,,0,0,0,0,0
3122,13,,,,0,0,0,0,0
3122,14,,,,0,0,0,0,0
3122,15,,,,0,0,0,0,0
3123,11,,,,0,0,0,0,0
3123,12,,,,0,0,0,0,0
3123,13,,,,0,0,0,0,0
3123,14,,,,0,0,0,0,0
3123,15,,,,0,0,0,0,0
3124,11,,,,0,0,0,0,0
3124,12,,,,0,0,0,0,0
3124,13,,,,0,0,0,0,0
3124,14,,,,0,0,0,0,0
3124,15,,,,0,0,0,0,0
3125,11,,,,0,0,0,0,0
3125,12,,,,0,0,0,0,0
3125,13,,,,0,0,0,0,0
3125,14,,,,0,0,0,0,0
3125,15,,,,0,0,0,0,0
3126,11,,,,0,0,0,0,0
3126,12,,,,0,0,0,0,0
3126,13,,,,0,0,0,0,0
3126,14,,,,0,0,0,0,0
3126,15,,,,0,0,0,0,0
3127,11,,,,0,0,0,0,0
3127,12,,,,0,0,0,0,0
3127,13,,,,0,0,0,0,0
3127,14,,,,0,0,0,0,0
3127,15,,,,0,0,0,0,0
3128,11,,,,0,0,0,0,0
3128,12,,,,0,0,0,0,0
3128,13,,,,0,0,0,0,0
3128,14,,,,0,0,0,0,0
3128,15,,,,0,0,0,0,0
3129,11,,,,0,0,0,0,0
3129,12,,,,0,0,0,0,0
3129,13,,,,0,0,0,0,0
3129,14,,,,0,0,0,0,0
3129,15,,,,0,0,0,0,0
3130,11,,,,0,0,0,0,0
3130,12,,,,0,0,0,0,0
3130,13,,,,0,0,0,0,0
3130,14,,,,0,0,0,0,0
3130,15,,,,0,0,0,0,0
3131,11,,,,0,0,0,0,0
3131,12,,,,0,0,0,0,0
3131,13,,,,0,0,0,0,0
3131,14,,,,0,0,0,0,0
3131,15,,,,0,0,0,0,0
3132,11,,,,0,0,0,0,0
3132,12,,,,0,0,0,0,0
3132,13,,,,0,0,0,0,0
3132,14,,,,0,0,0,0,0
3132,15,,,,0,0,0,0,0
3133,11,,,,0,0,0,0,0
3133,12,,,,0,0,0,0,0
3133,13,,,,0,0,0,0,0
3133,14,,,,0,0,0,0,0
3133,15,,,,0,0,0,0,0
3134,11,,,,0,0,0,0,0
3134,12,,,,0,0,0,0,0
3134,13,,,,0,0,0,0,0
3134,14,,,,0,0,0,0,0
3134,15,,,,0,0,0,0,0
3135,11,,,,0,0,0,0,0
3135,12,,,,0,0,0,0,0
3135,13,,,,0,0,0,0,0
3135,14,,,,0,0,0,0,0
3135,15,,,,0,0,0,0,0
3136,11,,,,0,0,0,0,0
3136,12,,,,0,0,0,0,0
3136,13,,,,0,0,0,0,0
3136,14,,,,0,0,0,0,0
3136,15,,,,0,0,0,0,0
3137,11,,,,0,0,0,0,0
3137,12,,,,0,0,0,0,0
3137,13,,,,0,0,0,0,0
3137,14,,,,0,0,0,0,0
3137,15,,,,0,0,0,0,0
3138,11,,,,0,0,0,0,0
3138,12,,,,0,0,0,0,0
3138,13,,,,0,0,0,0,0
3138,14,,,,0,0,0,0,0
3138,15,,,,0,0,0,0,0
3139,11,,,,0,0,0,0,0
3139,12,,,,0,0,0,0,0
3139,13,,,,0,0,0,0,0
3139,14,,,,0,0,0,0,0
3139,15,,,,0,0,0,0,0
3140,11,,,,0,0,0,0,0
3140,12,,,,0,0,0,0,0
3140,13,,,,0,0,0,0,0
3140,14,,,,0,0,0,0,0
3140,15,,,,0,0,0,0,0
3141,11,,,,0,0,0,0,0
3141,12,,,,0,0,0,0,0
3141,13,,,,0,0,0,0,0
3141,14,,,,0,0,0,0,0
3141,15,,,,0,0,0,0,0
3142,11,,,,0,0,0,0,0
3142,12,,,,0,0,0,0,0
3142,13,,,,0,0,0,0,0
3142,14,,,,0,0,0,0,0
3142,15,,,,0,0,0,0,0
3143,11,,,,0,0,0,0,0
3143,12,,,,0,0,0,0,0
3143,13,,,,0,0,0,0,0
3143,14,,,,0,0,0,0,0
3143,15,,,,0,0,0,0,0
3144,11,,,,0,0,0,0,0
3144,12,,,,0,0,0,0,0
3144,13,,,,0,0,0,0,0
3144,14,,,,0,0,0,0,0
3144,15,,,,0,0,0,0,0
3145,11,,,,0,0,0,0,0
3145,12,,,,0,0,0,0,0
3145,13,,,,0,0,0,0,0
3145,14,,,,0,0,0,0,0
3145,15,,,,0,0,0,0,0
3146,11,,,,0,0,0,0,0
3146,12,,,,0,0,0,0,0
3146,13,,,,0,0,0,0,0
3146,14,,,,0,0,0,0,0
3146,15,,,,0,0,0,0,0
3147,11,,,,0,0,0,0,0
3147,12,,,,0,0,0,0,0
3147,13,,,,0,0,0,0,0
3147,14,,,,0,0,0,0,0
3147,15,,,,0,0,0,0,0
3148,11,,,,0,0,0,0,0
3148,12,,,,0,0,0,0,0
3148,13,,,,0,0,0,0,0
3148,14,,,,0,0,0,0,0
3148,15,,,,0,0,0,0,0
3149,11,,,,0,0,0,0,0
3149,12,,,,0,0,0,0,0
3149,13,,,,0,0,0,0,0
3149,14,,,,0,0,0,0,0
3149,15,,,,0,0,0,0,0
3150,11,,,,0,0,0,0,0
3150,12,,,,0,0,0,0,0
3150,13,,,,0,0,0,0,0
3150,14,,,,0,0,0,0,0
3150,15,,,,0,0,0,0,0
3151,11,,,,0,0,0,0,0
3151,12,,,,0,0,0,0,0
3151,13,,,,0,0,0,0,0
3151,14,,,,0,0,0,0,0
3151,15,,,,0,0,0,0,0
3152,11,,,,0,0,0,0,0
3152,12,,,,0,0,0,0,0
3152,13,,,,0,0,0,0,0
3152,14,,,,0,0,0,0,0
3152,15,,,,0,0,0,0,0
3153,11,,,,0,0,0,0,0
3153,12,,,,0,0,0,0,0
3153,13,,,,0,0,0,0,0
3153,14,,,,0,0,0,0,0
3153,15,,,,0,0,0,0,0
3154,11,,,,0,0,0,0,0
3154,12,,,,0,0,0,0,0
3154,13,,,,0,0,0,0,0
3154,14,,,,0,0,0,0,0
3154,15,,,,0,0,0,0,0
3155,11,,,,0,0,0,0,0
3155,12,,,,0,0,0,0,0
3155,13,,,,0,0,0,0,0
3155,14,,,,0,0,0,0,0
3155,15,,,,0,0,0,0,0
3156,11,,,,0,0,0,0,0
3156,12,,,,0,0,0,0,0
3156,13,,,,0,0,0,0,0
3156,14,,,,0,0,0,0,0
3156,15,,,,0,0,0,0,0
3157,11,,,,0,0,0,0,0
3157,12,,,,0,0,0,0,0
3157,13,,,,0,0,0,0,0
3157,14,,,,0,0,0,0,0
3157,15,,,,0,0,0,0,0
3158,11,,,,0,0,0,0,0
3158,12,,,,0,0,0,0,0
3158,13,,,,0,0,0,0,0
3158,14,,,,0,0,0,0,0
3158,15,,,,0,0,0,0,0
3159,11,,,,0,0,0,0,0
3159,12,,,,0,0,0,0,0
3159,13,,,,0,0,0,0,0
3159,14,,,,0,0,0,0,0
3159,15,,,,0,0,0,0,0
3160,11,,,,0,0,0,0,0
3160,12,,,,0,0,0,0,0
3160,13,,,,0,0,0,0,0
3160,14,,,,0,0,0,0,0
3160,15,,,,0,0,0,0,0
3161,11,,,,0,0,0,0,0
3161,12,,,,0,0,0,0,0
3161,13,,,,0,0,0,0,0
3161,14,,,,0,0,0,0,0
3161,15,,,,0,0,0,0,0
3162,11,,,,0,0,0,0,0
3162,12,,,,0,0,0,0,0
3162,13,,,,0,0,0,0,0
3162,14,,,,0,0,0,0,0
3162,15,,,,0,0,0,0,0
3163,11,,,,0,0,0,0,0
3163,12,,,,0,0,0,0,0
3163,13,,,,0,0,0,0,0
3163,14,,,,0,0,0,0,0
3163,15,,,,0,0,0,0,0
3164,11,,,,0,0,0,0,0
3164,12,,,,0,0,0,0,0
3164,13,,,,0,0,0,0,0
3164,14,,,,0,0,0,0,0
3164,15,,,,0,0,0,0,0
3165,11,,,,0,0,0,0,0
3165,12,,,,0,0,0,0,0
3165,13,,,,0,0,0,0,0
3165,14,,,,0,0,0,0,0
3165,15,,,,0,0,0,0,0
3166,11,,,,0,0,0,0,0
3166,12,,,,0,0,0,0,0
3166,13,,,,0,0,0,0,0
3166,14,,,,0,0,0,0,0
3166,15,,,,0,0,0,0,0
3167,11,,,,0,0,0,0,0
3167,12,,,,0,0,0,0,0
3167,13,,,,0,0,0,0,0
3167,14,,,,0,0,0,0,0
3167,15,,,,0,0,0,0,0
3168,11,,,,0,0,0,0,0
3168,12,,,,0,0,0,0,0
3168,13,,,,0,0,0,0,0
3168,14,,,,0,0,0,0,0
3168,15,,,,0,0,0,0,0
3169,11,,,,0,0,0,0,0
3169,12,,,,0,0,0,0,0
3169,13,,,,0,0,0,0,0
3169,14,,,,0,0,0,0,0
3169,15,,,,0,0,0,0,0
3170,11,,,,0,0,0,0,0
3170,12,,,,0,0,0,0,0
3170,13,,,,0,0,0,0,0
3170,14,,,,0,0,0,0,0
3170,15,,,,0,0,0,0,0
3171,11,,,,0,0,0,0,0
3171,12,,,,0,0,0,0,0
3171,13,,,,0,0,0,0,0
3171,14,,,,0,0,0,0,0
3171,15,,,,0,0,0,0,0
3172,11,,,,0,0,0,0,0
3172,12,,,,0,0,0,0,0
3172,13,,,,0,0,0,0,0
3172,14,,,,0,0,0,0,0
3172,15,,,,0,0,0,0,0
3173,11,,,,0,0,0,0,0
3173,12,,,,0,0,0,0,0
3173,13,,,,0,0,0,0,0
3173,14,,,,0,0,0,0,0
3173,15,,,,0,0,0,0,0
3174,11,,,,0,0,0,0,0
3174,12,,,,0,0,0,0,0
3174,13,,,,0,0,0,0,0
3174,14,,,,0,0,0,0,0
3174,15,,,,0,0,0,0,0
3175,11,,,,0,0,0,0,0
3175,12,,,,0,0,0,0,0
3175,13,,,,0,0,0,0,0
3175,14,,,,0,0,0,0,0
3175,15,,,,0,0,0,0,0
3176,11,,,,0,0,0,0,0
3176,12,,,,0,0,0,0,0
3176,13,,,,0,0,0,0,0
3176,14,,,,0,0,0,0,0
3176,15,,,,0,0,0,0,0
3177,11,,,,0,0,0,0,0
3177,12,,,,0,0,0,0,0
3177,13,,,,0,0,0,0,0
3177,14,,,,0,0,0,0,0
3177,15,,,,0,0,0,0,0
3178,11,,,,0,0,0,0,0
3178,12,,,,0,0,0,0,0
3178,13,,,,0,0,0,0,0
3178,14,,,,0,0,0,0,0
3178,15,,,,0,0,0,0,0
3179,11,,,,0,0,0,0,0
3179,12,,,,0,0,0,0,0
3179,13,,,,0,0,0,0,0
3179,14,,,,0,0,0,0,0
3179,15,,,,0,0,0,0,0
3180,11,,,,0,0,0,0,0
3180,12,,,,0,0,0,0,0
3180,13,,,,0,0,0,0,0
3180,14,,,,0,0,0,0,0
3180,15,,,,0,0,0,0,0
3181,11,,,,0,0,0,0,0
3181,12,,,,0,0,0,0,0
3181,13,,,,0,0,0,0,0
3181,14,,,,0,0,0,0,0
3181,15,,,,0,0,0,0,0
3182,11,,,,0,0,0,0,0
3182,12,,,,0,0,0,0,0
3182,13,,,,0,0,0,0,0
3182,14,,,,0,0,0,0,0
3182,15,,,,0,0,0,0,0
3183,11,,,,0,0,0,0,0
3183,12,,,,0,0,0,0,0
3183,13,,,,0,0,0,0,0
3183,14,,,,0,0,0,0,0
3183,15,,,,0,0,0,0,0
3184,11,,,,0,0,0,0,0
3184,12,,,,0,0,0,0,0
3184,13,,,,0,0,0,0,0
3184,14,,,,0,0,0,0,0
3184,15,,,,0,0,0,0,0
3185,11,,,,0,0,0,0,0
3185,12,,,,0,0,0,0,0
3185,13,,,,0,0,0,0,0
3185,14,,,,0,0,0,0,0
3185,15,,,,0,0,0,0,0
3186,11,,,,0,0,0,0,0
3186,12,,,,0,0,0,0,0
3186,13,,,,0,0,0,0,0
3186,14,,,,0,0,0,0,0
3186,15,,,,0,0,0,0,0
3187,11,,,,0,0,0,0,0
3187,12,,,,0,0,0,0,0
3187,13,,,,0,0,0,0,0
3187,14,,,,0,0,0,0,0
3187,15,,,,0,0,0,0,0
3188,11,,,,0,0,0,0,0
3188,12,,,,0,0,0,0,0
3188,13,,,,0,0,0,0,0
3188,14,,,,0,0,0,0,0
3188,15,,,,0,0,0,0,0
3189,11,,,,0,0,0,0,0
3189,12,,,,0,0,0,0,0
3189,13,,,,0,0,0,0,0
3189,14,,,,0,0,0,0,0
3189,15,,,,0,0,0,0,0
3190,11,,,,0,0,0,0,0
3190,12,,,,0,0,0,0,0
3190,13,,,,0,0,0,0,0
3190,14,,,,0,0,0,0,0
3190,15,,,,0,0,0,0,0
3191,11,,,,0,0,0,0,0
3191,12,,,,0,0,0,0,0
3191,13,,,,0,0,0,0,0
3191,14,,,,0,0,0,0,0
3191,15,,,,0,0,0,0,0
3192,11,,,,0,0,0,0,0
3192,12,,,,0,0,0,0,0
3192,13,,,,0,0,0,0,0
3192,14,,,,0,0,0,0,0
3192,15,,,,0,0,0,0,0
3193,11,,,,0,0,0,0,0
3193,12,,,,0,0,0,0,0
3193,13,,,,0,0,0,0,0
3193,14,,,,0,0,0,0,0
3193,15,,,,0,0,0,0,0
3194,11,,,,0,0,0,0,0
3194,12,,,,0,0,0,0,0
3194,13,,,,0,0,0,0,0
3194,14,,,,0,0,0,0,0
3194,15,,,,0,0,0,0,0
3195,11,,,,0,0,0,0,0
3195,12,,,,0,0,0,0,0
3195,13,,,,0,0,0,0,0
3195,14,,,,0,0,0,0,0
3195,15,,,,0,0,0,0,0
3196,11,,,,0,0,0,0,0
3196,12,,,,0,0,0,0,0
3196,13,,,,0,0,0,0,0
3196,14,,,,0,0,0,0,0
3196,15,,,,0,0,0,0,0
3197,11,,,,0,0,0,0,0
3197,12,,,,0,0,0,0,0
3197,13,,,,0,0,0,0,0
3197,14,,,,0,0,0,0,0
3197,15,,,,0,0,0,0,0
3198,11,,,,0,0,0,0,0
3198,12,,,,0,0,0,0,0
3198,13,,,,0,0,0,0,0
3198,14,,,,0,0,0,0,0
3198,15,,,,0,0,0,0,0
3199,11,,,,0,0,0,0,0
3199,12,,,,0,0,0,0,0
3199,13,,,,0,0,0,0,0
3199,14,,,,0,0,0,0,0
3199,15,,,,0,0,0,0,0
3200,11,,,,0,0,0,0,0
3200,12,,,,0,0,0,0,0
3200,13,,,,0,0,0,0,0
3200,14,,,,0,0,0,0,0
3200,15,,,,0,0,0,0,0
3201,11,,,,0,0,0,0,0
3201,12,,,,0,0,0,0,0
3201,13,,,,0,0,0,0,0
3201,14,,,,0,0,0,0,0
3201,15,,,,0,0,0,0,0
3202,11,,,,0,0,0,0,0
3202,12,,,,0,0,0,0,0
3202,13,,,,0,0,0,0,0
3202,14,,,,0,0,0,0,0
3202,15,,,,0,0,0,0,0
3203,11,,,,0,0,0,0,0
3203,12,,,,0,0,0,0,0
3203,13,,,,0,0,0,0,0
3203,14,,,,0,0,0,0,0
3203,15,,,,0,0,0,0,0
3204,11,,,,0,0,0,0,0
3204,12,,,,0,0,0,0,0
3204,13,,,,0,0,0,0,0
3204,14,,,,0,0,0,0,0
3204,15,,,,0,0,0,0,0
3205,11,,,,0,0,0,0,0
3205,12,,,,0,0,0,0,0
3205,13,,,,0,0,0,0,0
3205,14,,,,0,0,0,0,0
3205,15,,,,0,0,0,0,0
3206,11,,,,0,0,0,0,0
3206,12,,,,0,0,0,0,0
3206,13,,,,0,0,0,0,0
3206,14,,,,0,0,0,0,0
3206,15,,,,0,0,0,0,0
3207,11,,,,0,0,0,0,0
3207,12,,,,0,0,0,0,0
3207,13,,,,0,0,0,0,0
3207,14,,,,0,0,0,0,0
3207,15,,,,0,0,0,0,0
3208,11,,,,0,0,0,0,0
3208,12,,,,0,0,0,0,0
3208,13,,,,0,0,0,0,0
3208,14,,,,0,0,0,0,0
3208,15,,,,0,0,0,0,0
3209,11,,,,0,0,0,0,0
3209,12,,,,0,0,0,0,0
3209,13,,,,0,0,0,0,0
3209,14,,,,0,0,0,0,0
3209,15,,,,0,0,0,0,0
3210,11,,,,0,0,0,0,0
3210,12,,,,0,0,0,0,0
3210,13,,,,0,0,0,0,0
3210,14,,,,0,0,0,0,0
3210,15,,,,0,0,0,0,0
3211,11,,,,0,0,0,0,0
3211,12,,,,0,0,0,0,0
3211,13,,,,0,0,0,0,0
3211,14,,,,0,0,0,0,0
3211,15,,,,0,0,0,0,0
3212,11,,,,0,0,0,0,0
3212,12,,,,0,0,0,0,0
3212,13,,,,0,0,0,0,0
3212,14,,,,0,0,0,0,0
3212,15,,,,0,0,0,0,0
3213,11,,,,0,0,0,0,0
3213,12,,,,0,0,0,0,0
3213,13,,,,0,0,0,0,0
3213,14,,,,0,0,0,0,0
3213,15,,,,0,0,0,0,0
3214,11,,,,0,0,0,0,0
3214,12,,,,0,0,0,0,0
3214,13,,,,0,0,0,0,0
3214,14,,,,0,0,0,0,0
3214,15,,,,0,0,0,0,0
3215,11,,,,0,0,0,0,0
3215,12,,,,0,0,0,0,0
3215,13,,,,0,0,0,0,0
3215,14,,,,0,0,0,0,0
3215,15,,,,0,0,0,0,0
3216,11,,,,0,0,0,0,0
3216,12,,,,0,0,0,0,0
3216,13,,,,0,0,0,0,0
3216,14,,,,0,0,0,0,0
3216,15,,,,0,0,0,0,0
3217,11,,,,0,0,0,0,0
3217,12,,,,0,0,0,0,0
3217,13,,,,0,0,0,0,0
3217,14,,,,0,0,0,0,0
3217,15,,,,0,0,0,0,0
3218,11,,,,0,0,0,0,0
3218,12,,,,0,0,0,0,0
3218,13,,,,0,0,0,0,0
3218,14,,,,0,0,0,0,0
3218,15,,,,0,0,0,0,0
3219,11,,,,0,0,0,0,0
3219,12,,,,0,0,0,0,0
3219,13,,,,0,0,0,0,0
3219,14,,,,0,0,0,0,0
3219,15,,,,0,0,0,0,0
3220,11,,,,0,0,0,0,0
3220,12,,,,0,0,0,0,0
3220,13,,,,0,0,0,0,0
3220,14,,,,0,0,0,0,0
3220,15,,,,0,0,0,0,0
3221,11,,,,0,0,0,0,0
3221,12,,,,0,0,0,0,0
3221,13,,,,0,0,0,0,0
3221,14,,,,0,0,0,0,0
3221,15,,,,0,0,0,0,0
3222,11,,,,0,0,0,0,0
3222,12,,,,0,0,0,0,0
3222,13,,,,0,0,0,0,0
3222,14,,,,0,0,0,0,0
3222,15,,,,0,0,0,0,0
3223,11,,,,0,0,0,0,0
3223,12,,,,0,0,0,0,0
3223,13,,,,0,0,0,0,0
3223,14,,,,0,0,0,0,0
3223,15,,,,0,0,0,0,0
3224,11,,,,0,0,0,0,0
3224,12,,,,0,0,0,0,0
3224,13,,,,0,0,0,0,0
3224,14,,,,0,0,0,0,0
3224,15,,,,0,0,0,0,0
3225,11,,,,0,0,0,0,0
3225,12,,,,0,0,0,0,0
3225,13,,,,0,0,0,0,0
3225,14,,,,0,0,0,0,0
3225,15,,,,0,0,0,0,0
3226,11,,,,0,0,0,0,0
3226,12,,,,0,0,0,0,0
3226,13,,,,0,0,0,0,0
3226,14,,,,0,0,0,0,0
3226,15,,,,0,0,0,0,0
3227,11,,,,0,0,0,0,0
3227,12,,,,0,0,0,0,0
3227,13,,,,0,0,0,0,0
3227,14,,,,0,0,0,0,0
3227,15,,,,0,0,0,0,0
3228,11,,,,0,0,0,0,0
3228,12,,,,0,0,0,0,0
3228,13,,,,0,0,0,0,0
3228,14,,,,0,0,0,0,0
3228,15,,,,0,0,0,0,0
3229,11,,,,0,0,0,0,0
3229,12,,,,0,0,0,0,0
3229,13,,,,0,0,0,0,0
3229,14,,,,0,0,0,0,0
3229,15,,,,0,0,0,0,0
3230,11,,,,0,0,0,0,0
3230,12,,,,0,0,0,0,0
3230,13,,,,0,0,0,0,0
3230,14,,,,0,0,0,0,0
3230,15,,,,0,0,0,0,0
3231,11,,,,0,0,0,0,0
3231,12,,,,0,0,0,0,0
3231,13,,,,0,0,0,0,0
3231,14,,,,0,0,0,0,0
3231,15,,,,0,0,0,0,0
3232,11,,,,0,0,0,0,0
3232,12,,,,0,0,0,0,0
3232,13,,,,0,0,0,0,0
3232,14,,,,0,0,0,0,0
3232,15,,,,0,0,0,0,0
3233,11,,,,0,0,0,0,0
3233,12,,,,0,0,0,0,0
3233,13,,,,0,0,0,0,0
3233,14,,,,0,0,0,0,0
3233,15,,,,0,0,0,0,0
3234,11,,,,0,0,0,0,0
3234,12,,,,0,0,0,0,0
3234,13,,,,0,0,0,0,0
3234,14,,,,0,0,0,0,0
3234,15,,,,0,0,0,0,0
3235,11,,,,0,0,0,0,0
3235,12,,,,0,0,0,0,0
3235,13,,,,0,0,0,0,0
3235,14,,,,0,0,0,0,0
3235,15,,,,0,0,0,0,0
3236,11,,,,0,0,0,0,0
3236,12,,,,0,0,0,0,0
3236,13,,,,0,0,0,0,0
3236,14,,,,0,0,0,0,0
3236,15,,,,0,0,0,0,0
3237,11,,,,0,0,0,0,0
3237,12,,,,0,0,0,0,0
3237,13,,,,0,0,0,0,0
3237,14,,,,0,0,0,0,0
3237,15,,,,0,0,0,0,0
3238,11,,,,0,0,0,0,0
3238,12,,,,0,0,0,0,0
3238,13,,,,0,0,0,0,0
3238,14,,,,0,0,0,0,0
3238,15,,,,0,0,0,0,0
3239,11,,,,0,0,0,0,0
3239,12,,,,0,0,0,0,0
3239,13,,,,0,0,0,0,0
3239,14,,,,0,0,0,0,0
3239,15,,,,0,0,0,0,0
3240,11,,,,0,0,0,0,0
3240,12,,,,0,0,0,0,0
3240,13,,,,0,0,0,0,0
3240,14,,,,0,0,0,0,0
3240,15,,,,0,0,0,0,0
3241,11,,,,0,0,0,0,0
3241,12,,,,0,0,0,0,0
3241,13,,,,0,0,0,0,0
3241,14,,,,0,0,0,0,0
3241,15,,,,0,0,0,0,0
3242,11,,,,0,0,0,0,0
3242,12,,,,0,0,0,0,0
3242,13,,,,0,0,0,0,0
3242,14,,,,0,0,0,0,0
3242,15,,,,0,0,0,0,0
3243,11,,,,0,0,0,0,0
3243,12,,,,0,0,0,0,0
3243,13,,,,0,0,0,0,0
3243,14,,,,0,0,0,0,0
3243,15,,,,0,0,0,0,0
3244,11,,,,0,0,0,0,0
3244,12,,,,0,0,0,0,0
3244,13,,,,0,0,0,0,0
3244,14,,,,0,0,0,0,0
3244,15,,,,0,0,0,0,0
3245,11,,,,0,0,0,0,0
3245,12,,,,0,0,0,0,0
3245,13,,,,0,0,0,0,0
3245,14,,,,0,0,0,0,0
3245,15,,,,0,0,0,0,0
3246,11,,,,0,0,0,0,0
3246,12,,,,0,0,0,0,0
3246,13,,,,0,0,0,0,0
3246,14,,,,0,0,0,0,0
3246,15,,,,0,0,0,0,0
3247,11,,,,0,0,0,0,0
3247,12,,,,0,0,0,0,0
3247,13,,,,0,0,0,0,0
3247,14,,,,0,0,0,0,0
3247,15,,,,0,0,0,0,0
3248,11,,,,0,0,0,0,0
3248,12,,,,0,0,0,0,0
3248,13,,,,0,0,0,0,0
3248,14,,,,0,0,0,0,0
3248,15,,,,0,0,0,0,0
3249,11,,,,0,0,0,0,0
3249,12,,,,0,0,0,0,0
3249,13,,,,0,0,0,0,0
3249,14,,,,0,0,0,0,0
3249,15,,,,0,0,0,0,0
3250,11,,,,0,0,0,0,0
3250,12,,,,0,0,0,0,0
3250,13,,,,0,0,0,0,0
3250,14,,,,0,0,0,0,0
3250,15,,,,0,0,0,0,0
3251,11,,,,0,0,0,0,0
3251,12,,,,0,0,0,0,0
3251,13,,,,0,0,0,0,0
3251,14,,,,0,0,0,0,0
3251,15,,,,0,0,0,0,0
3252,11,,,,0,0,0,0,0
3252,12,,,,0,0,0,0,0
3252,13,,,,0,0,0,0,0
3252,14,,,,0,0,0,0,0
3252,15,,,,0,0,0,0,0
3253,11,,,,0,0,0,0,0
3253,12,,,,0,0,0,0,0
3253,13,,,,0,0,0,0,0
3253,14,,,,0,0,0,0,0
3253,15,,,,0,0,0,0,0
3254,11,,,,0,0,0,0,0
3254,12,,,,0,0,0,0,0
3254,13,,,,0,0,0,0,0
3254,14,,,,0,0,0,0,0
3254,15,,,,0,0,0,0,0
3255,11,,,,0,0,0,0,0
3255,12,,,,0,0,0,0,0
3255,13,,,,0,0,0,0,0
3255,14,,,,0,0,0,0,0
3255,15,,,,0,0,0,0,0
3256,11,,,,0,0,0,0,0
3256,12,,,,0,0,0,0,0
3256,13,,,,0,0,0,0,0
3256,14,,,,0,0,0,0,0
3256,15,,,,0,0,0,0,0
3257,11,,,,0,0,0,0,0
3257,12,,,,0,0,0,0,0
3257,13,,,,0,0,0,0,0
3257,14,,,,0,0,0,0,0
3257,15,,,,0,0,0,0,0
3258,11,,,,0,0,0,0,0
3258,12,,,,0,0,0,0,0
3258,13,,,,0,0,0,0,0
3258,14,,,,0,0,0,0,0
3258,15,,,,0,0,0,0,0
3259,11,,,,0,0,0,0,0
3259,12,,,,0,0,0,0,0
3259,13,,,,0,0,0,0,0
3259,14,,,,0,0,0,0,0
3259,15,,,,0,0,0,0,0
3260,11,,,,0,0,0,0,0
3260,12,,,,0,0,0,0,0
3260,13,,,,0,0,0,0,0
3260,14,,,,0,0,0,0,0
3260,15,,,,0,0,0,0,0
3261,11,,,,0,0,0,0,0
3261,12,,,,0,0,0,0,0
3261,13,,,,0,0,0,0,0
3261,14,,,,0,0,0,0,0
3261,15,,,,0,0,0,0,0
3262,11,,,,0,0,0,0,0
3262,12,,,,0,0,0,0,0
3262,13,,,,0,0,0,0,0
3262,14,,,,0,0,0,0,0
3262,15,,,,0,0,0,0,0
3263,11,,,,0,0,0,0,0
3263,12,,,,0,0,0,0,0
3263,13,,,,0,0,0,0,0
3263,14,,,,0,0,0,0,0
3263,15,,,,0,0,0,0,0
3264,11,,,,0,0,0,0,0
3264,12,,,,0,0,0,0,0
3264,13,,,,0,0,0,0,0
3264,14,,,,0,0,0,0,0
3264,15,,,,0,0,0,0,0
3265,11,,,,0,0,0,0,0
3265,12,,,,0,0,0,0,0
3265,13,,,,0,0,0,0,0
3265,14,,,,0,0,0,0,0
3265,15,,,,0,0,0,0,0
3266,11,,,,0,0,0,0,0
3266,12,,,,0,0,0,0,0
3266,13,,,,0,0,0,0,0
3266,14,,,,0,0,0,0,0
3266,15,,,,0,0,0,0,0
3267,11,,,,0,0,0,0,0
3267,12,,,,0,0,0,0,0
3267,13,,,,0,0,0,0,0
3267,14,,,,0,0,0,0,0
3267,15,,,,0,0,0,0,0
3268,11,,,,0,0,0,0,0
3268,12,,,,0,0,0,0,0
3268,13,,,,0,0,0,0,0
3268,14,,,,0,0,0,0,0
3268,15,,,,0,0,0,0,0
3269,11,,,,0,0,0,0,0
3269,12,,,,0,0,0,0,0
3269,13,,,,0,0,0,0,0
3269,14,,,,0,0,0,0,0
3269,15,,,,0,0,0,0,0
3270,11,,,,0,0,0,0,0
3270,12,,,,0,0,0,0,0
3270,13,,,,0,0,0,0,0
3270,14,,,,0,0,0,0,0
3270,15,,,,0,0,0,0,0
3271,11,,,,0,0,0,0,0
3271,12,,,,0,0,0,0,0
3271,13,,,,0,0,0,0,0
3271,14,,,,0,0,0,0,0
3271,15,,,,0,0,0,0,0
3272,11,,,,0,0,0,0,0
3272,12,,,,0,0,0,0,0
3272,13,,,,0,0,0,0,0
3272,14,,,,0,0,0,0,0
3272,15,,,,0,0,0,0,0
3273,11,,,,0,0,0,0,0
3273,12,,,,0,0,0,0,0
3273,13,,,,0,0,0,0,0
3273,14,,,,0,0,0,0,0
3273,15,,,,0,0,0,0,0
3274,11,,,,0,0,0,0,0
3274,12,,,,0,0,0,0,0
3274,13,,,,0,0,0,0,0
3274,14,,,,0,0,0,0,0
3274,15,,,,0,0,0,0,0
3275,11,,,,0,0,0,0,0
3275,12,,,,0,0,0,0,0
3275,13,,,,0,0,0,0,0
3275,14,,,,0,0,0,0,0
3275,15,,,,0,0,0,0,0
3276,11,,,,0,0,0,0,0
3276,12,,,,0,0,0,0,0
3276,13,,,,0,0,0,0,0
3276,14,,,,0,0,0,0,0
3276,15,,,,0,0,0,0,0
3277,11,,,,0,0,0,0,0
3277,12,,,,0,0,0,0,0
3277,13,,,,0,0,0,0,0
3277,14,,,,0,0,0,0,0
3277,15,,,,0,0,0,0,0
3278,11,,,,0,0,0,0,0
3278,12,,,,0,0,0,0,0
3278,13,,,,0,0,0,0,0
3278,14,,,,0,0,0,0,0
3278,15,,,,0,0,0,0,0
3279,11,,,,0,0,0,0,0
3279,12,,,,0,0,0,0,0
3279,13,,,,0,0,0,0,0
3279,14,,,,0,0,0,0,0
3279,15,,,,0,0,0,0,0
3280,11,,,,0,0,0,0,0
3280,12,,,,0,0,0,0,0
3280,13,,,,0,0,0,0,0
3280,14,,,,0,0,0,0,0
3280,15,,,,0,0,0,0,0
3281,11,,,,0,0,0,0,0
3281,12,,,,0,0,0,0,0
3281,13,,,,0,0,0,0,0
3281,14,,,,0,0,0,0,0
3281,15,,,,0,0,0,0,0
3282,11,,,,0,0,0,0,0
3282,12,,,,0,0,0,0,0
3282,13,,,,0,0,0,0,0
3282,14,,,,0,0,0,0,0
3282,15,,,,0,0,0,0,0
3283,11,,,,0,0,0,0,0
3283,12,,,,0,0,0,0,0
3283,13,,,,0,0,0,0,0
3283,14,,,,0,0,0,0,0
3283,15,,,,0,0,0,0,0
3284,11,,,,0,0,0,0,0
3284,12,,,,0,0,0,0,0
3284,13,,,,0,0,0,0,0
3284,14,,,,0,0,0,0,0
3284,15,,,,0,0,0,0,0
3285,11,,,,0,0,0,0,0
3285,12,,,,0,0,0,0,0
3285,13,,,,0,0,0,0,0
3285,14,,,,0,0,0,0,0
3285,15,,,,0,0,0,0,0
3286,11,,,,0,0,0,0,0
3286,12,,,,0,0,0,0,0
3286,13,,,,0,0,0,0,0
3286,14,,,,0,0,0,0,0
3286,15,,,,0,0,0,0,0
3287,11,,,,0,0,0,0,0
3287,12,,,,0,0,0,0,0
3287,13,,,,0,0,0,0,0
3287,14,,,,0,0,0,0,0
3287,15,,,,0,0,0,0,0
3288,11,,,,0,0,0,0,0
3288,12,,,,0,0,0,0,0
3288,13,,,,0,0,0,0,0
3288,14,,,,0,0,0,0,0
3288,15,,,,0,0,0,0,0
3289,11,,,,0,0,0,0,0
3289,12,,,,0,0,0,0,0
3289,13,,,,0,0,0,0,0
3289,14,,,,0,0,0,0,0
3289,15,,,,0,0,0,0,0
3290,11,,,,0,0,0,0,0
3290,12,,,,0,0,0,0,0
3290,13,,,,0,0,0,0,0
3290,14,,,,0,0,0,0,0
3290,15,,,,0,0,0,0,0
3291,11,,,,0,0,0,0,0
3291,12,,,,0,0,0,0,0
3291,13,,,,0,0,0,0,0
3291,14,,,,0,0,0,0,0
3291,15,,,,0,0,0,0,0
3292,11,,,,0,0,0,0,0
3292,12,,,,0,0,0,0,0
3292,13,,,,0,0,0,0,0
3292,14,,,,0,0,0,0,0
3292,15,,,,0,0,0,0,0
3293,11,,,,0,0,0,0,0
3293,12,,,,0,0,0,0,0
3293,13,,,,0,0,0,0,0
3293,14,,,,0,0,0,0,0
3293,15,,,,0,0,0,0,0
3294,11,,,,0,0,0,0,0
3294,12,,,,0,0,0,0,0
3294,13,,,,0,0,0,0,0
3294,14,,,,0,0,0,0,0
3294,15,,,,0,0,0,0,0
3295,11,,,,0,0,0,0,0
3295,12,,,,0,0,0,0,0
3295,13,,,,0,0,0,0,0
3295,14,,,,0,0,0,0,0
3295,15,,,,0,0,0,0,0
3296,11,,,,0,0,0,0,0
3296,12,,,,0,0,0,0,0
3296,13,,,,0,0,0,0,0
3296,14,,,,0,0,0,0,0
3296,15,,,,0,0,0,0,0
3297,11,,,,0,0,0,0,0
3297,12,,,,0,0,0,0,0
3297,13,,,,0,0,0,0,0
3297,14,,,,0,0,0,0,0
3297,15,,,,0,0,0,0,0
3298,11,,,,0,0,0,0,0
3298,12,,,,0,0,0,0,0
3298,13,,,,0,0,0,0,0
3298,14,,,,0,0,0,0,0
3298,15,,,,0,0,0,0,0
3299,11,,,,0,0,0,0,0
3299,12,,,,0,0,0,0,0
3299,13,,,,0,0,0,0,0
3299,14,,,,0,0,0,0,0
3299,15,,,,0,0,0,0,0
3300,11,,,,0,0,0,0,0
3300,12,,,,0,0,0,0,0
3300,13,,,,0,0,0,0,0
3300,14,,,,0,0,0,0,0
3300,15,,,,0,0,0,0,0
3301,11,,,,0,0,0,0,0
3301,12,,,,0,0,0,0,0
3301,13,,,,0,0,0,0,0
3301,14,,,,0,0,0,0,0
3301,15,,,,0,0,0,0,0
3302,11,,,,0,0,0,0,0
3302,12,,,,0,0,0,0,0
3302,13,,,,0,0,0,0,0
3302,14,,,,0,0,0,0,0
3302,15,,,,0,0,0,0,0
3303,11,,,,0,0,0,0,0
3303,12,,,,0,0,0,0,0
3303,13,,,,0,0,0,0,0
3303,14,,,,0,0,0,0,0
3303,15,,,,0,0,0,0,0
3304,11,,,,0,0,0,0,0
3304,12,,,,0,0,0,0,0
3304,13,,,,0,0,0,0,0
3304,14,,,,0,0,0,0,0
3304,15,,,,0,0,0,0,0
3305,11,,,,0,0,0,0,0
3305,12,,,,0,0,0,0,0
3305,13,,,,0,0,0,0,0
3305,14,,,,0,0,0,0,0
3305,15,,,,0,0,0,0,0
3306,11,,,,0,0,0,0,0
3306,12,,,,0,0,0,0,0
3306,13,,,,0,0,0,0,0
3306,14,,,,0,0,0,0,0
3306,15,,,,0,0,0,0,0
3307,11,,,,0,0,0,0,0
3307,12,,,,0,0,0,0,0
3307,13,,,,0,0,0,0,0
3307,14,,,,0,0,0,0,0
3307,15,,,,0,0,0,0,0
3308,11,,,,0,0,0,0,0
3308,12,,,,0,0,0,0,0
3308,13,,,,0,0,0,0,0
3308,14,,,,0,0,0,0,0
3308,15,,,,0,0,0,0,0
3309,11,,,,0,0,0,0,0
3309,12,,,,0,0,0,0,0
3309,13,,,,0,0,0,0,0
3309,14,,,,0,0,0,0,0
3309,15,,,,0,0,0,0,0
3310,11,,,,0,0,0,0,0
3310,12,,,,0,0,0,0,0
3310,13,,,,0,0,0,0,0
3310,14,,,,0,0,0,0,0
3310,15,,,,0,0,0,0,0
3311,11,,,,0,0,0,0,0
3311,12,,,,0,0,0,0,0
3311,13,,,,0,0,0,0,0
3311,14,,,,0,0,0,0,0
3311,15,,,,0,0,0,0,0
3312,11,,,,0,0,0,0,0
3312,12,,,,0,0,0,0,0
3312,13,,,,0,0,0,0,0
3312,14,,,,0,0,0,0,0
3312,15,,,,0,0,0,0,0
3313,11,,,,0,0,0,0,0
3313,12,,,,0,0,0,0,0
3313,13,,,,0,0,0,0,0
3313,14,,,,0,0,0,0,0
3313,15,,,,0,0,0,0,0
3314,11,,,,0,0,0,0,0
3314,12,,,,0,0,0,0,0
3314,13,,,,0,0,0,0,0
3314,14,,,,0,0,0,0,0
3314,15,,,,0,0,0,0,0
3315,11,,,,0,0,0,0,0
3315,12,,,,0,0,0,0,0
3315,13,,,,0,0,0,0,0
3315,14,,,,0,0,0,0,0
3315,15,,,,0,0,0,0,0
3316,11,,,,0,0,0,0,0
3316,12,,,,0,0,0,0,0
3316,13,,,,0,0,0,0,0
3316,14,,,,0,0,0,0,0
3316,15,,,,0,0,0,0,0
3317,11,,,,0,0,0,0,0
3317,12,,,,0,0,0,0,0
3317,13,,,,0,0,0,0,0
3317,14,,,,0,0,0,0,0
3317,15,,,,0,0,0,0,0
3318,11,,,,0,0,0,0,0
3318,12,,,,0,0,0,0,0
3318,13,,,,0,0,0,0,0
3318,14,,,,0,0,0,0,0
3318,15,,,,0,0,0,0,0
3319,11,,,,0,0,0,0,0
3319,12,,,,0,0,0,0,0
3319,13,,,,0,0,0,0,0
3319,14,,,,0,0,0,0,0
3319,15,,,,0,0,0,0,0
3320,11,,,,0,0,0,0,0
3320,12,,,,0,0,0,0,0
3320,13,,,,0,0,0,0,0
3320,14,,,,0,0,0,0,0
3320,15,,,,0,0,0,0,0
3321,11,,,,0,0,0,0,0
3321,12,,,,0,0,0,0,0
3321,13,,,,0,0,0,0,0
3321,14,,,,0,0,0,0,0
3321,15,,,,0,0,0,0,0
3322,11,,,,0,0,0,0,0
3322,12,,,,0,0,0,0,0
3322,13,,,,0,0,0,0,0
3322,14,,,,0,0,0,0,0
3322,15,,,,0,0,0,0,0
3323,11,,,,0,0,0,0,0
3323,12,,,,0,0,0,0,0
3323,13,,,,0,0,0,0,0
3323,14,,,,0,0,0,0,0
3323,15,,,,0,0,0,0,0
3324,11,,,,0,0,0,0,0
3324,12,,,,0,0,0,0,0
3324,13,,,,0,0,0,0,0
3324,14,,,,0,0,0,0,0
3324,15,,,,0,0,0,0,0
3325,11,,,,0,0,0,0,0
3325,12,,,,0,0,0,0,0
3325,13,,,,0,0,0,0,0
3325,14,,,,0,0,0,0,0
3325,15,,,,0,0,0,0,0
3326,11,,,,0,0,0,0,0
3326,12,,,,0,0,0,0,0
3326,13,,,,0,0,0,0,0
3326,14,,,,0,0,0,0,0
3326,15,,,,0,0,0,0,0
3327,11,,,,0,0,0,0,0
3327,12,,,,0,0,0,0,0
3327,13,,,,0,0,0,0,0
3327,14,,,,0,0,0,0,0
3327,15,,,,0,0,0,0,0
3328,11,,,,0,0,0,0,0
3328,12,,,,0,0,0,0,0
3328,13,,,,0,0,0,0,0
3328,14,,,,0,0,0,0,0
3328,15,,,,0,0,0,0,0
3329,11,,,,0,0,0,0,0
3329,12,,,,0,0,0,0,0
3329,13,,,,0,0,0,0,0
3329,14,,,,0,0,0,0,0
3329,15,,,,0,0,0,0,0
3330,11,,,,0,0,0,0,0
3330,12,,,,0,0,0,0,0
3330,13,,,,0,0,0,0,0
3330,14,,,,0,0,0,0,0
3330,15,,,,0,0,0,0,0
3331,11,,,,0,0,0,0,0
3331,12,,,,0,0,0,0,0
3331,13,,,,0,0,0,0,0
3331,14,,,,0,0,0,0,0
3331,15,,,,0,0,0,0,0
3332,11,,,,0,0,0,0,0
3332,12,,,,0,0,0,0,0
3332,13,,,,0,0,0,0,0
3332,14,,,,0,0,0,0,0
3332,15,,,,0,0,0,0,0
3333,11,,,,0,0,0,0,0
3333,12,,,,0,0,0,0,0
3333,13,,,,0,0,0,0,0
3333,14,,,,0,0,0,0,0
3333,15,,,,0,0,0,0,0
3334,11,,,,0,0,0,0,0
3334,12,,,,0,0,0,0,0
3334,13,,,,0,0,0,0,0
3334,14,,,,0,0,0,0,0
3334,15,,,,0,0,0,0,0
3335,11,,,,0,0,0,0,0
3335,12,,,,0,0,0,0,0
3335,13,,,,0,0,0,0,0
3335,14,,,,0,0,0,0,0
3335,15,,,,0,0,0,0,0
3336,11,,,,0,0,0,0,0
3336,12,,,,0,0,0,0,0
3336,13,,,,0,0,0,0,0
3336,14,,,,0,0,0,0,0
3336,15,,,,0,0,0,0,0
3337,11,,,,0,0,0,0,0
3337,12,,,,0,0,0,0,0
3337,13,,,,0,0,0,0,0
3337,14,,,,0,0,0,0,0
3337,15,,,,0,0,0,0,0
3338,11,,,,0,0,0,0,0
3338,12,,,,0,0,0,0,0
3338,13,,,,0,0,0,0,0
3338,14,,,,0,0,0,0,0
3338,15,,,,0,0,0,0,0
3339,11,,,,0,0,0,0,0
3339,12,,,,0,0,0,0,0
3339,13,,,,0,0,0,0,0
3339,14,,,,0,0,0,0,0
3339,15,,,,0,0,0,0,0
3340,11,,,,0,0,0,0,0
3340,12,,,,0,0,0,0,0
3340,13,,,,0,0,0,0,0
3340,14,,,,0,0,0,0,0
3340,15,,,,0,0,0,0,0
3341,11,,,,0,0,0,0,0
3341,12,,,,0,0,0,0,0
3341,13,,,,0,0,0,0,0
3341,14,,,,0,0,0,0,0
3341,15,,,,0,0,0,0,0
3342,11,,,,0,0,0,0,0
3342,12,,,,0,0,0,0,0
3342,13,,,,0,0,0,0,0
3342,14,,,,0,0,0,0,0
3342,15,,,,0,0,0,0,0
3343,11,,,,0,0,0,0,0
3343,12,,,,0,0,0,0,0
3343,13,,,,0,0,0,0,0
3343,14,,,,0,0,0,0,0
3343,15,,,,0,0,0,0,0
3344,11,,,,0,0,0,0,0
3344,12,,,,0,0,0,0,0
3344,13,,,,0,0,0,0,0
3344,14,,,,0,0,0,0,0
3344,15,,,,0,0,0,0,0
3345,11,,,,0,0,0,0,0
3345,12,,,,0,0,0,0,0
3345,13,,,,0,0,0,0,0
3345,14,,,,0,0,0,0,0
3345,15,,,,0,0,0,0,0
3346,11,,,,0,0,0,0,0
3346,12,,,,0,0,0,0,0
3346,13,,,,0,0,0,0,0
3346,14,,,,0,0,0,0,0
3346,15,,,,0,0,0,0,0
3347,11,,,,0,0,0,0,0
3347,12,,,,0,0,0,0,0
3347,13,,,,0,0,0,0,0
3347,14,,,,0,0,0,0,0
3347,15,,,,0,0,0,0,0
3348,11,,,,0,0,0,0,0
3348,12,,,,0,0,0,0,0
3348,13,,,,0,0,0,0,0
3348,14,,,,0,0,0,0,0
3348,15,,,,0,0,0,0,0
3349,11,,,,0,0,0,0,0
3349,12,,,,0,0,0,0,0
3349,13,,,,0,0,0,0,0
3349,14,,,,0,0,0,0,0
3349,15,,,,0,0,0,0,0
3350,11,,,,0,0,0,0,0
3350,12,,,,0,0,0,0,0
3350,13,,,,0,0,0,0,0
3350,14,,,,0,0,0,0,0
3350,15,,,,0,0,0,0,0
3351,11,,,,0,0,0,0,0
3351,12,,,,0,0,0,0,0
3351,13,,,,0,0,0,0,0
3351,14,,,,0,0,0,0,0
3351,15,,,,0,0,0,0,0
3352,11,,,,0,0,0,0,0
3352,12,,,,0,0,0,0,0
3352,13,,,,0,0,0,0,0
3352,14,,,,0,0,0,0,0
3352,15,,,,0,0,0,0,0
3353,11,,,,0,0,0,0,0
3353,12,,,,0,0,0,0,0
3353,13,,,,0,0,0,0,0
3353,14,,,,0,0,0,0,0
3353,15,,,,0,0,0,0,0
3354,11,,,,0,0,0,0,0
3354,12,,,,0,0,0,0,0
3354,13,,,,0,0,0,0,0
3354,14,,,,0,0,0,0,0
3354,15,,,,0,0,0,0,0
3355,11,,,,0,0,0,0,0
3355,12,,,,0,0,0,0,0
3355,13,,,,0,0,0,0,0
3355,14,,,,0,0,0,0,0
3355,15,,,,0,0,0,0,0
3356,11,,,,0,0,0,0,0
3356,12,,,,0,0,0,0,0
3356,13,,,,0,0,0,0,0
3356,14,,,,0,0,0,0,0
3356,15,,,,0,0,0,0,0
3357,11,,,,0,0,0,0,0
3357,12,,,,0,0,0,0,0
3357,13,,,,0,0,0,0,0
3357,14,,,,0,0,0,0,0
3357,15,,,,0,0,0,0,0
3358,11,,,,0,0,0,0,0
3358,12,,,,0,0,0,0,0
3358,13,,,,0,0,0,0,0
3358,14,,,,0,0,0,0,0
3358,15,,,,0,0,0,0,0
3359,11,,,,0,0,0,0,0
3359,12,,,,0,0,0,0,0
3359,13,,,,0,0,0,0,0
3359,14,,,,0,0,0,0,0
3359,15,,,,0,0,0,0,0
3360,11,,,,0,0,0,0,0
3360,12,,,,0,0,0,0,0
3360,13,,,,0,0,0,0,0
3360,14,,,,0,0,0,0,0
3360,15,,,,0,0,0,0,0
3361,11,,,,0,0,0,0,0
3361,12,,,,0,0,0,0,0
3361,13,,,,0,0,0,0,0
3361,14,,,,0,0,0,0,0
3361,15,,,,0,0,0,0,0
3362,11,,,,0,0,0,0,0
3362,12,,,,0,0,0,0,0
3362,13,,,,0,0,0,0,0
3362,14,,,,0,0,0,0,0
3362,15,,,,0,0,0,0,0
3363,11,,,,0,0,0,0,0
3363,12,,,,0,0,0,0,0
3363,13,,,,0,0,0,0,0
3363,14,,,,0,0,0,0,0
3363,15,,,,0,0,0,0,0
3364,11,,,,0,0,0,0,0
3364,12,,,,0,0,0,0,0
3364,13,,,,0,0,0,0,0
3364,14,,,,0,0,0,0,0
3364,15,,,,0,0,0,0,0
3365,11,,,,0,0,0,0,0
3365,12,,,,0,0,0,0,0
3365,13,,,,0,0,0,0,0
3365,14,,,,0,0,0,0,0
3365,15,,,,0,0,0,0,0
3366,11,,,,0,0,0,0,0
3366,12,,,,0,0,0,0,0
3366,13,,,,0,0,0,0,0
3366,14,,,,0,0,0,0,0
3366,15,,,,0,0,0,0,0
3367,11,,,,0,0,0,0,0
3367,12,,,,0,0,0,0,0
3367,13,,,,0,0,0,0,0
3367,14,,,,0,0,0,0,0
3367,15,,,,0,0,0,0,0
3368,11,,,,0,0,0,0,0
3368,12,,,,0,0,0,0,0
3368,13,,,,0,0,0,0,0
3368,14,,,,0,0,0,0,0
3368,15,,,,0,0,0,0,0
3369,11,,,,0,0,0,0,0
3369,12,,,,0,0,0,0,0
3369,13,,,,0,0,0,0,0
3369,14,,,,0,0,0,0,0
3369,15,,,,0,0,0,0,0
3370,11,,,,0,0,0,0,0
3370,12,,,,0,0,0,0,0
3370,13,,,,0,0,0,0,0
3370,14,,,,0,0,0,0,0
3370,15,,,,0,0,0,0,0
3371,11,,,,0,0,0,0,0
3371,12,,,,0,0,0,0,0
3371,13,,,,0,0,0,0,0
3371,14,,,,0,0,0,0,0
3371,15,,,,0,0,0,0,0
3372,11,,,,0,0,0,0,0
3372,12,,,,0,0,0,0,0
3372,13,,,,0,0,0,0,0
3372,14,,,,0,0,0,0,0
3372,15,,,,0,0,0,0,0
3373,11,,,,0,0,0,0,0
3373,12,,,,0,0,0,0,0
3373,13,,,,0,0,0,0,0
3373,14,,,,0,0,0,0,0
3373,15,,,,0,0,0,0,0
3374,11,,,,0,0,0,0,0
3374,12,,,,0,0,0,0,0
3374,13,,,,0,0,0,0,0
3374,14,,,,0,0,0,0,0
3374,15,,,,0,0,0,0,0
3375,11,,,,0,0,0,0,0
3375,12,,,,0,0,0,0,0
3375,13,,,,0,0,0,0,0
3375,14,,,,0,0,0,0,0
3375,15,,,,0,0,0,0,0
3376,11,,,,0,0,0,0,0
3376,12,,,,0,0,0,0,0
3376,13,,,,0,0,0,0,0
3376,14,,,,0,0,0,0,0
3376,15,,,,0,0,0,0,0
3377,11,,,,0,0,0,0,0
3377,12,,,,0,0,0,0,0
3377,13,,,,0,0,0,0,0
3377,14,,,,0,0,0,0,0
3377,15,,,,0,0,0,0,0
3378,11,,,,0,0,0,0,0
3378,12,,,,0,0,0,0,0
3378,13,,,,0,0,0,0,0
3378,14,,,,0,0,0,0,0
3378,15,,,,0,0,0,0,0
3379,11,,,,0,0,0,0,0
3379,12,,,,0,0,0,0,0
3379,13,,,,0,0,0,0,0
3379,14,,,,0,0,0,0,0
3379,15,,,,0,0,0,0,0
3380,11,,,,0,0,0,0,0
3380,12,,,,0,0,0,0,0
3380,13,,,,0,0,0,0,0
3380,14,,,,0,0,0,0,0
3380,15,,,,0,0,0,0,0
3381,11,,,,0,0,0,0,0
3381,12,,,,0,0,0,0,0
3381,13,,,,0,0,0,0,0
3381,14,,,,0,0,0,0,0
3381,15,,,,0,0,0,0,0
3382,11,,,,0,0,0,0,0
3382,12,,,,0,0,0,0,0
3382,13,,,,0,0,0,0,0
3382,14,,,,0,0,0,0,0
3382,15,,,,0,0,0,0,0
3383,11,,,,0,0,0,0,0
3383,12,,,,0,0,0,0,0
3383,13,,,,0,0,0,0,0
3383,14,,,,0,0,0,0,0
3383,15,,,,0,0,0,0,0
3384,11,,,,0,0,0,0,0
3384,12,,,,0,0,0,0,0
3384,13,,,,0,0,0,0,0
3384,14,,,,0,0,0,0,0
3384,15,,,,0,0,0,0,0
3385,11,,,,0,0,0,0,0
3385,12,,,,0,0,0,0,0
3385,13,,,,0,0,0,0,0
3385,14,,,,0,0,0,0,0
3385,15,,,,0,0,0,0,0
3386,11,,,,0,0,0,0,0
3386,12,,,,0,0,0,0,0
3386,13,,,,0,0,0,0,0
3386,14,,,,0,0,0,0,0
3386,15,,,,0,0,0,0,0
3387,11,,,,0,0,0,0,0
3387,12,,,,0,0,0,0,0
3387,13,,,,0,0,0,0,0
3387,14,,,,0,0,0,0,0
3387,15,,,,0,0,0,0,0
3388,11,,,,0,0,0,0,0
3388,12,,,,0,0,0,0,0
3388,13,,,,0,0,0,0,0
3388,14,,,,0,0,0,0,0
3388,15,,,,0,0,0,0,0
3389,11,,,,0,0,0,0,0
3389,12,,,,0,0,0,0,0
3389,13,,,,0,0,0,0,0
3389,14,,,,0,0,0,0,0
3389,15,,,,0,0,0,0,0
3390,11,,,,0,0,0,0,0
3390,12,,,,0,0,0,0,0
3390,13,,,,0,0,0,0,0
3390,14,,,,0,0,0,0,0
3390,15,,,,0,0,0,0,0
3391,11,,,,0,0,0,0,0
3391,12,,,,0,0,0,0,0
3391,13,,,,0,0,0,0,0
3391,14,,,,0,0,0,0,0
3391,15,,,,0,0,0,0,0
3392,11,,,,0,0,0,0,0
3392,12,,,,0,0,0,0,0
3392,13,,,,0,0,0,0,0
3392,14,,,,0,0,0,0,0
3392,15,,,,0,0,0,0,0
3393,11,,,,0,0,0,0,0
3393,12,,,,0,0,0,0,0
3393,13,,,,0,0,0,0,0
3393,14,,,,0,0,0,0,0
3393,15,,,,0,0,0,0,0
3394,11,,,,0,0,0,0,0
3394,12,,,,0,0,0,0,0
3394,13,,,,0,0,0,0,0
3394,14,,,,0,0,0,0,0
3394,15,,,,0,0,0,0,0
3395,11,,,,0,0,0,0,0
3395,12,,,,0,0,0,0,0
3395,13,,,,0,0,0,0,0
3395,14,,,,0,0,0,0,0
3395,15,,,,0,0,0,0,0
3396,11,,,,0,0,0,0,0
3396,12,,,,0,0,0,0,0
3396,13,,,,0,0,0,0,0
3396,14,,,,0,0,0,0,0
3396,15,,,,0,0,0,0,0
3397,11,,,,0,0,0,0,0
3397,12,,,,0,0,0,0,0
3397,13,,,,0,0,0,0,0
3397,14,,,,0,0,0,0,0
3397,15,,,,0,0,0,0,0
3398,11,,,,0,0,0,0,0
3398,12,,,,0,0,0,0,0
3398,13,,,,0,0,0,0,0
3398,14,,,,0,0,0,0,0
3398,15,,,,0,0,0,0,0
3399,11,,,,0,0,0,0,0
3399,12,,,,0,0,0,0,0
3399,13,,,,0,0,0,0,0
3399,14,,,,0,0,0,0,0
3399,15,,,,0,0,0,0,0
3400,11,,,,0,0,0,0,0
3400,12,,,,0,0,0,0,0
3400,13,,,,0,0,0,0,0
3400,14,,,,0,0,0,0,0
3400,15,,,,0,0,0,0,0
3401,11,,,,0,0,0,0,0
3401,12,,,,0,0,0,0,0
3401,13,,,,0,0,0,0,0
3401,14,,,,0,0,0,0,0
3401,15,,,,0,0,0,0,0
3402,11,,,,0,0,0,0,0
3402,12,,,,0,0,0,0,0
3402,13,,,,0,0,0,0,0
3402,14,,,,0,0,0,0,0
3402,15,,,,0,0,0,0,0
3403,11,,,,0,0,0,0,0
3403,12,,,,0,0,0,0,0
3403,13,,,,0,0,0,0,0
3403,14,,,,0,0,0,0,0
3403,15,,,,0,0,0,0,0
3404,11,,,,0,0,0,0,0
3404,12,,,,0,0,0,0,0
3404,13,,,,0,0,0,0,0
3404,14,,,,0,0,0,0,0
3404,15,,,,0,0,0,0,0
3405,11,,,,0,0,0,0,0
3405,12,,,,0,0,0,0,0
3405,13,,,,0,0,0,0,0
3405,14,,,,0,0,0,0,0
3405,15,,,,0,0,0,0,0
3406,11,,,,0,0,0,0,0
3406,12,,,,0,0,0,0,0
3406,13,,,,0,0,0,0,0
3406,14,,,,0,0,0,0,0
3406,15,,,,0,0,0,0,0
3407,11,,,,0,0,0,0,0
3407,12,,,,0,0,0,0,0
3407,13,,,,0,0,0,0,0
3407,14,,,,0,0,0,0,0
3407,15,,,,0,0,0,0,0
3408,11,,,,0,0,0,0,0
3408,12,,,,0,0,0,0,0
3408,13,,,,0,0,0,0,0
3408,14,,,,0,0,0,0,0
3408,15,,,,0,0,0,0,0
3409,11,,,,0,0,0,0,0
3409,12,,,,0,0,0,0,0
3409,13,,,,0,0,0,0,0
3409,14,,,,0,0,0,0,0
3409,15,,,,0,0,0,0,0
3410,11,,,,0,0,0,0,0
3410,12,,,,0,0,0,0,0
3410,13,,,,0,0,0,0,0
3410,14,,,,0,0,0,0,0
3410,15,,,,0,0,0,0,0
3411,11,,,,0,0,0,0,0
3411,12,,,,0,0,0,0,0
3411,13,,,,0,0,0,0,0
3411,14,,,,0,0,0,0,0
3411,15,,,,0,0,0,0,0
3412,11,,,,0,0,0,0,0
3412,12,,,,0,0,0,0,0
3412,13,,,,0,0,0,0,0
3412,14,,,,0,0,0,0,0
3412,15,,,,0,0,0,0,0
3413,11,,,,0,0,0,0,0
3413,12,,,,0,0,0,0,0
3413,13,,,,0,0,0,0,0
3413,14,,,,0,0,0,0,0
3413,15,,,,0,0,0,0,0
3414,11,,,,0,0,0,0,0
3414,12,,,,0,0,0,0,0
3414,13,,,,0,0,0,0,0
3414,14,,,,0,0,0,0,0
3414,15,,,,0,0,0,0,0
3415,11,,,,0,0,0,0,0
3415,12,,,,0,0,0,0,0
3415,13,,,,0,0,0,0,0
3415,14,,,,0,0,0,0,0
3415,15,,,,0,0,0,0,0
3416,11,,,,0,0,0,0,0
3416,12,,,,0,0,0,0,0
3416,13,,,,0,0,0,0,0
3416,14,,,,0,0,0,0,0
3416,15,,,,0,0,0,0,0
3417,11,,,,0,0,0,0,0
3417,12,,,,0,0,0,0,0
3417,13,,,,0,0,0,0,0
3417,14,,,,0,0,0,0,0
3417,15,,,,0,0,0,0,0
3418,11,,,,0,0,0,0,0
3418,12,,,,0,0,0,0,0
3418,13,,,,0,0,0,0,0
3418,14,,,,0,0,0,0,0
3418,15,,,,0,0,0,0,0
3419,11,,,,0,0,0,0,0
3419,12,,,,0,0,0,0,0
3419,13,,,,0,0,0,0,0
3419,14,,,,0,0,0,0,0
3419,15,,,,0,0,0,0,0
3420,11,,,,0,0,0,0,0
3420,12,,,,0,0,0,0,0
3420,13,,,,0,0,0,0,0
3420,14,,,,0,0,0,0,0
3420,15,,,,0,0,0,0,0
3421,11,,,,0,0,0,0,0
3421,12,,,,0,0,0,0,0
3421,13,,,,0,0,0,0,0
3421,14,,,,0,0,0,0,0
3421,15,,,,0,0,0,0,0
3422,11,,,,0,0,0,0,0
3422,12,,,,0,0,0,0,0
3422,13,,,,0,0,0,0,0
3422,14,,,,0,0,0,0,0
3422,15,,,,0,0,0,0,0
3423,11,,,,0,0,0,0,0
3423,12,,,,0,0,0,0,0
3423,13,,,,0,0,0,0,0
3423,14,,,,0,0,0,0,0
3423,15,,,,0,0,0,0,0
3424,11,,,,0,0,0,0,0
3424,12,,,,0,0,0,0,0
3424,13,,,,0,0,0,0,0
3424,14,,,,0,0,0,0,0
3424,15,,,,0,0,0,0,0
3425,11,,,,0,0,0,0,0
3425,12,,,,0,0,0,0,0
3425,13,,,,0,0,0,0,0
3425,14,,,,0,0,0,0,0
3425,15,,,,0,0,0,0,0
3426,11,,,,0,0,0,0,0
3426,12,,,,0,0,0,0,0
3426,13,,,,0,0,0,0,0
3426,14,,,,0,0,0,0,0
3426,15,,,,0,0,0,0,0
3427,11,,,,0,0,0,0,0
3427,12,,,,0,0,0,0,0
3427,13,,,,0,0,0,0,0
3427,14,,,,0,0,0,0,0
3427,15,,,,0,0,0,0,0
3428,11,,,,0,0,0,0,0
3428,12,,,,0,0,0,0,0
3428,13,,,,0,0,0,0,0
3428,14,,,,0,0,0,0,0
3428,15,,,,0,0,0,0,0
3429,11,,,,0,0,0,0,0
3429,12,,,,0,0,0,0,0
3429,13,,,,0,0,0,0,0
3429,14,,,,0,0,0,0,0
3429,15,,,,0,0,0,0,0
3430,11,,,,0,0,0,0,0
3430,12,,,,0,0,0,0,0
3430,13,,,,0,0,0,0,0
3430,14,,,,0,0,0,0,0
3430,15,,,,0,0,0,0,0
3431,11,,,,0,0,0,0,0
3431,12,,,,0,0,0,0,0
3431,13,,,,0,0,0,0,0
3431,14,,,,0,0,0,0,0
3431,15,,,,0,0,0,0,0
3432,11,,,,0,0,0,0,0
3432,12,,,,0,0,0,0,0
3432,13,,,,0,0,0,0,0
3432,14,,,,0,0,0,0,0
3432,15,,,,0,0,0,0,0
3433,11,,,,0,0,0,0,0
3433,12,,,,0,0,0,0,0
3433,13,,,,0,0,0,0,0
3433,14,,,,0,0,0,0,0
3433,15,,,,0,0,0,0,0
3434,11,,,,0,0,0,0,0
3434,12,,,,0,0,0,0,0
3434,13,,,,0,0,0,0,0
3434,14,,,,0,0,0,0,0
3434,15,,,,0,0,0,0,0
3435,11,,,,0,0,0,0,0
3435,12,,,,0,0,0,0,0
3435,13,,,,0,0,0,0,0
3435,14,,,,0,0,0,0,0
3435,15,,,,0,0,0,0,0
3436,11,,,,0,0,0,0,0
3436,12,,,,0,0,0,0,0
3436,13,,,,0,0,0,0,0
3436,14,,,,0,0,0,0,0
3436,15,,,,0,0,0,0,0
3437,11,,,,0,0,0,0,0
3437,12,,,,0,0,0,0,0
3437,13,,,,0,0,0,0,0
3437,14,,,,0,0,0,0,0
3437,15,,,,0,0,0,0,0
3438,11,,,,0,0,0,0,0
3438,12,,,,0,0,0,0,0
3438,13,,,,0,0,0,0,0
3438,14,,,,0,0,0,0,0
3438,15,,,,0,0,0,0,0
3439,11,,,,0,0,0,0,0
3439,12,,,,0,0,0,0,0
3439,13,,,,0,0,0,0,0
3439,14,,,,0,0,0,0,0
3439,15,,,,0,0,0,0,0
3440,11,,,,0,0,0,0,0
3440,12,,,,0,0,0,0,0
3440,13,,,,0,0,0,0,0
3440,14,,,,0,0,0,0,0
3440,15,,,,0,0,0,0,0
3441,11,,,,0,0,0,0,0
3441,12,,,,0,0,0,0,0
3441,13,,,,0,0,0,0,0
3441,14,,,,0,0,0,0,0
3441,15,,,,0,0,0,0,0
3442,11,,,,0,0,0,0,0
3442,12,,,,0,0,0,0,0
3442,13,,,,0,0,0,0,0
3442,14,,,,0,0,0,0,0
3442,15,,,,0,0,0,0,0
3443,11,,,,0,0,0,0,0
3443,12,,,,0,0,0,0,0
3443,13,,,,0,0,0,0,0
3443,14,,,,0,0,0,0,0
3443,15,,,,0,0,0,0,0
3444,11,,,,0,0,0,0,0
3444,12,,,,0,0,0,0,0
3444,13,,,,0,0,0,0,0
3444,14,,,,0,0,0,0,0
3444,15,,,,0,0,0,0,0
3445,11,,,,0,0,0,0,0
3445,12,,,,0,0,0,0,0
3445,13,,,,0,0,0,0,0
3445,14,,,,0,0,0,0,0
3445,15,,,,0,0,0,0,0
3446,11,,,,0,0,0,0,0
3446,12,,,,0,0,0,0,0
3446,13,,,,0,0,0,0,0
3446,14,,,,0,0,0,0,0
3446,15,,,,0,0,0,0,0
3447,11,,,,0,0,0,0,0
3447,12,,,,0,0,0,0,0
3447,13,,,,0,0,0,0,0
3447,14,,,,0,0,0,0,0
3447,15,,,,0,0,0,0,0
3448,11,,,,0,0,0,0,0
3448,12,,,,0,0,0,0,0
3448,13,,,,0,0,0,0,0
3448,14,,,,0,0,0,0,0
3448,15,,,,0,0,0,0,0
3449,11,,,,0,0,0,0,0
3449,12,,,,0,0,0,0,0
3449,13,,,,0,0,0,0,0
3449,14,,,,0,0,0,0,0
3449,15,,,,0,0,0,0,0
3450,11,,,,0,0,0,0,0
3450,12,,,,0,0,0,0,0
3450,13,,,,0,0,0,0,0
3450,14,,,,0,0,0,0,0
3450,15,,,,0,0,0,0,0
3451,11,,,,0,0,0,0,0
3451,12,,,,0,0,0,0,0
3451,13,,,,0,0,0,0,0
3451,14,,,,0,0,0,0,0
3451,15,,,,0,0,0,0,0
3452,11,,,,0,0,0,0,0
3452,12,,,,0,0,0,0,0
3452,13,,,,0,0,0,0,0
3452,14,,,,0,0,0,0,0
3452,15,,,,0,0,0,0,0
3453,11,,,,0,0,0,0,0
3453,12,,,,0,0,0,0,0
3453,13,,,,0,0,0,0,0
3453,14,,,,0,0,0,0,0
3453,15,,,,0,0,0,0,0
3454,11,,,,0,0,0,0,0
3454,12,,,,0,0,0,0,0
3454,13,,,,0,0,0,0,0
3454,14,,,,0,0,0,0,0
3454,15,,,,0,0,0,0,0
3455,11,,,,0,0,0,0,0
3455,12,,,,0,0,0,0,0
3455,13,,,,0,0,0,0,0
3455,14,,,,0,0,0,0,0
3455,15,,,,0,0,0,0,0
3456,11,,,,0,0,0,0,0
3456,12,,,,0,0,0,0,0
3456,13,,,,0,0,0,0,0
3456,14,,,,0,0,0,0,0
3456,15,,,,0,0,0,0,0
3457,11,,,,0,0,0,0,0
3457,12,,,,0,0,0,0,0
3457,13,,,,0,0,0,0,0
3457,14,,,,0,0,0,0,0
3457,15,,,,0,0,0,0,0
3458,11,,,,0,0,0,0,0
3458,12,,,,0,0,0,0,0
3458,13,,,,0,0,0,0,0
3458,14,,,,0,0,0,0,0
3458,15,,,,0,0,0,0,0
3459,11,,,,0,0,0,0,0
3459,12,,,,0,0,0,0,0
3459,13,,,,0,0,0,0,0
3459,14,,,,0,0,0,0,0
3459,15,,,,0,0,0,0,0
3460,11,,,,0,0,0,0,0
3460,12,,,,0,0,0,0,0
3460,13,,,,0,0,0,0,0
3460,14,,,,0,0,0,0,0
3460,15,,,,0,0,0,0,0
3461,11,,,,0,0,0,0,0
3461,12,,,,0,0,0,0,0
3461,13,,,,0,0,0,0,0
3461,14,,,,0,0,0,0,0
3461,15,,,,0,0,0,0,0
3462,11,,,,0,0,0,0,0
3462,12,,,,0,0,0,0,0
3462,13,,,,0,0,0,0,0
3462,14,,,,0,0,0,0,0
3462,15,,,,0,0,0,0,0
3463,11,,,,0,0,0,0,0
3463,12,,,,0,0,0,0,0
3463,13,,,,0,0,0,0,0
3463,14,,,,0,0,0,0,0
3463,15,,,,0,0,0,0,0
3464,11,,,,0,0,0,0,0
3464,12,,,,0,0,0,0,0
3464,13,,,,0,0,0,0,0
3464,14,,,,0,0,0,0,0
3464,15,,,,0,0,0,0,0
3465,11,,,,0,0,0,0,0
3465,12,,,,0,0,0,0,0
3465,13,,,,0,0,0,0,0
3465,14,,,,0,0,0,0,0
3465,15,,,,0,0,0,0,0
3466,11,,,,0,0,0,0,0
3466,12,,,,0,0,0,0,0
3466,13,,,,0,0,0,0,0
3466,14,,,,0,0,0,0,0
3466,15,,,,0,0,0,0,0
3467,11,,,,0,0,0,0,0
3467,12,,,,0,0,0,0,0
3467,13,,,,0,0,0,0,0
3467,14,,,,0,0,0,0,0
3467,15,,,,0,0,0,0,0
3468,11,,,,0,0,0,0,0
3468,12,,,,0,0,0,0,0
3468,13,,,,0,0,0,0,0
3468,14,,,,0,0,0,0,0
3468,15,,,,0,0,0,0,0
3469,11,,,,0,0,0,0,0
3469,12,,,,0,0,0,0,0
3469,13,,,,0,0,0,0,0
3469,14,,,,0,0,0,0,0
3469,15,,,,0,0,0,0,0
3470,11,,,,0,0,0,0,0
3470,12,,,,0,0,0,0,0
3470,13,,,,0,0,0,0,0
3470,14,,,,0,0,0,0,0
3470,15,,,,0,0,0,0,0
3471,11,,,,0,0,0,0,0
3471,12,,,,0,0,0,0,0
3471,13,,,,0,0,0,0,0
3471,14,,,,0,0,0,0,0
3471,15,,,,0,0,0,0,0
3472,11,,,,0,0,0,0,0
3472,12,,,,0,0,0,0,0
3472,13,,,,0,0,0,0,0
3472,14,,,,0,0,0,0,0
3472,15,,,,0,0,0,0,0
3473,11,,,,0,0,0,0,0
3473,12,,,,0,0,0,0,0
3473,13,,,,0,0,0,0,0
3473,14,,,,0,0,0,0,0
3473,15,,,,0,0,0,0,0
3474,11,,,,0,0,0,0,0
3474,12,,,,0,0,0,0,0
3474,13,,,,0,0,0,0,0
3474,14,,,,0,0,0,0,0
3474,15,,,,0,0,0,0,0
3475,11,,,,0,0,0,0,0
3475,12,,,,0,0,0,0,0
3475,13,,,,0,0,0,0,0
3475,14,,,,0,0,0,0,0
3475,15,,,,0,0,0,0,0
3476,11,,,,0,0,0,0,0
3476,12,,,,0,0,0,0,0
3476,13,,,,0,0,0,0,0
3476,14,,,,0,0,0,0,0
3476,15,,,,0,0,0,0,0
3477,11,,,,0,0,0,0,0
3477,12,,,,0,0,0,0,0
3477,13,,,,0,0,0,0,0
3477,14,,,,0,0,0,0,0
3477,15,,,,0,0,0,0,0
3478,11,,,,0,0,0,0,0
3478,12,,,,0,0,0,0,0
3478,13,,,,0,0,0,0,0
3478,14,,,,0,0,0,0,0
3478,15,,,,0,0,0,0,0
3479,11,,,,0,0,0,0,0
3479,12,,,,0,0,0,0,0
3479,13,,,,0,0,0,0,0
3479,14,,,,0,0,0,0,0
3479,15,,,,0,0,0,0,0
3480,11,,,,0,0,0,0,0
3480,12,,,,0,0,0,0,0
3480,13,,,,0,0,0,0,0
3480,14,,,,0,0,0,0,0
3480,15,,,,0,0,0,0,0
3481,11,,,,0,0,0,0,0
3481,12,,,,0,0,0,0,0
3481,13,,,,0,0,0,0,0
3481,14,,,,0,0,0,0,0
3481,15,,,,0,0,0,0,0
3482,11,,,,0,0,0,0,0
3482,12,,,,0,0,0,0,0
3482,13,,,,0,0,0,0,0
3482,14,,,,0,0,0,0,0
3482,15,,,,0,0,0,0,0
3483,11,,,,0,0,0,0,0
3483,12,,,,0,0,0,0,0
3483,13,,,,0,0,0,0,0
3483,14,,,,0,0,0,0,0
3483,15,,,,0,0,0,0,0
3484,11,,,,0,0,0,0,0
3484,12,,,,0,0,0,0,0
3484,13,,,,0,0,0,0,0
3484,14,,,,0,0,0,0,0
3484,15,,,,0,0,0,0,0
3485,11,,,,0,0,0,0,0
3485,12,,,,0,0,0,0,0
3485,13,,,,0,0,0,0,0
3485,14,,,,0,0,0,0,0
3485,15,,,,0,0,0,0,0
3486,11,,,,0,0,0,0,0
3486,12,,,,0,0,0,0,0
3486,13,,,,0,0,0,0,0
3486,14,,,,0,0,0,0,0
3486,15,,,,0,0,0,0,0
3487,11,,,,0,0,0,0,0
3487,12,,,,0,0,0,0,0
3487,13,,,,0,0,0,0,0
3487,14,,,,0,0,0,0,0
3487,15,,,,0,0,0,0,0
3488,11,,,,0,0,0,0,0
3488,12,,,,0,0,0,0,0
3488,13,,,,0,0,0,0,0
3488,14,,,,0,0,0,0,0
3488,15,,,,0,0,0,0,0
3489,11,,,,0,0,0,0,0
3489,12,,,,0,0,0,0,0
3489,13,,,,0,0,0,0,0
3489,14,,,,0,0,0,0,0
3489,15,,,,0,0,0,0,0
3490,11,,,,0,0,0,0,0
3490,12,,,,0,0,0,0,0
3490,13,,,,0,0,0,0,0
3490,14,,,,0,0,0,0,0
3490,15,,,,0,0,0,0,0
3491,11,,,,0,0,0,0,0
3491,12,,,,0,0,0,0,0
3491,13,,,,0,0,0,0,0
3491,14,,,,0,0,0,0,0
3491,15,,,,0,0,0,0,0
3492,11,,,,0,0,0,0,0
3492,12,,,,0,0,0,0,0
3492,13,,,,0,0,0,0,0
3492,14,,,,0,0,0,0,0
3492,15,,,,0,0,0,0,0
3493,11,,,,0,0,0,0,0
3493,12,,,,0,0,0,0,0
3493,13,,,,0,0,0,0,0
3493,14,,,,0,0,0,0,0
3493,15,,,,0,0,0,0,0
3494,11,,,,0,0,0,0,0
3494,12,,,,0,0,0,0,0
3494,13,,,,0,0,0,0,0
3494,14,,,,0,0,0,0,0
3494,15,,,,0,0,0,0,0
3495,11,,,,0,0,0,0,0
3495,12,,,,0,0,0,0,0
3495,13,,,,0,0,0,0,0
3495,14,,,,0,0,0,0,0
3495,15,,,,0,0,0,0,0
3496,11,,,,0,0,0,0,0
3496,12,,,,0,0,0,0,0
3496,13,,,,0,0,0,0,0
3496,14,,,,0,0,0,0,0
3496,15,,,,0,0,0,0,0
3497,11,,,,0,0,0,0,0
3497,12,,,,0,0,0,0,0
3497,13,,,,0,0,0,0,0
3497,14,,,,0,0,0,0,0
3497,15,,,,0,0,0,0,0
3498,11,,,,0,0,0,0,0
3498,12,,,,0,0,0,0,0
3498,13,,,,0,0,0,0,0
3498,14,,,,0,0,0,0,0
3498,15,,,,0,0,0,0,0
3499,11,,,,0,0,0,0,0
3499,12,,,,0,0,0,0,0
3499,13,,,,0,0,0,0,0
3499,14,,,,0,0,0,0,0
3499,15,,,,0,0,0,0,0
3500,11,,,,0,0,0,0,0
3500,12,,,,0,0,0,0,0
3500,13,,,,0,0,0,0,0
3500,14,,,,0,0,0,0,0
3500,15,,,,0,0,0,0,0
3501,11,,,,0,0,0,0,0
3501,12,,,,0,0,0,0,0
3501,13,,,,0,0,0,0,0
3501,14,,,,0,0,0,0,0
3501,15,,,,0,0,0,0,0
3502,11,,,,0,0,0,0,0
3502,12,,,,0,0,0,0,0
3502,13,,,,0,0,0,0,0
3502,14,,,,0,0,0,0,0
3502,15,,,,0,0,0,0,0
3503,11,,,,0,0,0,0,0
3503,12,,,,0,0,0,0,0
3503,13,,,,0,0,0,0,0
3503,14,,,,0,0,0,0,0
3503,15,,,,0,0,0,0,0
3504,11,,,,0,0,0,0,0
3504,12,,,,0,0,0,0,0
3504,13,,,,0,0,0,0,0
3504,14,,,,0,0,0,0,0
3504,15,,,,0,0,0,0,0
3505,11,,,,0,0,0,0,0
3505,12,,,,0,0,0,0,0
3505,13,,,,0,0,0,0,0
3505,14,,,,0,0,0,0,0
3505,15,,,,0,0,0,0,0
3506,11,,,,0,0,0,0,0
3506,12,,,,0,0,0,0,0
3506,13,,,,0,0,0,0,0
3506,14,,,,0,0,0,0,0
3506,15,,,,0,0,0,0,0
3507,11,,,,0,0,0,0,0
3507,12,,,,0,0,0,0,0
3507,13,,,,0,0,0,0,0
3507,14,,,,0,0,0,0,0
3507,15,,,,0,0,0,0,0
3508,11,,,,0,0,0,0,0
3508,12,,,,0,0,0,0,0
3508,13,,,,0,0,0,0,0
3508,14,,,,0,0,0,0,0
3508,15,,,,0,0,0,0,0
3509,11,,,,0,0,0,0,0
3509,12,,,,0,0,0,0,0
3509,13,,,,0,0,0,0,0
3509,14,,,,0,0,0,0,0
3509,15,,,,0,0,0,0,0
3510,11,,,,0,0,0,0,0
3510,12,,,,0,0,0,0,0
3510,13,,,,0,0,0,0,0
3510,14,,,,0,0,0,0,0
3510,15,,,,0,0,0,0,0
3511,11,,,,0,0,0,0,0
3511,12,,,,0,0,0,0,0
3511,13,,,,0,0,0,0,0
3511,14,,,,0,0,0,0,0
3511,15,,,,0,0,0,0,0
3512,11,,,,0,0,0,0,0
3512,12,,,,0,0,0,0,0
3512,13,,,,0,0,0,0,0
3512,14,,,,0,0,0,0,0
3512,15,,,,0,0,0,0,0
3513,11,,,,0,0,0,0,0
3513,12,,,,0,0,0,0,0
3513,13,,,,0,0,0,0,0
3513,14,,,,0,0,0,0,0
3513,15,,,,0,0,0,0,0
3514,11,,,,0,0,0,0,0
3514,12,,,,0,0,0,0,0
3514,13,,,,0,0,0,0,0
3514,14,,,,0,0,0,0,0
3514,15,,,,0,0,0,0,0
3515,11,,,,0,0,0,0,0
3515,12,,,,0,0,0,0,0
3515,13,,,,0,0,0,0,0
3515,14,,,,0,0,0,0,0
3515,15,,,,0,0,0,0,0
3516,11,,,,0,0,0,0,0
3516,12,,,,0,0,0,0,0
3516,13,,,,0,0,0,0,0
3516,14,,,,0,0,0,0,0
3516,15,,,,0,0,0,0,0
3517,11,,,,0,0,0,0,0
3517,12,,,,0,0,0,0,0
3517,13,,,,0,0,0,0,0
3517,14,,,,0,0,0,0,0
3517,15,,,,0,0,0,0,0
3518,11,,,,0,0,0,0,0
3518,12,,,,0,0,0,0,0
3518,13,,,,0,0,0,0,0
3518,14,,,,0,0,0,0,0
3518,15,,,,0,0,0,0,0
3519,11,,,,0,0,0,0,0
3519,12,,,,0,0,0,0,0
3519,13,,,,0,0,0,0,0
3519,14,,,,0,0,0,0,0
3519,15,,,,0,0,0,0,0
3520,11,,,,0,0,0,0,0
3520,12,,,,0,0,0,0,0
3520,13,,,,0,0,0,0,0
3520,14,,,,0,0,0,0,0
3520,15,,,,0,0,0,0,0
3521,11,,,,0,0,0,0,0
3521,12,,,,0,0,0,0,0
3521,13,,,,0,0,0,0,0
3521,14,,,,0,0,0,0,0
3521,15,,,,0,0,0,0,0
3522,11,,,,0,0,0,0,0
3522,12,,,,0,0,0,0,0
3522,13,,,,0,0,0,0,0
3522,14,,,,0,0,0,0,0
3522,15,,,,0,0,0,0,0
3523,11,,,,0,0,0,0,0
3523,12,,,,0,0,0,0,0
3523,13,,,,0,0,0,0,0
3523,14,,,,0,0,0,0,0
3523,15,,,,0,0,0,0,0
3524,11,,,,0,0,0,0,0
3524,12,,,,0,0,0,0,0
3524,13,,,,0,0,0,0,0
3524,14,,,,0,0,0,0,0
3524,15,,,,0,0,0,0,0
3525,11,,,,0,0,0,0,0
3525,12,,,,0,0,0,0,0
3525,13,,,,0,0,0,0,0
3525,14,,,,0,0,0,0,0
3525,15,,,,0,0,0,0,0
3526,11,,,,0,0,0,0,0
3526,12,,,,0,0,0,0,0
3526,13,,,,0,0,0,0,0
3526,14,,,,0,0,0,0,0
3526,15,,,,0,0,0,0,0
3527,11,,,,0,0,0,0,0
3527,12,,,,0,0,0,0,0
3527,13,,,,0,0,0,0,0
3527,14,,,,0,0,0,0,0
3527,15,,,,0,0,0,0,0
3528,11,,,,0,0,0,0,0
3528,12,,,,0,0,0,0,0
3528,13,,,,0,0,0,0,0
3528,14,,,,0,0,0,0,0
3528,15,,,,0,0,0,0,0
3529,11,,,,0,0,0,0,0
3529,12,,,,0,0,0,0,0
3529,13,,,,0,0,0,0,0
3529,14,,,,0,0,0,0,0
3529,15,,,,0,0,0,0,0
3530,11,,,,0,0,0,0,0
3530,12,,,,0,0,0,0,0
3530,13,,,,0,0,0,0,0
3530,14,,,,0,0,0,0,0
3530,15,,,,0,0,0,0,0
3531,11,,,,0,0,0,0,0
3531,12,,,,0,0,0,0,0
3531,13,,,,0,0,0,0,0
3531,14,,,,0,0,0,0,0
3531,15,,,,0,0,0,0,0
3532,11,,,,0,0,0,0,0
3532,12,,,,0,0,0,0,0
3532,13,,,,0,0,0,0,0
3532,14,,,,0,0,0,0,0
3532,15,,,,0,0,0,0,0
3533,11,,,,0,0,0,0,0
3533,12,,,,0,0,0,0,0
3533,13,,,,0,0,0,0,0
3533,14,,,,0,0,0,0,0
3533,15,,,,0,0,0,0,0
3534,11,,,,0,0,0,0,0
3534,12,,,,0,0,0,0,0
3534,13,,,,0,0,0,0,0
3534,14,,,,0,0,0,0,0
3534,15,,,,0,0,0,0,0
3535,11,,,,0,0,0,0,0
3535,12,,,,0,0,0,0,0
3535,13,,,,0,0,0,0,0
3535,14,,,,0,0,0,0,0
3535,15,,,,0,0,0,0,0
3536,11,,,,0,0,0,0,0
3536,12,,,,0,0,0,0,0
3536,13,,,,0,0,0,0,0
3536,14,,,,0,0,0,0,0
3536,15,,,,0,0,0,0,0
3537,11,,,,0,0,0,0,0
3537,12,,,,0,0,0,0,0
3537,13,,,,0,0,0,0,0
3537,14,,,,0,0,0,0,0
3537,15,,,,0,0,0,0,0
3538,11,,,,0,0,0,0,0
3538,12,,,,0,0,0,0,0
3538,13,,,,0,0,0,0,0
3538,14,,,,0,0,0,0,0
3538,15,,,,0,0,0,0,0
3539,11,,,,0,0,0,0,0
3539,12,,,,0,0,0,0,0
3539,13,,,,0,0,0,0,0
3539,14,,,,0,0,0,0,0
3539,15,,,,0,0,0,0,0
3540,11,,,,0,0,0,0,0
3540,12,,,,0,0,0,0,0
3540,13,,,,0,0,0,0,0
3540,14,,,,0,0,0,0,0
3540,15,,,,0,0,0,0,0
3541,11,,,,0,0,0,0,0
3541,12,,,,0,0,0,0,0
3541,13,,,,0,0,0,0,0
3541,14,,,,0,0,0,0,0
3541,15,,,,0,0,0,0,0
3542,11,,,,0,0,0,0,0
3542,12,,,,0,0,0,0,0
3542,13,,,,0,0,0,0,0
3542,14,,,,0,0,0,0,0
3542,15,,,,0,0,0,0,0
3543,11,,,,0,0,0,0,0
3543,12,,,,0,0,0,0,0
3543,13,,,,0,0,0,0,0
3543,14,,,,0,0,0,0,0
3543,15,,,,0,0,0,0,0
3544,11,,,,0,0,0,0,0
3544,12,,,,0,0,0,0,0
3544,13,,,,0,0,0,0,0
3544,14,,,,0,0,0,0,0
3544,15,,,,0,0,0,0,0
3545,11,,,,0,0,0,0,0
3545,12,,,,0,0,0,0,0
3545,13,,,,0,0,0,0,0
3545,14,,,,0,0,0,0,0
3545,15,,,,0,0,0,0,0
3546,11,,,,0,0,0,0,0
3546,12,,,,0,0,0,0,0
3546,13,,,,0,0,0,0,0
3546,14,,,,0,0,0,0,0
3546,15,,,,0,0,0,0,0
3547,11,,,,0,0,0,0,0
3547,12,,,,0,0,0,0,0
3547,13,,,,0,0,0,0,0
3547,14,,,,0,0,0,0,0
3547,15,,,,0,0,0,0,0
3548,11,,,,0,0,0,0,0
3548,12,,,,0,0,0,0,0
3548,13,,,,0,0,0,0,0
3548,14,,,,0,0,0,0,0
3548,15,,,,0,0,0,0,0
3549,11,,,,0,0,0,0,0
3549,12,,,,0,0,0,0,0
3549,13,,,,0,0,0,0,0
3549,14,,,,0,0,0,0,0
3549,15,,,,0,0,0,0,0
3550,11,,,,0,0,0,0,0
3550,12,,,,0,0,0,0,0
3550,13,,,,0,0,0,0,0
3550,14,,,,0,0,0,0,0
3550,15,,,,0,0,0,0,0
3551,11,,,,0,0,0,0,0
3551,12,,,,0,0,0,0,0
3551,13,,,,0,0,0,0,0
3551,14,,,,0,0,0,0,0
3551,15,,,,0,0,0,0,0
3552,11,,,,0,0,0,0,0
3552,12,,,,0,0,0,0,0
3552,13,,,,0,0,0,0,0
3552,14,,,,0,0,0,0,0
3552,15,,,,0,0,0,0,0
3553,11,,,,0,0,0,0,0
3553,12,,,,0,0,0,0,0
3553,13,,,,0,0,0,0,0
3553,14,,,,0,0,0,0,0
3553,15,,,,0,0,0,0,0
3554,11,,,,0,0,0,0,0
3554,12,,,,0,0,0,0,0
3554,13,,,,0,0,0,0,0
3554,14,,,,0,0,0,0,0
3554,15,,,,0,0,0,0,0
3555,11,,,,0,0,0,0,0
3555,12,,,,0,0,0,0,0
3555,13,,,,0,0,0,0,0
3555,14,,,,0,0,0,0,0
3555,15,,,,0,0,0,0,0
3556,11,,,,0,0,0,0,0
3556,12,,,,0,0,0,0,0
3556,13,,,,0,0,0,0,0
3556,14,,,,0,0,0,0,0
3556,15,,,,0,0,0,0,0
3557,11,,,,0,0,0,0,0
3557,12,,,,0,0,0,0,0
3557,13,,,,0,0,0,0,0
3557,14,,,,0,0,0,0,0
3557,15,,,,0,0,0,0,0
3558,11,,,,0,0,0,0,0
3558,12,,,,0,0,0,0,0
3558,13,,,,0,0,0,0,0
3558,14,,,,0,0,0,0,0
3558,15,,,,0,0,0,0,0
3559,11,,,,0,0,0,0,0
3559,12,,,,0,0,0,0,0
3559,13,,,,0,0,0,0,0
3559,14,,,,0,0,0,0,0
3559,15,,,,0,0,0,0,0
3560,11,,,,0,0,0,0,0
3560,12,,,,0,0,0,0,0
3560,13,,,,0,0,0,0,0
3560,14,,,,0,0,0,0,0
3560,15,,,,0,0,0,0,0
3561,11,,,,0,0,0,0,0
3561,12,,,,0,0,0,0,0
3561,13,,,,0,0,0,0,0
3561,14,,,,0,0,0,0,0
3561,15,,,,0,0,0,0,0
3562,11,,,,0,0,0,0,0
3562,12,,,,0,0,0,0,0
3562,13,,,,0,0,0,0,0
3562,14,,,,0,0,0,0,0
3562,15,,,,0,0,0,0,0
3563,11,,,,0,0,0,0,0
3563,12,,,,0,0,0,0,0
3563,13,,,,0,0,0,0,0
3563,14,,,,0,0,0,0,0
3563,15,,,,0,0,0,0,0
3564,11,,,,0,0,0,0,0
3564,12,,,,0,0,0,0,0
3564,13,,,,0,0,0,0,0
3564,14,,,,0,0,0,0,0
3564,15,,,,0,0,0,0,0
3565,11,,,,0,0,0,0,0
3565,12,,,,0,0,0,0,0
3565,13,,,,0,0,0,0,0
3565,14,,,,0,0,0,0,0
3565,15,,,,0,0,0,0,0
3566,11,,,,0,0,0,0,0
3566,12,,,,0,0,0,0,0
3566,13,,,,0,0,0,0,0
3566,14,,,,0,0,0,0,0
3566,15,,,,0,0,0,0,0
3567,11,,,,0,0,0,0,0
3567,12,,,,0,0,0,0,0
3567,13,,,,0,0,0,0,0
3567,14,,,,0,0,0,0,0
3567,15,,,,0,0,0,0,0
3568,11,,,,0,0,0,0,0
3568,12,,,,0,0,0,0,0
3568,13,,,,0,0,0,0,0
3568,14,,,,0,0,0,0,0
3568,15,,,,0,0,0,0,0
3569,11,,,,0,0,0,0,0
3569,12,,,,0,0,0,0,0
3569,13,,,,0,0,0,0,0
3569,14,,,,0,0,0,0,0
3569,15,,,,0,0,0,0,0
3570,11,,,,0,0,0,0,0
3570,12,,,,0,0,0,0,0
3570,13,,,,0,0,0,0,0
3570,14,,,,0,0,0,0,0
3570,15,,,,0,0,0,0,0
3571,11,,,,0,0,0,0,0
3571,12,,,,0,0,0,0,0
3571,13,,,,0,0,0,0,0
3571,14,,,,0,0,0,0,0
3571,15,,,,0,0,0,0,0
3572,11,,,,0,0,0,0,0
3572,12,,,,0,0,0,0,0
3572,13,,,,0,0,0,0,0
3572,14,,,,0,0,0,0,0
3572,15,,,,0,0,0,0,0
3573,11,,,,0,0,0,0,0
3573,12,,,,0,0,0,0,0
3573,13,,,,0,0,0,0,0
3573,14,,,,0,0,0,0,0
3573,15,,,,0,0,0,0,0
3574,11,,,,0,0,0,0,0
3574,12,,,,0,0,0,0,0
3574,13,,,,0,0,0,0,0
3574,14,,,,0,0,0,0,0
3574,15,,,,0,0,0,0,0
3575,11,,,,0,0,0,0,0
3575,12,,,,0,0,0,0,0
3575,13,,,,0,0,0,0,0
3575,14,,,,0,0,0,0,0
3575,15,,,,0,0,0,0,0
3576,11,,,,0,0,0,0,0
3576,12,,,,0,0,0,0,0
3576,13,,,,0,0,0,0,0
3576,14,,,,0,0,0,0,0
3576,15,,,,0,0,0,0,0
3577,11,,,,0,0,0,0,0
3577,12,,,,0,0,0,0,0
3577,13,,,,0,0,0,0,0
3577,14,,,,0,0,0,0,0
3577,15,,,,0,0,0,0,0
3578,11,,,,0,0,0,0,0
3578,12,,,,0,0,0,0,0
3578,13,,,,0,0,0,0,0
3578,14,,,,0,0,0,0,0
3578,15,,,,0,0,0,0,0
3579,11,,,,0,0,0,0,0
3579,12,,,,0,0,0,0,0
3579,13,,,,0,0,0,0,0
3579,14,,,,0,0,0,0,0
3579,15,,,,0,0,0,0,0
3580,11,,,,0,0,0,0,0
3580,12,,,,0,0,0,0,0
3580,13,,,,0,0,0,0,0
3580,14,,,,0,0,0,0,0
3580,15,,,,0,0,0,0,0
3581,11,,,,0,0,0,0,0
3581,12,,,,0,0,0,0,0
3581,13,,,,0,0,0,0,0
3581,14,,,,0,0,0,0,0
3581,15,,,,0,0,0,0,0
3582,11,,,,0,0,0,0,0
3582,12,,,,0,0,0,0,0
3582,13,,,,0,0,0,0,0
3582,14,,,,0,0,0,0,0
3582,15,,,,0,0,0,0,0
3583,11,,,,0,0,0,0,0
3583,12,,,,0,0,0,0,0
3583,13,,,,0,0,0,0,0
3583,14,,,,0,0,0,0,0
3583,15,,,,0,0,0,0,0
3584,11,,,,0,0,0,0,0
3584,12,,,,0,0,0,0,0
3584,13,,,,0,0,0,0,0
3584,14,,,,0,0,0,0,0
3584,15,,,,0,0,0,0,0
3585,11,,,,0,0,0,0,0
3585,12,,,,0,0,0,0,0
3585,13,,,,0,0,0,0,0
3585,14,,,,0,0,0,0,0
3585,15,,,,0,0,0,0,0
3586,11,,,,0,0,0,0,0
3586,12,,,,0,0,0,0,0
3586,13,,,,0,0,0,0,0
3586,14,,,,0,0,0,0,0
3586,15,,,,0,0,0,0,0
3587,11,,,,0,0,0,0,0
3587,12,,,,0,0,0,0,0
3587,13,,,,0,0,0,0,0
3587,14,,,,0,0,0,0,0
3587,15,,,,0,0,0,0,0
3588,11,,,,0,0,0,0,0
3588,12,,,,0,0,0,0,0
3588,13,,,,0,0,0,0,0
3588,14,,,,0,0,0,0,0
3588,15,,,,0,0,0,0,0
3589,11,,,,0,0,0,0,0
3589,12,,,,0,0,0,0,0
3589,13,,,,0,0,0,0,0
3589,14,,,,0,0,0,0,0
3589,15,,,,0,0,0,0,0
3590,11,,,,0,0,0,0,0
3590,12,,,,0,0,0,0,0
3590,13,,,,0,0,0,0,0
3590,14,,,,0,0,0,0,0
3590,15,,,,0,0,0,0,0
3591,11,,,,0,0,0,0,0
3591,12,,,,0,0,0,0,0
3591,13,,,,0,0,0,0,0
3591,14,,,,0,0,0,0,0
3591,15,,,,0,0,0,0,0
3592,11,,,,0,0,0,0,0
3592,12,,,,0,0,0,0,0
3592,13,,,,0,0,0,0,0
3592,14,,,,0,0,0,0,0
3592,15,,,,0,0,0,0,0
3593,11,,,,0,0,0,0,0
3593,12,,,,0,0,0,0,0
3593,13,,,,0,0,0,0,0
3593,14,,,,0,0,0,0,0
3593,15,,,,0,0,0,0,0
3594,11,,,,0,0,0,0,0
3594,12,,,,0,0,0,0,0
3594,13,,,,0,0,0,0,0
3594,14,,,,0,0,0,0,0
3594,15,,,,0,0,0,0,0
3595,11,,,,0,0,0,0,0
3595,12,,,,0,0,0,0,0
3595,13,,,,0,0,0,0,0
3595,14,,,,0,0,0,0,0
3595,15,,,,0,0,0,0,0
3596,11,,,,0,0,0,0,0
3596,12,,,,0,0,0,0,0
3596,13,,,,0,0,0,0,0
3596,14,,,,0,0,0,0,0
3596,15,,,,0,0,0,0,0
3597,11,,,,0,0,0,0,0
3597,12,,,,0,0,0,0,0
3597,13,,,,0,0,0,0,0
3597,14,,,,0,0,0,0,0
3597,15,,,,0,0,0,0,0
3598,11,,,,0,0,0,0,0
3598,12,,,,0,0,0,0,0
3598,13,,,,0,0,0,0,0
3598,14,,,,0,0,0,0,0
3598,15,,,,0,0,0,0,0
3599,11,,,,0,0,0,0,0
3599,12,,,,0,0,0,0,0
3599,13,,,,0,0,0,0,0
3599,14,,,,0,0,0,0,0
3599,15,,,,0,0,0,0,0
3600,11,,,,0,0,0,0,0
3600,12,,,,0,0,0,0,0
3600,13,,,,0,0,0,0,0
3600,14,,,,0,0,0,0,0
3600,15,,,,0,0,0,0,0
3601,11,,,,0,0,0,0,0
3601,12,,,,0,0,0,0,0
3601,13,,,,0,0,0,0,0
3601,14,,,,0,0,0,0,0
3601,15,,,,0,0,0,0,0
3602,11,,,,0,0,0,0,0
3602,12,,,,0,0,0,0,0
3602,13,,,,0,0,0,0,0
3602,14,,,,0,0,0,0,0
3602,15,,,,0,0,0,0,0
3603,11,,,,0,0,0,0,0
3603,12,,,,0,0,0,0,0
3603,13,,,,0,0,0,0,0
3603,14,,,,0,0,0,0,0
3603,15,,,,0,0,0,0,0
3604,11,,,,0,0,0,0,0
3604,12,,,,0,0,0,0,0
3604,13,,,,0,0,0,0,0
3604,14,,,,0,0,0,0,0
3604,15,,,,0,0,0,0,0
3605,11,,,,0,0,0,0,0
3605,12,,,,0,0,0,0,0
3605,13,,,,0,0,0,0,0
3605,14,,,,0,0,0,0,0
3605,15,,,,0,0,0,0,0
3606,11,,,,0,0,0,0,0
3606,12,,,,0,0,0,0,0
3606,13,,,,0,0,0,0,0
3606,14,,,,0,0,0,0,0
3606,15,,,,0,0,0,0,0
3607,11,,,,0,0,0,0,0
3607,12,,,,0,0,0,0,0
3607,13,,,,0,0,0,0,0
3607,14,,,,0,0,0,0,0
3607,15,,,,0,0,0,0,0
3608,11,,,,0,0,0,0,0
3608,12,,,,0,0,0,0,0
3608,13,,,,0,0,0,0,0
3608,14,,,,0,0,0,0,0
3608,15,,,,0,0,0,0,0
3609,11,,,,0,0,0,0,0
3609,12,,,,0,0,0,0,0
3609,13,,,,0,0,0,0,0
3609,14,,,,0,0,0,0,0
3609,15,,,,0,0,0,0,0
3610,11,,,,0,0,0,0,0
3610,12,,,,0,0,0,0,0
3610,13,,,,0,0,0,0,0
3610,14,,,,0,0,0,0,0
3610,15,,,,0,0,0,0,0
3611,11,,,,0,0,0,0,0
3611,12,,,,0,0,0,0,0
3611,13,,,,0,0,0,0,0
3611,14,,,,0,0,0,0,0
3611,15,,,,0,0,0,0,0
3612,11,,,,0,0,0,0,0
3612,12,,,,0,0,0,0,0
3612,13,,,,0,0,0,0,0
3612,14,,,,0,0,0,0,0
3612,15,,,,0,0,0,0,0
3613,11,,,,0,0,0,0,0
3613,12,,,,0,0,0,0,0
3613,13,,,,0,0,0,0,0
3613,14,,,,0,0,0,0,0
3613,15,,,,0,0,0,0,0
3614,11,,,,0,0,0,0,0
3614,12,,,,0,0,0,0,0
3614,13,,,,0,0,0,0,0
3614,14,,,,0,0,0,0,0
3614,15,,,,0,0,0,0,0
3615,11,,,,0,0,0,0,0
3615,12,,,,0,0,0,0,0
3615,13,,,,0,0,0,0,0
3615,14,,,,0,0,0,0,0
3615,15,,,,0,0,0,0,0
3616,11,,,,0,0,0,0,0
3616,12,,,,0,0,0,0,0
3616,13,,,,0,0,0,0,0
3616,14,,,,0,0,0,0,0
3616,15,,,,0,0,0,0,0
3617,11,,,,0,0,0,0,0
3617,12,,,,0,0,0,0,0
3617,13,,,,0,0,0,0,0
3617,14,,,,0,0,0,0,0
3617,15,,,,0,0,0,0,0
3618,11,,,,0,0,0,0,0
3618,12,,,,0,0,0,0,0
3618,13,,,,0,0,0,0,0
3618,14,,,,0,0,0,0,0
3618,15,,,,0,0,0,0,0
3619,11,,,,0,0,0,0,0
3619,12,,,,0,0,0,0,0
3619,13,,,,0,0,0,0,0
3619,14,,,,0,0,0,0,0
3619,15,,,,0,0,0,0,0
3620,11,,,,0,0,0,0,0
3620,12,,,,0,0,0,0,0
3620,13,,,,0,0,0,0,0
3620,14,,,,0,0,0,0,0
3620,15,,,,0,0,0,0,0
3621,11,,,,0,0,0,0,0
3621,12,,,,0,0,0,0,0
3621,13,,,,0,0,0,0,0
3621,14,,,,0,0,0,0,0
3621,15,,,,0,0,0,0,0
3622,11,,,,0,0,0,0,0
3622,12,,,,0,0,0,0,0
3622,13,,,,0,0,0,0,0
3622,14,,,,0,0,0,0,0
3622,15,,,,0,0,0,0,0
3623,11,,,,0,0,0,0,0
3623,12,,,,0,0,0,0,0
3623,13,,,,0,0,0,0,0
3623,14,,,,0,0,0,0,0
3623,15,,,,0,0,0,0,0
3624,11,,,,0,0,0,0,0
3624,12,,,,0,0,0,0,0
3624,13,,,,0,0,0,0,0
3624,14,,,,0,0,0,0,0
3624,15,,,,0,0,0,0,0
3625,11,,,,0,0,0,0,0
3625,12,,,,0,0,0,0,0
3625,13,,,,0,0,0,0,0
3625,14,,,,0,0,0,0,0
3625,15,,,,0,0,0,0,0
3626,11,,,,0,0,0,0,0
3626,12,,,,0,0,0,0,0
3626,13,,,,0,0,0,0,0
3626,14,,,,0,0,0,0,0
3626,15,,,,0,0,0,0,0
3627,11,,,,0,0,0,0,0
3627,12,,,,0,0,0,0,0
3627,13,,,,0,0,0,0,0
3627,14,,,,0,0,0,0,0
3627,15,,,,0,0,0,0,0
3628,11,,,,0,0,0,0,0
3628,12,,,,0,0,0,0,0
3628,13,,,,0,0,0,0,0
3628,14,,,,0,0,0,0,0
3628,15,,,,0,0,0,0,0
3629,11,,,,0,0,0,0,0
3629,12,,,,0,0,0,0,0
3629,13,,,,0,0,0,0,0
3629,14,,,,0,0,0,0,0
3629,15,,,,0,0,0,0,0
3630,11,,,,0,0,0,0,0
3630,12,,,,0,0,0,0,0
3630,13,,,,0,0,0,0,0
3630,14,,,,0,0,0,0,0
3630,15,,,,0,0,0,0,0
3631,11,,,,0,0,0,0,0
3631,12,,,,0,0,0,0,0
3631,13,,,,0,0,0,0,0
3631,14,,,,0,0,0,0,0
3631,15,,,,0,0,0,0,0
3632,11,,,,0,0,0,0,0
3632,12,,,,0,0,0,0,0
3632,13,,,,0,0,0,0,0
3632,14,,,,0,0,0,0,0
3632,15,,,,0,0,0,0,0
3633,11,,,,0,0,0,0,0
3633,12,,,,0,0,0,0,0
3633,13,,,,0,0,0,0,0
3633,14,,,,0,0,0,0,0
3633,15,,,,0,0,0,0,0
3634,11,,,,0,0,0,0,0
3634,12,,,,0,0,0,0,0
3634,13,,,,0,0,0,0,0
3634,14,,,,0,0,0,0,0
3634,15,,,,0,0,0,0,0
3635,11,,,,0,0,0,0,0
3635,12,,,,0,0,0,0,0
3635,13,,,,0,0,0,0,0
3635,14,,,,0,0,0,0,0
3635,15,,,,0,0,0,0,0
3636,11,,,,0,0,0,0,0
3636,12,,,,0,0,0,0,0
3636,13,,,,0,0,0,0,0
3636,14,,,,0,0,0,0,0
3636,15,,,,0,0,0,0,0
3637,11,,,,0,0,0,0,0
3637,12,,,,0,0,0,0,0
3637,13,,,,0,0,0,0,0
3637,14,,,,0,0,0,0,0
3637,15,,,,0,0,0,0,0
3638,11,,,,0,0,0,0,0
3638,12,,,,0,0,0,0,0
3638,13,,,,0,0,0,0,0
3638,14,,,,0,0,0,0,0
3638,15,,,,0,0,0,0,0
3639,11,,,,0,0,0,0,0
3639,12,,,,0,0,0,0,0
3639,13,,,,0,0,0,0,0
3639,14,,,,0,0,0,0,0
3639,15,,,,0,0,0,0,0
3640,11,,,,0,0,0,0,0
3640,12,,,,0,0,0,0,0
3640,13,,,,0,0,0,0,0
3640,14,,,,0,0,0,0,0
3640,15,,,,0,0,0,0,0
3641,11,,,,0,0,0,0,0
3641,12,,,,0,0,0,0,0
3641,13,,,,0,0,0,0,0
3641,14,,,,0,0,0,0,0
3641,15,,,,0,0,0,0,0
3642,11,,,,0,0,0,0,0
3642,12,,,,0,0,0,0,0
3642,13,,,,0,0,0,0,0
3642,14,,,,0,0,0,0,0
3642,15,,,,0,0,0,0,0
3643,11,,,,0,0,0,0,0
3643,12,,,,0,0,0,0,0
3643,13,,,,0,0,0,0,0
3643,14,,,,0,0,0,0,0
3643,15,,,,0,0,0,0,0
3644,11,,,,0,0,0,0,0
3644,12,,,,0,0,0,0,0
3644,13,,,,0,0,0,0,0
3644,14,,,,0,0,0,0,0
3644,15,,,,0,0,0,0,0
3645,11,,,,0,0,0,0,0
3645,12,,,,0,0,0,0,0
3645,13,,,,0,0,0,0,0
3645,14,,,,0,0,0,0,0
3645,15,,,,0,0,0,0,0
3646,11,,,,0,0,0,0,0
3646,12,,,,0,0,0,0,0
3646,13,,,,0,0,0,0,0
3646,14,,,,0,0,0,0,0
3646,15,,,,0,0,0,0,0
3647,11,,,,0,0,0,0,0
3647,12,,,,0,0,0,0,0
3647,13,,,,0,0,0,0,0
3647,14,,,,0,0,0,0,0
3647,15,,,,0,0,0,0,0
3648,11,,,,0,0,0,0,0
3648,12,,,,0,0,0,0,0
3648,13,,,,0,0,0,0,0
3648,14,,,,0,0,0,0,0
3648,15,,,,0,0,0,0,0
3649,11,,,,0,0,0,0,0
3649,12,,,,0,0,0,0,0
3649,13,,,,0,0,0,0,0
3649,14,,,,0,0,0,0,0
3649,15,,,,0,0,0,0,0
3650,11,,,,0,0,0,0,0
3650,12,,,,0,0,0,0,0
3650,13,,,,0,0,0,0,0
3650,14,,,,0,0,0,0,0
3650,15,,,,0,0,0,0,0
3651,11,,,,0,0,0,0,0
3651,12,,,,0,0,0,0,0
3651,13,,,,0,0,0,0,0
3651,14,,,,0,0,0,0,0
3651,15,,,,0,0,0,0,0
3652,11,,,,0,0,0,0,0
3652,12,,,,0,0,0,0,0
3652,13,,,,0,0,0,0,0
3652,14,,,,0,0,0,0,0
3652,15,,,,0,0,0,0,0
3653,11,,,,0,0,0,0,0
3653,12,,,,0,0,0,0,0
3653,13,,,,0,0,0,0,0
3653,14,,,,0,0,0,0,0
3653,15,,,,0,0,0,0,0
3654,11,,,,0,0,0,0,0
3654,12,,,,0,0,0,0,0
3654,13,,,,0,0,0,0,0
3654,14,,,,0,0,0,0,0
3654,15,,,,0,0,0,0,0
3655,11,,,,0,0,0,0,0
3655,12,,,,0,0,0,0,0
3655,13,,,,0,0,0,0,0
3655,14,,,,0,0,0,0,0
3655,15,,,,0,0,0,0,0
3656,11,,,,0,0,0,0,0
3656,12,,,,0,0,0,0,0
3656,13,,,,0,0,0,0,0
3656,14,,,,0,0,0,0,0
3656,15,,,,0,0,0,0,0
3657,11,,,,0,0,0,0,0
3657,12,,,,0,0,0,0,0
3657,13,,,,0,0,0,0,0
3657,14,,,,0,0,0,0,0
3657,15,,,,0,0,0,0,0
3658,11,,,,0,0,0,0,0
3658,12,,,,0,0,0,0,0
3658,13,,,,0,0,0,0,0
3658,14,,,,0,0,0,0,0
3658,15,,,,0,0,0,0,0
3659,11,,,,0,0,0,0,0
3659,12,,,,0,0,0,0,0
3659,13,,,,0,0,0,0,0
3659,14,,,,0,0,0,0,0
3659,15,,,,0,0,0,0,0
3660,11,,,,0,0,0,0,0
3660,12,,,,0,0,0,0,0
3660,13,,,,0,0,0,0,0
3660,14,,,,0,0,0,0,0
3660,15,,,,0,0,0,0,0
3661,11,,,,0,0,0,0,0
3661,12,,,,0,0,0,0,0
3661,13,,,,0,0,0,0,0
3661,14,,,,0,0,0,0,0
3661,15,,,,0,0,0,0,0
3662,11,,,,0,0,0,0,0
3662,12,,,,0,0,0,0,0
3662,13,,,,0,0,0,0,0
3662,14,,,,0,0,0,0,0
3662,15,,,,0,0,0,0,0
3663,11,,,,0,0,0,0,0
3663,12,,,,0,0,0,0,0
3663,13,,,,0,0,0,0,0
3663,14,,,,0,0,0,0,0
3663,15,,,,0,0,0,0,0
3664,11,,,,0,0,0,0,0
3664,12,,,,0,0,0,0,0
3664,13,,,,0,0,0,0,0
3664,14,,,,0,0,0,0,0
3664,15,,,,0,0,0,0,0
3665,11,,,,0,0,0,0,0
3665,12,,,,0,0,0,0,0
3665,13,,,,0,0,0,0,0
3665,14,,,,0,0,0,0,0
3665,15,,,,0,0,0,0,0
3666,11,,,,0,0,0,0,0
3666,12,,,,0,0,0,0,0
3666,13,,,,0,0,0,0,0
3666,14,,,,0,0,0,0,0
3666,15,,,,0,0,0,0,0
3667,11,,,,0,0,0,0,0
3667,12,,,,0,0,0,0,0
3667,13,,,,0,0,0,0,0
3667,14,,,,0,0,0,0,0
3667,15,,,,0,0,0,0,0
3668,11,,,,0,0,0,0,0
3668,12,,,,0,0,0,0,0
3668,13,,,,0,0,0,0,0
3668,14,,,,0,0,0,0,0
3668,15,,,,0,0,0,0,0
3669,11,,,,0,0,0,0,0
3669,12,,,,0,0,0,0,0
3669,13,,,,0,0,0,0,0
3669,14,,,,0,0,0,0,0
3669,15,,,,0,0,0,0,0
3670,11,,,,0,0,0,0,0
3670,12,,,,0,0,0,0,0
3670,13,,,,0,0,0,0,0
3670,14,,,,0,0,0,0,0
3670,15,,,,0,0,0,0,0
3671,11,,,,0,0,0,0,0
3671,12,,,,0,0,0,0,0
3671,13,,,,0,0,0,0,0
3671,14,,,,0,0,0,0,0
3671,15,,,,0,0,0,0,0
3672,11,,,,0,0,0,0,0
3672,12,,,,0,0,0,0,0
3672,13,,,,0,0,0,0,0
3672,14,,,,0,0,0,0,0
3672,15,,,,0,0,0,0,0
3673,11,,,,0,0,0,0,0
3673,12,,,,0,0,0,0,0
3673,13,,,,0,0,0,0,0
3673,14,,,,0,0,0,0,0
3673,15,,,,0,0,0,0,0
3674,11,,,,0,0,0,0,0
3674,12,,,,0,0,0,0,0
3674,13,,,,0,0,0,0,0
3674,14,,,,0,0,0,0,0
3674,15,,,,0,0,0,0,0
3675,11,,,,0,0,0,0,0
3675,12,,,,0,0,0,0,0
3675,13,,,,0,0,0,0,0
3675,14,,,,0,0,0,0,0
3675,15,,,,0,0,0,0,0
3676,11,,,,0,0,0,0,0
3676,12,,,,0,0,0,0,0
3676,13,,,,0,0,0,0,0
3676,14,,,,0,0,0,0,0
3676,15,,,,0,0,0,0,0
3677,11,,,,0,0,0,0,0
3677,12,,,,0,0,0,0,0
3677,13,,,,0,0,0,0,0
3677,14,,,,0,0,0,0,0
3677,15,,,,0,0,0,0,0
3678,11,,,,0,0,0,0,0
3678,12,,,,0,0,0,0,0
3678,13,,,,0,0,0,0,0
3678,14,,,,0,0,0,0,0
3678,15,,,,0,0,0,0,0
3679,11,,,,0,0,0,0,0
3679,12,,,,0,0,0,0,0
3679,13,,,,0,0,0,0,0
3679,14,,,,0,0,0,0,0
3679,15,,,,0,0,0,0,0
3680,11,,,,0,0,0,0,0
3680,12,,,,0,0,0,0,0
3680,13,,,,0,0,0,0,0
3680,14,,,,0,0,0,0,0
3680,15,,,,0,0,0,0,0
3681,11,,,,0,0,0,0,0
3681,12,,,,0,0,0,0,0
3681,13,,,,0,0,0,0,0
3681,14,,,,0,0,0,0,0
3681,15,,,,0,0,0,0,0
3682,11,,,,0,0,0,0,0
3682,12,,,,0,0,0,0,0
3682,13,,,,0,0,0,0,0
3682,14,,,,0,0,0,0,0
3682,15,,,,0,0,0,0,0
3683,11,,,,0,0,0,0,0
3683,12,,,,0,0,0,0,0
3683,13,,,,0,0,0,0,0
3683,14,,,,0,0,0,0,0
3683,15,,,,0,0,0,0,0
3684,11,,,,0,0,0,0,0
3684,12,,,,0,0,0,0,0
3684,13,,,,0,0,0,0,0
3684,14,,,,0,0,0,0,0
3684,15,,,,0,0,0,0,0
3685,11,,,,0,0,0,0,0
3685,12,,,,0,0,0,0,0
3685,13,,,,0,0,0,0,0
3685,14,,,,0,0,0,0,0
3685,15,,,,0,0,0,0,0
3686,11,,,,0,0,0,0,0
3686,12,,,,0,0,0,0,0
3686,13,,,,0,0,0,0,0
3686,14,,,,0,0,0,0,0
3686,15,,,,0,0,0,0,0
3687,11,,,,0,0,0,0,0
3687,12,,,,0,0,0,0,0
3687,13,,,,0,0,0,0,0
3687,14,,,,0,0,0,0,0
3687,15,,,,0,0,0,0,0
3688,11,,,,0,0,0,0,0
3688,12,,,,0,0,0,0,0
3688,13,,,,0,0,0,0,0
3688,14,,,,0,0,0,0,0
3688,15,,,,0,0,0,0,0
3689,11,,,,0,0,0,0,0
3689,12,,,,0,0,0,0,0
3689,13,,,,0,0,0,0,0
3689,14,,,,0,0,0,0,0
3689,15,,,,0,0,0,0,0
3690,11,,,,0,0,0,0,0
3690,12,,,,0,0,0,0,0
3690,13,,,,0,0,0,0,0
3690,14,,,,0,0,0,0,0
3690,15,,,,0,0,0,0,0
3691,11,,,,0,0,0,0,0
3691,12,,,,0,0,0,0,0
3691,13,,,,0,0,0,0,0
3691,14,,,,0,0,0,0,0
3691,15,,,,0,0,0,0,0
3692,11,,,,0,0,0,0,0
3692,12,,,,0,0,0,0,0
3692,13,,,,0,0,0,0,0
3692,14,,,,0,0,0,0,0
3692,15,,,,0,0,0,0,0
3693,11,,,,0,0,0,0,0
3693,12,,,,0,0,0,0,0
3693,13,,,,0,0,0,0,0
3693,14,,,,0,0,0,0,0
3693,15,,,,0,0,0,0,0
3694,11,,,,0,0,0,0,0
3694,12,,,,0,0,0,0,0
3694,13,,,,0,0,0,0,0
3694,14,,,,0,0,0,0,0
3694,15,,,,0,0,0,0,0
3695,11,,,,0,0,0,0,0
3695,12,,,,0,0,0,0,0
3695,13,,,,0,0,0,0,0
3695,14,,,,0,0,0,0,0
3695,15,,,,0,0,0,0,0
3696,11,,,,0,0,0,0,0
3696,12,,,,0,0,0,0,0
3696,13,,,,0,0,0,0,0
3696,14,,,,0,0,0,0,0
3696,15,,,,0,0,0,0,0
3697,11,,,,0,0,0,0,0
3697,12,,,,0,0,0,0,0
3697,13,,,,0,0,0,0,0
3697,14,,,,0,0,0,0,0
3697,15,,,,0,0,0,0,0
3698,11,,,,0,0,0,0,0
3698,12,,,,0,0,0,0,0
3698,13,,,,0,0,0,0,0
3698,14,,,,0,0,0,0,0
3698,15,,,,0,0,0,0,0
3699,11,,,,0,0,0,0,0
3699,12,,,,0,0,0,0,0
3699,13,,,,0,0,0,0,0
3699,14,,,,0,0,0,0,0
3699,15,,,,0,0,0,0,0
3700,11,,,,0,0,0,0,0
3700,12,,,,0,0,0,0,0
3700,13,,,,0,0,0,0,0
3700,14,,,,0,0,0,0,0
3700,15,,,,0,0,0,0,0
3701,11,,,,0,0,0,0,0
3701,12,,,,0,0,0,0,0
3701,13,,,,0,0,0,0,0
3701,14,,,,0,0,0,0,0
3701,15,,,,0,0,0,0,0
3702,11,,,,0,0,0,0,0
3702,12,,,,0,0,0,0,0
3702,13,,,,0,0,0,0,0
3702,14,,,,0,0,0,0,0
3702,15,,,,0,0,0,0,0
3703,11,,,,0,0,0,0,0
3703,12,,,,0,0,0,0,0
3703,13,,,,0,0,0,0,0
3703,14,,,,0,0,0,0,0
3703,15,,,,0,0,0,0,0
3704,11,,,,0,0,0,0,0
3704,12,,,,0,0,0,0,0
3704,13,,,,0,0,0,0,0
3704,14,,,,0,0,0,0,0
3704,15,,,,0,0,0,0,0
3705,11,,,,0,0,0,0,0
3705,12,,,,0,0,0,0,0
3705,13,,,,0,0,0,0,0
3705,14,,,,0,0,0,0,0
3705,15,,,,0,0,0,0,0
3706,11,,,,0,0,0,0,0
3706,12,,,,0,0,0,0,0
3706,13,,,,0,0,0,0,0
3706,14,,,,0,0,0,0,0
3706,15,,,,0,0,0,0,0
3707,11,,,,0,0,0,0,0
3707,12,,,,0,0,0,0,0
3707,13,,,,0,0,0,0,0
3707,14,,,,0,0,0,0,0
3707,15,,,,0,0,0,0,0
3708,11,,,,0,0,0,0,0
3708,12,,,,0,0,0,0,0
3708,13,,,,0,0,0,0,0
3708,14,,,,0,0,0,0,0
3708,15,,,,0,0,0,0,0
3709,11,,,,0,0,0,0,0
3709,12,,,,0,0,0,0,0
3709,13,,,,0,0,0,0,0
3709,14,,,,0,0,0,0,0
3709,15,,,,0,0,0,0,0
3710,11,,,,0,0,0,0,0
3710,12,,,,0,0,0,0,0
3710,13,,,,0,0,0,0,0
3710,14,,,,0,0,0,0,0
3710,15,,,,0,0,0,0,0
3711,11,,,,0,0,0,0,0
3711,12,,,,0,0,0,0,0
3711,13,,,,0,0,0,0,0
3711,14,,,,0,0,0,0,0
3711,15,,,,0,0,0,0,0
3712,11,,,,0,0,0,0,0
3712,12,,,,0,0,0,0,0
3712,13,,,,0,0,0,0,0
3712,14,,,,0,0,0,0,0
3712,15,,,,0,0,0,0,0
3713,11,,,,0,0,0,0,0
3713,12,,,,0,0,0,0,0
3713,13,,,,0,0,0,0,0
3713,14,,,,0,0,0,0,0
3713,15,,,,0,0,0,0,0
3714,11,,,,0,0,0,0,0
3714,12,,,,0,0,0,0,0
3714,13,,,,0,0,0,0,0
3714,14,,,,0,0,0,0,0
3714,15,,,,0,0,0,0,0
3715,11,,,,0,0,0,0,0
3715,12,,,,0,0,0,0,0
3715,13,,,,0,0,0,0,0
3715,14,,,,0,0,0,0,0
3715,15,,,,0,0,0,0,0
3716,11,,,,0,0,0,0,0
3716,12,,,,0,0,0,0,0
3716,13,,,,0,0,0,0,0
3716,14,,,,0,0,0,0,0
3716,15,,,,0,0,0,0,0
3717,11,,,,0,0,0,0,0
3717,12,,,,0,0,0,0,0
3717,13,,,,0,0,0,0,0
3717,14,,,,0,0,0,0,0
3717,15,,,,0,0,0,0,0
3718,11,,,,0,0,0,0,0
3718,12,,,,0,0,0,0,0
3718,13,,,,0,0,0,0,0
3718,14,,,,0,0,0,0,0
3718,15,,,,0,0,0,0,0
3719,11,,,,0,0,0,0,0
3719,12,,,,0,0,0,0,0
3719,13,,,,0,0,0,0,0
3719,14,,,,0,0,0,0,0
3719,15,,,,0,0,0,0,0
3720,11,,,,0,0,0,0,0
3720,12,,,,0,0,0,0,0
3720,13,,,,0,0,0,0,0
3720,14,,,,0,0,0,0,0
3720,15,,,,0,0,0,0,0
3721,11,,,,0,0,0,0,0
3721,12,,,,0,0,0,0,0
3721,13,,,,0,0,0,0,0
3721,14,,,,0,0,0,0,0
3721,15,,,,0,0,0,0,0
3722,11,,,,0,0,0,0,0
3722,12,,,,0,0,0,0,0
3722,13,,,,0,0,0,0,0
3722,14,,,,0,0,0,0,0
3722,15,,,,0,0,0,0,0
3723,11,,,,0,0,0,0,0
3723,12,,,,0,0,0,0,0
3723,13,,,,0,0,0,0,0
3723,14,,,,0,0,0,0,0
3723,15,,,,0,0,0,0,0
3724,11,,,,0,0,0,0,0
3724,12,,,,0,0,0,0,0
3724,13,,,,0,0,0,0,0
3724,14,,,,0,0,0,0,0
3724,15,,,,0,0,0,0,0
3725,11,,,,0,0,0,0,0
3725,12,,,,0,0,0,0,0
3725,13,,,,0,0,0,0,0
3725,14,,,,0,0,0,0,0
3725,15,,,,0,0,0,0,0
3726,11,,,,0,0,0,0,0
3726,12,,,,0,0,0,0,0
3726,13,,,,0,0,0,0,0
3726,14,,,,0,0,0,0,0
3726,15,,,,0,0,0,0,0
3727,11,,,,0,0,0,0,0
3727,12,,,,0,0,0,0,0
3727,13,,,,0,0,0,0,0
3727,14,,,,0,0,0,0,0
3727,15,,,,0,0,0,0,0
3728,11,,,,0,0,0,0,0
3728,12,,,,0,0,0,0,0
3728,13,,,,0,0,0,0,0
3728,14,,,,0,0,0,0,0
3728,15,,,,0,0,0,0,0
3729,11,,,,0,0,0,0,0
3729,12,,,,0,0,0,0,0
3729,13,,,,0,0,0,0,0
3729,14,,,,0,0,0,0,0
3729,15,,,,0,0,0,0,0
3730,11,,,,0,0,0,0,0
3730,12,,,,0,0,0,0,0
3730,13,,,,0,0,0,0,0
3730,14,,,,0,0,0,0,0
3730,15,,,,0,0,0,0,0
3731,11,,,,0,0,0,0,0
3731,12,,,,0,0,0,0,0
3731,13,,,,0,0,0,0,0
3731,14,,,,0,0,0,0,0
3731,15,,,,0,0,0,0,0
3732,11,,,,0,0,0,0,0
3732,12,,,,0,0,0,0,0
3732,13,,,,0,0,0,0,0
3732,14,,,,0,0,0,0,0
3732,15,,,,0,0,0,0,0
3733,11,,,,0,0,0,0,0
3733,12,,,,0,0,0,0,0
3733,13,,,,0,0,0,0,0
3733,14,,,,0,0,0,0,0
3733,15,,,,0,0,0,0,0
3734,11,,,,0,0,0,0,0
3734,12,,,,0,0,0,0,0
3734,13,,,,0,0,0,0,0
3734,14,,,,0,0,0,0,0
3734,15,,,,0,0,0,0,0
3735,11,,,,0,0,0,0,0
3735,12,,,,0,0,0,0,0
3735,13,,,,0,0,0,0,0
3735,14,,,,0,0,0,0,0
3735,15,,,,0,0,0,0,0
3736,11,,,,0,0,0,0,0
3736,12,,,,0,0,0,0,0
3736,13,,,,0,0,0,0,0
3736,14,,,,0,0,0,0,0
3736,15,,,,0,0,0,0,0
3737,11,,,,0,0,0,0,0
3737,12,,,,0,0,0,0,0
3737,13,,,,0,0,0,0,0
3737,14,,,,0,0,0,0,0
3737,15,,,,0,0,0,0,0
3738,11,,,,0,0,0,0,0
3738,12,,,,0,0,0,0,0
3738,13,,,,0,0,0,0,0
3738,14,,,,0,0,0,0,0
3738,15,,,,0,0,0,0,0
3739,11,,,,0,0,0,0,0
3739,12,,,,0,0,0,0,0
3739,13,,,,0,0,0,0,0
3739,14,,,,0,0,0,0,0
3739,15,,,,0,0,0,0,0
3740,11,,,,0,0,0,0,0
3740,12,,,,0,0,0,0,0
3740,13,,,,0,0,0,0,0
3740,14,,,,0,0,0,0,0
3740,15,,,,0,0,0,0,0
3741,11,,,,0,0,0,0,0
3741,12,,,,0,0,0,0,0
3741,13,,,,0,0,0,0,0
3741,14,,,,0,0,0,0,0
3741,15,,,,0,0,0,0,0
3742,11,,,,0,0,0,0,0
3742,12,,,,0,0,0,0,0
3742,13,,,,0,0,0,0,0
3742,14,,,,0,0,0,0,0
3742,15,,,,0,0,0,0,0
3743,11,,,,0,0,0,0,0
3743,12,,,,0,0,0,0,0
3743,13,,,,0,0,0,0,0
3743,14,,,,0,0,0,0,0
3743,15,,,,0,0,0,0,0
3744,11,,,,0,0,0,0,0
3744,12,,,,0,0,0,0,0
3744,13,,,,0,0,0,0,0
3744,14,,,,0,0,0,0,0
3744,15,,,,0,0,0,0,0
3745,11,,,,0,0,0,0,0
3745,12,,,,0,0,0,0,0
3745,13,,,,0,0,0,0,0
3745,14,,,,0,0,0,0,0
3745,15,,,,0,0,0,0,0
3746,11,,,,0,0,0,0,0
3746,12,,,,0,0,0,0,0
3746,13,,,,0,0,0,0,0
3746,14,,,,0,0,0,0,0
3746,15,,,,0,0,0,0,0
3747,11,,,,0,0,0,0,0
3747,12,,,,0,0,0,0,0
3747,13,,,,0,0,0,0,0
3747,14,,,,0,0,0,0,0
3747,15,,,,0,0,0,0,0
3748,11,,,,0,0,0,0,0
3748,12,,,,0,0,0,0,0
3748,13,,,,0,0,0,0,0
3748,14,,,,0,0,0,0,0
3748,15,,,,0,0,0,0,0
3749,11,,,,0,0,0,0,0
3749,12,,,,0,0,0,0,0
3749,13,,,,0,0,0,0,0
3749,14,,,,0,0,0,0,0
3749,15,,,,0,0,0,0,0
3750,11,,,,0,0,0,0,0
3750,12,,,,0,0,0,0,0
3750,13,,,,0,0,0,0,0
3750,14,,,,0,0,0,0,0
3750,15,,,,0,0,0,0,0
3751,11,,,,0,0,0,0,0
3751,12,,,,0,0,0,0,0
3751,13,,,,0,0,0,0,0
3751,14,,,,0,0,0,0,0
3751,15,,,,0,0,0,0,0
3752,11,,,,0,0,0,0,0
3752,12,,,,0,0,0,0,0
3752,13,,,,0,0,0,0,0
3752,14,,,,0,0,0,0,0
3752,15,,,,0,0,0,0,0
3753,11,,,,0,0,0,0,0
3753,12,,,,0,0,0,0,0
3753,13,,,,0,0,0,0,0
3753,14,,,,0,0,0,0,0
3753,15,,,,0,0,0,0,0
3754,11,,,,0,0,0,0,0
3754,12,,,,0,0,0,0,0
3754,13,,,,0,0,0,0,0
3754,14,,,,0,0,0,0,0
3754,15,,,,0,0,0,0,0
3755,11,,,,0,0,0,0,0
3755,12,,,,0,0,0,0,0
3755,13,,,,0,0,0,0,0
3755,14,,,,0,0,0,0,0
3755,15,,,,0,0,0,0,0
3756,11,,,,0,0,0,0,0
3756,12,,,,0,0,0,0,0
3756,13,,,,0,0,0,0,0
3756,14,,,,0,0,0,0,0
3756,15,,,,0,0,0,0,0
3757,11,,,,0,0,0,0,0
3757,12,,,,0,0,0,0,0
3757,13,,,,0,0,0,0,0
3757,14,,,,0,0,0,0,0
3757,15,,,,0,0,0,0,0
3758,11,,,,0,0,0,0,0
3758,12,,,,0,0,0,0,0
3758,13,,,,0,0,0,0,0
3758,14,,,,0,0,0,0,0
3758,15,,,,0,0,0,0,0
3759,11,,,,0,0,0,0,0
3759,12,,,,0,0,0,0,0
3759,13,,,,0,0,0,0,0
3759,14,,,,0,0,0,0,0
3759,15,,,,0,0,0,0,0
3760,11,,,,0,0,0,0,0
3760,12,,,,0,0,0,0,0
3760,13,,,,0,0,0,0,0
3760,14,,,,0,0,0,0,0
3760,15,,,,0,0,0,0,0
3761,11,,,,0,0,0,0,0
3761,12,,,,0,0,0,0,0
3761,13,,,,0,0,0,0,0
3761,14,,,,0,0,0,0,0
3761,15,,,,0,0,0,0,0
3762,11,,,,0,0,0,0,0
3762,12,,,,0,0,0,0,0
3762,13,,,,0,0,0,0,0
3762,14,,,,0,0,0,0,0
3762,15,,,,0,0,0,0,0
3763,11,,,,0,0,0,0,0
3763,12,,,,0,0,0,0,0
3763,13,,,,0,0,0,0,0
3763,14,,,,0,0,0,0,0
3763,15,,,,0,0,0,0,0
3764,11,,,,0,0,0,0,0
3764,12,,,,0,0,0,0,0
3764,13,,,,0,0,0,0,0
3764,14,,,,0,0,0,0,0
3764,15,,,,0,0,0,0,0
3765,11,,,,0,0,0,0,0
3765,12,,,,0,0,0,0,0
3765,13,,,,0,0,0,0,0
3765,14,,,,0,0,0,0,0
3765,15,,,,0,0,0,0,0
3766,11,,,,0,0,0,0,0
3766,12,,,,0,0,0,0,0
3766,13,,,,0,0,0,0,0
3766,14,,,,0,0,0,0,0
3766,15,,,,0,0,0,0,0
3767,11,,,,0,0,0,0,0
3767,12,,,,0,0,0,0,0
3767,13,,,,0,0,0,0,0
3767,14,,,,0,0,0,0,0
3767,15,,,,0,0,0,0,0
3768,11,,,,0,0,0,0,0
3768,12,,,,0,0,0,0,0
3768,13,,,,0,0,0,0,0
3768,14,,,,0,0,0,0,0
3768,15,,,,0,0,0,0,0
3769,11,,,,0,0,0,0,0
3769,12,,,,0,0,0,0,0
3769,13,,,,0,0,0,0,0
3769,14,,,,0,0,0,0,0
3769,15,,,,0,0,0,0,0
3770,11,,,,0,0,0,0,0
3770,12,,,,0,0,0,0,0
3770,13,,,,0,0,0,0,0
3770,14,,,,0,0,0,0,0
3770,15,,,,0,0,0,0,0
3771,11,,,,0,0,0,0,0
3771,12,,,,0,0,0,0,0
3771,13,,,,0,0,0,0,0
3771,14,,,,0,0,0,0,0
3771,15,,,,0,0,0,0,0
3772,11,,,,0,0,0,0,0
3772,12,,,,0,0,0,0,0
3772,13,,,,0,0,0,0,0
3772,14,,,,0,0,0,0,0
3772,15,,,,0,0,0,0,0
3773,11,,,,0,0,0,0,0
3773,12,,,,0,0,0,0,0
3773,13,,,,0,0,0,0,0
3773,14,,,,0,0,0,0,0
3773,15,,,,0,0,0,0,0
3774,11,,,,0,0,0,0,0
3774,12,,,,0,0,0,0,0
3774,13,,,,0,0,0,0,0
3774,14,,,,0,0,0,0,0
3774,15,,,,0,0,0,0,0
3775,11,,,,0,0,0,0,0
3775,12,,,,0,0,0,0,0
3775,13,,,,0,0,0,0,0
3775,14,,,,0,0,0,0,0
3775,15,,,,0,0,0,0,0
3776,11,,,,0,0,0,0,0
3776,12,,,,0,0,0,0,0
3776,13,,,,0,0,0,0,0
3776,14,,,,0,0,0,0,0
3776,15,,,,0,0,0,0,0
3777,11,,,,0,0,0,0,0
3777,12,,,,0,0,0,0,0
3777,13,,,,0,0,0,0,0
3777,14,,,,0,0,0,0,0
3777,15,,,,0,0,0,0,0
3778,11,,,,0,0,0,0,0
3778,12,,,,0,0,0,0,0
3778,13,,,,0,0,0,0,0
3778,14,,,,0,0,0,0,0
3778,15,,,,0,0,0,0,0
3779,11,,,,0,0,0,0,0
3779,12,,,,0,0,0,0,0
3779,13,,,,0,0,0,0,0
3779,14,,,,0,0,0,0,0
3779,15,,,,0,0,0,0,0
3780,11,,,,0,0,0,0,0
3780,12,,,,0,0,0,0,0
3780,13,,,,0,0,0,0,0
3780,14,,,,0,0,0,0,0
3780,15,,,,0,0,0,0,0
3781,11,,,,0,0,0,0,0
3781,12,,,,0,0,0,0,0
3781,13,,,,0,0,0,0,0
3781,14,,,,0,0,0,0,0
3781,15,,,,0,0,0,0,0
3782,11,,,,0,0,0,0,0
3782,12,,,,0,0,0,0,0
3782,13,,,,0,0,0,0,0
3782,14,,,,0,0,0,0,0
3782,15,,,,0,0,0,0,0
3783,11,,,,0,0,0,0,0
3783,12,,,,0,0,0,0,0
3783,13,,,,0,0,0,0,0
3783,14,,,,0,0,0,0,0
3783,15,,,,0,0,0,0,0
3784,11,,,,0,0,0,0,0
3784,12,,,,0,0,0,0,0
3784,13,,,,0,0,0,0,0
3784,14,,,,0,0,0,0,0
3784,15,,,,0,0,0,0,0
3785,11,,,,0,0,0,0,0
3785,12,,,,0,0,0,0,0
3785,13,,,,0,0,0,0,0
3785,14,,,,0,0,0,0,0
3785,15,,,,0,0,0,0,0
3786,11,,,,0,0,0,0,0
3786,12,,,,0,0,0,0,0
3786,13,,,,0,0,0,0,0
3786,14,,,,0,0,0,0,0
3786,15,,,,0,0,0,0,0
3787,11,,,,0,0,0,0,0
3787,12,,,,0,0,0,0,0
3787,13,,,,0,0,0,0,0
3787,14,,,,0,0,0,0,0
3787,15,,,,0,0,0,0,0
3788,11,,,,0,0,0,0,0
3788,12,,,,0,0,0,0,0
3788,13,,,,0,0,0,0,0
3788,14,,,,0,0,0,0,0
3788,15,,,,0,0,0,0,0
3789,11,,,,0,0,0,0,0
3789,12,,,,0,0,0,0,0
3789,13,,,,0,0,0,0,0
3789,14,,,,0,0,0,0,0
3789,15,,,,0,0,0,0,0
3790,11,,,,0,0,0,0,0
3790,12,,,,0,0,0,0,0
3790,13,,,,0,0,0,0,0
3790,14,,,,0,0,0,0,0
3790,15,,,,0,0,0,0,0
3791,11,,,,0,0,0,0,0
3791,12,,,,0,0,0,0,0
3791,13,,,,0,0,0,0,0
3791,14,,,,0,0,0,0,0
3791,15,,,,0,0,0,0,0
3792,11,,,,0,0,0,0,0
3792,12,,,,0,0,0,0,0
3792,13,,,,0,0,0,0,0
3792,14,,,,0,0,0,0,0
3792,15,,,,0,0,0,0,0
3793,11,,,,0,0,0,0,0
3793,12,,,,0,0,0,0,0
3793,13,,,,0,0,0,0,0
3793,14,,,,0,0,0,0,0
3793,15,,,,0,0,0,0,0
3794,11,,,,0,0,0,0,0
3794,12,,,,0,0,0,0,0
3794,13,,,,0,0,0,0,0
3794,14,,,,0,0,0,0,0
3794,15,,,,0,0,0,0,0
3795,11,,,,0,0,0,0,0
3795,12,,,,0,0,0,0,0
3795,13,,,,0,0,0,0,0
3795,14,,,,0,0,0,0,0
3795,15,,,,0,0,0,0,0
3796,11,,,,0,0,0,0,0
3796,12,,,,0,0,0,0,0
3796,13,,,,0,0,0,0,0
3796,14,,,,0,0,0,0,0
3796,15,,,,0,0,0,0,0
3797,11,,,,0,0,0,0,0
3797,12,,,,0,0,0,0,0
3797,13,,,,0,0,0,0,0
3797,14,,,,0,0,0,0,0
3797,15,,,,0,0,0,0,0
3798,11,,,,0,0,0,0,0
3798,12,,,,0,0,0,0,0
3798,13,,,,0,0,0,0,0
3798,14,,,,0,0,0,0,0
3798,15,,,,0,0,0,0,0
3799,11,,,,0,0,0,0,0
3799,12,,,,0,0,0,0,0
3799,13,,,,0,0,0,0,0
3799,14,,,,0,0,0,0,0
3799,15,,,,0,0,0,0,0
3800,11,,,,0,0,0,0,0
3800,12,,,,0,0,0,0,0
3800,13,,,,0,0,0,0,0
3800,14,,,,0,0,0,0,0
3800,15,,,,0,0,0,0,0
3801,11,,,,0,0,0,0,0
3801,12,,,,0,0,0,0,0
3801,13,,,,0,0,0,0,0
3801,14,,,,0,0,0,0,0
3801,15,,,,0,0,0,0,0
3802,11,,,,0,0,0,0,0
3802,12,,,,0,0,0,0,0
3802,13,,,,0,0,0,0,0
3802,14,,,,0,0,0,0,0
3802,15,,,,0,0,0,0,0
3803,11,,,,0,0,0,0,0
3803,12,,,,0,0,0,0,0
3803,13,,,,0,0,0,0,0
3803,14,,,,0,0,0,0,0
3803,15,,,,0,0,0,0,0
3804,11,,,,0,0,0,0,0
3804,12,,,,0,0,0,0,0
3804,13,,,,0,0,0,0,0
3804,14,,,,0,0,0,0,0
3804,15,,,,0,0,0,0,0
3805,11,,,,0,0,0,0,0
3805,12,,,,0,0,0,0,0
3805,13,,,,0,0,0,0,0
3805,14,,,,0,0,0,0,0
3805,15,,,,0,0,0,0,0
3806,11,,,,0,0,0,0,0
3806,12,,,,0,0,0,0,0
3806,13,,,,0,0,0,0,0
3806,14,,,,0,0,0,0,0
3806,15,,,,0,0,0,0,0
3807,11,,,,0,0,0,0,0
3807,12,,,,0,0,0,0,0
3807,13,,,,0,0,0,0,0
3807,14,,,,0,0,0,0,0
3807,15,,,,0,0,0,0,0
3808,11,,,,0,0,0,0,0
3808,12,,,,0,0,0,0,0
3808,13,,,,0,0,0,0,0
3808,14,,,,0,0,0,0,0
3808,15,,,,0,0,0,0,0
3809,11,,,,0,0,0,0,0
3809,12,,,,0,0,0,0,0
3809,13,,,,0,0,0,0,0
3809,14,,,,0,0,0,0,0
3809,15,,,,0,0,0,0,0
3810,11,,,,0,0,0,0,0
3810,12,,,,0,0,0,0,0
3810,13,,,,0,0,0,0,0
3810,14,,,,0,0,0,0,0
3810,15,,,,0,0,0,0,0
3811,11,,,,0,0,0,0,0
3811,12,,,,0,0,0,0,0
3811,13,,,,0,0,0,0,0
3811,14,,,,0,0,0,0,0
3811,15,,,,0,0,0,0,0
3812,11,,,,0,0,0,0,0
3812,12,,,,0,0,0,0,0
3812,13,,,,0,0,0,0,0
3812,14,,,,0,0,0,0,0
3812,15,,,,0,0,0,0,0
3813,11,,,,0,0,0,0,0
3813,12,,,,0,0,0,0,0
3813,13,,,,0,0,0,0,0
3813,14,,,,0,0,0,0,0
3813,15,,,,0,0,0,0,0
3814,11,,,,0,0,0,0,0
3814,12,,,,0,0,0,0,0
3814,13,,,,0,0,0,0,0
3814,14,,,,0,0,0,0,0
3814,15,,,,0,0,0,0,0
3815,11,,,,0,0,0,0,0
3815,12,,,,0,0,0,0,0
3815,13,,,,0,0,0,0,0
3815,14,,,,0,0,0,0,0
3815,15,,,,0,0,0,0,0
3816,11,,,,0,0,0,0,0
3816,12,,,,0,0,0,0,0
3816,13,,,,0,0,0,0,0
3816,14,,,,0,0,0,0,0
3816,15,,,,0,0,0,0,0
3817,11,,,,0,0,0,0,0
3817,12,,,,0,0,0,0,0
3817,13,,,,0,0,0,0,0
3817,14,,,,0,0,0,0,0
3817,15,,,,0,0,0,0,0
3818,11,,,,0,0,0,0,0
3818,12,,,,0,0,0,0,0
3818,13,,,,0,0,0,0,0
3818,14,,,,0,0,0,0,0
3818,15,,,,0,0,0,0,0
3819,11,,,,0,0,0,0,0
3819,12,,,,0,0,0,0,0
3819,13,,,,0,0,0,0,0
3819,14,,,,0,0,0,0,0
3819,15,,,,0,0,0,0,0
3820,11,,,,0,0,0,0,0
3820,12,,,,0,0,0,0,0
3820,13,,,,0,0,0,0,0
3820,14,,,,0,0,0,0,0
3820,15,,,,0,0,0,0,0
3821,11,,,,0,0,0,0,0
3821,12,,,,0,0,0,0,0
3821,13,,,,0,0,0,0,0
3821,14,,,,0,0,0,0,0
3821,15,,,,0,0,0,0,0
3822,11,,,,0,0,0,0,0
3822,12,,,,0,0,0,0,0
3822,13,,,,0,0,0,0,0
3822,14,,,,0,0,0,0,0
3822,15,,,,0,0,0,0,0
3823,11,,,,0,0,0,0,0
3823,12,,,,0,0,0,0,0
3823,13,,,,0,0,0,0,0
3823,14,,,,0,0,0,0,0
3823,15,,,,0,0,0,0,0
3824,11,,,,0,0,0,0,0
3824,12,,,,0,0,0,0,0
3824,13,,,,0,0,0,0,0
3824,14,,,,0,0,0,0,0
3824,15,,,,0,0,0,0,0
3825,11,,,,0,0,0,0,0
3825,12,,,,0,0,0,0,0
3825,13,,,,0,0,0,0,0
3825,14,,,,0,0,0,0,0
3825,15,,,,0,0,0,0,0
3826,11,,,,0,0,0,0,0
3826,12,,,,0,0,0,0,0
3826,13,,,,0,0,0,0,0
3826,14,,,,0,0,0,0,0
3826,15,,,,0,0,0,0,0
3827,11,,,,0,0,0,0,0
3827,12,,,,0,0,0,0,0
3827,13,,,,0,0,0,0,0
3827,14,,,,0,0,0,0,0
3827,15,,,,0,0,0,0,0
3828,11,,,,0,0,0,0,0
3828,12,,,,0,0,0,0,0
3828,13,,,,0,0,0,0,0
3828,14,,,,0,0,0,0,0
3828,15,,,,0,0,0,0,0
3829,11,,,,0,0,0,0,0
3829,12,,,,0,0,0,0,0
3829,13,,,,0,0,0,0,0
3829,14,,,,0,0,0,0,0
3829,15,,,,0,0,0,0,0
3830,11,,,,0,0,0,0,0
3830,12,,,,0,0,0,0,0
3830,13,,,,0,0,0,0,0
3830,14,,,,0,0,0,0,0
3830,15,,,,0,0,0,0,0
3831,11,,,,0,0,0,0,0
3831,12,,,,0,0,0,0,0
3831,13,,,,0,0,0,0,0
3831,14,,,,0,0,0,0,0
3831,15,,,,0,0,0,0,0
3832,11,,,,0,0,0,0,0
3832,12,,,,0,0,0,0,0
3832,13,,,,0,0,0,0,0
3832,14,,,,0,0,0,0,0
3832,15,,,,0,0,0,0,0
3833,11,,,,0,0,0,0,0
3833,12,,,,0,0,0,0,0
3833,13,,,,0,0,0,0,0
3833,14,,,,0,0,0,0,0
3833,15,,,,0,0,0,0,0
3834,11,,,,0,0,0,0,0
3834,12,,,,0,0,0,0,0
3834,13,,,,0,0,0,0,0
3834,14,,,,0,0,0,0,0
3834,15,,,,0,0,0,0,0
3835,11,,,,0,0,0,0,0
3835,12,,,,0,0,0,0,0
3835,13,,,,0,0,0,0,0
3835,14,,,,0,0,0,0,0
3835,15,,,,0,0,0,0,0
3836,11,,,,0,0,0,0,0
3836,12,,,,0,0,0,0,0
3836,13,,,,0,0,0,0,0
3836,14,,,,0,0,0,0,0
3836,15,,,,0,0,0,0,0
3837,11,,,,0,0,0,0,0
3837,12,,,,0,0,0,0,0
3837,13,,,,0,0,0,0,0
3837,14,,,,0,0,0,0,0
3837,15,,,,0,0,0,0,0
3838,11,,,,0,0,0,0,0
3838,12,,,,0,0,0,0,0
3838,13,,,,0,0,0,0,0
3838,14,,,,0,0,0,0,0
3838,15,,,,0,0,0,0,0
3839,11,,,,0,0,0,0,0
3839,12,,,,0,0,0,0,0
3839,13,,,,0,0,0,0,0
3839,14,,,,0,0,0,0,0
3839,15,,,,0,0,0,0,0
3840,11,,,,0,0,0,0,0
3840,12,,,,0,0,0,0,0
3840,13,,,,0,0,0,0,0
3840,14,,,,0,0,0,0,0
3840,15,,,,0,0,0,0,0
3841,11,,,,0,0,0,0,0
3841,12,,,,0,0,0,0,0
3841,13,,,,0,0,0,0,0
3841,14,,,,0,0,0,0,0
3841,15,,,,0,0,0,0,0
3842,11,,,,0,0,0,0,0
3842,12,,,,0,0,0,0,0
3842,13,,,,0,0,0,0,0
3842,14,,,,0,0,0,0,0
3842,15,,,,0,0,0,0,0
3843,11,,,,0,0,0,0,0
3843,12,,,,0,0,0,0,0
3843,13,,,,0,0,0,0,0
3843,14,,,,0,0,0,0,0
3843,15,,,,0,0,0,0,0
3844,11,,,,0,0,0,0,0
3844,12,,,,0,0,0,0,0
3844,13,,,,0,0,0,0,0
3844,14,,,,0,0,0,0,0
3844,15,,,,0,0,0,0,0
3845,11,,,,0,0,0,0,0
3845,12,,,,0,0,0,0,0
3845,13,,,,0,0,0,0,0
3845,14,,,,0,0,0,0,0
3845,15,,,,0,0,0,0,0
3846,11,,,,0,0,0,0,0
3846,12,,,,0,0,0,0,0
3846,13,,,,0,0,0,0,0
3846,14,,,,0,0,0,0,0
3846,15,,,,0,0,0,0,0
3847,11,,,,0,0,0,0,0
3847,12,,,,0,0,0,0,0
3847,13,,,,0,0,0,0,0
3847,14,,,,0,0,0,0,0
3847,15,,,,0,0,0,0,0
3848,11,,,,0,0,0,0,0
3848,12,,,,0,0,0,0,0
3848,13,,,,0,0,0,0,0
3848,14,,,,0,0,0,0,0
3848,15,,,,0,0,0,0,0
3849,11,,,,0,0,0,0,0
3849,12,,,,0,0,0,0,0
3849,13,,,,0,0,0,0,0
3849,14,,,,0,0,0,0,0
3849,15,,,,0,0,0,0,0
3850,11,,,,0,0,0,0,0
3850,12,,,,0,0,0,0,0
3850,13,,,,0,0,0,0,0
3850,14,,,,0,0,0,0,0
3850,15,,,,0,0,0,0,0
3851,11,,,,0,0,0,0,0
3851,12,,,,0,0,0,0,0
3851,13,,,,0,0,0,0,0
3851,14,,,,0,0,0,0,0
3851,15,,,,0,0,0,0,0
3852,11,,,,0,0,0,0,0
3852,12,,,,0,0,0,0,0
3852,13,,,,0,0,0,0,0
3852,14,,,,0,0,0,0,0
3852,15,,,,0,0,0,0,0
3853,11,,,,0,0,0,0,0
3853,12,,,,0,0,0,0,0
3853,13,,,,0,0,0,0,0
3853,14,,,,0,0,0,0,0
3853,15,,,,0,0,0,0,0
3854,11,,,,0,0,0,0,0
3854,12,,,,0,0,0,0,0
3854,13,,,,0,0,0,0,0
3854,14,,,,0,0,0,0,0
3854,15,,,,0,0,0,0,0
3855,11,,,,0,0,0,0,0
3855,12,,,,0,0,0,0,0
3855,13,,,,0,0,0,0,0
3855,14,,,,0,0,0,0,0
3855,15,,,,0,0,0,0,0
3856,11,,,,0,0,0,0,0
3856,12,,,,0,0,0,0,0
3856,13,,,,0,0,0,0,0
3856,14,,,,0,0,0,0,0
3856,15,,,,0,0,0,0,0
3857,11,,,,0,0,0,0,0
3857,12,,,,0,0,0,0,0
3857,13,,,,0,0,0,0,0
3857,14,,,,0,0,0,0,0
3857,15,,,,0,0,0,0,0
3858,11,,,,0,0,0,0,0
3858,12,,,,0,0,0,0,0
3858,13,,,,0,0,0,0,0
3858,14,,,,0,0,0,0,0
3858,15,,,,0,0,0,0,0
3859,11,,,,0,0,0,0,0
3859,12,,,,0,0,0,0,0
3859,13,,,,0,0,0,0,0
3859,14,,,,0,0,0,0,0
3859,15,,,,0,0,0,0,0
3860,11,,,,0,0,0,0,0
3860,12,,,,0,0,0,0,0
3860,13,,,,0,0,0,0,0
3860,14,,,,0,0,0,0,0
3860,15,,,,0,0,0,0,0
3861,11,,,,0,0,0,0,0
3861,12,,,,0,0,0,0,0
3861,13,,,,0,0,0,0,0
3861,14,,,,0,0,0,0,0
3861,15,,,,0,0,0,0,0
3862,11,,,,0,0,0,0,0
3862,12,,,,0,0,0,0,0
3862,13,,,,0,0,0,0,0
3862,14,,,,0,0,0,0,0
3862,15,,,,0,0,0,0,0
3863,11,,,,0,0,0,0,0
3863,12,,,,0,0,0,0,0
3863,13,,,,0,0,0,0,0
3863,14,,,,0,0,0,0,0
3863,15,,,,0,0,0,0,0
3864,11,,,,0,0,0,0,0
3864,12,,,,0,0,0,0,0
3864,13,,,,0,0,0,0,0
3864,14,,,,0,0,0,0,0
3864,15,,,,0,0,0,0,0
3865,11,,,,0,0,0,0,0
3865,12,,,,0,0,0,0,0
3865,13,,,,0,0,0,0,0
3865,14,,,,0,0,0,0,0
3865,15,,,,0,0,0,0,0
3866,11,,,,0,0,0,0,0
3866,12,,,,0,0,0,0,0
3866,13,,,,0,0,0,0,0
3866,14,,,,0,0,0,0,0
3866,15,,,,0,0,0,0,0
3867,11,,,,0,0,0,0,0
3867,12,,,,0,0,0,0,0
3867,13,,,,0,0,0,0,0
3867,14,,,,0,0,0,0,0
3867,15,,,,0,0,0,0,0
3868,11,,,,0,0,0,0,0
3868,12,,,,0,0,0,0,0
3868,13,,,,0,0,0,0,0
3868,14,,,,0,0,0,0,0
3868,15,,,,0,0,0,0,0
3869,11,,,,0,0,0,0,0
3869,12,,,,0,0,0,0,0
3869,13,,,,0,0,0,0,0
3869,14,,,,0,0,0,0,0
3869,15,,,,0,0,0,0,0
3870,11,,,,0,0,0,0,0
3870,12,,,,0,0,0,0,0
3870,13,,,,0,0,0,0,0
3870,14,,,,0,0,0,0,0
3870,15,,,,0,0,0,0,0
3871,11,,,,0,0,0,0,0
3871,12,,,,0,0,0,0,0
3871,13,,,,0,0,0,0,0
3871,14,,,,0,0,0,0,0
3871,15,,,,0,0,0,0,0
3872,11,,,,0,0,0,0,0
3872,12,,,,0,0,0,0,0
3872,13,,,,0,0,0,0,0
3872,14,,,,0,0,0,0,0
3872,15,,,,0,0,0,0,0
3873,11,,,,0,0,0,0,0
3873,12,,,,0,0,0,0,0
3873,13,,,,0,0,0,0,0
3873,14,,,,0,0,0,0,0
3873,15,,,,0,0,0,0,0
3874,11,,,,0,0,0,0,0
3874,12,,,,0,0,0,0,0
3874,13,,,,0,0,0,0,0
3874,14,,,,0,0,0,0,0
3874,15,,,,0,0,0,0,0
3875,11,,,,0,0,0,0,0
3875,12,,,,0,0,0,0,0
3875,13,,,,0,0,0,0,0
3875,14,,,,0,0,0,0,0
3875,15,,,,0,0,0,0,0
3876,11,,,,0,0,0,0,0
3876,12,,,,0,0,0,0,0
3876,13,,,,0,0,0,0,0
3876,14,,,,0,0,0,0,0
3876,15,,,,0,0,0,0,0
3877,11,,,,0,0,0,0,0
3877,12,,,,0,0,0,0,0
3877,13,,,,0,0,0,0,0
3877,14,,,,0,0,0,0,0
3877,15,,,,0,0,0,0,0
3878,11,,,,0,0,0,0,0
3878,12,,,,0,0,0,0,0
3878,13,,,,0,0,0,0,0
3878,14,,,,0,0,0,0,0
3878,15,,,,0,0,0,0,0
3879,11,,,,0,0,0,0,0
3879,12,,,,0,0,0,0,0
3879,13,,,,0,0,0,0,0
3879,14,,,,0,0,0,0,0
3879,15,,,,0,0,0,0,0
3880,11,,,,0,0,0,0,0
3880,12,,,,0,0,0,0,0
3880,13,,,,0,0,0,0,0
3880,14,,,,0,0,0,0,0
3880,15,,,,0,0,0,0,0
3881,11,,,,0,0,0,0,0
3881,12,,,,0,0,0,0,0
3881,13,,,,0,0,0,0,0
3881,14,,,,0,0,0,0,0
3881,15,,,,0,0,0,0,0
3882,11,,,,0,0,0,0,0
3882,12,,,,0,0,0,0,0
3882,13,,,,0,0,0,0,0
3882,14,,,,0,0,0,0,0
3882,15,,,,0,0,0,0,0
3883,11,,,,0,0,0,0,0
3883,12,,,,0,0,0,0,0
3883,13,,,,0,0,0,0,0
3883,14,,,,0,0,0,0,0
3883,15,,,,0,0,0,0,0
3884,11,,,,0,0,0,0,0
3884,12,,,,0,0,0,0,0
3884,13,,,,0,0,0,0,0
3884,14,,,,0,0,0,0,0
3884,15,,,,0,0,0,0,0
3885,11,,,,0,0,0,0,0
3885,12,,,,0,0,0,0,0
3885,13,,,,0,0,0,0,0
3885,14,,,,0,0,0,0,0
3885,15,,,,0,0,0,0,0
3886,11,,,,0,0,0,0,0
3886,12,,,,0,0,0,0,0
3886,13,,,,0,0,0,0,0
3886,14,,,,0,0,0,0,0
3886,15,,,,0,0,0,0,0
3887,11,,,,0,0,0,0,0
3887,12,,,,0,0,0,0,0
3887,13,,,,0,0,0,0,0
3887,14,,,,0,0,0,0,0
3887,15,,,,0,0,0,0,0
3888,11,,,,0,0,0,0,0
3888,12,,,,0,0,0,0,0
3888,13,,,,0,0,0,0,0
3888,14,,,,0,0,0,0,0
3888,15,,,,0,0,0,0,0
3889,11,,,,0,0,0,0,0
3889,12,,,,0,0,0,0,0
3889,13,,,,0,0,0,0,0
3889,14,,,,0,0,0,0,0
3889,15,,,,0,0,0,0,0
3890,11,,,,0,0,0,0,0
3890,12,,,,0,0,0,0,0
3890,13,,,,0,0,0,0,0
3890,14,,,,0,0,0,0,0
3890,15,,,,0,0,0,0,0
3891,11,,,,0,0,0,0,0
3891,12,,,,0,0,0,0,0
3891,13,,,,0,0,0,0,0
3891,14,,,,0,0,0,0,0
3891,15,,,,0,0,0,0,0
3892,11,,,,0,0,0,0,0
3892,12,,,,0,0,0,0,0
3892,13,,,,0,0,0,0,0
3892,14,,,,0,0,0,0,0
3892,15,,,,0,0,0,0,0
3893,11,,,,0,0,0,0,0
3893,12,,,,0,0,0,0,0
3893,13,,,,0,0,0,0,0
3893,14,,,,0,0,0,0,0
3893,15,,,,0,0,0,0,0
3894,11,,,,0,0,0,0,0
3894,12,,,,0,0,0,0,0
3894,13,,,,0,0,0,0,0
3894,14,,,,0,0,0,0,0
3894,15,,,,0,0,0,0,0
3895,11,,,,0,0,0,0,0
3895,12,,,,0,0,0,0,0
3895,13,,,,0,0,0,0,0
3895,14,,,,0,0,0,0,0
3895,15,,,,0,0,0,0,0
3896,11,,,,0,0,0,0,0
3896,12,,,,0,0,0,0,0
3896,13,,,,0,0,0,0,0
3896,14,,,,0,0,0,0,0
3896,15,,,,0,0,0,0,0
3897,11,,,,0,0,0,0,0
3897,12,,,,0,0,0,0,0
3897,13,,,,0,0,0,0,0
3897,14,,,,0,0,0,0,0
3897,15,,,,0,0,0,0,0
3898,11,,,,0,0,0,0,0
3898,12,,,,0,0,0,0,0
3898,13,,,,0,0,0,0,0
3898,14,,,,0,0,0,0,0
3898,15,,,,0,0,0,0,0
3899,11,,,,0,0,0,0,0
3899,12,,,,0,0,0,0,0
3899,13,,,,0,0,0,0,0
3899,14,,,,0,0,0,0,0
3899,15,,,,0,0,0,0,0
3900,11,,,,0,0,0,0,0
3900,12,,,,0,0,0,0,0
3900,13,,,,0,0,0,0,0
3900,14,,,,0,0,0,0,0
3900,15,,,,0,0,0,0,0
3901,11,,,,0,0,0,0,0
3901,12,,,,0,0,0,0,0
3901,13,,,,0,0,0,0,0
3901,14,,,,0,0,0,0,0
3901,15,,,,0,0,0,0,0
3902,11,,,,0,0,0,0,0
3902,12,,,,0,0,0,0,0
3902,13,,,,0,0,0,0,0
3902,14,,,,0,0,0,0,0
3902,15,,,,0,0,0,0,0
3903,11,,,,0,0,0,0,0
3903,12,,,,0,0,0,0,0
3903,13,,,,0,0,0,0,0
3903,14,,,,0,0,0,0,0
3903,15,,,,0,0,0,0,0
3904,11,,,,0,0,0,0,0
3904,12,,,,0,0,0,0,0
3904,13,,,,0,0,0,0,0
3904,14,,,,0,0,0,0,0
3904,15,,,,0,0,0,0,0
3905,11,,,,0,0,0,0,0
3905,12,,,,0,0,0,0,0
3905,13,,,,0,0,0,0,0
3905,14,,,,0,0,0,0,0
3905,15,,,,0,0,0,0,0
3906,11,,,,0,0,0,0,0
3906,12,,,,0,0,0,0,0
3906,13,,,,0,0,0,0,0
3906,14,,,,0,0,0,0,0
3906,15,,,,0,0,0,0,0
3907,11,,,,0,0,0,0,0
3907,12,,,,0,0,0,0,0
3907,13,,,,0,0,0,0,0
3907,14,,,,0,0,0,0,0
3907,15,,,,0,0,0,0,0
3908,11,,,,0,0,0,0,0
3908,12,,,,0,0,0,0,0
3908,13,,,,0,0,0,0,0
3908,14,,,,0,0,0,0,0
3908,15,,,,0,0,0,0,0
3909,11,,,,0,0,0,0,0
3909,12,,,,0,0,0,0,0
3909,13,,,,0,0,0,0,0
3909,14,,,,0,0,0,0,0
3909,15,,,,0,0,0,0,0
3910,11,,,,0,0,0,0,0
3910,12,,,,0,0,0,0,0
3910,13,,,,0,0,0,0,0
3910,14,,,,0,0,0,0,0
3910,15,,,,0,0,0,0,0
3911,11,,,,0,0,0,0,0
3911,12,,,,0,0,0,0,0
3911,13,,,,0,0,0,0,0
3911,14,,,,0,0,0,0,0
3911,15,,,,0,0,0,0,0
3912,11,,,,0,0,0,0,0
3912,12,,,,0,0,0,0,0
3912,13,,,,0,0,0,0,0
3912,14,,,,0,0,0,0,0
3912,15,,,,0,0,0,0,0
3913,11,,,,0,0,0,0,0
3913,12,,,,0,0,0,0,0
3913,13,,,,0,0,0,0,0
3913,14,,,,0,0,0,0,0
3913,15,,,,0,0,0,0,0
3914,11,,,,0,0,0,0,0
3914,12,,,,0,0,0,0,0
3914,13,,,,0,0,0,0,0
3914,14,,,,0,0,0,0,0
3914,15,,,,0,0,0,0,0
3915,11,,,,0,0,0,0,0
3915,12,,,,0,0,0,0,0
3915,13,,,,0,0,0,0,0
3915,14,,,,0,0,0,0,0
3915,15,,,,0,0,0,0,0
3916,11,,,,0,0,0,0,0
3916,12,,,,0,0,0,0,0
3916,13,,,,0,0,0,0,0
3916,14,,,,0,0,0,0,0
3916,15,,,,0,0,0,0,0
3917,11,,,,0,0,0,0,0
3917,12,,,,0,0,0,0,0
3917,13,,,,0,0,0,0,0
3917,14,,,,0,0,0,0,0
3917,15,,,,0,0,0,0,0
3918,11,,,,0,0,0,0,0
3918,12,,,,0,0,0,0,0
3918,13,,,,0,0,0,0,0
3918,14,,,,0,0,0,0,0
3918,15,,,,0,0,0,0,0
3919,11,,,,0,0,0,0,0
3919,12,,,,0,0,0,0,0
3919,13,,,,0,0,0,0,0
3919,14,,,,0,0,0,0,0
3919,15,,,,0,0,0,0,0
3920,11,,,,0,0,0,0,0
3920,12,,,,0,0,0,0,0
3920,13,,,,0,0,0,0,0
3920,14,,,,0,0,0,0,0
3920,15,,,,0,0,0,0,0
3921,11,,,,0,0,0,0,0
3921,12,,,,0,0,0,0,0
3921,13,,,,0,0,0,0,0
3921,14,,,,0,0,0,0,0
3921,15,,,,0,0,0,0,0
3922,11,,,,0,0,0,0,0
3922,12,,,,0,0,0,0,0
3922,13,,,,0,0,0,0,0
3922,14,,,,0,0,0,0,0
3922,15,,,,0,0,0,0,0
3923,11,,,,0,0,0,0,0
3923,12,,,,0,0,0,0,0
3923,13,,,,0,0,0,0,0
3923,14,,,,0,0,0,0,0
3923,15,,,,0,0,0,0,0
3924,11,,,,0,0,0,0,0
3924,12,,,,0,0,0,0,0
3924,13,,,,0,0,0,0,0
3924,14,,,,0,0,0,0,0
3924,15,,,,0,0,0,0,0
3925,11,,,,0,0,0,0,0
3925,12,,,,0,0,0,0,0
3925,13,,,,0,0,0,0,0
3925,14,,,,0,0,0,0,0
3925,15,,,,0,0,0,0,0
3926,11,,,,0,0,0,0,0
3926,12,,,,0,0,0,0,0
3926,13,,,,0,0,0,0,0
3926,14,,,,0,0,0,0,0
3926,15,,,,0,0,0,0,0
3927,11,,,,0,0,0,0,0
3927,12,,,,0,0,0,0,0
3927,13,,,,0,0,0,0,0
3927,14,,,,0,0,0,0,0
3927,15,,,,0,0,0,0,0
3928,11,,,,0,0,0,0,0
3928,12,,,,0,0,0,0,0
3928,13,,,,0,0,0,0,0
3928,14,,,,0,0,0,0,0
3928,15,,,,0,0,0,0,0
3929,11,,,,0,0,0,0,0
3929,12,,,,0,0,0,0,0
3929,13,,,,0,0,0,0,0
3929,14,,,,0,0,0,0,0
3929,15,,,,0,0,0,0,0
3930,11,,,,0,0,0,0,0
3930,12,,,,0,0,0,0,0
3930,13,,,,0,0,0,0,0
3930,14,,,,0,0,0,0,0
3930,15,,,,0,0,0,0,0
3931,11,,,,0,0,0,0,0
3931,12,,,,0,0,0,0,0
3931,13,,,,0,0,0,0,0
3931,14,,,,0,0,0,0,0
3931,15,,,,0,0,0,0,0
3932,11,,,,0,0,0,0,0
3932,12,,,,0,0,0,0,0
3932,13,,,,0,0,0,0,0
3932,14,,,,0,0,0,0,0
3932,15,,,,0,0,0,0,0
3933,11,,,,0,0,0,0,0
3933,12,,,,0,0,0,0,0
3933,13,,,,0,0,0,0,0
3933,14,,,,0,0,0,0,0
3933,15,,,,0,0,0,0,0
3934,11,,,,0,0,0,0,0
3934,12,,,,0,0,0,0,0
3934,13,,,,0,0,0,0,0
3934,14,,,,0,0,0,0,0
3934,15,,,,0,0,0,0,0
3935,11,,,,0,0,0,0,0
3935,12,,,,0,0,0,0,0
3935,13,,,,0,0,0,0,0
3935,14,,,,0,0,0,0,0
3935,15,,,,0,0,0,0,0
3936,11,,,,0,0,0,0,0
3936,12,,,,0,0,0,0,0
3936,13,,,,0,0,0,0,0
3936,14,,,,0,0,0,0,0
3936,15,,,,0,0,0,0,0
3937,11,,,,0,0,0,0,0
3937,12,,,,0,0,0,0,0
3937,13,,,,0,0,0,0,0
3937,14,,,,0,0,0,0,0
3937,15,,,,0,0,0,0,0
3938,11,,,,0,0,0,0,0
3938,12,,,,0,0,0,0,0
3938,13,,,,0,0,0,0,0
3938,14,,,,0,0,0,0,0
3938,15,,,,0,0,0,0,0
3939,11,,,,0,0,0,0,0
3939,12,,,,0,0,0,0,0
3939,13,,,,0,0,0,0,0
3939,14,,,,0,0,0,0,0
3939,15,,,,0,0,0,0,0
3940,11,,,,0,0,0,0,0
3940,12,,,,0,0,0,0,0
3940,13,,,,0,0,0,0,0
3940,14,,,,0,0,0,0,0
3940,15,,,,0,0,0,0,0
3941,11,,,,0,0,0,0,0
3941,12,,,,0,0,0,0,0
3941,13,,,,0,0,0,0,0
3941,14,,,,0,0,0,0,0
3941,15,,,,0,0,0,0,0
3942,11,,,,0,0,0,0,0
3942,12,,,,0,0,0,0,0
3942,13,,,,0,0,0,0,0
3942,14,,,,0,0,0,0,0
3942,15,,,,0,0,0,0,0
3943,11,,,,0,0,0,0,0
3943,12,,,,0,0,0,0,0
3943,13,,,,0,0,0,0,0
3943,14,,,,0,0,0,0,0
3943,15,,,,0,0,0,0,0
3944,11,,,,0,0,0,0,0
3944,12,,,,0,0,0,0,0
3944,13,,,,0,0,0,0,0
3944,14,,,,0,0,0,0,0
3944,15,,,,0,0,0,0,0
3945,11,,,,0,0,0,0,0
3945,12,,,,0,0,0,0,0
3945,13,,,,0,0,0,0,0
3945,14,,,,0,0,0,0,0
3945,15,,,,0,0,0,0,0
3946,11,,,,0,0,0,0,0
3946,12,,,,0,0,0,0,0
3946,13,,,,0,0,0,0,0
3946,14,,,,0,0,0,0,0
3946,15,,,,0,0,0,0,0
3947,11,,,,0,0,0,0,0
3947,12,,,,0,0,0,0,0
3947,13,,,,0,0,0,0,0
3947,14,,,,0,0,0,0,0
3947,15,,,,0,0,0,0,0
3948,11,,,,0,0,0,0,0
3948,12,,,,0,0,0,0,0
3948,13,,,,0,0,0,0,0
3948,14,,,,0,0,0,0,0
3948,15,,,,0,0,0,0,0
3949,11,,,,0,0,0,0,0
3949,12,,,,0,0,0,0,0
3949,13,,,,0,0,0,0,0
3949,14,,,,0,0,0,0,0
3949,15,,,,0,0,0,0,0
3950,11,,,,0,0,0,0,0
3950,12,,,,0,0,0,0,0
3950,13,,,,0,0,0,0,0
3950,14,,,,0,0,0,0,0
3950,15,,,,0,0,0,0,0
3951,11,,,,0,0,0,0,0
3951,12,,,,0,0,0,0,0
3951,13,,,,0,0,0,0,0
3951,14,,,,0,0,0,0,0
3951,15,,,,0,0,0,0,0
3952,11,,,,0,0,0,0,0
3952,12,,,,0,0,0,0,0
3952,13,,,,0,0,0,0,0
3952,14,,,,0,0,0,0,0
3952,15,,,,0,0,0,0,0
3953,11,,,,0,0,0,0,0
3953,12,,,,0,0,0,0,0
3953,13,,,,0,0,0,0,0
3953,14,,,,0,0,0,0,0
3953,15,,,,0,0,0,0,0
3954,11,,,,0,0,0,0,0
3954,12,,,,0,0,0,0,0
3954,13,,,,0,0,0,0,0
3954,14,,,,0,0,0,0,0
3954,15,,,,0,0,0,0,0
3955,11,,,,0,0,0,0,0
3955,12,,,,0,0,0,0,0
3955,13,,,,0,0,0,0,0
3955,14,,,,0,0,0,0,0
3955,15,,,,0,0,0,0,0
3956,11,,,,0,0,0,0,0
3956,12,,,,0,0,0,0,0
3956,13,,,,0,0,0,0,0
3956,14,,,,0,0,0,0,0
3956,15,,,,0,0,0,0,0
3957,11,,,,0,0,0,0,0
3957,12,,,,0,0,0,0,0
3957,13,,,,0,0,0,0,0
3957,14,,,,0,0,0,0,0
3957,15,,,,0,0,0,0,0
3958,11,,,,0,0,0,0,0
3958,12,,,,0,0,0,0,0
3958,13,,,,0,0,0,0,0
3958,14,,,,0,0,0,0,0
3958,15,,,,0,0,0,0,0
3959,11,,,,0,0,0,0,0
3959,12,,,,0,0,0,0,0
3959,13,,,,0,0,0,0,0
3959,14,,,,0,0,0,0,0
3959,15,,,,0,0,0,0,0
3960,11,,,,0,0,0,0,0
3960,12,,,,0,0,0,0,0
3960,13,,,,0,0,0,0,0
3960,14,,,,0,0,0,0,0
3960,15,,,,0,0,0,0,0
3961,11,,,,0,0,0,0,0
3961,12,,,,0,0,0,0,0
3961,13,,,,0,0,0,0,0
3961,14,,,,0,0,0,0,0
3961,15,,,,0,0,0,0,0
3962,11,,,,0,0,0,0,0
3962,12,,,,0,0,0,0,0
3962,13,,,,0,0,0,0,0
3962,14,,,,0,0,0,0,0
3962,15,,,,0,0,0,0,0
3963,11,,,,0,0,0,0,0
3963,12,,,,0,0,0,0,0
3963,13,,,,0,0,0,0,0
3963,14,,,,0,0,0,0,0
3963,15,,,,0,0,0,0,0
3964,11,,,,0,0,0,0,0
3964,12,,,,0,0,0,0,0
3964,13,,,,0,0,0,0,0
3964,14,,,,0,0,0,0,0
3964,15,,,,0,0,0,0,0
3965,11,,,,0,0,0,0,0
3965,12,,,,0,0,0,0,0
3965,13,,,,0,0,0,0,0
3965,14,,,,0,0,0,0,0
3965,15,,,,0,0,0,0,0
3966,11,,,,0,0,0,0,0
3966,12,,,,0,0,0,0,0
3966,13,,,,0,0,0,0,0
3966,14,,,,0,0,0,0,0
3966,15,,,,0,0,0,0,0
3967,11,,,,0,0,0,0,0
3967,12,,,,0,0,0,0,0
3967,13,,,,0,0,0,0,0
3967,14,,,,0,0,0,0,0
3967,15,,,,0,0,0,0,0
3968,11,,,,0,0,0,0,0
3968,12,,,,0,0,0,0,0
3968,13,,,,0,0,0,0,0
3968,14,,,,0,0,0,0,0
3968,15,,,,0,0,0,0,0
3969,11,,,,0,0,0,0,0
3969,12,,,,0,0,0,0,0
3969,13,,,,0,0,0,0,0
3969,14,,,,0,0,0,0,0
3969,15,,,,0,0,0,0,0
3970,11,,,,0,0,0,0,0
3970,12,,,,0,0,0,0,0
3970,13,,,,0,0,0,0,0
3970,14,,,,0,0,0,0,0
3970,15,,,,0,0,0,0,0
3971,11,,,,0,0,0,0,0
3971,12,,,,0,0,0,0,0
3971,13,,,,0,0,0,0,0
3971,14,,,,0,0,0,0,0
3971,15,,,,0,0,0,0,0
3972,11,,,,0,0,0,0,0
3972,12,,,,0,0,0,0,0
3972,13,,,,0,0,0,0,0
3972,14,,,,0,0,0,0,0
3972,15,,,,0,0,0,0,0
3973,11,,,,0,0,0,0,0
3973,12,,,,0,0,0,0,0
3973,13,,,,0,0,0,0,0
3973,14,,,,0,0,0,0,0
3973,15,,,,0,0,0,0,0
3974,11,,,,0,0,0,0,0
3974,12,,,,0,0,0,0,0
3974,13,,,,0,0,0,0,0
3974,14,,,,0,0,0,0,0
3974,15,,,,0,0,0,0,0
3975,11,,,,0,0,0,0,0
3975,12,,,,0,0,0,0,0
3975,13,,,,0,0,0,0,0
3975,14,,,,0,0,0,0,0
3975,15,,,,0,0,0,0,0
3976,11,,,,0,0,0,0,0
3976,12,,,,0,0,0,0,0
3976,13,,,,0,0,0,0,0
3976,14,,,,0,0,0,0,0
3976,15,,,,0,0,0,0,0
3977,11,,,,0,0,0,0,0
3977,12,,,,0,0,0,0,0
3977,13,,,,0,0,0,0,0
3977,14,,,,0,0,0,0,0
3977,15,,,,0,0,0,0,0
3978,11,,,,0,0,0,0,0
3978,12,,,,0,0,0,0,0
3978,13,,,,0,0,0,0,0
3978,14,,,,0,0,0,0,0
3978,15,,,,0,0,0,0,0
3979,11,,,,0,0,0,0,0
3979,12,,,,0,0,0,0,0
3979,13,,,,0,0,0,0,0
3979,14,,,,0,0,0,0,0
3979,15,,,,0,0,0,0,0
3980,11,,,,0,0,0,0,0
3980,12,,,,0,0,0,0,0
3980,13,,,,0,0,0,0,0
3980,14,,,,0,0,0,0,0
3980,15,,,,0,0,0,0,0
3981,11,,,,0,0,0,0,0
3981,12,,,,0,0,0,0,0
3981,13,,,,0,0,0,0,0
3981,14,,,,0,0,0,0,0
3981,15,,,,0,0,0,0,0
3982,11,,,,0,0,0,0,0
3982,12,,,,0,0,0,0,0
3982,13,,,,0,0,0,0,0
3982,14,,,,0,0,0,0,0
3982,15,,,,0,0,0,0,0
3983,11,,,,0,0,0,0,0
3983,12,,,,0,0,0,0,0
3983,13,,,,0,0,0,0,0
3983,14,,,,0,0,0,0,0
3983,15,,,,0,0,0,0,0
3984,11,,,,0,0,0,0,0
3984,12,,,,0,0,0,0,0
3984,13,,,,0,0,0,0,0
3984,14,,,,0,0,0,0,0
3984,15,,,,0,0,0,0,0
3985,11,,,,0,0,0,0,0
3985,12,,,,0,0,0,0,0
3985,13,,,,0,0,0,0,0
3985,14,,,,0,0,0,0,0
3985,15,,,,0,0,0,0,0
3986,11,,,,0,0,0,0,0
3986,12,,,,0,0,0,0,0
3986,13,,,,0,0,0,0,0
3986,14,,,,0,0,0,0,0
3986,15,,,,0,0,0,0,0
3987,11,,,,0,0,0,0,0
3987,12,,,,0,0,0,0,0
3987,13,,,,0,0,0,0,0
3987,14,,,,0,0,0,0,0
3987,15,,,,0,0,0,0,0
3988,11,,,,0,0,0,0,0
3988,12,,,,0,0,0,0,0
3988,13,,,,0,0,0,0,0
3988,14,,,,0,0,0,0,0
3988,15,,,,0,0,0,0,0
3989,11,,,,0,0,0,0,0
3989,12,,,,0,0,0,0,0
3989,13,,,,0,0,0,0,0
3989,14,,,,0,0,0,0,0
3989,15,,,,0,0,0,0,0
3990,11,,,,0,0,0,0,0
3990,12,,,,0,0,0,0,0
3990,13,,,,0,0,0,0,0
3990,14,,,,0,0,0,0,0
3990,15,,,,0,0,0,0,0
3991,11,,,,0,0,0,0,0
3991,12,,,,0,0,0,0,0
3991,13,,,,0,0,0,0,0
3991,14,,,,0,0,0,0,0
3991,15,,,,0,0,0,0,0
3992,11,,,,0,0,0,0,0
3992,12,,,,0,0,0,0,0
3992,13,,,,0,0,0,0,0
3992,14,,,,0,0,0,0,0
3992,15,,,,0,0,0,0,0
3993,11,,,,0,0,0,0,0
3993,12,,,,0,0,0,0,0
3993,13,,,,0,0,0,0,0
3993,14,,,,0,0,0,0,0
3993,15,,,,0,0,0,0,0
3994,11,,,,0,0,0,0,0
3994,12,,,,0,0,0,0,0
3994,13,,,,0,0,0,0,0
3994,14,,,,0,0,0,0,0
3994,15,,,,0,0,0,0,0
3995,11,,,,0,0,0,0,0
3995,12,,,,0,0,0,0,0
3995,13,,,,0,0,0,0,0
3995,14,,,,0,0,0,0,0
3995,15,,,,0,0,0,0,0
3996,11,,,,0,0,0,0,0
3996,12,,,,0,0,0,0,0
3996,13,,,,0,0,0,0,0
3996,14,,,,0,0,0,0,0
3996,15,,,,0,0,0,0,0
3997,11,,,,0,0,0,0,0
3997,12,,,,0,0,0,0,0
3997,13,,,,0,0,0,0,0
3997,14,,,,0,0,0,0,0
3997,15,,,,0,0,0,0,0
3998,11,,,,0,0,0,0,0
3998,12,,,,0,0,0,0,0
3998,13,,,,0,0,0,0,0
3998,14,,,,0,0,0,0,0
3998,15,,,,0,0,0,0,0
3999,11,,,,0,0,0,0,0
3999,12,,,,0,0,0,0,0
3999,13,,,,0,0,0,0,0
3999,14,,,,0,0,0,0,0
3999,15,,,,0,0,0,0,0
4000,11,,,,0,0,0,0,0
4000,12,,,,0,0,0,0,0
4000,13,,,,0,0,0,0,0
4000,14,,,,0,0,0,0,0
4000,15,,,,0,0,0,0,0
4001,11,,,,0,0,0,0,0
4001,12,,,,0,0,0,0,0
4001,13,,,,0,0,0,0,0
4001,14,,,,0,0,0,0,0
4001,15,,,,0,0,0,0,0
4002,11,,,,0,0,0,0,0
4002,12,,,,0,0,0,0,0
4002,13,,,,0,0,0,0,0
4002,14,,,,0,0,0,0,0
4002,15,,,,0,0,0,0,0
4003,11,,,,0,0,0,0,0
4003,12,,,,0,0,0,0,0
4003,13,,,,0,0,0,0,0
4003,14,,,,0,0,0,0,0
4003,15,,,,0,0,0,0,0
4004,11,,,,0,0,0,0,0
4004,12,,,,0,0,0,0,0
4004,13,,,,0,0,0,0,0
4004,14,,,,0,0,0,0,0
4004,15,,,,0,0,0,0,0
4005,11,,,,0,0,0,0,0
4005,12,,,,0,0,0,0,0
4005,13,,,,0,0,0,0,0
4005,14,,,,0,0,0,0,0
4005,15,,,,0,0,0,0,0
4006,11,,,,0,0,0,0,0
4006,12,,,,0,0,0,0,0
4006,13,,,,0,0,0,0,0
4006,14,,,,0,0,0,0,0
4006,15,,,,0,0,0,0,0
4007,11,,,,0,0,0,0,0
4007,12,,,,0,0,0,0,0
4007,13,,,,0,0,0,0,0
4007,14,,,,0,0,0,0,0
4007,15,,,,0,0,0,0,0
4008,11,,,,0,0,0,0,0
4008,12,,,,0,0,0,0,0
4008,13,,,,0,0,0,0,0
4008,14,,,,0,0,0,0,0
4008,15,,,,0,0,0,0,0
4009,11,,,,0,0,0,0,0
4009,12,,,,0,0,0,0,0
4009,13,,,,0,0,0,0,0
4009,14,,,,0,0,0,0,0
4009,15,,,,0,0,0,0,0
4010,11,,,,0,0,0,0,0
4010,12,,,,0,0,0,0,0
4010,13,,,,0,0,0,0,0
4010,14,,,,0,0,0,0,0
4010,15,,,,0,0,0,0,0
4011,11,,,,0,0,0,0,0
4011,12,,,,0,0,0,0,0
4011,13,,,,0,0,0,0,0
4011,14,,,,0,0,0,0,0
4011,15,,,,0,0,0,0,0
4012,11,,,,0,0,0,0,0
4012,12,,,,0,0,0,0,0
4012,13,,,,0,0,0,0,0
4012,14,,,,0,0,0,0,0
4012,15,,,,0,0,0,0,0
4013,11,,,,0,0,0,0,0
4013,12,,,,0,0,0,0,0
4013,13,,,,0,0,0,0,0
4013,14,,,,0,0,0,0,0
4013,15,,,,0,0,0,0,0
4014,11,,,,0,0,0,0,0
4014,12,,,,0,0,0,0,0
4014,13,,,,0,0,0,0,0
4014,14,,,,0,0,0,0,0
4014,15,,,,0,0,0,0,0
4015,11,,,,0,0,0,0,0
4015,12,,,,0,0,0,0,0
4015,13,,,,0,0,0,0,0
4015,14,,,,0,0,0,0,0
4015,15,,,,0,0,0,0,0
4016,11,,,,0,0,0,0,0
4016,12,,,,0,0,0,0,0
4016,13,,,,0,0,0,0,0
4016,14,,,,0,0,0,0,0
4016,15,,,,0,0,0,0,0
4017,11,,,,0,0,0,0,0
4017,12,,,,0,0,0,0,0
4017,13,,,,0,0,0,0,0
4017,14,,,,0,0,0,0,0
4017,15,,,,0,0,0,0,0
4018,11,,,,0,0,0,0,0
4018,12,,,,0,0,0,0,0
4018,13,,,,0,0,0,0,0
4018,14,,,,0,0,0,0,0
4018,15,,,,0,0,0,0,0
4019,11,,,,0,0,0,0,0
4019,12,,,,0,0,0,0,0
4019,13,,,,0,0,0,0,0
4019,14,,,,0,0,0,0,0
4019,15,,,,0,0,0,0,0
4020,11,,,,0,0,0,0,0
4020,12,,,,0,0,0,0,0
4020,13,,,,0,0,0,0,0
4020,14,,,,0,0,0,0,0
4020,15,,,,0,0,0,0,0
4021,11,,,,0,0,0,0,0
4021,12,,,,0,0,0,0,0
4021,13,,,,0,0,0,0,0
4021,14,,,,0,0,0,0,0
4021,15,,,,0,0,0,0,0
4022,11,,,,0,0,0,0,0
4022,12,,,,0,0,0,0,0
4022,13,,,,0,0,0,0,0
4022,14,,,,0,0,0,0,0
4022,15,,,,0,0,0,0,0
4023,11,,,,0,0,0,0,0
4023,12,,,,0,0,0,0,0
4023,13,,,,0,0,0,0,0
4023,14,,,,0,0,0,0,0
4023,15,,,,0,0,0,0,0
4024,11,,,,0,0,0,0,0
4024,12,,,,0,0,0,0,0
4024,13,,,,0,0,0,0,0
4024,14,,,,0,0,0,0,0
4024,15,,,,0,0,0,0,0
4025,11,,,,0,0,0,0,0
4025,12,,,,0,0,0,0,0
4025,13,,,,0,0,0,0,0
4025,14,,,,0,0,0,0,0
4025,15,,,,0,0,0,0,0
4026,11,,,,0,0,0,0,0
4026,12,,,,0,0,0,0,0
4026,13,,,,0,0,0,0,0
4026,14,,,,0,0,0,0,0
4026,15,,,,0,0,0,0,0
4027,11,,,,0,0,0,0,0
4027,12,,,,0,0,0,0,0
4027,13,,,,0,0,0,0,0
4027,14,,,,0,0,0,0,0
4027,15,,,,0,0,0,0,0
4028,11,,,,0,0,0,0,0
4028,12,,,,0,0,0,0,0
4028,13,,,,0,0,0,0,0
4028,14,,,,0,0,0,0,0
4028,15,,,,0,0,0,0,0
4029,11,,,,0,0,0,0,0
4029,12,,,,0,0,0,0,0
4029,13,,,,0,0,0,0,0
4029,14,,,,0,0,0,0,0
4029,15,,,,0,0,0,0,0
4030,11,,,,0,0,0,0,0
4030,12,,,,0,0,0,0,0
4030,13,,,,0,0,0,0,0
4030,14,,,,0,0,0,0,0
4030,15,,,,0,0,0,0,0
4031,11,,,,0,0,0,0,0
4031,12,,,,0,0,0,0,0
4031,13,,,,0,0,0,0,0
4031,14,,,,0,0,0,0,0
4031,15,,,,0,0,0,0,0
4032,11,,,,0,0,0,0,0
4032,12,,,,0,0,0,0,0
4032,13,,,,0,0,0,0,0
4032,14,,,,0,0,0,0,0
4032,15,,,,0,0,0,0,0
4033,11,,,,0,0,0,0,0
4033,12,,,,0,0,0,0,0
4033,13,,,,0,0,0,0,0
4033,14,,,,0,0,0,0,0
4033,15,,,,0,0,0,0,0
4034,11,,,,0,0,0,0,0
4034,12,,,,0,0,0,0,0
4034,13,,,,0,0,0,0,0
4034,14,,,,0,0,0,0,0
4034,15,,,,0,0,0,0,0
4035,11,,,,0,0,0,0,0
4035,12,,,,0,0,0,0,0
4035,13,,,,0,0,0,0,0
4035,14,,,,0,0,0,0,0
4035,15,,,,0,0,0,0,0
4036,11,,,,0,0,0,0,0
4036,12,,,,0,0,0,0,0
4036,13,,,,0,0,0,0,0
4036,14,,,,0,0,0,0,0
4036,15,,,,0,0,0,0,0
4037,11,,,,0,0,0,0,0
4037,12,,,,0,0,0,0,0
4037,13,,,,0,0,0,0,0
4037,14,,,,0,0,0,0,0
4037,15,,,,0,0,0,0,0
4038,11,,,,0,0,0,0,0
4038,12,,,,0,0,0,0,0
4038,13,,,,0,0,0,0,0
4038,14,,,,0,0,0,0,0
4038,15,,,,0,0,0,0,0
4039,11,,,,0,0,0,0,0
4039,12,,,,0,0,0,0,0
4039,13,,,,0,0,0,0,0
4039,14,,,,0,0,0,0,0
4039,15,,,,0,0,0,0,0
4040,11,,,,0,0,0,0,0
4040,12,,,,0,0,0,0,0
4040,13,,,,0,0,0,0,0
4040,14,,,,0,0,0,0,0
4040,15,,,,0,0,0,0,0
4041,11,,,,0,0,0,0,0
4041,12,,,,0,0,0,0,0
4041,13,,,,0,0,0,0,0
4041,14,,,,0,0,0,0,0
4041,15,,,,0,0,0,0,0
4042,11,,,,0,0,0,0,0
4042,12,,,,0,0,0,0,0
4042,13,,,,0,0,0,0,0
4042,14,,,,0,0,0,0,0
4042,15,,,,0,0,0,0,0
4043,11,,,,0,0,0,0,0
4043,12,,,,0,0,0,0,0
4043,13,,,,0,0,0,0,0
4043,14,,,,0,0,0,0,0
4043,15,,,,0,0,0,0,0
4044,11,,,,0,0,0,0,0
4044,12,,,,0,0,0,0,0
4044,13,,,,0,0,0,0,0
4044,14,,,,0,0,0,0,0
4044,15,,,,0,0,0,0,0
4045,11,,,,0,0,0,0,0
4045,12,,,,0,0,0,0,0
4045,13,,,,0,0,0,0,0
4045,14,,,,0,0,0,0,0
4045,15,,,,0,0,0,0,0
4046,11,,,,0,0,0,0,0
4046,12,,,,0,0,0,0,0
4046,13,,,,0,0,0,0,0
4046,14,,,,0,0,0,0,0
4046,15,,,,0,0,0,0,0
4047,11,,,,0,0,0,0,0
4047,12,,,,0,0,0,0,0
4047,13,,,,0,0,0,0,0
4047,14,,,,0,0,0,0,0
4047,15,,,,0,0,0,0,0
4048,11,,,,0,0,0,0,0
4048,12,,,,0,0,0,0,0
4048,13,,,,0,0,0,0,0
4048,14,,,,0,0,0,0,0
4048,15,,,,0,0,0,0,0
4049,11,,,,0,0,0,0,0
4049,12,,,,0,0,0,0,0
4049,13,,,,0,0,0,0,0
4049,14,,,,0,0,0,0,0
4049,15,,,,0,0,0,0,0
4050,11,,,,0,0,0,0,0
4050,12,,,,0,0,0,0,0
4050,13,,,,0,0,0,0,0
4050,14,,,,0,0,0,0,0
4050,15,,,,0,0,0,0,0
4051,11,,,,0,0,0,0,0
4051,12,,,,0,0,0,0,0
4051,13,,,,0,0,0,0,0
4051,14,,,,0,0,0,0,0
4051,15,,,,0,0,0,0,0
4052,11,,,,0,0,0,0,0
4052,12,,,,0,0,0,0,0
4052,13,,,,0,0,0,0,0
4052,14,,,,0,0,0,0,0
4052,15,,,,0,0,0,0,0
4053,11,,,,0,0,0,0,0
4053,12,,,,0,0,0,0,0
4053,13,,,,0,0,0,0,0
4053,14,,,,0,0,0,0,0
4053,15,,,,0,0,0,0,0
4054,11,,,,0,0,0,0,0
4054,12,,,,0,0,0,0,0
4054,13,,,,0,0,0,0,0
4054,14,,,,0,0,0,0,0
4054,15,,,,0,0,0,0,0
4055,11,,,,0,0,0,0,0
4055,12,,,,0,0,0,0,0
4055,13,,,,0,0,0,0,0
4055,14,,,,0,0,0,0,0
4055,15,,,,0,0,0,0,0
4056,11,,,,0,0,0,0,0
4056,12,,,,0,0,0,0,0
4056,13,,,,0,0,0,0,0
4056,14,,,,0,0,0,0,0
4056,15,,,,0,0,0,0,0
4057,11,,,,0,0,0,0,0
4057,12,,,,0,0,0,0,0
4057,13,,,,0,0,0,0,0
4057,14,,,,0,0,0,0,0
4057,15,,,,0,0,0,0,0
4058,11,,,,0,0,0,0,0
4058,12,,,,0,0,0,0,0
4058,13,,,,0,0,0,0,0
4058,14,,,,0,0,0,0,0
4058,15,,,,0,0,0,0,0
4059,11,,,,0,0,0,0,0
4059,12,,,,0,0,0,0,0
4059,13,,,,0,0,0,0,0
4059,14,,,,0,0,0,0,0
4059,15,,,,0,0,0,0,0
4060,11,,,,0,0,0,0,0
4060,12,,,,0,0,0,0,0
4060,13,,,,0,0,0,0,0
4060,14,,,,0,0,0,0,0
4060,15,,,,0,0,0,0,0
4061,11,,,,0,0,0,0,0
4061,12,,,,0,0,0,0,0
4061,13,,,,0,0,0,0,0
4061,14,,,,0,0,0,0,0
4061,15,,,,0,0,0,0,0
4062,11,,,,0,0,0,0,0
4062,12,,,,0,0,0,0,0
4062,13,,,,0,0,0,0,0
4062,14,,,,0,0,0,0,0
4062,15,,,,0,0,0,0,0
4063,11,,,,0,0,0,0,0
4063,12,,,,0,0,0,0,0
4063,13,,,,0,0,0,0,0
4063,14,,,,0,0,0,0,0
4063,15,,,,0,0,0,0,0
4064,11,,,,0,0,0,0,0
4064,12,,,,0,0,0,0,0
4064,13,,,,0,0,0,0,0
4064,14,,,,0,0,0,0,0
4064,15,,,,0,0,0,0,0
4065,11,,,,0,0,0,0,0
4065,12,,,,0,0,0,0,0
4065,13,,,,0,0,0,0,0
4065,14,,,,0,0,0,0,0
4065,15,,,,0,0,0,0,0
4066,11,,,,0,0,0,0,0
4066,12,,,,0,0,0,0,0
4066,13,,,,0,0,0,0,0
4066,14,,,,0,0,0,0,0
4066,15,,,,0,0,0,0,0
4067,11,,,,0,0,0,0,0
4067,12,,,,0,0,0,0,0
4067,13,,,,0,0,0,0,0
4067,14,,,,0,0,0,0,0
4067,15,,,,0,0,0,0,0
4068,11,,,,0,0,0,0,0
4068,12,,,,0,0,0,0,0
4068,13,,,,0,0,0,0,0
4068,14,,,,0,0,0,0,0
4068,15,,,,0,0,0,0,0
4069,11,,,,0,0,0,0,0
4069,12,,,,0,0,0,0,0
4069,13,,,,0,0,0,0,0
4069,14,,,,0,0,0,0,0
4069,15,,,,0,0,0,0,0
4070,11,,,,0,0,0,0,0
4070,12,,,,0,0,0,0,0
4070,13,,,,0,0,0,0,0
4070,14,,,,0,0,0,0,0
4070,15,,,,0,0,0,0,0
4071,11,,,,0,0,0,0,0
4071,12,,,,0,0,0,0,0
4071,13,,,,0,0,0,0,0
4071,14,,,,0,0,0,0,0
4071,15,,,,0,0,0,0,0
4072,11,,,,0,0,0,0,0
4072,12,,,,0,0,0,0,0
4072,13,,,,0,0,0,0,0
4072,14,,,,0,0,0,0,0
4072,15,,,,0,0,0,0,0
4073,11,,,,0,0,0,0,0
4073,12,,,,0,0,0,0,0
4073,13,,,,0,0,0,0,0
4073,14,,,,0,0,0,0,0
4073,15,,,,0,0,0,0,0
4074,11,,,,0,0,0,0,0
4074,12,,,,0,0,0,0,0
4074,13,,,,0,0,0,0,0
4074,14,,,,0,0,0,0,0
4074,15,,,,0,0,0,0,0
4075,11,,,,0,0,0,0,0
4075,12,,,,0,0,0,0,0
4075,13,,,,0,0,0,0,0
4075,14,,,,0,0,0,0,0
4075,15,,,,0,0,0,0,0
4076,11,,,,0,0,0,0,0
4076,12,,,,0,0,0,0,0
4076,13,,,,0,0,0,0,0
4076,14,,,,0,0,0,0,0
4076,15,,,,0,0,0,0,0
4077,11,,,,0,0,0,0,0
4077,12,,,,0,0,0,0,0
4077,13,,,,0,0,0,0,0
4077,14,,,,0,0,0,0,0
4077,15,,,,0,0,0,0,0
4078,11,,,,0,0,0,0,0
4078,12,,,,0,0,0,0,0
4078,13,,,,0,0,0,0,0
4078,14,,,,0,0,0,0,0
4078,15,,,,0,0,0,0,0
4079,11,,,,0,0,0,0,0
4079,12,,,,0,0,0,0,0
4079,13,,,,0,0,0,0,0
4079,14,,,,0,0,0,0,0
4079,15,,,,0,0,0,0,0
4080,11,,,,0,0,0,0,0
4080,12,,,,0,0,0,0,0
4080,13,,,,0,0,0,0,0
4080,14,,,,0,0,0,0,0
4080,15,,,,0,0,0,0,0
4081,11,,,,0,0,0,0,0
4081,12,,,,0,0,0,0,0
4081,13,,,,0,0,0,0,0
4081,14,,,,0,0,0,0,0
4081,15,,,,0,0,0,0,0
4082,11,,,,0,0,0,0,0
4082,12,,,,0,0,0,0,0
4082,13,,,,0,0,0,0,0
4082,14,,,,0,0,0,0,0
4082,15,,,,0,0,0,0,0
4083,11,,,,0,0,0,0,0
4083,12,,,,0,0,0,0,0
4083,13,,,,0,0,0,0,0
4083,14,,,,0,0,0,0,0
4083,15,,,,0,0,0,0,0
4084,11,,,,0,0,0,0,0
4084,12,,,,0,0,0,0,0
4084,13,,,,0,0,0,0,0
4084,14,,,,0,0,0,0,0
4084,15,,,,0,0,0,0,0
4085,11,,,,0,0,0,0,0
4085,12,,,,0,0,0,0,0
4085,13,,,,0,0,0,0,0
4085,14,,,,0,0,0,0,0
4085,15,,,,0,0,0,0,0
4086,11,,,,0,0,0,0,0
4086,12,,,,0,0,0,0,0
4086,13,,,,0,0,0,0,0
4086,14,,,,0,0,0,0,0
4086,15,,,,0,0,0,0,0
4087,11,,,,0,0,0,0,0
4087,12,,,,0,0,0,0,0
4087,13,,,,0,0,0,0,0
4087,14,,,,0,0,0,0,0
4087,15,,,,0,0,0,0,0
4088,11,,,,0,0,0,0,0
4088,12,,,,0,0,0,0,0
4088,13,,,,0,0,0,0,0
4088,14,,,,0,0,0,0,0
4088,15,,,,0,0,0,0,0
4089,11,,,,0,0,0,0,0
4089,12,,,,0,0,0,0,0
4089,13,,,,0,0,0,0,0
4089,14,,,,0,0,0,0,0
4089,15,,,,0,0,0,0,0
4090,11,,,,0,0,0,0,0
4090,12,,,,0,0,0,0,0
4090,13,,,,0,0,0,0,0
4090,14,,,,0,0,0,0,0
4090,15,,,,0,0,0,0,0
4091,11,,,,0,0,0,0,0
4091,12,,,,0,0,0,0,0
4091,13,,,,0,0,0,0,0
4091,14,,,,0,0,0,0,0
4091,15,,,,0,0,0,0,0
4092,11,,,,0,0,0,0,0
4092,12,,,,0,0,0,0,0
4092,13,,,,0,0,0,0,0
4092,14,,,,0,0,0,0,0
4092,15,,,,0,0,0,0,0
4093,11,,,,0,0,0,0,0
4093,12,,,,0,0,0,0,0
4093,13,,,,0,0,0,0,0
4093,14,,,,0,0,0,0,0
4093,15,,,,0,0,0,0,0
4094,11,,,,0,0,0,0,0
4094,12,,,,0,0,0,0,0
4094,13,,,,0,0,0,0,0
4094,14,,,,0,0,0,0,0
4094,15,,,,0,0,0,0,0
4095,11,,,,0,0,0,0,0
4095,12,,,,0,0,0,0,0
4095,13,,,,0,0,0,0,0
4095,14,,,,0,0,0,0,0
4095,15,,,,0,0,0,0,0
4096,11,,,,0,0,0,0,0
4096,12,,,,0,0,0,0,0
4096,13,,,,0,0,0,0,0
4096,14,,,,0,0,0,0,0
4096,15,,,,0,0,0,0,0
4097,11,,,,0,0,0,0,0
4097,12,,,,0,0,0,0,0
4097,13,,,,0,0,0,0,0
4097,14,,,,0,0,0,0,0
4097,15,,,,0,0,0,0,0
4098,11,,,,0,0,0,0,0
4098,12,,,,0,0,0,0,0
4098,13,,,,0,0,0,0,0
4098,14,,,,0,0,0,0,0
4098,15,,,,0,0,0,0,0
4099,11,,,,0,0,0,0,0
4099,12,,,,0,0,0,0,0
4099,13,,,,0,0,0,0,0
4099,14,,,,0,0,0,0,0
4099,15,,,,0,0,0,0,0
4100,11,,,,0,0,0,0,0
4100,12,,,,0,0,0,0,0
4100,13,,,,0,0,0,0,0
4100,14,,,,0,0,0,0,0
4100,15,,,,0,0,0,0,0
4101,11,,,,0,0,0,0,0
4101,12,,,,0,0,0,0,0
4101,13,,,,0,0,0,0,0
4101,14,,,,0,0,0,0,0
4101,15,,,,0,0,0,0,0
4102,11,,,,0,0,0,0,0
4102,12,,,,0,0,0,0,0
4102,13,,,,0,0,0,0,0
4102,14,,,,0,0,0,0,0
4102,15,,,,0,0,0,0,0
4103,11,,,,0,0,0,0,0
4103,12,,,,0,0,0,0,0
4103,13,,,,0,0,0,0,0
4103,14,,,,0,0,0,0,0
4103,15,,,,0,0,0,0,0
4104,11,,,,0,0,0,0,0
4104,12,,,,0,0,0,0,0
4104,13,,,,0,0,0,0,0
4104,14,,,,0,0,0,0,0
4104,15,,,,0,0,0,0,0
4105,11,,,,0,0,0,0,0
4105,12,,,,0,0,0,0,0
4105,13,,,,0,0,0,0,0
4105,14,,,,0,0,0,0,0
4105,15,,,,0,0,0,0,0
4106,11,,,,0,0,0,0,0
4106,12,,,,0,0,0,0,0
4106,13,,,,0,0,0,0,0
4106,14,,,,0,0,0,0,0
4106,15,,,,0,0,0,0,0
4107,11,,,,0,0,0,0,0
4107,12,,,,0,0,0,0,0
4107,13,,,,0,0,0,0,0
4107,14,,,,0,0,0,0,0
4107,15,,,,0,0,0,0,0
4108,11,,,,0,0,0,0,0
4108,12,,,,0,0,0,0,0
4108,13,,,,0,0,0,0,0
4108,14,,,,0,0,0,0,0
4108,15,,,,0,0,0,0,0
4109,11,,,,0,0,0,0,0
4109,12,,,,0,0,0,0,0
4109,13,,,,0,0,0,0,0
4109,14,,,,0,0,0,0,0
4109,15,,,,0,0,0,0,0
4110,11,,,,0,0,0,0,0
4110,12,,,,0,0,0,0,0
4110,13,,,,0,0,0,0,0
4110,14,,,,0,0,0,0,0
4110,15,,,,0,0,0,0,0
4111,11,,,,0,0,0,0,0
4111,12,,,,0,0,0,0,0
4111,13,,,,0,0,0,0,0
4111,14,,,,0,0,0,0,0
4111,15,,,,0,0,0,0,0
4112,11,,,,0,0,0,0,0
4112,12,,,,0,0,0,0,0
4112,13,,,,0,0,0,0,0
4112,14,,,,0,0,0,0,0
4112,15,,,,0,0,0,0,0
4113,11,,,,0,0,0,0,0
4113,12,,,,0,0,0,0,0
4113,13,,,,0,0,0,0,0
4113,14,,,,0,0,0,0,0
4113,15,,,,0,0,0,0,0
4114,11,,,,0,0,0,0,0
4114,12,,,,0,0,0,0,0
4114,13,,,,0,0,0,0,0
4114,14,,,,0,0,0,0,0
4114,15,,,,0,0,0,0,0
4115,11,,,,0,0,0,0,0
4115,12,,,,0,0,0,0,0
4115,13,,,,0,0,0,0,0
4115,14,,,,0,0,0,0,0
4115,15,,,,0,0,0,0,0
4116,11,,,,0,0,0,0,0
4116,12,,,,0,0,0,0,0
4116,13,,,,0,0,0,0,0
4116,14,,,,0,0,0,0,0
4116,15,,,,0,0,0,0,0
4117,11,,,,0,0,0,0,0
4117,12,,,,0,0,0,0,0
4117,13,,,,0,0,0,0,0
4117,14,,,,0,0,0,0,0
4117,15,,,,0,0,0,0,0
4118,11,,,,0,0,0,0,0
4118,12,,,,0,0,0,0,0
4118,13,,,,0,0,0,0,0
4118,14,,,,0,0,0,0,0
4118,15,,,,0,0,0,0,0
4119,11,,,,0,0,0,0,0
4119,12,,,,0,0,0,0,0
4119,13,,,,0,0,0,0,0
4119,14,,,,0,0,0,0,0
4119,15,,,,0,0,0,0,0
4120,11,,,,0,0,0,0,0
4120,12,,,,0,0,0,0,0
4120,13,,,,0,0,0,0,0
4120,14,,,,0,0,0,0,0
4120,15,,,,0,0,0,0,0
4121,11,,,,0,0,0,0,0
4121,12,,,,0,0,0,0,0
4121,13,,,,0,0,0,0,0
4121,14,,,,0,0,0,0,0
4121,15,,,,0,0,0,0,0
4122,11,,,,0,0,0,0,0
4122,12,,,,0,0,0,0,0
4122,13,,,,0,0,0,0,0
4122,14,,,,0,0,0,0,0
4122,15,,,,0,0,0,0,0
4123,11,,,,0,0,0,0,0
4123,12,,,,0,0,0,0,0
4123,13,,,,0,0,0,0,0
4123,14,,,,0,0,0,0,0
4123,15,,,,0,0,0,0,0
4124,11,,,,0,0,0,0,0
4124,12,,,,0,0,0,0,0
4124,13,,,,0,0,0,0,0
4124,14,,,,0,0,0,0,0
4124,15,,,,0,0,0,0,0
4125,11,,,,0,0,0,0,0
4125,12,,,,0,0,0,0,0
4125,13,,,,0,0,0,0,0
4125,14,,,,0,0,0,0,0
4125,15,,,,0,0,0,0,0
4126,11,,,,0,0,0,0,0
4126,12,,,,0,0,0,0,0
4126,13,,,,0,0,0,0,0
4126,14,,,,0,0,0,0,0
4126,15,,,,0,0,0,0,0
4127,11,,,,0,0,0,0,0
4127,12,,,,0,0,0,0,0
4127,13,,,,0,0,0,0,0
4127,14,,,,0,0,0,0,0
4127,15,,,,0,0,0,0,0
4128,11,,,,0,0,0,0,0
4128,12,,,,0,0,0,0,0
4128,13,,,,0,0,0,0,0
4128,14,,,,0,0,0,0,0
4128,15,,,,0,0,0,0,0
4129,11,,,,0,0,0,0,0
4129,12,,,,0,0,0,0,0
4129,13,,,,0,0,0,0,0
4129,14,,,,0,0,0,0,0
4129,15,,,,0,0,0,0,0
4130,11,,,,0,0,0,0,0
4130,12,,,,0,0,0,0,0
4130,13,,,,0,0,0,0,0
4130,14,,,,0,0,0,0,0
4130,15,,,,0,0,0,0,0
4131,11,,,,0,0,0,0,0
4131,12,,,,0,0,0,0,0
4131,13,,,,0,0,0,0,0
4131,14,,,,0,0,0,0,0
4131,15,,,,0,0,0,0,0
4132,11,,,,0,0,0,0,0
4132,12,,,,0,0,0,0,0
4132,13,,,,0,0,0,0,0
4132,14,,,,0,0,0,0,0
4132,15,,,,0,0,0,0,0
4133,11,,,,0,0,0,0,0
4133,12,,,,0,0,0,0,0
4133,13,,,,0,0,0,0,0
4133,14,,,,0,0,0,0,0
4133,15,,,,0,0,0,0,0
4134,11,,,,0,0,0,0,0
4134,12,,,,0,0,0,0,0
4134,13,,,,0,0,0,0,0
4134,14,,,,0,0,0,0,0
4134,15,,,,0,0,0,0,0
4135,11,,,,0,0,0,0,0
4135,12,,,,0,0,0,0,0
4135,13,,,,0,0,0,0,0
4135,14,,,,0,0,0,0,0
4135,15,,,,0,0,0,0,0
4136,11,,,,0,0,0,0,0
4136,12,,,,0,0,0,0,0
4136,13,,,,0,0,0,0,0
4136,14,,,,0,0,0,0,0
4136,15,,,,0,0,0,0,0
4137,11,,,,0,0,0,0,0
4137,12,,,,0,0,0,0,0
4137,13,,,,0,0,0,0,0
4137,14,,,,0,0,0,0,0
4137,15,,,,0,0,0,0,0
4138,11,,,,0,0,0,0,0
4138,12,,,,0,0,0,0,0
4138,13,,,,0,0,0,0,0
4138,14,,,,0,0,0,0,0
4138,15,,,,0,0,0,0,0
4139,11,,,,0,0,0,0,0
4139,12,,,,0,0,0,0,0
4139,13,,,,0,0,0,0,0
4139,14,,,,0,0,0,0,0
4139,15,,,,0,0,0,0,0
4140,11,,,,0,0,0,0,0
4140,12,,,,0,0,0,0,0
4140,13,,,,0,0,0,0,0
4140,14,,,,0,0,0,0,0
4140,15,,,,0,0,0,0,0
4141,11,,,,0,0,0,0,0
4141,12,,,,0,0,0,0,0
4141,13,,,,0,0,0,0,0
4141,14,,,,0,0,0,0,0
4141,15,,,,0,0,0,0,0
4142,11,,,,0,0,0,0,0
4142,12,,,,0,0,0,0,0
4142,13,,,,0,0,0,0,0
4142,14,,,,0,0,0,0,0
4142,15,,,,0,0,0,0,0
4143,11,,,,0,0,0,0,0
4143,12,,,,0,0,0,0,0
4143,13,,,,0,0,0,0,0
4143,14,,,,0,0,0,0,0
4143,15,,,,0,0,0,0,0
4144,11,,,,0,0,0,0,0
4144,12,,,,0,0,0,0,0
4144,13,,,,0,0,0,0,0
4144,14,,,,0,0,0,0,0
4144,15,,,,0,0,0,0,0
4145,11,,,,0,0,0,0,0
4145,12,,,,0,0,0,0,0
4145,13,,,,0,0,0,0,0
4145,14,,,,0,0,0,0,0
4145,15,,,,0,0,0,0,0
4146,11,,,,0,0,0,0,0
4146,12,,,,0,0,0,0,0
4146,13,,,,0,0,0,0,0
4146,14,,,,0,0,0,0,0
4146,15,,,,0,0,0,0,0
4147,11,,,,0,0,0,0,0
4147,12,,,,0,0,0,0,0
4147,13,,,,0,0,0,0,0
4147,14,,,,0,0,0,0,0
4147,15,,,,0,0,0,0,0
4148,11,,,,0,0,0,0,0
4148,12,,,,0,0,0,0,0
4148,13,,,,0,0,0,0,0
4148,14,,,,0,0,0,0,0
4148,15,,,,0,0,0,0,0
4149,11,,,,0,0,0,0,0
4149,12,,,,0,0,0,0,0
4149,13,,,,0,0,0,0,0
4149,14,,,,0,0,0,0,0
4149,15,,,,0,0,0,0,0
4150,11,,,,0,0,0,0,0
4150,12,,,,0,0,0,0,0
4150,13,,,,0,0,0,0,0
4150,14,,,,0,0,0,0,0
4150,15,,,,0,0,0,0,0
4151,11,,,,0,0,0,0,0
4151,12,,,,0,0,0,0,0
4151,13,,,,0,0,0,0,0
4151,14,,,,0,0,0,0,0
4151,15,,,,0,0,0,0,0
4152,11,,,,0,0,0,0,0
4152,12,,,,0,0,0,0,0
4152,13,,,,0,0,0,0,0
4152,14,,,,0,0,0,0,0
4152,15,,,,0,0,0,0,0
4153,11,,,,0,0,0,0,0
4153,12,,,,0,0,0,0,0
4153,13,,,,0,0,0,0,0
4153,14,,,,0,0,0,0,0
4153,15,,,,0,0,0,0,0
4154,11,,,,0,0,0,0,0
4154,12,,,,0,0,0,0,0
4154,13,,,,0,0,0,0,0
4154,14,,,,0,0,0,0,0
4154,15,,,,0,0,0,0,0
4155,11,,,,0,0,0,0,0
4155,12,,,,0,0,0,0,0
4155,13,,,,0,0,0,0,0
4155,14,,,,0,0,0,0,0
4155,15,,,,0,0,0,0,0
4156,11,,,,0,0,0,0,0
4156,12,,,,0,0,0,0,0
4156,13,,,,0,0,0,0,0
4156,14,,,,0,0,0,0,0
4156,15,,,,0,0,0,0,0
4157,11,,,,0,0,0,0,0
4157,12,,,,0,0,0,0,0
4157,13,,,,0,0,0,0,0
4157,14,,,,0,0,0,0,0
4157,15,,,,0,0,0,0,0
4158,11,,,,0,0,0,0,0
4158,12,,,,0,0,0,0,0
4158,13,,,,0,0,0,0,0
4158,14,,,,0,0,0,0,0
4158,15,,,,0,0,0,0,0
4159,11,,,,0,0,0,0,0
4159,12,,,,0,0,0,0,0
4159,13,,,,0,0,0,0,0
4159,14,,,,0,0,0,0,0
4159,15,,,,0,0,0,0,0
4160,11,,,,0,0,0,0,0
4160,12,,,,0,0,0,0,0
4160,13,,,,0,0,0,0,0
4160,14,,,,0,0,0,0,0
4160,15,,,,0,0,0,0,0
4161,11,,,,0,0,0,0,0
4161,12,,,,0,0,0,0,0
4161,13,,,,0,0,0,0,0
4161,14,,,,0,0,0,0,0
4161,15,,,,0,0,0,0,0
4162,11,,,,0,0,0,0,0
4162,12,,,,0,0,0,0,0
4162,13,,,,0,0,0,0,0
4162,14,,,,0,0,0,0,0
4162,15,,,,0,0,0,0,0
4163,11,,,,0,0,0,0,0
4163,12,,,,0,0,0,0,0
4163,13,,,,0,0,0,0,0
4163,14,,,,0,0,0,0,0
4163,15,,,,0,0,0,0,0
4164,11,,,,0,0,0,0,0
4164,12,,,,0,0,0,0,0
4164,13,,,,0,0,0,0,0
4164,14,,,,0,0,0,0,0
4164,15,,,,0,0,0,0,0
4165,11,,,,0,0,0,0,0
4165,12,,,,0,0,0,0,0
4165,13,,,,0,0,0,0,0
4165,14,,,,0,0,0,0,0
4165,15,,,,0,0,0,0,0
4166,11,,,,0,0,0,0,0
4166,12,,,,0,0,0,0,0
4166,13,,,,0,0,0,0,0
4166,14,,,,0,0,0,0,0
4166,15,,,,0,0,0,0,0
4167,11,,,,0,0,0,0,0
4167,12,,,,0,0,0,0,0
4167,13,,,,0,0,0,0,0
4167,14,,,,0,0,0,0,0
4167,15,,,,0,0,0,0,0
4168,11,,,,0,0,0,0,0
4168,12,,,,0,0,0,0,0
4168,13,,,,0,0,0,0,0
4168,14,,,,0,0,0,0,0
4168,15,,,,0,0,0,0,0
4169,11,,,,0,0,0,0,0
4169,12,,,,0,0,0,0,0
4169,13,,,,0,0,0,0,0
4169,14,,,,0,0,0,0,0
4169,15,,,,0,0,0,0,0
4170,11,,,,0,0,0,0,0
4170,12,,,,0,0,0,0,0
4170,13,,,,0,0,0,0,0
4170,14,,,,0,0,0,0,0
4170,15,,,,0,0,0,0,0
4171,11,,,,0,0,0,0,0
4171,12,,,,0,0,0,0,0
4171,13,,,,0,0,0,0,0
4171,14,,,,0,0,0,0,0
4171,15,,,,0,0,0,0,0
4172,11,,,,0,0,0,0,0
4172,12,,,,0,0,0,0,0
4172,13,,,,0,0,0,0,0
4172,14,,,,0,0,0,0,0
4172,15,,,,0,0,0,0,0
4173,11,,,,0,0,0,0,0
4173,12,,,,0,0,0,0,0
4173,13,,,,0,0,0,0,0
4173,14,,,,0,0,0,0,0
4173,15,,,,0,0,0,0,0
4174,11,,,,0,0,0,0,0
4174,12,,,,0,0,0,0,0
4174,13,,,,0,0,0,0,0
4174,14,,,,0,0,0,0,0
4174,15,,,,0,0,0,0,0
4175,11,,,,0,0,0,0,0
4175,12,,,,0,0,0,0,0
4175,13,,,,0,0,0,0,0
4175,14,,,,0,0,0,0,0
4175,15,,,,0,0,0,0,0
4176,11,,,,0,0,0,0,0
4176,12,,,,0,0,0,0,0
4176,13,,,,0,0,0,0,0
4176,14,,,,0,0,0,0,0
4176,15,,,,0,0,0,0,0
4177,11,,,,0,0,0,0,0
4177,12,,,,0,0,0,0,0
4177,13,,,,0,0,0,0,0
4177,14,,,,0,0,0,0,0
4177,15,,,,0,0,0,0,0
4178,11,,,,0,0,0,0,0
4178,12,,,,0,0,0,0,0
4178,13,,,,0,0,0,0,0
4178,14,,,,0,0,0,0,0
4178,15,,,,0,0,0,0,0
4179,11,,,,0,0,0,0,0
4179,12,,,,0,0,0,0,0
4179,13,,,,0,0,0,0,0
4179,14,,,,0,0,0,0,0
4179,15,,,,0,0,0,0,0
4180,11,,,,0,0,0,0,0
4180,12,,,,0,0,0,0,0
4180,13,,,,0,0,0,0,0
4180,14,,,,0,0,0,0,0
4180,15,,,,0,0,0,0,0
4181,11,,,,0,0,0,0,0
4181,12,,,,0,0,0,0,0
4181,13,,,,0,0,0,0,0
4181,14,,,,0,0,0,0,0
4181,15,,,,0,0,0,0,0
4182,11,,,,0,0,0,0,0
4182,12,,,,0,0,0,0,0
4182,13,,,,0,0,0,0,0
4182,14,,,,0,0,0,0,0
4182,15,,,,0,0,0,0,0
4183,11,,,,0,0,0,0,0
4183,12,,,,0,0,0,0,0
4183,13,,,,0,0,0,0,0
4183,14,,,,0,0,0,0,0
4183,15,,,,0,0,0,0,0
4184,11,,,,0,0,0,0,0
4184,12,,,,0,0,0,0,0
4184,13,,,,0,0,0,0,0
4184,14,,,,0,0,0,0,0
4184,15,,,,0,0,0,0,0
4185,11,,,,0,0,0,0,0
4185,12,,,,0,0,0,0,0
4185,13,,,,0,0,0,0,0
4185,14,,,,0,0,0,0,0
4185,15,,,,0,0,0,0,0
4186,11,,,,0,0,0,0,0
4186,12,,,,0,0,0,0,0
4186,13,,,,0,0,0,0,0
4186,14,,,,0,0,0,0,0
4186,15,,,,0,0,0,0,0
4187,11,,,,0,0,0,0,0
4187,12,,,,0,0,0,0,0
4187,13,,,,0,0,0,0,0
4187,14,,,,0,0,0,0,0
4187,15,,,,0,0,0,0,0
4188,11,,,,0,0,0,0,0
4188,12,,,,0,0,0,0,0
4188,13,,,,0,0,0,0,0
4188,14,,,,0,0,0,0,0
4188,15,,,,0,0,0,0,0
4189,11,,,,0,0,0,0,0
4189,12,,,,0,0,0,0,0
4189,13,,,,0,0,0,0,0
4189,14,,,,0,0,0,0,0
4189,15,,,,0,0,0,0,0
4190,11,,,,0,0,0,0,0
4190,12,,,,0,0,0,0,0
4190,13,,,,0,0,0,0,0
4190,14,,,,0,0,0,0,0
4190,15,,,,0,0,0,0,0
4191,11,,,,0,0,0,0,0
4191,12,,,,0,0,0,0,0
4191,13,,,,0,0,0,0,0
4191,14,,,,0,0,0,0,0
4191,15,,,,0,0,0,0,0
4192,11,,,,0,0,0,0,0
4192,12,,,,0,0,0,0,0
4192,13,,,,0,0,0,0,0
4192,14,,,,0,0,0,0,0
4192,15,,,,0,0,0,0,0
4193,11,,,,0,0,0,0,0
4193,12,,,,0,0,0,0,0
4193,13,,,,0,0,0,0,0
4193,14,,,,0,0,0,0,0
4193,15,,,,0,0,0,0,0
4194,11,,,,0,0,0,0,0
4194,12,,,,0,0,0,0,0
4194,13,,,,0,0,0,0,0
4194,14,,,,0,0,0,0,0
4194,15,,,,0,0,0,0,0
4195,11,,,,0,0,0,0,0
4195,12,,,,0,0,0,0,0
4195,13,,,,0,0,0,0,0
4195,14,,,,0,0,0,0,0
4195,15,,,,0,0,0,0,0
4196,11,,,,0,0,0,0,0
4196,12,,,,0,0,0,0,0
4196,13,,,,0,0,0,0,0
4196,14,,,,0,0,0,0,0
4196,15,,,,0,0,0,0,0
4197,11,,,,0,0,0,0,0
4197,12,,,,0,0,0,0,0
4197,13,,,,0,0,0,0,0
4197,14,,,,0,0,0,0,0
4197,15,,,,0,0,0,0,0
4198,11,,,,0,0,0,0,0
4198,12,,,,0,0,0,0,0
4198,13,,,,0,0,0,0,0
4198,14,,,,0,0,0,0,0
4198,15,,,,0,0,0,0,0
4199,11,,,,0,0,0,0,0
4199,12,,,,0,0,0,0,0
4199,13,,,,0,0,0,0,0
4199,14,,,,0,0,0,0,0
4199,15,,,,0,0,0,0,0
4200,11,,,,0,0,0,0,0
4200,12,,,,0,0,0,0,0
4200,13,,,,0,0,0,0,0
4200,14,,,,0,0,0,0,0
4200,15,,,,0,0,0,0,0
4201,11,,,,0,0,0,0,0
4201,12,,,,0,0,0,0,0
4201,13,,,,0,0,0,0,0
4201,14,,,,0,0,0,0,0
4201,15,,,,0,0,0,0,0
4202,11,,,,0,0,0,0,0
4202,12,,,,0,0,0,0,0
4202,13,,,,0,0,0,0,0
4202,14,,,,0,0,0,0,0
4202,15,,,,0,0,0,0,0
4203,11,,,,0,0,0,0,0
4203,12,,,,0,0,0,0,0
4203,13,,,,0,0,0,0,0
4203,14,,,,0,0,0,0,0
4203,15,,,,0,0,0,0,0
4204,11,,,,0,0,0,0,0
4204,12,,,,0,0,0,0,0
4204,13,,,,0,0,0,0,0
4204,14,,,,0,0,0,0,0
4204,15,,,,0,0,0,0,0
4205,11,,,,0,0,0,0,0
4205,12,,,,0,0,0,0,0
4205,13,,,,0,0,0,0,0
4205,14,,,,0,0,0,0,0
4205,15,,,,0,0,0,0,0
4206,11,,,,0,0,0,0,0
4206,12,,,,0,0,0,0,0
4206,13,,,,0,0,0,0,0
4206,14,,,,0,0,0,0,0
4206,15,,,,0,0,0,0,0
4207,11,,,,0,0,0,0,0
4207,12,,,,0,0,0,0,0
4207,13,,,,0,0,0,0,0
4207,14,,,,0,0,0,0,0
4207,15,,,,0,0,0,0,0
4208,11,,,,0,0,0,0,0
4208,12,,,,0,0,0,0,0
4208,13,,,,0,0,0,0,0
4208,14,,,,0,0,0,0,0
4208,15,,,,0,0,0,0,0
4209,11,,,,0,0,0,0,0
4209,12,,,,0,0,0,0,0
4209,13,,,,0,0,0,0,0
4209,14,,,,0,0,0,0,0
4209,15,,,,0,0,0,0,0
4210,11,,,,0,0,0,0,0
4210,12,,,,0,0,0,0,0
4210,13,,,,0,0,0,0,0
4210,14,,,,0,0,0,0,0
4210,15,,,,0,0,0,0,0
4211,11,,,,0,0,0,0,0
4211,12,,,,0,0,0,0,0
4211,13,,,,0,0,0,0,0
4211,14,,,,0,0,0,0,0
4211,15,,,,0,0,0,0,0
4212,11,,,,0,0,0,0,0
4212,12,,,,0,0,0,0,0
4212,13,,,,0,0,0,0,0
4212,14,,,,0,0,0,0,0
4212,15,,,,0,0,0,0,0
4213,11,,,,0,0,0,0,0
4213,12,,,,0,0,0,0,0
4213,13,,,,0,0,0,0,0
4213,14,,,,0,0,0,0,0
4213,15,,,,0,0,0,0,0
4214,11,,,,0,0,0,0,0
4214,12,,,,0,0,0,0,0
4214,13,,,,0,0,0,0,0
4214,14,,,,0,0,0,0,0
4214,15,,,,0,0,0,0,0
4215,11,,,,0,0,0,0,0
4215,12,,,,0,0,0,0,0
4215,13,,,,0,0,0,0,0
4215,14,,,,0,0,0,0,0
4215,15,,,,0,0,0,0,0
4216,11,,,,0,0,0,0,0
4216,12,,,,0,0,0,0,0
4216,13,,,,0,0,0,0,0
4216,14,,,,0,0,0,0,0
4216,15,,,,0,0,0,0,0
4217,11,,,,0,0,0,0,0
4217,12,,,,0,0,0,0,0
4217,13,,,,0,0,0,0,0
4217,14,,,,0,0,0,0,0
4217,15,,,,0,0,0,0,0
4218,11,,,,0,0,0,0,0
4218,12,,,,0,0,0,0,0
4218,13,,,,0,0,0,0,0
4218,14,,,,0,0,0,0,0
4218,15,,,,0,0,0,0,0
4219,11,,,,0,0,0,0,0
4219,12,,,,0,0,0,0,0
4219,13,,,,0,0,0,0,0
4219,14,,,,0,0,0,0,0
4219,15,,,,0,0,0,0,0
4220,11,,,,0,0,0,0,0
4220,12,,,,0,0,0,0,0
4220,13,,,,0,0,0,0,0
4220,14,,,,0,0,0,0,0
4220,15,,,,0,0,0,0,0
4221,11,,,,0,0,0,0,0
4221,12,,,,0,0,0,0,0
4221,13,,,,0,0,0,0,0
4221,14,,,,0,0,0,0,0
4221,15,,,,0,0,0,0,0
4222,11,,,,0,0,0,0,0
4222,12,,,,0,0,0,0,0
4222,13,,,,0,0,0,0,0
4222,14,,,,0,0,0,0,0
4222,15,,,,0,0,0,0,0
4223,11,,,,0,0,0,0,0
4223,12,,,,0,0,0,0,0
4223,13,,,,0,0,0,0,0
4223,14,,,,0,0,0,0,0
4223,15,,,,0,0,0,0,0
4224,11,,,,0,0,0,0,0
4224,12,,,,0,0,0,0,0
4224,13,,,,0,0,0,0,0
4224,14,,,,0,0,0,0,0
4224,15,,,,0,0,0,0,0
4225,11,,,,0,0,0,0,0
4225,12,,,,0,0,0,0,0
4225,13,,,,0,0,0,0,0
4225,14,,,,0,0,0,0,0
4225,15,,,,0,0,0,0,0
4226,11,,,,0,0,0,0,0
4226,12,,,,0,0,0,0,0
4226,13,,,,0,0,0,0,0
4226,14,,,,0,0,0,0,0
4226,15,,,,0,0,0,0,0
4227,11,,,,0,0,0,0,0
4227,12,,,,0,0,0,0,0
4227,13,,,,0,0,0,0,0
4227,14,,,,0,0,0,0,0
4227,15,,,,0,0,0,0,0
4228,11,,,,0,0,0,0,0
4228,12,,,,0,0,0,0,0
4228,13,,,,0,0,0,0,0
4228,14,,,,0,0,0,0,0
4228,15,,,,0,0,0,0,0
4229,11,,,,0,0,0,0,0
4229,12,,,,0,0,0,0,0
4229,13,,,,0,0,0,0,0
4229,14,,,,0,0,0,0,0
4229,15,,,,0,0,0,0,0
4230,11,,,,0,0,0,0,0
4230,12,,,,0,0,0,0,0
4230,13,,,,0,0,0,0,0
4230,14,,,,0,0,0,0,0
4230,15,,,,0,0,0,0,0
4231,11,,,,0,0,0,0,0
4231,12,,,,0,0,0,0,0
4231,13,,,,0,0,0,0,0
4231,14,,,,0,0,0,0,0
4231,15,,,,0,0,0,0,0
4232,11,,,,0,0,0,0,0
4232,12,,,,0,0,0,0,0
4232,13,,,,0,0,0,0,0
4232,14,,,,0,0,0,0,0
4232,15,,,,0,0,0,0,0
4233,11,,,,0,0,0,0,0
4233,12,,,,0,0,0,0,0
4233,13,,,,0,0,0,0,0
4233,14,,,,0,0,0,0,0
4233,15,,,,0,0,0,0,0
4234,11,,,,0,0,0,0,0
4234,12,,,,0,0,0,0,0
4234,13,,,,0,0,0,0,0
4234,14,,,,0,0,0,0,0
4234,15,,,,0,0,0,0,0
4235,11,,,,0,0,0,0,0
4235,12,,,,0,0,0,0,0
4235,13,,,,0,0,0,0,0
4235,14,,,,0,0,0,0,0
4235,15,,,,0,0,0,0,0
4236,11,,,,0,0,0,0,0
4236,12,,,,0,0,0,0,0
4236,13,,,,0,0,0,0,0
4236,14,,,,0,0,0,0,0
4236,15,,,,0,0,0,0,0
4237,11,,,,0,0,0,0,0
4237,12,,,,0,0,0,0,0
4237,13,,,,0,0,0,0,0
4237,14,,,,0,0,0,0,0
4237,15,,,,0,0,0,0,0
4238,11,,,,0,0,0,0,0
4238,12,,,,0,0,0,0,0
4238,13,,,,0,0,0,0,0
4238,14,,,,0,0,0,0,0
4238,15,,,,0,0,0,0,0
4239,11,,,,0,0,0,0,0
4239,12,,,,0,0,0,0,0
4239,13,,,,0,0,0,0,0
4239,14,,,,0,0,0,0,0
4239,15,,,,0,0,0,0,0
4240,11,,,,0,0,0,0,0
4240,12,,,,0,0,0,0,0
4240,13,,,,0,0,0,0,0
4240,14,,,,0,0,0,0,0
4240,15,,,,0,0,0,0,0
4241,11,,,,0,0,0,0,0
4241,12,,,,0,0,0,0,0
4241,13,,,,0,0,0,0,0
4241,14,,,,0,0,0,0,0
4241,15,,,,0,0,0,0,0
4242,11,,,,0,0,0,0,0
4242,12,,,,0,0,0,0,0
4242,13,,,,0,0,0,0,0
4242,14,,,,0,0,0,0,0
4242,15,,,,0,0,0,0,0
4243,11,,,,0,0,0,0,0
4243,12,,,,0,0,0,0,0
4243,13,,,,0,0,0,0,0
4243,14,,,,0,0,0,0,0
4243,15,,,,0,0,0,0,0
4244,11,,,,0,0,0,0,0
4244,12,,,,0,0,0,0,0
4244,13,,,,0,0,0,0,0
4244,14,,,,0,0,0,0,0
4244,15,,,,0,0,0,0,0
4245,11,,,,0,0,0,0,0
4245,12,,,,0,0,0,0,0
4245,13,,,,0,0,0,0,0
4245,14,,,,0,0,0,0,0
4245,15,,,,0,0,0,0,0
4246,11,,,,0,0,0,0,0
4246,12,,,,0,0,0,0,0
4246,13,,,,0,0,0,0,0
4246,14,,,,0,0,0,0,0
4246,15,,,,0,0,0,0,0
4247,11,,,,0,0,0,0,0
4247,12,,,,0,0,0,0,0
4247,13,,,,0,0,0,0,0
4247,14,,,,0,0,0,0,0
4247,15,,,,0,0,0,0,0
4248,11,,,,0,0,0,0,0
4248,12,,,,0,0,0,0,0
4248,13,,,,0,0,0,0,0
4248,14,,,,0,0,0,0,0
4248,15,,,,0,0,0,0,0
4249,11,,,,0,0,0,0,0
4249,12,,,,0,0,0,0,0
4249,13,,,,0,0,0,0,0
4249,14,,,,0,0,0,0,0
4249,15,,,,0,0,0,0,0
4250,11,,,,0,0,0,0,0
4250,12,,,,0,0,0,0,0
4250,13,,,,0,0,0,0,0
4250,14,,,,0,0,0,0,0
4250,15,,,,0,0,0,0,0
4251,11,,,,0,0,0,0,0
4251,12,,,,0,0,0,0,0
4251,13,,,,0,0,0,0,0
4251,14,,,,0,0,0,0,0
4251,15,,,,0,0,0,0,0
4252,11,,,,0,0,0,0,0
4252,12,,,,0,0,0,0,0
4252,13,,,,0,0,0,0,0
4252,14,,,,0,0,0,0,0
4252,15,,,,0,0,0,0,0
4253,11,,,,0,0,0,0,0
4253,12,,,,0,0,0,0,0
4253,13,,,,0,0,0,0,0
4253,14,,,,0,0,0,0,0
4253,15,,,,0,0,0,0,0
4254,11,,,,0,0,0,0,0
4254,12,,,,0,0,0,0,0
4254,13,,,,0,0,0,0,0
4254,14,,,,0,0,0,0,0
4254,15,,,,0,0,0,0,0
4255,11,,,,0,0,0,0,0
4255,12,,,,0,0,0,0,0
4255,13,,,,0,0,0,0,0
4255,14,,,,0,0,0,0,0
4255,15,,,,0,0,0,0,0
4256,11,,,,0,0,0,0,0
4256,12,,,,0,0,0,0,0
4256,13,,,,0,0,0,0,0
4256,14,,,,0,0,0,0,0
4256,15,,,,0,0,0,0,0
4257,11,,,,0,0,0,0,0
4257,12,,,,0,0,0,0,0
4257,13,,,,0,0,0,0,0
4257,14,,,,0,0,0,0,0
4257,15,,,,0,0,0,0,0
4258,11,,,,0,0,0,0,0
4258,12,,,,0,0,0,0,0
4258,13,,,,0,0,0,0,0
4258,14,,,,0,0,0,0,0
4258,15,,,,0,0,0,0,0
4259,11,,,,0,0,0,0,0
4259,12,,,,0,0,0,0,0
4259,13,,,,0,0,0,0,0
4259,14,,,,0,0,0,0,0
4259,15,,,,0,0,0,0,0
4260,11,,,,0,0,0,0,0
4260,12,,,,0,0,0,0,0
4260,13,,,,0,0,0,0,0
4260,14,,,,0,0,0,0,0
4260,15,,,,0,0,0,0,0
4261,11,,,,0,0,0,0,0
4261,12,,,,0,0,0,0,0
4261,13,,,,0,0,0,0,0
4261,14,,,,0,0,0,0,0
4261,15,,,,0,0,0,0,0
4262,11,,,,0,0,0,0,0
4262,12,,,,0,0,0,0,0
4262,13,,,,0,0,0,0,0
4262,14,,,,0,0,0,0,0
4262,15,,,,0,0,0,0,0
4263,11,,,,0,0,0,0,0
4263,12,,,,0,0,0,0,0
4263,13,,,,0,0,0,0,0
4263,14,,,,0,0,0,0,0
4263,15,,,,0,0,0,0,0
4264,11,,,,0,0,0,0,0
4264,12,,,,0,0,0,0,0
4264,13,,,,0,0,0,0,0
4264,14,,,,0,0,0,0,0
4264,15,,,,0,0,0,0,0
4265,11,,,,0,0,0,0,0
4265,12,,,,0,0,0,0,0
4265,13,,,,0,0,0,0,0
4265,14,,,,0,0,0,0,0
4265,15,,,,0,0,0,0,0
4266,11,,,,0,0,0,0,0
4266,12,,,,0,0,0,0,0
4266,13,,,,0,0,0,0,0
4266,14,,,,0,0,0,0,0
4266,15,,,,0,0,0,0,0
4267,11,,,,0,0,0,0,0
4267,12,,,,0,0,0,0,0
4267,13,,,,0,0,0,0,0
4267,14,,,,0,0,0,0,0
4267,15,,,,0,0,0,0,0
4268,11,,,,0,0,0,0,0
4268,12,,,,0,0,0,0,0
4268,13,,,,0,0,0,0,0
4268,14,,,,0,0,0,0,0
4268,15,,,,0,0,0,0,0
4269,11,,,,0,0,0,0,0
4269,12,,,,0,0,0,0,0
4269,13,,,,0,0,0,0,0
4269,14,,,,0,0,0,0,0
4269,15,,,,0,0,0,0,0
4270,11,,,,0,0,0,0,0
4270,12,,,,0,0,0,0,0
4270,13,,,,0,0,0,0,0
4270,14,,,,0,0,0,0,0
4270,15,,,,0,0,0,0,0
4271,11,,,,0,0,0,0,0
4271,12,,,,0,0,0,0,0
4271,13,,,,0,0,0,0,0
4271,14,,,,0,0,0,0,0
4271,15,,,,0,0,0,0,0
4272,11,,,,0,0,0,0,0
4272,12,,,,0,0,0,0,0
4272,13,,,,0,0,0,0,0
4272,14,,,,0,0,0,0,0
4272,15,,,,0,0,0,0,0
4273,11,,,,0,0,0,0,0
4273,12,,,,0,0,0,0,0
4273,13,,,,0,0,0,0,0
4273,14,,,,0,0,0,0,0
4273,15,,,,0,0,0,0,0
4274,11,,,,0,0,0,0,0
4274,12,,,,0,0,0,0,0
4274,13,,,,0,0,0,0,0
4274,14,,,,0,0,0,0,0
4274,15,,,,0,0,0,0,0
4275,11,,,,0,0,0,0,0
4275,12,,,,0,0,0,0,0
4275,13,,,,0,0,0,0,0
4275,14,,,,0,0,0,0,0
4275,15,,,,0,0,0,0,0
4276,11,,,,0,0,0,0,0
4276,12,,,,0,0,0,0,0
4276,13,,,,0,0,0,0,0
4276,14,,,,0,0,0,0,0
4276,15,,,,0,0,0,0,0
4277,11,,,,0,0,0,0,0
4277,12,,,,0,0,0,0,0
4277,13,,,,0,0,0,0,0
4277,14,,,,0,0,0,0,0
4277,15,,,,0,0,0,0,0
4278,11,,,,0,0,0,0,0
4278,12,,,,0,0,0,0,0
4278,13,,,,0,0,0,0,0
4278,14,,,,0,0,0,0,0
4278,15,,,,0,0,0,0,0
4279,11,,,,0,0,0,0,0
4279,12,,,,0,0,0,0,0
4279,13,,,,0,0,0,0,0
4279,14,,,,0,0,0,0,0
4279,15,,,,0,0,0,0,0
4280,11,,,,0,0,0,0,0
4280,12,,,,0,0,0,0,0
4280,13,,,,0,0,0,0,0
4280,14,,,,0,0,0,0,0
4280,15,,,,0,0,0,0,0
4281,11,,,,0,0,0,0,0
4281,12,,,,0,0,0,0,0
4281,13,,,,0,0,0,0,0
4281,14,,,,0,0,0,0,0
4281,15,,,,0,0,0,0,0
4282,11,,,,0,0,0,0,0
4282,12,,,,0,0,0,0,0
4282,13,,,,0,0,0,0,0
4282,14,,,,0,0,0,0,0
4282,15,,,,0,0,0,0,0
4283,11,,,,0,0,0,0,0
4283,12,,,,0,0,0,0,0
4283,13,,,,0,0,0,0,0
4283,14,,,,0,0,0,0,0
4283,15,,,,0,0,0,0,0
4284,11,,,,0,0,0,0,0
4284,12,,,,0,0,0,0,0
4284,13,,,,0,0,0,0,0
4284,14,,,,0,0,0,0,0
4284,15,,,,0,0,0,0,0
4285,11,,,,0,0,0,0,0
4285,12,,,,0,0,0,0,0
4285,13,,,,0,0,0,0,0
4285,14,,,,0,0,0,0,0
4285,15,,,,0,0,0,0,0
4286,11,,,,0,0,0,0,0
4286,12,,,,0,0,0,0,0
4286,13,,,,0,0,0,0,0
4286,14,,,,0,0,0,0,0
4286,15,,,,0,0,0,0,0
4287,11,,,,0,0,0,0,0
4287,12,,,,0,0,0,0,0
4287,13,,,,0,0,0,0,0
4287,14,,,,0,0,0,0,0
4287,15,,,,0,0,0,0,0
4288,11,,,,0,0,0,0,0
4288,12,,,,0,0,0,0,0
4288,13,,,,0,0,0,0,0
4288,14,,,,0,0,0,0,0
4288,15,,,,0,0,0,0,0
4289,11,,,,0,0,0,0,0
4289,12,,,,0,0,0,0,0
4289,13,,,,0,0,0,0,0
4289,14,,,,0,0,0,0,0
4289,15,,,,0,0,0,0,0
4290,11,,,,0,0,0,0,0
4290,12,,,,0,0,0,0,0
4290,13,,,,0,0,0,0,0
4290,14,,,,0,0,0,0,0
4290,15,,,,0,0,0,0,0
4291,11,,,,0,0,0,0,0
4291,12,,,,0,0,0,0,0
4291,13,,,,0,0,0,0,0
4291,14,,,,0,0,0,0,0
4291,15,,,,0,0,0,0,0
4292,11,,,,0,0,0,0,0
4292,12,,,,0,0,0,0,0
4292,13,,,,0,0,0,0,0
4292,14,,,,0,0,0,0,0
4292,15,,,,0,0,0,0,0
4293,11,,,,0,0,0,0,0
4293,12,,,,0,0,0,0,0
4293,13,,,,0,0,0,0,0
4293,14,,,,0,0,0,0,0
4293,15,,,,0,0,0,0,0
4294,11,,,,0,0,0,0,0
4294,12,,,,0,0,0,0,0
4294,13,,,,0,0,0,0,0
4294,14,,,,0,0,0,0,0
4294,15,,,,0,0,0,0,0
4295,11,,,,0,0,0,0,0
4295,12,,,,0,0,0,0,0
4295,13,,,,0,0,0,0,0
4295,14,,,,0,0,0,0,0
4295,15,,,,0,0,0,0,0
4296,11,,,,0,0,0,0,0
4296,12,,,,0,0,0,0,0
4296,13,,,,0,0,0,0,0
4296,14,,,,0,0,0,0,0
4296,15,,,,0,0,0,0,0
4297,11,,,,0,0,0,0,0
4297,12,,,,0,0,0,0,0
4297,13,,,,0,0,0,0,0
4297,14,,,,0,0,0,0,0
4297,15,,,,0,0,0,0,0
4298,11,,,,0,0,0,0,0
4298,12,,,,0,0,0,0,0
4298,13,,,,0,0,0,0,0
4298,14,,,,0,0,0,0,0
4298,15,,,,0,0,0,0,0
4299,11,,,,0,0,0,0,0
4299,12,,,,0,0,0,0,0
4299,13,,,,0,0,0,0,0
4299,14,,,,0,0,0,0,0
4299,15,,,,0,0,0,0,0
4300,11,,,,0,0,0,0,0
4300,12,,,,0,0,0,0,0
4300,13,,,,0,0,0,0,0
4300,14,,,,0,0,0,0,0
4300,15,,,,0,0,0,0,0
4301,11,,,,0,0,0,0,0
4301,12,,,,0,0,0,0,0
4301,13,,,,0,0,0,0,0
4301,14,,,,0,0,0,0,0
4301,15,,,,0,0,0,0,0
4302,11,,,,0,0,0,0,0
4302,12,,,,0,0,0,0,0
4302,13,,,,0,0,0,0,0
4302,14,,,,0,0,0,0,0
4302,15,,,,0,0,0,0,0
4303,11,,,,0,0,0,0,0
4303,12,,,,0,0,0,0,0
4303,13,,,,0,0,0,0,0
4303,14,,,,0,0,0,0,0
4303,15,,,,0,0,0,0,0
4304,11,,,,0,0,0,0,0
4304,12,,,,0,0,0,0,0
4304,13,,,,0,0,0,0,0
4304,14,,,,0,0,0,0,0
4304,15,,,,0,0,0,0,0
4305,11,,,,0,0,0,0,0
4305,12,,,,0,0,0,0,0
4305,13,,,,0,0,0,0,0
4305,14,,,,0,0,0,0,0
4305,15,,,,0,0,0,0,0
4306,11,,,,0,0,0,0,0
4306,12,,,,0,0,0,0,0
4306,13,,,,0,0,0,0,0
4306,14,,,,0,0,0,0,0
4306,15,,,,0,0,0,0,0
4307,11,,,,0,0,0,0,0
4307,12,,,,0,0,0,0,0
4307,13,,,,0,0,0,0,0
4307,14,,,,0,0,0,0,0
4307,15,,,,0,0,0,0,0
4308,11,,,,0,0,0,0,0
4308,12,,,,0,0,0,0,0
4308,13,,,,0,0,0,0,0
4308,14,,,,0,0,0,0,0
4308,15,,,,0,0,0,0,0
4309,11,,,,0,0,0,0,0
4309,12,,,,0,0,0,0,0
4309,13,,,,0,0,0,0,0
4309,14,,,,0,0,0,0,0
4309,15,,,,0,0,0,0,0
4310,11,,,,0,0,0,0,0
4310,12,,,,0,0,0,0,0
4310,13,,,,0,0,0,0,0
4310,14,,,,0,0,0,0,0
4310,15,,,,0,0,0,0,0
4311,11,,,,0,0,0,0,0
4311,12,,,,0,0,0,0,0
4311,13,,,,0,0,0,0,0
4311,14,,,,0,0,0,0,0
4311,15,,,,0,0,0,0,0
4312,11,,,,0,0,0,0,0
4312,12,,,,0,0,0,0,0
4312,13,,,,0,0,0,0,0
4312,14,,,,0,0,0,0,0
4312,15,,,,0,0,0,0,0
4313,11,,,,0,0,0,0,0
4313,12,,,,0,0,0,0,0
4313,13,,,,0,0,0,0,0
4313,14,,,,0,0,0,0,0
4313,15,,,,0,0,0,0,0
4314,11,,,,0,0,0,0,0
4314,12,,,,0,0,0,0,0
4314,13,,,,0,0,0,0,0
4314,14,,,,0,0,0,0,0
4314,15,,,,0,0,0,0,0
4315,11,,,,0,0,0,0,0
4315,12,,,,0,0,0,0,0
4315,13,,,,0,0,0,0,0
4315,14,,,,0,0,0,0,0
4315,15,,,,0,0,0,0,0
4316,11,,,,0,0,0,0,0
4316,12,,,,0,0,0,0,0
4316,13,,,,0,0,0,0,0
4316,14,,,,0,0,0,0,0
4316,15,,,,0,0,0,0,0
4317,11,,,,0,0,0,0,0
4317,12,,,,0,0,0,0,0
4317,13,,,,0,0,0,0,0
4317,14,,,,0,0,0,0,0
4317,15,,,,0,0,0,0,0
4318,11,,,,0,0,0,0,0
4318,12,,,,0,0,0,0,0
4318,13,,,,0,0,0,0,0
4318,14,,,,0,0,0,0,0
4318,15,,,,0,0,0,0,0
4319,11,,,,0,0,0,0,0
4319,12,,,,0,0,0,0,0
4319,13,,,,0,0,0,0,0
4319,14,,,,0,0,0,0,0
4319,15,,,,0,0,0,0,0
4320,11,,,,0,0,0,0,0
4320,12,,,,0,0,0,0,0
4320,13,,,,0,0,0,0,0
4320,14,,,,0,0,0,0,0
4320,15,,,,0,0,0,0,0
4321,11,,,,0,0,0,0,0
4321,12,,,,0,0,0,0,0
4321,13,,,,0,0,0,0,0
4321,14,,,,0,0,0,0,0
4321,15,,,,0,0,0,0,0
4322,11,,,,0,0,0,0,0
4322,12,,,,0,0,0,0,0
4322,13,,,,0,0,0,0,0
4322,14,,,,0,0,0,0,0
4322,15,,,,0,0,0,0,0
4323,11,,,,0,0,0,0,0
4323,12,,,,0,0,0,0,0
4323,13,,,,0,0,0,0,0
4323,14,,,,0,0,0,0,0
4323,15,,,,0,0,0,0,0
4324,11,,,,0,0,0,0,0
4324,12,,,,0,0,0,0,0
4324,13,,,,0,0,0,0,0
4324,14,,,,0,0,0,0,0
4324,15,,,,0,0,0,0,0
4325,11,,,,0,0,0,0,0
4325,12,,,,0,0,0,0,0
4325,13,,,,0,0,0,0,0
4325,14,,,,0,0,0,0,0
4325,15,,,,0,0,0,0,0
4326,11,,,,0,0,0,0,0
4326,12,,,,0,0,0,0,0
4326,13,,,,0,0,0,0,0
4326,14,,,,0,0,0,0,0
4326,15,,,,0,0,0,0,0
4327,11,,,,0,0,0,0,0
4327,12,,,,0,0,0,0,0
4327,13,,,,0,0,0,0,0
4327,14,,,,0,0,0,0,0
4327,15,,,,0,0,0,0,0
4328,11,,,,0,0,0,0,0
4328,12,,,,0,0,0,0,0
4328,13,,,,0,0,0,0,0
4328,14,,,,0,0,0,0,0
4328,15,,,,0,0,0,0,0
4329,11,,,,0,0,0,0,0
4329,12,,,,0,0,0,0,0
4329,13,,,,0,0,0,0,0
4329,14,,,,0,0,0,0,0
4329,15,,,,0,0,0,0,0
4330,11,,,,0,0,0,0,0
4330,12,,,,0,0,0,0,0
4330,13,,,,0,0,0,0,0
4330,14,,,,0,0,0,0,0
4330,15,,,,0,0,0,0,0
4331,11,,,,0,0,0,0,0
4331,12,,,,0,0,0,0,0
4331,13,,,,0,0,0,0,0
4331,14,,,,0,0,0,0,0
4331,15,,,,0,0,0,0,0
4332,11,,,,0,0,0,0,0
4332,12,,,,0,0,0,0,0
4332,13,,,,0,0,0,0,0
4332,14,,,,0,0,0,0,0
4332,15,,,,0,0,0,0,0
4333,11,,,,0,0,0,0,0
4333,12,,,,0,0,0,0,0
4333,13,,,,0,0,0,0,0
4333,14,,,,0,0,0,0,0
4333,15,,,,0,0,0,0,0
4334,11,,,,0,0,0,0,0
4334,12,,,,0,0,0,0,0
4334,13,,,,0,0,0,0,0
4334,14,,,,0,0,0,0,0
4334,15,,,,0,0,0,0,0
4335,11,,,,0,0,0,0,0
4335,12,,,,0,0,0,0,0
4335,13,,,,0,0,0,0,0
4335,14,,,,0,0,0,0,0
4335,15,,,,0,0,0,0,0
4336,11,,,,0,0,0,0,0
4336,12,,,,0,0,0,0,0
4336,13,,,,0,0,0,0,0
4336,14,,,,0,0,0,0,0
4336,15,,,,0,0,0,0,0
4337,11,,,,0,0,0,0,0
4337,12,,,,0,0,0,0,0
4337,13,,,,0,0,0,0,0
4337,14,,,,0,0,0,0,0
4337,15,,,,0,0,0,0,0
4338,11,,,,0,0,0,0,0
4338,12,,,,0,0,0,0,0
4338,13,,,,0,0,0,0,0
4338,14,,,,0,0,0,0,0
4338,15,,,,0,0,0,0,0
4339,11,,,,0,0,0,0,0
4339,12,,,,0,0,0,0,0
4339,13,,,,0,0,0,0,0
4339,14,,,,0,0,0,0,0
4339,15,,,,0,0,0,0,0
4340,11,,,,0,0,0,0,0
4340,12,,,,0,0,0,0,0
4340,13,,,,0,0,0,0,0
4340,14,,,,0,0,0,0,0
4340,15,,,,0,0,0,0,0
4341,11,,,,0,0,0,0,0
4341,12,,,,0,0,0,0,0
4341,13,,,,0,0,0,0,0
4341,14,,,,0,0,0,0,0
4341,15,,,,0,0,0,0,0
4342,11,,,,0,0,0,0,0
4342,12,,,,0,0,0,0,0
4342,13,,,,0,0,0,0,0
4342,14,,,,0,0,0,0,0
4342,15,,,,0,0,0,0,0
4343,11,,,,0,0,0,0,0
4343,12,,,,0,0,0,0,0
4343,13,,,,0,0,0,0,0
4343,14,,,,0,0,0,0,0
4343,15,,,,0,0,0,0,0
4344,11,,,,0,0,0,0,0
4344,12,,,,0,0,0,0,0
4344,13,,,,0,0,0,0,0
4344,14,,,,0,0,0,0,0
4344,15,,,,0,0,0,0,0
4345,11,,,,0,0,0,0,0
4345,12,,,,0,0,0,0,0
4345,13,,,,0,0,0,0,0
4345,14,,,,0,0,0,0,0
4345,15,,,,0,0,0,0,0
4346,11,,,,0,0,0,0,0
4346,12,,,,0,0,0,0,0
4346,13,,,,0,0,0,0,0
4346,14,,,,0,0,0,0,0
4346,15,,,,0,0,0,0,0
4347,11,,,,0,0,0,0,0
4347,12,,,,0,0,0,0,0
4347,13,,,,0,0,0,0,0
4347,14,,,,0,0,0,0,0
4347,15,,,,0,0,0,0,0
4348,11,,,,0,0,0,0,0
4348,12,,,,0,0,0,0,0
4348,13,,,,0,0,0,0,0
4348,14,,,,0,0,0,0,0
4348,15,,,,0,0,0,0,0
4349,11,,,,0,0,0,0,0
4349,12,,,,0,0,0,0,0
4349,13,,,,0,0,0,0,0
4349,14,,,,0,0,0,0,0
4349,15,,,,0,0,0,0,0
4350,11,,,,0,0,0,0,0
4350,12,,,,0,0,0,0,0
4350,13,,,,0,0,0,0,0
4350,14,,,,0,0,0,0,0
4350,15,,,,0,0,0,0,0
4351,11,,,,0,0,0,0,0
4351,12,,,,0,0,0,0,0
4351,13,,,,0,0,0,0,0
4351,14,,,,0,0,0,0,0
4351,15,,,,0,0,0,0,0
4352,11,,,,0,0,0,0,0
4352,12,,,,0,0,0,0,0
4352,13,,,,0,0,0,0,0
4352,14,,,,0,0,0,0,0
4352,15,,,,0,0,0,0,0
4353,11,,,,0,0,0,0,0
4353,12,,,,0,0,0,0,0
4353,13,,,,0,0,0,0,0
4353,14,,,,0,0,0,0,0
4353,15,,,,0,0,0,0,0
4354,11,,,,0,0,0,0,0
4354,12,,,,0,0,0,0,0
4354,13,,,,0,0,0,0,0
4354,14,,,,0,0,0,0,0
4354,15,,,,0,0,0,0,0
4355,11,,,,0,0,0,0,0
4355,12,,,,0,0,0,0,0
4355,13,,,,0,0,0,0,0
4355,14,,,,0,0,0,0,0
4355,15,,,,0,0,0,0,0
4356,11,,,,0,0,0,0,0
4356,12,,,,0,0,0,0,0
4356,13,,,,0,0,0,0,0
4356,14,,,,0,0,0,0,0
4356,15,,,,0,0,0,0,0
4357,11,,,,0,0,0,0,0
4357,12,,,,0,0,0,0,0
4357,13,,,,0,0,0,0,0
4357,14,,,,0,0,0,0,0
4357,15,,,,0,0,0,0,0
4358,11,,,,0,0,0,0,0
4358,12,,,,0,0,0,0,0
4358,13,,,,0,0,0,0,0
4358,14,,,,0,0,0,0,0
4358,15,,,,0,0,0,0,0
4359,11,,,,0,0,0,0,0
4359,12,,,,0,0,0,0,0
4359,13,,,,0,0,0,0,0
4359,14,,,,0,0,0,0,0
4359,15,,,,0,0,0,0,0
4360,11,,,,0,0,0,0,0
4360,12,,,,0,0,0,0,0
4360,13,,,,0,0,0,0,0
4360,14,,,,0,0,0,0,0
4360,15,,,,0,0,0,0,0
4361,11,,,,0,0,0,0,0
4361,12,,,,0,0,0,0,0
4361,13,,,,0,0,0,0,0
4361,14,,,,0,0,0,0,0
4361,15,,,,0,0,0,0,0
4362,11,,,,0,0,0,0,0
4362,12,,,,0,0,0,0,0
4362,13,,,,0,0,0,0,0
4362,14,,,,0,0,0,0,0
4362,15,,,,0,0,0,0,0
4363,11,,,,0,0,0,0,0
4363,12,,,,0,0,0,0,0
4363,13,,,,0,0,0,0,0
4363,14,,,,0,0,0,0,0
4363,15,,,,0,0,0,0,0
4364,11,,,,0,0,0,0,0
4364,12,,,,0,0,0,0,0
4364,13,,,,0,0,0,0,0
4364,14,,,,0,0,0,0,0
4364,15,,,,0,0,0,0,0
4365,11,,,,0,0,0,0,0
4365,12,,,,0,0,0,0,0
4365,13,,,,0,0,0,0,0
4365,14,,,,0,0,0,0,0
4365,15,,,,0,0,0,0,0
4366,11,,,,0,0,0,0,0
4366,12,,,,0,0,0,0,0
4366,13,,,,0,0,0,0,0
4366,14,,,,0,0,0,0,0
4366,15,,,,0,0,0,0,0
4367,11,,,,0,0,0,0,0
4367,12,,,,0,0,0,0,0
4367,13,,,,0,0,0,0,0
4367,14,,,,0,0,0,0,0
4367,15,,,,0,0,0,0,0
4368,11,,,,0,0,0,0,0
4368,12,,,,0,0,0,0,0
4368,13,,,,0,0,0,0,0
4368,14,,,,0,0,0,0,0
4368,15,,,,0,0,0,0,0
4369,11,,,,0,0,0,0,0
4369,12,,,,0,0,0,0,0
4369,13,,,,0,0,0,0,0
4369,14,,,,0,0,0,0,0
4369,15,,,,0,0,0,0,0
4370,11,,,,0,0,0,0,0
4370,12,,,,0,0,0,0,0
4370,13,,,,0,0,0,0,0
4370,14,,,,0,0,0,0,0
4370,15,,,,0,0,0,0,0
4371,11,,,,0,0,0,0,0
4371,12,,,,0,0,0,0,0
4371,13,,,,0,0,0,0,0
4371,14,,,,0,0,0,0,0
4371,15,,,,0,0,0,0,0
4372,11,,,,0,0,0,0,0
4372,12,,,,0,0,0,0,0
4372,13,,,,0,0,0,0,0
4372,14,,,,0,0,0,0,0
4372,15,,,,0,0,0,0,0
4373,11,,,,0,0,0,0,0
4373,12,,,,0,0,0,0,0
4373,13,,,,0,0,0,0,0
4373,14,,,,0,0,0,0,0
4373,15,,,,0,0,0,0,0
4374,11,,,,0,0,0,0,0
4374,12,,,,0,0,0,0,0
4374,13,,,,0,0,0,0,0
4374,14,,,,0,0,0,0,0
4374,15,,,,0,0,0,0,0
4375,11,,,,0,0,0,0,0
4375,12,,,,0,0,0,0,0
4375,13,,,,0,0,0,0,0
4375,14,,,,0,0,0,0,0
4375,15,,,,0,0,0,0,0
4376,11,,,,0,0,0,0,0
4376,12,,,,0,0,0,0,0
4376,13,,,,0,0,0,0,0
4376,14,,,,0,0,0,0,0
4376,15,,,,0,0,0,0,0
4377,11,,,,0,0,0,0,0
4377,12,,,,0,0,0,0,0
4377,13,,,,0,0,0,0,0
4377,14,,,,0,0,0,0,0
4377,15,,,,0,0,0,0,0
4378,11,,,,0,0,0,0,0
4378,12,,,,0,0,0,0,0
4378,13,,,,0,0,0,0,0
4378,14,,,,0,0,0,0,0
4378,15,,,,0,0,0,0,0
4379,11,,,,0,0,0,0,0
4379,12,,,,0,0,0,0,0
4379,13,,,,0,0,0,0,0
4379,14,,,,0,0,0,0,0
4379,15,,,,0,0,0,0,0
4380,11,,,,0,0,0,0,0
4380,12,,,,0,0,0,0,0
4380,13,,,,0,0,0,0,0
4380,14,,,,0,0,0,0,0
4380,15,,,,0,0,0,0,0
4381,11,,,,0,0,0,0,0
4381,12,,,,0,0,0,0,0
4381,13,,,,0,0,0,0,0
4381,14,,,,0,0,0,0,0
4381,15,,,,0,0,0,0,0
4382,11,,,,0,0,0,0,0
4382,12,,,,0,0,0,0,0
4382,13,,,,0,0,0,0,0
4382,14,,,,0,0,0,0,0
4382,15,,,,0,0,0,0,0
4383,11,,,,0,0,0,0,0
4383,12,,,,0,0,0,0,0
4383,13,,,,0,0,0,0,0
4383,14,,,,0,0,0,0,0
4383,15,,,,0,0,0,0,0
4384,11,,,,0,0,0,0,0
4384,12,,,,0,0,0,0,0
4384,13,,,,0,0,0,0,0
4384,14,,,,0,0,0,0,0
4384,15,,,,0,0,0,0,0
4385,11,,,,0,0,0,0,0
4385,12,,,,0,0,0,0,0
4385,13,,,,0,0,0,0,0
4385,14,,,,0,0,0,0,0
4385,15,,,,0,0,0,0,0
4386,11,,,,0,0,0,0,0
4386,12,,,,0,0,0,0,0
4386,13,,,,0,0,0,0,0
4386,14,,,,0,0,0,0,0
4386,15,,,,0,0,0,0,0
4387,11,,,,0,0,0,0,0
4387,12,,,,0,0,0,0,0
4387,13,,,,0,0,0,0,0
4387,14,,,,0,0,0,0,0
4387,15,,,,0,0,0,0,0
4388,11,,,,0,0,0,0,0
4388,12,,,,0,0,0,0,0
4388,13,,,,0,0,0,0,0
4388,14,,,,0,0,0,0,0
4388,15,,,,0,0,0,0,0
4389,11,,,,0,0,0,0,0
4389,12,,,,0,0,0,0,0
4389,13,,,,0,0,0,0,0
4389,14,,,,0,0,0,0,0
4389,15,,,,0,0,0,0,0
4390,11,,,,0,0,0,0,0
4390,12,,,,0,0,0,0,0
4390,13,,,,0,0,0,0,0
4390,14,,,,0,0,0,0,0
4390,15,,,,0,0,0,0,0
4391,11,,,,0,0,0,0,0
4391,12,,,,0,0,0,0,0
4391,13,,,,0,0,0,0,0
4391,14,,,,0,0,0,0,0
4391,15,,,,0,0,0,0,0
4392,11,,,,0,0,0,0,0
4392,12,,,,0,0,0,0,0
4392,13,,,,0,0,0,0,0
4392,14,,,,0,0,0,0,0
4392,15,,,,0,0,0,0,0
4393,11,,,,0,0,0,0,0
4393,12,,,,0,0,0,0,0
4393,13,,,,0,0,0,0,0
4393,14,,,,0,0,0,0,0
4393,15,,,,0,0,0,0,0
4394,11,,,,0,0,0,0,0
4394,12,,,,0,0,0,0,0
4394,13,,,,0,0,0,0,0
4394,14,,,,0,0,0,0,0
4394,15,,,,0,0,0,0,0
4395,11,,,,0,0,0,0,0
4395,12,,,,0,0,0,0,0
4395,13,,,,0,0,0,0,0
4395,14,,,,0,0,0,0,0
4395,15,,,,0,0,0,0,0
4396,11,,,,0,0,0,0,0
4396,12,,,,0,0,0,0,0
4396,13,,,,0,0,0,0,0
4396,14,,,,0,0,0,0,0
4396,15,,,,0,0,0,0,0
4397,11,,,,0,0,0,0,0
4397,12,,,,0,0,0,0,0
4397,13,,,,0,0,0,0,0
4397,14,,,,0,0,0,0,0
4397,15,,,,0,0,0,0,0
4398,11,,,,0,0,0,0,0
4398,12,,,,0,0,0,0,0
4398,13,,,,0,0,0,0,0
4398,14,,,,0,0,0,0,0
4398,15,,,,0,0,0,0,0
4399,11,,,,0,0,0,0,0
4399,12,,,,0,0,0,0,0
4399,13,,,,0,0,0,0,0
4399,14,,,,0,0,0,0,0
4399,15,,,,0,0,0,0,0
4400,11,,,,0,0,0,0,0
4400,12,,,,0,0,0,0,0
4400,13,,,,0,0,0,0,0
4400,14,,,,0,0,0,0,0
4400,15,,,,0,0,0,0,0
4401,11,,,,0,0,0,0,0
4401,12,,,,0,0,0,0,0
4401,13,,,,0,0,0,0,0
4401,14,,,,0,0,0,0,0
4401,15,,,,0,0,0,0,0
4402,11,,,,0,0,0,0,0
4402,12,,,,0,0,0,0,0
4402,13,,,,0,0,0,0,0
4402,14,,,,0,0,0,0,0
4402,15,,,,0,0,0,0,0
4403,11,,,,0,0,0,0,0
4403,12,,,,0,0,0,0,0
4403,13,,,,0,0,0,0,0
4403,14,,,,0,0,0,0,0
4403,15,,,,0,0,0,0,0
4404,11,,,,0,0,0,0,0
4404,12,,,,0,0,0,0,0
4404,13,,,,0,0,0,0,0
4404,14,,,,0,0,0,0,0
4404,15,,,,0,0,0,0,0
4405,11,,,,0,0,0,0,0
4405,12,,,,0,0,0,0,0
4405,13,,,,0,0,0,0,0
4405,14,,,,0,0,0,0,0
4405,15,,,,0,0,0,0,0
4406,11,,,,0,0,0,0,0
4406,12,,,,0,0,0,0,0
4406,13,,,,0,0,0,0,0
4406,14,,,,0,0,0,0,0
4406,15,,,,0,0,0,0,0
4407,11,,,,0,0,0,0,0
4407,12,,,,0,0,0,0,0
4407,13,,,,0,0,0,0,0
4407,14,,,,0,0,0,0,0
4407,15,,,,0,0,0,0,0
4408,11,,,,0,0,0,0,0
4408,12,,,,0,0,0,0,0
4408,13,,,,0,0,0,0,0
4408,14,,,,0,0,0,0,0
4408,15,,,,0,0,0,0,0
4409,11,,,,0,0,0,0,0
4409,12,,,,0,0,0,0,0
4409,13,,,,0,0,0,0,0
4409,14,,,,0,0,0,0,0
4409,15,,,,0,0,0,0,0
4410,11,,,,0,0,0,0,0
4410,12,,,,0,0,0,0,0
4410,13,,,,0,0,0,0,0
4410,14,,,,0,0,0,0,0
4410,15,,,,0,0,0,0,0
4411,11,,,,0,0,0,0,0
4411,12,,,,0,0,0,0,0
4411,13,,,,0,0,0,0,0
4411,14,,,,0,0,0,0,0
4411,15,,,,0,0,0,0,0
4412,11,,,,0,0,0,0,0
4412,12,,,,0,0,0,0,0
4412,13,,,,0,0,0,0,0
4412,14,,,,0,0,0,0,0
4412,15,,,,0,0,0,0,0
4413,11,,,,0,0,0,0,0
4413,12,,,,0,0,0,0,0
4413,13,,,,0,0,0,0,0
4413,14,,,,0,0,0,0,0
4413,15,,,,0,0,0,0,0
4414,11,,,,0,0,0,0,0
4414,12,,,,0,0,0,0,0
4414,13,,,,0,0,0,0,0
4414,14,,,,0,0,0,0,0
4414,15,,,,0,0,0,0,0
4415,11,,,,0,0,0,0,0
4415,12,,,,0,0,0,0,0
4415,13,,,,0,0,0,0,0
4415,14,,,,0,0,0,0,0
4415,15,,,,0,0,0,0,0
4416,11,,,,0,0,0,0,0
4416,12,,,,0,0,0,0,0
4416,13,,,,0,0,0,0,0
4416,14,,,,0,0,0,0,0
4416,15,,,,0,0,0,0,0
4417,11,,,,0,0,0,0,0
4417,12,,,,0,0,0,0,0
4417,13,,,,0,0,0,0,0
4417,14,,,,0,0,0,0,0
4417,15,,,,0,0,0,0,0
4418,11,,,,0,0,0,0,0
4418,12,,,,0,0,0,0,0
4418,13,,,,0,0,0,0,0
4418,14,,,,0,0,0,0,0
4418,15,,,,0,0,0,0,0
4419,11,,,,0,0,0,0,0
4419,12,,,,0,0,0,0,0
4419,13,,,,0,0,0,0,0
4419,14,,,,0,0,0,0,0
4419,15,,,,0,0,0,0,0
4420,11,,,,0,0,0,0,0
4420,12,,,,0,0,0,0,0
4420,13,,,,0,0,0,0,0
4420,14,,,,0,0,0,0,0
4420,15,,,,0,0,0,0,0
4421,11,,,,0,0,0,0,0
4421,12,,,,0,0,0,0,0
4421,13,,,,0,0,0,0,0
4421,14,,,,0,0,0,0,0
4421,15,,,,0,0,0,0,0
4422,11,,,,0,0,0,0,0
4422,12,,,,0,0,0,0,0
4422,13,,,,0,0,0,0,0
4422,14,,,,0,0,0,0,0
4422,15,,,,0,0,0,0,0
4423,11,,,,0,0,0,0,0
4423,12,,,,0,0,0,0,0
4423,13,,,,0,0,0,0,0
4423,14,,,,0,0,0,0,0
4423,15,,,,0,0,0,0,0
4424,11,,,,0,0,0,0,0
4424,12,,,,0,0,0,0,0
4424,13,,,,0,0,0,0,0
4424,14,,,,0,0,0,0,0
4424,15,,,,0,0,0,0,0
4425,11,,,,0,0,0,0,0
4425,12,,,,0,0,0,0,0
4425,13,,,,0,0,0,0,0
4425,14,,,,0,0,0,0,0
4425,15,,,,0,0,0,0,0
4426,11,,,,0,0,0,0,0
4426,12,,,,0,0,0,0,0
4426,13,,,,0,0,0,0,0
4426,14,,,,0,0,0,0,0
4426,15,,,,0,0,0,0,0
4427,11,,,,0,0,0,0,0
4427,12,,,,0,0,0,0,0
4427,13,,,,0,0,0,0,0
4427,14,,,,0,0,0,0,0
4427,15,,,,0,0,0,0,0
4428,11,,,,0,0,0,0,0
4428,12,,,,0,0,0,0,0
4428,13,,,,0,0,0,0,0
4428,14,,,,0,0,0,0,0
4428,15,,,,0,0,0,0,0
4429,11,,,,0,0,0,0,0
4429,12,,,,0,0,0,0,0
4429,13,,,,0,0,0,0,0
4429,14,,,,0,0,0,0,0
4429,15,,,,0,0,0,0,0
4430,11,,,,0,0,0,0,0
4430,12,,,,0,0,0,0,0
4430,13,,,,0,0,0,0,0
4430,14,,,,0,0,0,0,0
4430,15,,,,0,0,0,0,0
4431,11,,,,0,0,0,0,0
4431,12,,,,0,0,0,0,0
4431,13,,,,0,0,0,0,0
4431,14,,,,0,0,0,0,0
4431,15,,,,0,0,0,0,0
4432,11,,,,0,0,0,0,0
4432,12,,,,0,0,0,0,0
4432,13,,,,0,0,0,0,0
4432,14,,,,0,0,0,0,0
4432,15,,,,0,0,0,0,0
4433,11,,,,0,0,0,0,0
4433,12,,,,0,0,0,0,0
4433,13,,,,0,0,0,0,0
4433,14,,,,0,0,0,0,0
4433,15,,,,0,0,0,0,0
4434,11,,,,0,0,0,0,0
4434,12,,,,0,0,0,0,0
4434,13,,,,0,0,0,0,0
4434,14,,,,0,0,0,0,0
4434,15,,,,0,0,0,0,0
4435,11,,,,0,0,0,0,0
4435,12,,,,0,0,0,0,0
4435,13,,,,0,0,0,0,0
4435,14,,,,0,0,0,0,0
4435,15,,,,0,0,0,0,0
4436,11,,,,0,0,0,0,0
4436,12,,,,0,0,0,0,0
4436,13,,,,0,0,0,0,0
4436,14,,,,0,0,0,0,0
4436,15,,,,0,0,0,0,0
4437,11,,,,0,0,0,0,0
4437,12,,,,0,0,0,0,0
4437,13,,,,0,0,0,0,0
4437,14,,,,0,0,0,0,0
4437,15,,,,0,0,0,0,0
4438,11,,,,0,0,0,0,0
4438,12,,,,0,0,0,0,0
4438,13,,,,0,0,0,0,0
4438,14,,,,0,0,0,0,0
4438,15,,,,0,0,0,0,0
4439,11,,,,0,0,0,0,0
4439,12,,,,0,0,0,0,0
4439,13,,,,0,0,0,0,0
4439,14,,,,0,0,0,0,0
4439,15,,,,0,0,0,0,0
4440,11,,,,0,0,0,0,0
4440,12,,,,0,0,0,0,0
4440,13,,,,0,0,0,0,0
4440,14,,,,0,0,0,0,0
4440,15,,,,0,0,0,0,0
4441,11,,,,0,0,0,0,0
4441,12,,,,0,0,0,0,0
4441,13,,,,0,0,0,0,0
4441,14,,,,0,0,0,0,0
4441,15,,,,0,0,0,0,0
4442,11,,,,0,0,0,0,0
4442,12,,,,0,0,0,0,0
4442,13,,,,0,0,0,0,0
4442,14,,,,0,0,0,0,0
4442,15,,,,0,0,0,0,0
4443,11,,,,0,0,0,0,0
4443,12,,,,0,0,0,0,0
4443,13,,,,0,0,0,0,0
4443,14,,,,0,0,0,0,0
4443,15,,,,0,0,0,0,0
4444,11,,,,0,0,0,0,0
4444,12,,,,0,0,0,0,0
4444,13,,,,0,0,0,0,0
4444,14,,,,0,0,0,0,0
4444,15,,,,0,0,0,0,0
4445,11,,,,0,0,0,0,0
4445,12,,,,0,0,0,0,0
4445,13,,,,0,0,0,0,0
4445,14,,,,0,0,0,0,0
4445,15,,,,0,0,0,0,0
4446,11,,,,0,0,0,0,0
4446,12,,,,0,0,0,0,0
4446,13,,,,0,0,0,0,0
4446,14,,,,0,0,0,0,0
4446,15,,,,0,0,0,0,0
4447,11,,,,0,0,0,0,0
4447,12,,,,0,0,0,0,0
4447,13,,,,0,0,0,0,0
4447,14,,,,0,0,0,0,0
4447,15,,,,0,0,0,0,0
4448,11,,,,0,0,0,0,0
4448,12,,,,0,0,0,0,0
4448,13,,,,0,0,0,0,0
4448,14,,,,0,0,0,0,0
4448,15,,,,0,0,0,0,0
4449,11,,,,0,0,0,0,0
4449,12,,,,0,0,0,0,0
4449,13,,,,0,0,0,0,0
4449,14,,,,0,0,0,0,0
4449,15,,,,0,0,0,0,0
4450,11,,,,0,0,0,0,0
4450,12,,,,0,0,0,0,0
4450,13,,,,0,0,0,0,0
4450,14,,,,0,0,0,0,0
4450,15,,,,0,0,0,0,0
4451,11,,,,0,0,0,0,0
4451,12,,,,0,0,0,0,0
4451,13,,,,0,0,0,0,0
4451,14,,,,0,0,0,0,0
4451,15,,,,0,0,0,0,0
4452,11,,,,0,0,0,0,0
4452,12,,,,0,0,0,0,0
4452,13,,,,0,0,0,0,0
4452,14,,,,0,0,0,0,0
4452,15,,,,0,0,0,0,0
4453,11,,,,0,0,0,0,0
4453,12,,,,0,0,0,0,0
4453,13,,,,0,0,0,0,0
4453,14,,,,0,0,0,0,0
4453,15,,,,0,0,0,0,0
4454,11,,,,0,0,0,0,0
4454,12,,,,0,0,0,0,0
4454,13,,,,0,0,0,0,0
4454,14,,,,0,0,0,0,0
4454,15,,,,0,0,0,0,0
4455,11,,,,0,0,0,0,0
4455,12,,,,0,0,0,0,0
4455,13,,,,0,0,0,0,0
4455,14,,,,0,0,0,0,0
4455,15,,,,0,0,0,0,0
4456,11,,,,0,0,0,0,0
4456,12,,,,0,0,0,0,0
4456,13,,,,0,0,0,0,0
4456,14,,,,0,0,0,0,0
4456,15,,,,0,0,0,0,0
4457,11,,,,0,0,0,0,0
4457,12,,,,0,0,0,0,0
4457,13,,,,0,0,0,0,0
4457,14,,,,0,0,0,0,0
4457,15,,,,0,0,0,0,0
4458,11,,,,0,0,0,0,0
4458,12,,,,0,0,0,0,0
4458,13,,,,0,0,0,0,0
4458,14,,,,0,0,0,0,0
4458,15,,,,0,0,0,0,0
4459,11,,,,0,0,0,0,0
4459,12,,,,0,0,0,0,0
4459,13,,,,0,0,0,0,0
4459,14,,,,0,0,0,0,0
4459,15,,,,0,0,0,0,0
4460,11,,,,0,0,0,0,0
4460,12,,,,0,0,0,0,0
4460,13,,,,0,0,0,0,0
4460,14,,,,0,0,0,0,0
4460,15,,,,0,0,0,0,0
4461,11,,,,0,0,0,0,0
4461,12,,,,0,0,0,0,0
4461,13,,,,0,0,0,0,0
4461,14,,,,0,0,0,0,0
4461,15,,,,0,0,0,0,0
4462,11,,,,0,0,0,0,0
4462,12,,,,0,0,0,0,0
4462,13,,,,0,0,0,0,0
4462,14,,,,0,0,0,0,0
4462,15,,,,0,0,0,0,0
4463,11,,,,0,0,0,0,0
4463,12,,,,0,0,0,0,0
4463,13,,,,0,0,0,0,0
4463,14,,,,0,0,0,0,0
4463,15,,,,0,0,0,0,0
4464,11,,,,0,0,0,0,0
4464,12,,,,0,0,0,0,0
4464,13,,,,0,0,0,0,0
4464,14,,,,0,0,0,0,0
4464,15,,,,0,0,0,0,0
4465,11,,,,0,0,0,0,0
4465,12,,,,0,0,0,0,0
4465,13,,,,0,0,0,0,0
4465,14,,,,0,0,0,0,0
4465,15,,,,0,0,0,0,0
4466,11,,,,0,0,0,0,0
4466,12,,,,0,0,0,0,0
4466,13,,,,0,0,0,0,0
4466,14,,,,0,0,0,0,0
4466,15,,,,0,0,0,0,0
4467,11,,,,0,0,0,0,0
4467,12,,,,0,0,0,0,0
4467,13,,,,0,0,0,0,0
4467,14,,,,0,0,0,0,0
4467,15,,,,0,0,0,0,0
4468,11,,,,0,0,0,0,0
4468,12,,,,0,0,0,0,0
4468,13,,,,0,0,0,0,0
4468,14,,,,0,0,0,0,0
4468,15,,,,0,0,0,0,0
4469,11,,,,0,0,0,0,0
4469,12,,,,0,0,0,0,0
4469,13,,,,0,0,0,0,0
4469,14,,,,0,0,0,0,0
4469,15,,,,0,0,0,0,0
4470,11,,,,0,0,0,0,0
4470,12,,,,0,0,0,0,0
4470,13,,,,0,0,0,0,0
4470,14,,,,0,0,0,0,0
4470,15,,,,0,0,0,0,0
4471,11,,,,0,0,0,0,0
4471,12,,,,0,0,0,0,0
4471,13,,,,0,0,0,0,0
4471,14,,,,0,0,0,0,0
4471,15,,,,0,0,0,0,0
4472,11,,,,0,0,0,0,0
4472,12,,,,0,0,0,0,0
4472,13,,,,0,0,0,0,0
4472,14,,,,0,0,0,0,0
4472,15,,,,0,0,0,0,0
4473,11,,,,0,0,0,0,0
4473,12,,,,0,0,0,0,0
4473,13,,,,0,0,0,0,0
4473,14,,,,0,0,0,0,0
4473,15,,,,0,0,0,0,0
4474,11,,,,0,0,0,0,0
4474,12,,,,0,0,0,0,0
4474,13,,,,0,0,0,0,0
4474,14,,,,0,0,0,0,0
4474,15,,,,0,0,0,0,0
4475,11,,,,0,0,0,0,0
4475,12,,,,0,0,0,0,0
4475,13,,,,0,0,0,0,0
4475,14,,,,0,0,0,0,0
4475,15,,,,0,0,0,0,0
4476,11,,,,0,0,0,0,0
4476,12,,,,0,0,0,0,0
4476,13,,,,0,0,0,0,0
4476,14,,,,0,0,0,0,0
4476,15,,,,0,0,0,0,0
4477,11,,,,0,0,0,0,0
4477,12,,,,0,0,0,0,0
4477,13,,,,0,0,0,0,0
4477,14,,,,0,0,0,0,0
4477,15,,,,0,0,0,0,0
4478,11,,,,0,0,0,0,0
4478,12,,,,0,0,0,0,0
4478,13,,,,0,0,0,0,0
4478,14,,,,0,0,0,0,0
4478,15,,,,0,0,0,0,0
4479,11,,,,0,0,0,0,0
4479,12,,,,0,0,0,0,0
4479,13,,,,0,0,0,0,0
4479,14,,,,0,0,0,0,0
4479,15,,,,0,0,0,0,0
4480,11,,,,0,0,0,0,0
4480,12,,,,0,0,0,0,0
4480,13,,,,0,0,0,0,0
4480,14,,,,0,0,0,0,0
4480,15,,,,0,0,0,0,0
4481,11,,,,0,0,0,0,0
4481,12,,,,0,0,0,0,0
4481,13,,,,0,0,0,0,0
4481,14,,,,0,0,0,0,0
4481,15,,,,0,0,0,0,0
4482,11,,,,0,0,0,0,0
4482,12,,,,0,0,0,0,0
4482,13,,,,0,0,0,0,0
4482,14,,,,0,0,0,0,0
4482,15,,,,0,0,0,0,0
4483,11,,,,0,0,0,0,0
4483,12,,,,0,0,0,0,0
4483,13,,,,0,0,0,0,0
4483,14,,,,0,0,0,0,0
4483,15,,,,0,0,0,0,0
4484,11,,,,0,0,0,0,0
4484,12,,,,0,0,0,0,0
4484,13,,,,0,0,0,0,0
4484,14,,,,0,0,0,0,0
4484,15,,,,0,0,0,0,0
4485,11,,,,0,0,0,0,0
4485,12,,,,0,0,0,0,0
4485,13,,,,0,0,0,0,0
4485,14,,,,0,0,0,0,0
4485,15,,,,0,0,0,0,0
4486,11,,,,0,0,0,0,0
4486,12,,,,0,0,0,0,0
4486,13,,,,0,0,0,0,0
4486,14,,,,0,0,0,0,0
4486,15,,,,0,0,0,0,0
4487,11,,,,0,0,0,0,0
4487,12,,,,0,0,0,0,0
4487,13,,,,0,0,0,0,0
4487,14,,,,0,0,0,0,0
4487,15,,,,0,0,0,0,0
4488,11,,,,0,0,0,0,0
4488,12,,,,0,0,0,0,0
4488,13,,,,0,0,0,0,0
4488,14,,,,0,0,0,0,0
4488,15,,,,0,0,0,0,0
4489,11,,,,0,0,0,0,0
4489,12,,,,0,0,0,0,0
4489,13,,,,0,0,0,0,0
4489,14,,,,0,0,0,0,0
4489,15,,,,0,0,0,0,0
4490,11,,,,0,0,0,0,0
4490,12,,,,0,0,0,0,0
4490,13,,,,0,0,0,0,0
4490,14,,,,0,0,0,0,0
4490,15,,,,0,0,0,0,0
4491,11,,,,0,0,0,0,0
4491,12,,,,0,0,0,0,0
4491,13,,,,0,0,0,0,0
4491,14,,,,0,0,0,0,0
4491,15,,,,0,0,0,0,0
4492,11,,,,0,0,0,0,0
4492,12,,,,0,0,0,0,0
4492,13,,,,0,0,0,0,0
4492,14,,,,0,0,0,0,0
4492,15,,,,0,0,0,0,0
4493,11,,,,0,0,0,0,0
4493,12,,,,0,0,0,0,0
4493,13,,,,0,0,0,0,0
4493,14,,,,0,0,0,0,0
4493,15,,,,0,0,0,0,0
4494,11,,,,0,0,0,0,0
4494,12,,,,0,0,0,0,0
4494,13,,,,0,0,0,0,0
4494,14,,,,0,0,0,0,0
4494,15,,,,0,0,0,0,0
4495,11,,,,0,0,0,0,0
4495,12,,,,0,0,0,0,0
4495,13,,,,0,0,0,0,0
4495,14,,,,0,0,0,0,0
4495,15,,,,0,0,0,0,0
4496,11,,,,0,0,0,0,0
4496,12,,,,0,0,0,0,0
4496,13,,,,0,0,0,0,0
4496,14,,,,0,0,0,0,0
4496,15,,,,0,0,0,0,0
4497,11,,,,0,0,0,0,0
4497,12,,,,0,0,0,0,0
4497,13,,,,0,0,0,0,0
4497,14,,,,0,0,0,0,0
4497,15,,,,0,0,0,0,0
4498,11,,,,0,0,0,0,0
4498,12,,,,0,0,0,0,0
4498,13,,,,0,0,0,0,0
4498,14,,,,0,0,0,0,0
4498,15,,,,0,0,0,0,0
4499,11,,,,0,0,0,0,0
4499,12,,,,0,0,0,0,0
4499,13,,,,0,0,0,0,0
4499,14,,,,0,0,0,0,0
4499,15,,,,0,0,0,0,0
4500,11,,,,0,0,0,0,0
4500,12,,,,0,0,0,0,0
4500,13,,,,0,0,0,0,0
4500,14,,,,0,0,0,0,0
4500,15,,,,0,0,0,0,0
4501,11,,,,0,0,0,0,0
4501,12,,,,0,0,0,0,0
4501,13,,,,0,0,0,0,0
4501,14,,,,0,0,0,0,0
4501,15,,,,0,0,0,0,0
4502,11,,,,0,0,0,0,0
4502,12,,,,0,0,0,0,0
4502,13,,,,0,0,0,0,0
4502,14,,,,0,0,0,0,0
4502,15,,,,0,0,0,0,0
4503,11,,,,0,0,0,0,0
4503,12,,,,0,0,0,0,0
4503,13,,,,0,0,0,0,0
4503,14,,,,0,0,0,0,0
4503,15,,,,0,0,0,0,0
4504,11,,,,0,0,0,0,0
4504,12,,,,0,0,0,0,0
4504,13,,,,0,0,0,0,0
4504,14,,,,0,0,0,0,0
4504,15,,,,0,0,0,0,0
4505,11,,,,0,0,0,0,0
4505,12,,,,0,0,0,0,0
4505,13,,,,0,0,0,0,0
4505,14,,,,0,0,0,0,0
4505,15,,,,0,0,0,0,0
4506,11,,,,0,0,0,0,0
4506,12,,,,0,0,0,0,0
4506,13,,,,0,0,0,0,0
4506,14,,,,0,0,0,0,0
4506,15,,,,0,0,0,0,0
4507,11,,,,0,0,0,0,0
4507,12,,,,0,0,0,0,0
4507,13,,,,0,0,0,0,0
4507,14,,,,0,0,0,0,0
4507,15,,,,0,0,0,0,0
4508,11,,,,0,0,0,0,0
4508,12,,,,0,0,0,0,0
4508,13,,,,0,0,0,0,0
4508,14,,,,0,0,0,0,0
4508,15,,,,0,0,0,0,0
4509,11,,,,0,0,0,0,0
4509,12,,,,0,0,0,0,0
4509,13,,,,0,0,0,0,0
4509,14,,,,0,0,0,0,0
4509,15,,,,0,0,0,0,0
4510,11,,,,0,0,0,0,0
4510,12,,,,0,0,0,0,0
4510,13,,,,0,0,0,0,0
4510,14,,,,0,0,0,0,0
4510,15,,,,0,0,0,0,0
4511,11,,,,0,0,0,0,0
4511,12,,,,0,0,0,0,0
4511,13,,,,0,0,0,0,0
4511,14,,,,0,0,0,0,0
4511,15,,,,0,0,0,0,0
4512,11,,,,0,0,0,0,0
4512,12,,,,0,0,0,0,0
4512,13,,,,0,0,0,0,0
4512,14,,,,0,0,0,0,0
4512,15,,,,0,0,0,0,0
4513,11,,,,0,0,0,0,0
4513,12,,,,0,0,0,0,0
4513,13,,,,0,0,0,0,0
4513,14,,,,0,0,0,0,0
4513,15,,,,0,0,0,0,0
4514,11,,,,0,0,0,0,0
4514,12,,,,0,0,0,0,0
4514,13,,,,0,0,0,0,0
4514,14,,,,0,0,0,0,0
4514,15,,,,0,0,0,0,0
4515,11,,,,0,0,0,0,0
4515,12,,,,0,0,0,0,0
4515,13,,,,0,0,0,0,0
4515,14,,,,0,0,0,0,0
4515,15,,,,0,0,0,0,0
4516,11,,,,0,0,0,0,0
4516,12,,,,0,0,0,0,0
4516,13,,,,0,0,0,0,0
4516,14,,,,0,0,0,0,0
4516,15,,,,0,0,0,0,0
4517,11,,,,0,0,0,0,0
4517,12,,,,0,0,0,0,0
4517,13,,,,0,0,0,0,0
4517,14,,,,0,0,0,0,0
4517,15,,,,0,0,0,0,0
4518,11,,,,0,0,0,0,0
4518,12,,,,0,0,0,0,0
4518,13,,,,0,0,0,0,0
4518,14,,,,0,0,0,0,0
4518,15,,,,0,0,0,0,0
4519,11,,,,0,0,0,0,0
4519,12,,,,0,0,0,0,0
4519,13,,,,0,0,0,0,0
4519,14,,,,0,0,0,0,0
4519,15,,,,0,0,0,0,0
4520,11,,,,0,0,0,0,0
4520,12,,,,0,0,0,0,0
4520,13,,,,0,0,0,0,0
4520,14,,,,0,0,0,0,0
4520,15,,,,0,0,0,0,0
4521,11,,,,0,0,0,0,0
4521,12,,,,0,0,0,0,0
4521,13,,,,0,0,0,0,0
4521,14,,,,0,0,0,0,0
4521,15,,,,0,0,0,0,0
4522,11,,,,0,0,0,0,0
4522,12,,,,0,0,0,0,0
4522,13,,,,0,0,0,0,0
4522,14,,,,0,0,0,0,0
4522,15,,,,0,0,0,0,0
4523,11,,,,0,0,0,0,0
4523,12,,,,0,0,0,0,0
4523,13,,,,0,0,0,0,0
4523,14,,,,0,0,0,0,0
4523,15,,,,0,0,0,0,0
4524,11,,,,0,0,0,0,0
4524,12,,,,0,0,0,0,0
4524,13,,,,0,0,0,0,0
4524,14,,,,0,0,0,0,0
4524,15,,,,0,0,0,0,0
4525,11,,,,0,0,0,0,0
4525,12,,,,0,0,0,0,0
4525,13,,,,0,0,0,0,0
4525,14,,,,0,0,0,0,0
4525,15,,,,0,0,0,0,0
4526,11,,,,0,0,0,0,0
4526,12,,,,0,0,0,0,0
4526,13,,,,0,0,0,0,0
4526,14,,,,0,0,0,0,0
4526,15,,,,0,0,0,0,0
4527,11,,,,0,0,0,0,0
4527,12,,,,0,0,0,0,0
4527,13,,,,0,0,0,0,0
4527,14,,,,0,0,0,0,0
4527,15,,,,0,0,0,0,0
4528,11,,,,0,0,0,0,0
4528,12,,,,0,0,0,0,0
4528,13,,,,0,0,0,0,0
4528,14,,,,0,0,0,0,0
4528,15,,,,0,0,0,0,0
4529,11,,,,0,0,0,0,0
4529,12,,,,0,0,0,0,0
4529,13,,,,0,0,0,0,0
4529,14,,,,0,0,0,0,0
4529,15,,,,0,0,0,0,0
4530,11,,,,0,0,0,0,0
4530,12,,,,0,0,0,0,0
4530,13,,,,0,0,0,0,0
4530,14,,,,0,0,0,0,0
4530,15,,,,0,0,0,0,0
4531,11,,,,0,0,0,0,0
4531,12,,,,0,0,0,0,0
4531,13,,,,0,0,0,0,0
4531,14,,,,0,0,0,0,0
4531,15,,,,0,0,0,0,0
4532,11,,,,0,0,0,0,0
4532,12,,,,0,0,0,0,0
4532,13,,,,0,0,0,0,0
4532,14,,,,0,0,0,0,0
4532,15,,,,0,0,0,0,0
4533,11,,,,0,0,0,0,0
4533,12,,,,0,0,0,0,0
4533,13,,,,0,0,0,0,0
4533,14,,,,0,0,0,0,0
4533,15,,,,0,0,0,0,0
4534,11,,,,0,0,0,0,0
4534,12,,,,0,0,0,0,0
4534,13,,,,0,0,0,0,0
4534,14,,,,0,0,0,0,0
4534,15,,,,0,0,0,0,0
4535,11,,,,0,0,0,0,0
4535,12,,,,0,0,0,0,0
4535,13,,,,0,0,0,0,0
4535,14,,,,0,0,0,0,0
4535,15,,,,0,0,0,0,0
4536,11,,,,0,0,0,0,0
4536,12,,,,0,0,0,0,0
4536,13,,,,0,0,0,0,0
4536,14,,,,0,0,0,0,0
4536,15,,,,0,0,0,0,0
4537,11,,,,0,0,0,0,0
4537,12,,,,0,0,0,0,0
4537,13,,,,0,0,0,0,0
4537,14,,,,0,0,0,0,0
4537,15,,,,0,0,0,0,0
4538,11,,,,0,0,0,0,0
4538,12,,,,0,0,0,0,0
4538,13,,,,0,0,0,0,0
4538,14,,,,0,0,0,0,0
4538,15,,,,0,0,0,0,0
4539,11,,,,0,0,0,0,0
4539,12,,,,0,0,0,0,0
4539,13,,,,0,0,0,0,0
4539,14,,,,0,0,0,0,0
4539,15,,,,0,0,0,0,0
4540,11,,,,0,0,0,0,0
4540,12,,,,0,0,0,0,0
4540,13,,,,0,0,0,0,0
4540,14,,,,0,0,0,0,0
4540,15,,,,0,0,0,0,0
4541,11,,,,0,0,0,0,0
4541,12,,,,0,0,0,0,0
4541,13,,,,0,0,0,0,0
4541,14,,,,0,0,0,0,0
4541,15,,,,0,0,0,0,0
4542,11,,,,0,0,0,0,0
4542,12,,,,0,0,0,0,0
4542,13,,,,0,0,0,0,0
4542,14,,,,0,0,0,0,0
4542,15,,,,0,0,0,0,0
4543,11,,,,0,0,0,0,0
4543,12,,,,0,0,0,0,0
4543,13,,,,0,0,0,0,0
4543,14,,,,0,0,0,0,0
4543,15,,,,0,0,0,0,0
4544,11,,,,0,0,0,0,0
4544,12,,,,0,0,0,0,0
4544,13,,,,0,0,0,0,0
4544,14,,,,0,0,0,0,0
4544,15,,,,0,0,0,0,0
4545,11,,,,0,0,0,0,0
4545,12,,,,0,0,0,0,0
4545,13,,,,0,0,0,0,0
4545,14,,,,0,0,0,0,0
4545,15,,,,0,0,0,0,0
4546,11,,,,0,0,0,0,0
4546,12,,,,0,0,0,0,0
4546,13,,,,0,0,0,0,0
4546,14,,,,0,0,0,0,0
4546,15,,,,0,0,0,0,0
4547,11,,,,0,0,0,0,0
4547,12,,,,0,0,0,0,0
4547,13,,,,0,0,0,0,0
4547,14,,,,0,0,0,0,0
4547,15,,,,0,0,0,0,0
4548,11,,,,0,0,0,0,0
4548,12,,,,0,0,0,0,0
4548,13,,,,0,0,0,0,0
4548,14,,,,0,0,0,0,0
4548,15,,,,0,0,0,0,0
4549,11,,,,0,0,0,0,0
4549,12,,,,0,0,0,0,0
4549,13,,,,0,0,0,0,0
4549,14,,,,0,0,0,0,0
4549,15,,,,0,0,0,0,0
4550,11,,,,0,0,0,0,0
4550,12,,,,0,0,0,0,0
4550,13,,,,0,0,0,0,0
4550,14,,,,0,0,0,0,0
4550,15,,,,0,0,0,0,0
4551,11,,,,0,0,0,0,0
4551,12,,,,0,0,0,0,0
4551,13,,,,0,0,0,0,0
4551,14,,,,0,0,0,0,0
4551,15,,,,0,0,0,0,0
4552,11,,,,0,0,0,0,0
4552,12,,,,0,0,0,0,0
4552,13,,,,0,0,0,0,0
4552,14,,,,0,0,0,0,0
4552,15,,,,0,0,0,0,0
4553,11,,,,0,0,0,0,0
4553,12,,,,0,0,0,0,0
4553,13,,,,0,0,0,0,0
4553,14,,,,0,0,0,0,0
4553,15,,,,0,0,0,0,0
4554,11,,,,0,0,0,0,0
4554,12,,,,0,0,0,0,0
4554,13,,,,0,0,0,0,0
4554,14,,,,0,0,0,0,0
4554,15,,,,0,0,0,0,0
4555,11,,,,0,0,0,0,0
4555,12,,,,0,0,0,0,0
4555,13,,,,0,0,0,0,0
4555,14,,,,0,0,0,0,0
4555,15,,,,0,0,0,0,0
4556,11,,,,0,0,0,0,0
4556,12,,,,0,0,0,0,0
4556,13,,,,0,0,0,0,0
4556,14,,,,0,0,0,0,0
4556,15,,,,0,0,0,0,0
4557,11,,,,0,0,0,0,0
4557,12,,,,0,0,0,0,0
4557,13,,,,0,0,0,0,0
4557,14,,,,0,0,0,0,0
4557,15,,,,0,0,0,0,0
4558,11,,,,0,0,0,0,0
4558,12,,,,0,0,0,0,0
4558,13,,,,0,0,0,0,0
4558,14,,,,0,0,0,0,0
4558,15,,,,0,0,0,0,0
4559,11,,,,0,0,0,0,0
4559,12,,,,0,0,0,0,0
4559,13,,,,0,0,0,0,0
4559,14,,,,0,0,0,0,0
4559,15,,,,0,0,0,0,0
4560,11,,,,0,0,0,0,0
4560,12,,,,0,0,0,0,0
4560,13,,,,0,0,0,0,0
4560,14,,,,0,0,0,0,0
4560,15,,,,0,0,0,0,0
4561,11,,,,0,0,0,0,0
4561,12,,,,0,0,0,0,0
4561,13,,,,0,0,0,0,0
4561,14,,,,0,0,0,0,0
4561,15,,,,0,0,0,0,0
4562,11,,,,0,0,0,0,0
4562,12,,,,0,0,0,0,0
4562,13,,,,0,0,0,0,0
4562,14,,,,0,0,0,0,0
4562,15,,,,0,0,0,0,0
4563,11,,,,0,0,0,0,0
4563,12,,,,0,0,0,0,0
4563,13,,,,0,0,0,0,0
4563,14,,,,0,0,0,0,0
4563,15,,,,0,0,0,0,0
4564,11,,,,0,0,0,0,0
4564,12,,,,0,0,0,0,0
4564,13,,,,0,0,0,0,0
4564,14,,,,0,0,0,0,0
4564,15,,,,0,0,0,0,0
4565,11,,,,0,0,0,0,0
4565,12,,,,0,0,0,0,0
4565,13,,,,0,0,0,0,0
4565,14,,,,0,0,0,0,0
4565,15,,,,0,0,0,0,0
4566,11,,,,0,0,0,0,0
4566,12,,,,0,0,0,0,0
4566,13,,,,0,0,0,0,0
4566,14,,,,0,0,0,0,0
4566,15,,,,0,0,0,0,0
4567,11,,,,0,0,0,0,0
4567,12,,,,0,0,0,0,0
4567,13,,,,0,0,0,0,0
4567,14,,,,0,0,0,0,0
4567,15,,,,0,0,0,0,0
4568,11,,,,0,0,0,0,0
4568,12,,,,0,0,0,0,0
4568,13,,,,0,0,0,0,0
4568,14,,,,0,0,0,0,0
4568,15,,,,0,0,0,0,0
4569,11,,,,0,0,0,0,0
4569,12,,,,0,0,0,0,0
4569,13,,,,0,0,0,0,0
4569,14,,,,0,0,0,0,0
4569,15,,,,0,0,0,0,0
4570,11,,,,0,0,0,0,0
4570,12,,,,0,0,0,0,0
4570,13,,,,0,0,0,0,0
4570,14,,,,0,0,0,0,0
4570,15,,,,0,0,0,0,0
4571,11,,,,0,0,0,0,0
4571,12,,,,0,0,0,0,0
4571,13,,,,0,0,0,0,0
4571,14,,,,0,0,0,0,0
4571,15,,,,0,0,0,0,0
4572,11,,,,0,0,0,0,0
4572,12,,,,0,0,0,0,0
4572,13,,,,0,0,0,0,0
4572,14,,,,0,0,0,0,0
4572,15,,,,0,0,0,0,0
4573,11,,,,0,0,0,0,0
4573,12,,,,0,0,0,0,0
4573,13,,,,0,0,0,0,0
4573,14,,,,0,0,0,0,0
4573,15,,,,0,0,0,0,0
4574,11,,,,0,0,0,0,0
4574,12,,,,0,0,0,0,0
4574,13,,,,0,0,0,0,0
4574,14,,,,0,0,0,0,0
4574,15,,,,0,0,0,0,0
4575,11,,,,0,0,0,0,0
4575,12,,,,0,0,0,0,0
4575,13,,,,0,0,0,0,0
4575,14,,,,0,0,0,0,0
4575,15,,,,0,0,0,0,0
4576,11,,,,0,0,0,0,0
4576,12,,,,0,0,0,0,0
4576,13,,,,0,0,0,0,0
4576,14,,,,0,0,0,0,0
4576,15,,,,0,0,0,0,0
4577,11,,,,0,0,0,0,0
4577,12,,,,0,0,0,0,0
4577,13,,,,0,0,0,0,0
4577,14,,,,0,0,0,0,0
4577,15,,,,0,0,0,0,0
4578,11,,,,0,0,0,0,0
4578,12,,,,0,0,0,0,0
4578,13,,,,0,0,0,0,0
4578,14,,,,0,0,0,0,0
4578,15,,,,0,0,0,0,0
4579,11,,,,0,0,0,0,0
4579,12,,,,0,0,0,0,0
4579,13,,,,0,0,0,0,0
4579,14,,,,0,0,0,0,0
4579,15,,,,0,0,0,0,0
4580,11,,,,0,0,0,0,0
4580,12,,,,0,0,0,0,0
4580,13,,,,0,0,0,0,0
4580,14,,,,0,0,0,0,0
4580,15,,,,0,0,0,0,0
4581,11,,,,0,0,0,0,0
4581,12,,,,0,0,0,0,0
4581,13,,,,0,0,0,0,0
4581,14,,,,0,0,0,0,0
4581,15,,,,0,0,0,0,0
4582,11,,,,0,0,0,0,0
4582,12,,,,0,0,0,0,0
4582,13,,,,0,0,0,0,0
4582,14,,,,0,0,0,0,0
4582,15,,,,0,0,0,0,0
4583,11,,,,0,0,0,0,0
4583,12,,,,0,0,0,0,0
4583,13,,,,0,0,0,0,0
4583,14,,,,0,0,0,0,0
4583,15,,,,0,0,0,0,0
4584,11,,,,0,0,0,0,0
4584,12,,,,0,0,0,0,0
4584,13,,,,0,0,0,0,0
4584,14,,,,0,0,0,0,0
4584,15,,,,0,0,0,0,0
4585,11,,,,0,0,0,0,0
4585,12,,,,0,0,0,0,0
4585,13,,,,0,0,0,0,0
4585,14,,,,0,0,0,0,0
4585,15,,,,0,0,0,0,0
4586,11,,,,0,0,0,0,0
4586,12,,,,0,0,0,0,0
4586,13,,,,0,0,0,0,0
4586,14,,,,0,0,0,0,0
4586,15,,,,0,0,0,0,0
4587,11,,,,0,0,0,0,0
4587,12,,,,0,0,0,0,0
4587,13,,,,0,0,0,0,0
4587,14,,,,0,0,0,0,0
4587,15,,,,0,0,0,0,0
4588,11,,,,0,0,0,0,0
4588,12,,,,0,0,0,0,0
4588,13,,,,0,0,0,0,0
4588,14,,,,0,0,0,0,0
4588,15,,,,0,0,0,0,0
4589,11,,,,0,0,0,0,0
4589,12,,,,0,0,0,0,0
4589,13,,,,0,0,0,0,0
4589,14,,,,0,0,0,0,0
4589,15,,,,0,0,0,0,0
4590,11,,,,0,0,0,0,0
4590,12,,,,0,0,0,0,0
4590,13,,,,0,0,0,0,0
4590,14,,,,0,0,0,0,0
4590,15,,,,0,0,0,0,0
4591,11,,,,0,0,0,0,0
4591,12,,,,0,0,0,0,0
4591,13,,,,0,0,0,0,0
4591,14,,,,0,0,0,0,0
4591,15,,,,0,0,0,0,0
4592,11,,,,0,0,0,0,0
4592,12,,,,0,0,0,0,0
4592,13,,,,0,0,0,0,0
4592,14,,,,0,0,0,0,0
4592,15,,,,0,0,0,0,0
4593,11,,,,0,0,0,0,0
4593,12,,,,0,0,0,0,0
4593,13,,,,0,0,0,0,0
4593,14,,,,0,0,0,0,0
4593,15,,,,0,0,0,0,0
4594,11,,,,0,0,0,0,0
4594,12,,,,0,0,0,0,0
4594,13,,,,0,0,0,0,0
4594,14,,,,0,0,0,0,0
4594,15,,,,0,0,0,0,0
4595,11,,,,0,0,0,0,0
4595,12,,,,0,0,0,0,0
4595,13,,,,0,0,0,0,0
4595,14,,,,0,0,0,0,0
4595,15,,,,0,0,0,0,0
4596,11,,,,0,0,0,0,0
4596,12,,,,0,0,0,0,0
4596,13,,,,0,0,0,0,0
4596,14,,,,0,0,0,0,0
4596,15,,,,0,0,0,0,0
4597,11,,,,0,0,0,0,0
4597,12,,,,0,0,0,0,0
4597,13,,,,0,0,0,0,0
4597,14,,,,0,0,0,0,0
4597,15,,,,0,0,0,0,0
4598,11,,,,0,0,0,0,0
4598,12,,,,0,0,0,0,0
4598,13,,,,0,0,0,0,0
4598,14,,,,0,0,0,0,0
4598,15,,,,0,0,0,0,0
4599,11,,,,0,0,0,0,0
4599,12,,,,0,0,0,0,0
4599,13,,,,0,0,0,0,0
4599,14,,,,0,0,0,0,0
4599,15,,,,0,0,0,0,0
4600,11,,,,0,0,0,0,0
4600,12,,,,0,0,0,0,0
4600,13,,,,0,0,0,0,0
4600,14,,,,0,0,0,0,0
4600,15,,,,0,0,0,0,0
4601,11,,,,0,0,0,0,0
4601,12,,,,0,0,0,0,0
4601,13,,,,0,0,0,0,0
4601,14,,,,0,0,0,0,0
4601,15,,,,0,0,0,0,0
4602,11,,,,0,0,0,0,0
4602,12,,,,0,0,0,0,0
4602,13,,,,0,0,0,0,0
4602,14,,,,0,0,0,0,0
4602,15,,,,0,0,0,0,0
4603,11,,,,0,0,0,0,0
4603,12,,,,0,0,0,0,0
4603,13,,,,0,0,0,0,0
4603,14,,,,0,0,0,0,0
4603,15,,,,0,0,0,0,0
4604,11,,,,0,0,0,0,0
4604,12,,,,0,0,0,0,0
4604,13,,,,0,0,0,0,0
4604,14,,,,0,0,0,0,0
4604,15,,,,0,0,0,0,0
4605,11,,,,0,0,0,0,0
4605,12,,,,0,0,0,0,0
4605,13,,,,0,0,0,0,0
4605,14,,,,0,0,0,0,0
4605,15,,,,0,0,0,0,0
4606,11,,,,0,0,0,0,0
4606,12,,,,0,0,0,0,0
4606,13,,,,0,0,0,0,0
4606,14,,,,0,0,0,0,0
4606,15,,,,0,0,0,0,0
4607,11,,,,0,0,0,0,0
4607,12,,,,0,0,0,0,0
4607,13,,,,0,0,0,0,0
4607,14,,,,0,0,0,0,0
4607,15,,,,0,0,0,0,0
4608,11,,,,0,0,0,0,0
4608,12,,,,0,0,0,0,0
4608,13,,,,0,0,0,0,0
4608,14,,,,0,0,0,0,0
4608,15,,,,0,0,0,0,0
4609,11,,,,0,0,0,0,0
4609,12,,,,0,0,0,0,0
4609,13,,,,0,0,0,0,0
4609,14,,,,0,0,0,0,0
4609,15,,,,0,0,0,0,0
4610,11,,,,0,0,0,0,0
4610,12,,,,0,0,0,0,0
4610,13,,,,0,0,0,0,0
4610,14,,,,0,0,0,0,0
4610,15,,,,0,0,0,0,0
4611,11,,,,0,0,0,0,0
4611,12,,,,0,0,0,0,0
4611,13,,,,0,0,0,0,0
4611,14,,,,0,0,0,0,0
4611,15,,,,0,0,0,0,0
4612,11,,,,0,0,0,0,0
4612,12,,,,0,0,0,0,0
4612,13,,,,0,0,0,0,0
4612,14,,,,0,0,0,0,0
4612,15,,,,0,0,0,0,0
4613,11,,,,0,0,0,0,0
4613,12,,,,0,0,0,0,0
4613,13,,,,0,0,0,0,0
4613,14,,,,0,0,0,0,0
4613,15,,,,0,0,0,0,0
4614,11,,,,0,0,0,0,0
4614,12,,,,0,0,0,0,0
4614,13,,,,0,0,0,0,0
4614,14,,,,0,0,0,0,0
4614,15,,,,0,0,0,0,0
4615,11,,,,0,0,0,0,0
4615,12,,,,0,0,0,0,0
4615,13,,,,0,0,0,0,0
4615,14,,,,0,0,0,0,0
4615,15,,,,0,0,0,0,0
4616,11,,,,0,0,0,0,0
4616,12,,,,0,0,0,0,0
4616,13,,,,0,0,0,0,0
4616,14,,,,0,0,0,0,0
4616,15,,,,0,0,0,0,0
4617,11,,,,0,0,0,0,0
4617,12,,,,0,0,0,0,0
4617,13,,,,0,0,0,0,0
4617,14,,,,0,0,0,0,0
4617,15,,,,0,0,0,0,0
4618,11,,,,0,0,0,0,0
4618,12,,,,0,0,0,0,0
4618,13,,,,0,0,0,0,0
4618,14,,,,0,0,0,0,0
4618,15,,,,0,0,0,0,0
4619,11,,,,0,0,0,0,0
4619,12,,,,0,0,0,0,0
4619,13,,,,0,0,0,0,0
4619,14,,,,0,0,0,0,0
4619,15,,,,0,0,0,0,0
4620,11,,,,0,0,0,0,0
4620,12,,,,0,0,0,0,0
4620,13,,,,0,0,0,0,0
4620,14,,,,0,0,0,0,0
4620,15,,,,0,0,0,0,0
4621,11,,,,0,0,0,0,0
4621,12,,,,0,0,0,0,0
4621,13,,,,0,0,0,0,0
4621,14,,,,0,0,0,0,0
4621,15,,,,0,0,0,0,0
4622,11,,,,0,0,0,0,0
4622,12,,,,0,0,0,0,0
4622,13,,,,0,0,0,0,0
4622,14,,,,0,0,0,0,0
4622,15,,,,0,0,0,0,0
4623,11,,,,0,0,0,0,0
4623,12,,,,0,0,0,0,0
4623,13,,,,0,0,0,0,0
4623,14,,,,0,0,0,0,0
4623,15,,,,0,0,0,0,0
4624,11,,,,0,0,0,0,0
4624,12,,,,0,0,0,0,0
4624,13,,,,0,0,0,0,0
4624,14,,,,0,0,0,0,0
4624,15,,,,0,0,0,0,0
4625,11,,,,0,0,0,0,0
4625,12,,,,0,0,0,0,0
4625,13,,,,0,0,0,0,0
4625,14,,,,0,0,0,0,0
4625,15,,,,0,0,0,0,0
4626,11,,,,0,0,0,0,0
4626,12,,,,0,0,0,0,0
4626,13,,,,0,0,0,0,0
4626,14,,,,0,0,0,0,0
4626,15,,,,0,0,0,0,0
4627,11,,,,0,0,0,0,0
4627,12,,,,0,0,0,0,0
4627,13,,,,0,0,0,0,0
4627,14,,,,0,0,0,0,0
4627,15,,,,0,0,0,0,0
4628,11,,,,0,0,0,0,0
4628,12,,,,0,0,0,0,0
4628,13,,,,0,0,0,0,0
4628,14,,,,0,0,0,0,0
4628,15,,,,0,0,0,0,0
4629,11,,,,0,0,0,0,0
4629,12,,,,0,0,0,0,0
4629,13,,,,0,0,0,0,0
4629,14,,,,0,0,0,0,0
4629,15,,,,0,0,0,0,0
4630,11,,,,0,0,0,0,0
4630,12,,,,0,0,0,0,0
4630,13,,,,0,0,0,0,0
4630,14,,,,0,0,0,0,0
4630,15,,,,0,0,0,0,0
4631,11,,,,0,0,0,0,0
4631,12,,,,0,0,0,0,0
4631,13,,,,0,0,0,0,0
4631,14,,,,0,0,0,0,0
4631,15,,,,0,0,0,0,0
4632,11,,,,0,0,0,0,0
4632,12,,,,0,0,0,0,0
4632,13,,,,0,0,0,0,0
4632,14,,,,0,0,0,0,0
4632,15,,,,0,0,0,0,0
4633,11,,,,0,0,0,0,0
4633,12,,,,0,0,0,0,0
4633,13,,,,0,0,0,0,0
4633,14,,,,0,0,0,0,0
4633,15,,,,0,0,0,0,0
4634,11,,,,0,0,0,0,0
4634,12,,,,0,0,0,0,0
4634,13,,,,0,0,0,0,0
4634,14,,,,0,0,0,0,0
4634,15,,,,0,0,0,0,0
4635,11,,,,0,0,0,0,0
4635,12,,,,0,0,0,0,0
4635,13,,,,0,0,0,0,0
4635,14,,,,0,0,0,0,0
4635,15,,,,0,0,0,0,0
4636,11,,,,0,0,0,0,0
4636,12,,,,0,0,0,0,0
4636,13,,,,0,0,0,0,0
4636,14,,,,0,0,0,0,0
4636,15,,,,0,0,0,0,0
4637,11,,,,0,0,0,0,0
4637,12,,,,0,0,0,0,0
4637,13,,,,0,0,0,0,0
4637,14,,,,0,0,0,0,0
4637,15,,,,0,0,0,0,0
4638,11,,,,0,0,0,0,0
4638,12,,,,0,0,0,0,0
4638,13,,,,0,0,0,0,0
4638,14,,,,0,0,0,0,0
4638,15,,,,0,0,0,0,0
4639,11,,,,0,0,0,0,0
4639,12,,,,0,0,0,0,0
4639,13,,,,0,0,0,0,0
4639,14,,,,0,0,0,0,0
4639,15,,,,0,0,0,0,0
4640,11,,,,0,0,0,0,0
4640,12,,,,0,0,0,0,0
4640,13,,,,0,0,0,0,0
4640,14,,,,0,0,0,0,0
4640,15,,,,0,0,0,0,0
4641,11,,,,0,0,0,0,0
4641,12,,,,0,0,0,0,0
4641,13,,,,0,0,0,0,0
4641,14,,,,0,0,0,0,0
4641,15,,,,0,0,0,0,0
4642,11,,,,0,0,0,0,0
4642,12,,,,0,0,0,0,0
4642,13,,,,0,0,0,0,0
4642,14,,,,0,0,0,0,0
4642,15,,,,0,0,0,0,0
4643,11,,,,0,0,0,0,0
4643,12,,,,0,0,0,0,0
4643,13,,,,0,0,0,0,0
4643,14,,,,0,0,0,0,0
4643,15,,,,0,0,0,0,0
4644,11,,,,0,0,0,0,0
4644,12,,,,0,0,0,0,0
4644,13,,,,0,0,0,0,0
4644,14,,,,0,0,0,0,0
4644,15,,,,0,0,0,0,0
4645,11,,,,0,0,0,0,0
4645,12,,,,0,0,0,0,0
4645,13,,,,0,0,0,0,0
4645,14,,,,0,0,0,0,0
4645,15,,,,0,0,0,0,0
4646,11,,,,0,0,0,0,0
4646,12,,,,0,0,0,0,0
4646,13,,,,0,0,0,0,0
4646,14,,,,0,0,0,0,0
4646,15,,,,0,0,0,0,0
4647,11,,,,0,0,0,0,0
4647,12,,,,0,0,0,0,0
4647,13,,,,0,0,0,0,0
4647,14,,,,0,0,0,0,0
4647,15,,,,0,0,0,0,0
4648,11,,,,0,0,0,0,0
4648,12,,,,0,0,0,0,0
4648,13,,,,0,0,0,0,0
4648,14,,,,0,0,0,0,0
4648,15,,,,0,0,0,0,0
4649,11,,,,0,0,0,0,0
4649,12,,,,0,0,0,0,0
4649,13,,,,0,0,0,0,0
4649,14,,,,0,0,0,0,0
4649,15,,,,0,0,0,0,0
4650,11,,,,0,0,0,0,0
4650,12,,,,0,0,0,0,0
4650,13,,,,0,0,0,0,0
4650,14,,,,0,0,0,0,0
4650,15,,,,0,0,0,0,0
4651,11,,,,0,0,0,0,0
4651,12,,,,0,0,0,0,0
4651,13,,,,0,0,0,0,0
4651,14,,,,0,0,0,0,0
4651,15,,,,0,0,0,0,0
4652,11,,,,0,0,0,0,0
4652,12,,,,0,0,0,0,0
4652,13,,,,0,0,0,0,0
4652,14,,,,0,0,0,0,0
4652,15,,,,0,0,0,0,0
4653,11,,,,0,0,0,0,0
4653,12,,,,0,0,0,0,0
4653,13,,,,0,0,0,0,0
4653,14,,,,0,0,0,0,0
4653,15,,,,0,0,0,0,0
4654,11,,,,0,0,0,0,0
4654,12,,,,0,0,0,0,0
4654,13,,,,0,0,0,0,0
4654,14,,,,0,0,0,0,0
4654,15,,,,0,0,0,0,0
4655,11,,,,0,0,0,0,0
4655,12,,,,0,0,0,0,0
4655,13,,,,0,0,0,0,0
4655,14,,,,0,0,0,0,0
4655,15,,,,0,0,0,0,0
4656,11,,,,0,0,0,0,0
4656,12,,,,0,0,0,0,0
4656,13,,,,0,0,0,0,0
4656,14,,,,0,0,0,0,0
4656,15,,,,0,0,0,0,0
4657,11,,,,0,0,0,0,0
4657,12,,,,0,0,0,0,0
4657,13,,,,0,0,0,0,0
4657,14,,,,0,0,0,0,0
4657,15,,,,0,0,0,0,0
4658,11,,,,0,0,0,0,0
4658,12,,,,0,0,0,0,0
4658,13,,,,0,0,0,0,0
4658,14,,,,0,0,0,0,0
4658,15,,,,0,0,0,0,0
4659,11,,,,0,0,0,0,0
4659,12,,,,0,0,0,0,0
4659,13,,,,0,0,0,0,0
4659,14,,,,0,0,0,0,0
4659,15,,,,0,0,0,0,0
4660,11,,,,0,0,0,0,0
4660,12,,,,0,0,0,0,0
4660,13,,,,0,0,0,0,0
4660,14,,,,0,0,0,0,0
4660,15,,,,0,0,0,0,0
4661,11,,,,0,0,0,0,0
4661,12,,,,0,0,0,0,0
4661,13,,,,0,0,0,0,0
4661,14,,,,0,0,0,0,0
4661,15,,,,0,0,0,0,0
4662,11,,,,0,0,0,0,0
4662,12,,,,0,0,0,0,0
4662,13,,,,0,0,0,0,0
4662,14,,,,0,0,0,0,0
4662,15,,,,0,0,0,0,0
4663,11,,,,0,0,0,0,0
4663,12,,,,0,0,0,0,0
4663,13,,,,0,0,0,0,0
4663,14,,,,0,0,0,0,0
4663,15,,,,0,0,0,0,0
4664,11,,,,0,0,0,0,0
4664,12,,,,0,0,0,0,0
4664,13,,,,0,0,0,0,0
4664,14,,,,0,0,0,0,0
4664,15,,,,0,0,0,0,0
4665,11,,,,0,0,0,0,0
4665,12,,,,0,0,0,0,0
4665,13,,,,0,0,0,0,0
4665,14,,,,0,0,0,0,0
4665,15,,,,0,0,0,0,0
4666,11,,,,0,0,0,0,0
4666,12,,,,0,0,0,0,0
4666,13,,,,0,0,0,0,0
4666,14,,,,0,0,0,0,0
4666,15,,,,0,0,0,0,0
4667,11,,,,0,0,0,0,0
4667,12,,,,0,0,0,0,0
4667,13,,,,0,0,0,0,0
4667,14,,,,0,0,0,0,0
4667,15,,,,0,0,0,0,0
4668,11,,,,0,0,0,0,0
4668,12,,,,0,0,0,0,0
4668,13,,,,0,0,0,0,0
4668,14,,,,0,0,0,0,0
4668,15,,,,0,0,0,0,0
4669,11,,,,0,0,0,0,0
4669,12,,,,0,0,0,0,0
4669,13,,,,0,0,0,0,0
4669,14,,,,0,0,0,0,0
4669,15,,,,0,0,0,0,0
4670,11,,,,0,0,0,0,0
4670,12,,,,0,0,0,0,0
4670,13,,,,0,0,0,0,0
4670,14,,,,0,0,0,0,0
4670,15,,,,0,0,0,0,0
4671,11,,,,0,0,0,0,0
4671,12,,,,0,0,0,0,0
4671,13,,,,0,0,0,0,0
4671,14,,,,0,0,0,0,0
4671,15,,,,0,0,0,0,0
4672,11,,,,0,0,0,0,0
4672,12,,,,0,0,0,0,0
4672,13,,,,0,0,0,0,0
4672,14,,,,0,0,0,0,0
4672,15,,,,0,0,0,0,0
4673,11,,,,0,0,0,0,0
4673,12,,,,0,0,0,0,0
4673,13,,,,0,0,0,0,0
4673,14,,,,0,0,0,0,0
4673,15,,,,0,0,0,0,0
4674,11,,,,0,0,0,0,0
4674,12,,,,0,0,0,0,0
4674,13,,,,0,0,0,0,0
4674,14,,,,0,0,0,0,0
4674,15,,,,0,0,0,0,0
4675,11,,,,0,0,0,0,0
4675,12,,,,0,0,0,0,0
4675,13,,,,0,0,0,0,0
4675,14,,,,0,0,0,0,0
4675,15,,,,0,0,0,0,0
4676,11,,,,0,0,0,0,0
4676,12,,,,0,0,0,0,0
4676,13,,,,0,0,0,0,0
4676,14,,,,0,0,0,0,0
4676,15,,,,0,0,0,0,0
4677,11,,,,0,0,0,0,0
4677,12,,,,0,0,0,0,0
4677,13,,,,0,0,0,0,0
4677,14,,,,0,0,0,0,0
4677,15,,,,0,0,0,0,0
4678,11,,,,0,0,0,0,0
4678,12,,,,0,0,0,0,0
4678,13,,,,0,0,0,0,0
4678,14,,,,0,0,0,0,0
4678,15,,,,0,0,0,0,0
4679,11,,,,0,0,0,0,0
4679,12,,,,0,0,0,0,0
4679,13,,,,0,0,0,0,0
4679,14,,,,0,0,0,0,0
4679,15,,,,0,0,0,0,0
4680,11,,,,0,0,0,0,0
4680,12,,,,0,0,0,0,0
4680,13,,,,0,0,0,0,0
4680,14,,,,0,0,0,0,0
4680,15,,,,0,0,0,0,0
4681,11,,,,0,0,0,0,0
4681,12,,,,0,0,0,0,0
4681,13,,,,0,0,0,0,0
4681,14,,,,0,0,0,0,0
4681,15,,,,0,0,0,0,0
4682,11,,,,0,0,0,0,0
4682,12,,,,0,0,0,0,0
4682,13,,,,0,0,0,0,0
4682,14,,,,0,0,0,0,0
4682,15,,,,0,0,0,0,0
4683,11,,,,0,0,0,0,0
4683,12,,,,0,0,0,0,0
4683,13,,,,0,0,0,0,0
4683,14,,,,0,0,0,0,0
4683,15,,,,0,0,0,0,0
4684,11,,,,0,0,0,0,0
4684,12,,,,0,0,0,0,0
4684,13,,,,0,0,0,0,0
4684,14,,,,0,0,0,0,0
4684,15,,,,0,0,0,0,0
4685,11,,,,0,0,0,0,0
4685,12,,,,0,0,0,0,0
4685,13,,,,0,0,0,0,0
4685,14,,,,0,0,0,0,0
4685,15,,,,0,0,0,0,0
4686,11,,,,0,0,0,0,0
4686,12,,,,0,0,0,0,0
4686,13,,,,0,0,0,0,0
4686,14,,,,0,0,0,0,0
4686,15,,,,0,0,0,0,0
4687,11,,,,0,0,0,0,0
4687,12,,,,0,0,0,0,0
4687,13,,,,0,0,0,0,0
4687,14,,,,0,0,0,0,0
4687,15,,,,0,0,0,0,0
4688,11,,,,0,0,0,0,0
4688,12,,,,0,0,0,0,0
4688,13,,,,0,0,0,0,0
4688,14,,,,0,0,0,0,0
4688,15,,,,0,0,0,0,0
4689,11,,,,0,0,0,0,0
4689,12,,,,0,0,0,0,0
4689,13,,,,0,0,0,0,0
4689,14,,,,0,0,0,0,0
4689,15,,,,0,0,0,0,0
4690,11,,,,0,0,0,0,0
4690,12,,,,0,0,0,0,0
4690,13,,,,0,0,0,0,0
4690,14,,,,0,0,0,0,0
4690,15,,,,0,0,0,0,0
4691,11,,,,0,0,0,0,0
4691,12,,,,0,0,0,0,0
4691,13,,,,0,0,0,0,0
4691,14,,,,0,0,0,0,0
4691,15,,,,0,0,0,0,0
4692,11,,,,0,0,0,0,0
4692,12,,,,0,0,0,0,0
4692,13,,,,0,0,0,0,0
4692,14,,,,0,0,0,0,0
4692,15,,,,0,0,0,0,0
4693,11,,,,0,0,0,0,0
4693,12,,,,0,0,0,0,0
4693,13,,,,0,0,0,0,0
4693,14,,,,0,0,0,0,0
4693,15,,,,0,0,0,0,0
4694,11,,,,0,0,0,0,0
4694,12,,,,0,0,0,0,0
4694,13,,,,0,0,0,0,0
4694,14,,,,0,0,0,0,0
4694,15,,,,0,0,0,0,0
4695,11,,,,0,0,0,0,0
4695,12,,,,0,0,0,0,0
4695,13,,,,0,0,0,0,0
4695,14,,,,0,0,0,0,0
4695,15,,,,0,0,0,0,0
4696,11,,,,0,0,0,0,0
4696,12,,,,0,0,0,0,0
4696,13,,,,0,0,0,0,0
4696,14,,,,0,0,0,0,0
4696,15,,,,0,0,0,0,0
4697,11,,,,0,0,0,0,0
4697,12,,,,0,0,0,0,0
4697,13,,,,0,0,0,0,0
4697,14,,,,0,0,0,0,0
4697,15,,,,0,0,0,0,0
4698,11,,,,0,0,0,0,0
4698,12,,,,0,0,0,0,0
4698,13,,,,0,0,0,0,0
4698,14,,,,0,0,0,0,0
4698,15,,,,0,0,0,0,0
4699,11,,,,0,0,0,0,0
4699,12,,,,0,0,0,0,0
4699,13,,,,0,0,0,0,0
4699,14,,,,0,0,0,0,0
4699,15,,,,0,0,0,0,0
4700,11,,,,0,0,0,0,0
4700,12,,,,0,0,0,0,0
4700,13,,,,0,0,0,0,0
4700,14,,,,0,0,0,0,0
4700,15,,,,0,0,0,0,0
4701,11,,,,0,0,0,0,0
4701,12,,,,0,0,0,0,0
4701,13,,,,0,0,0,0,0
4701,14,,,,0,0,0,0,0
4701,15,,,,0,0,0,0,0
4702,11,,,,0,0,0,0,0
4702,12,,,,0,0,0,0,0
4702,13,,,,0,0,0,0,0
4702,14,,,,0,0,0,0,0
4702,15,,,,0,0,0,0,0
4703,11,,,,0,0,0,0,0
4703,12,,,,0,0,0,0,0
4703,13,,,,0,0,0,0,0
4703,14,,,,0,0,0,0,0
4703,15,,,,0,0,0,0,0
4704,11,,,,0,0,0,0,0
4704,12,,,,0,0,0,0,0
4704,13,,,,0,0,0,0,0
4704,14,,,,0,0,0,0,0
4704,15,,,,0,0,0,0,0
4705,11,,,,0,0,0,0,0
4705,12,,,,0,0,0,0,0
4705,13,,,,0,0,0,0,0
4705,14,,,,0,0,0,0,0
4705,15,,,,0,0,0,0,0
4706,11,,,,0,0,0,0,0
4706,12,,,,0,0,0,0,0
4706,13,,,,0,0,0,0,0
4706,14,,,,0,0,0,0,0
4706,15,,,,0,0,0,0,0
4707,11,,,,0,0,0,0,0
4707,12,,,,0,0,0,0,0
4707,13,,,,0,0,0,0,0
4707,14,,,,0,0,0,0,0
4707,15,,,,0,0,0,0,0
4708,11,,,,0,0,0,0,0
4708,12,,,,0,0,0,0,0
4708,13,,,,0,0,0,0,0
4708,14,,,,0,0,0,0,0
4708,15,,,,0,0,0,0,0
4709,11,,,,0,0,0,0,0
4709,12,,,,0,0,0,0,0
4709,13,,,,0,0,0,0,0
4709,14,,,,0,0,0,0,0
4709,15,,,,0,0,0,0,0
4710,11,,,,0,0,0,0,0
4710,12,,,,0,0,0,0,0
4710,13,,,,0,0,0,0,0
4710,14,,,,0,0,0,0,0
4710,15,,,,0,0,0,0,0
4711,11,,,,0,0,0,0,0
4711,12,,,,0,0,0,0,0
4711,13,,,,0,0,0,0,0
4711,14,,,,0,0,0,0,0
4711,15,,,,0,0,0,0,0
4712,11,,,,0,0,0,0,0
4712,12,,,,0,0,0,0,0
4712,13,,,,0,0,0,0,0
4712,14,,,,0,0,0,0,0
4712,15,,,,0,0,0,0,0
4713,11,,,,0,0,0,0,0
4713,12,,,,0,0,0,0,0
4713,13,,,,0,0,0,0,0
4713,14,,,,0,0,0,0,0
4713,15,,,,0,0,0,0,0
4714,11,,,,0,0,0,0,0
4714,12,,,,0,0,0,0,0
4714,13,,,,0,0,0,0,0
4714,14,,,,0,0,0,0,0
4714,15,,,,0,0,0,0,0
4715,11,,,,0,0,0,0,0
4715,12,,,,0,0,0,0,0
4715,13,,,,0,0,0,0,0
4715,14,,,,0,0,0,0,0
4715,15,,,,0,0,0,0,0
4716,11,,,,0,0,0,0,0
4716,12,,,,0,0,0,0,0
4716,13,,,,0,0,0,0,0
4716,14,,,,0,0,0,0,0
4716,15,,,,0,0,0,0,0
4717,11,,,,0,0,0,0,0
4717,12,,,,0,0,0,0,0
4717,13,,,,0,0,0,0,0
4717,14,,,,0,0,0,0,0
4717,15,,,,0,0,0,0,0
4718,11,,,,0,0,0,0,0
4718,12,,,,0,0,0,0,0
4718,13,,,,0,0,0,0,0
4718,14,,,,0,0,0,0,0
4718,15,,,,0,0,0,0,0
4719,11,,,,0,0,0,0,0
4719,12,,,,0,0,0,0,0
4719,13,,,,0,0,0,0,0
4719,14,,,,0,0,0,0,0
4719,15,,,,0,0,0,0,0
4720,11,,,,0,0,0,0,0
4720,12,,,,0,0,0,0,0
4720,13,,,,0,0,0,0,0
4720,14,,,,0,0,0,0,0
4720,15,,,,0,0,0,0,0
4721,11,,,,0,0,0,0,0
4721,12,,,,0,0,0,0,0
4721,13,,,,0,0,0,0,0
4721,14,,,,0,0,0,0,0
4721,15,,,,0,0,0,0,0
4722,11,,,,0,0,0,0,0
4722,12,,,,0,0,0,0,0
4722,13,,,,0,0,0,0,0
4722,14,,,,0,0,0,0,0
4722,15,,,,0,0,0,0,0
4723,11,,,,0,0,0,0,0
4723,12,,,,0,0,0,0,0
4723,13,,,,0,0,0,0,0
4723,14,,,,0,0,0,0,0
4723,15,,,,0,0,0,0,0
4724,11,,,,0,0,0,0,0
4724,12,,,,0,0,0,0,0
4724,13,,,,0,0,0,0,0
4724,14,,,,0,0,0,0,0
4724,15,,,,0,0,0,0,0
4725,11,,,,0,0,0,0,0
4725,12,,,,0,0,0,0,0
4725,13,,,,0,0,0,0,0
4725,14,,,,0,0,0,0,0
4725,15,,,,0,0,0,0,0
4726,11,,,,0,0,0,0,0
4726,12,,,,0,0,0,0,0
4726,13,,,,0,0,0,0,0
4726,14,,,,0,0,0,0,0
4726,15,,,,0,0,0,0,0
4727,11,,,,0,0,0,0,0
4727,12,,,,0,0,0,0,0
4727,13,,,,0,0,0,0,0
4727,14,,,,0,0,0,0,0
4727,15,,,,0,0,0,0,0
4728,11,,,,0,0,0,0,0
4728,12,,,,0,0,0,0,0
4728,13,,,,0,0,0,0,0
4728,14,,,,0,0,0,0,0
4728,15,,,,0,0,0,0,0
4729,11,,,,0,0,0,0,0
4729,12,,,,0,0,0,0,0
4729,13,,,,0,0,0,0,0
4729,14,,,,0,0,0,0,0
4729,15,,,,0,0,0,0,0
4730,11,,,,0,0,0,0,0
4730,12,,,,0,0,0,0,0
4730,13,,,,0,0,0,0,0
4730,14,,,,0,0,0,0,0
4730,15,,,,0,0,0,0,0
4731,11,,,,0,0,0,0,0
4731,12,,,,0,0,0,0,0
4731,13,,,,0,0,0,0,0
4731,14,,,,0,0,0,0,0
4731,15,,,,0,0,0,0,0
4732,11,,,,0,0,0,0,0
4732,12,,,,0,0,0,0,0
4732,13,,,,0,0,0,0,0
4732,14,,,,0,0,0,0,0
4732,15,,,,0,0,0,0,0
4733,11,,,,0,0,0,0,0
4733,12,,,,0,0,0,0,0
4733,13,,,,0,0,0,0,0
4733,14,,,,0,0,0,0,0
4733,15,,,,0,0,0,0,0
4734,11,,,,0,0,0,0,0
4734,12,,,,0,0,0,0,0
4734,13,,,,0,0,0,0,0
4734,14,,,,0,0,0,0,0
4734,15,,,,0,0,0,0,0
4735,11,,,,0,0,0,0,0
4735,12,,,,0,0,0,0,0
4735,13,,,,0,0,0,0,0
4735,14,,,,0,0,0,0,0
4735,15,,,,0,0,0,0,0
4736,11,,,,0,0,0,0,0
4736,12,,,,0,0,0,0,0
4736,13,,,,0,0,0,0,0
4736,14,,,,0,0,0,0,0
4736,15,,,,0,0,0,0,0
4737,11,,,,0,0,0,0,0
4737,12,,,,0,0,0,0,0
4737,13,,,,0,0,0,0,0
4737,14,,,,0,0,0,0,0
4737,15,,,,0,0,0,0,0
4738,11,,,,0,0,0,0,0
4738,12,,,,0,0,0,0,0
4738,13,,,,0,0,0,0,0
4738,14,,,,0,0,0,0,0
4738,15,,,,0,0,0,0,0
4739,11,,,,0,0,0,0,0
4739,12,,,,0,0,0,0,0
4739,13,,,,0,0,0,0,0
4739,14,,,,0,0,0,0,0
4739,15,,,,0,0,0,0,0
4740,11,,,,0,0,0,0,0
4740,12,,,,0,0,0,0,0
4740,13,,,,0,0,0,0,0
4740,14,,,,0,0,0,0,0
4740,15,,,,0,0,0,0,0
4741,11,,,,0,0,0,0,0
4741,12,,,,0,0,0,0,0
4741,13,,,,0,0,0,0,0
4741,14,,,,0,0,0,0,0
4741,15,,,,0,0,0,0,0
4742,11,,,,0,0,0,0,0
4742,12,,,,0,0,0,0,0
4742,13,,,,0,0,0,0,0
4742,14,,,,0,0,0,0,0
4742,15,,,,0,0,0,0,0
4743,11,,,,0,0,0,0,0
4743,12,,,,0,0,0,0,0
4743,13,,,,0,0,0,0,0
4743,14,,,,0,0,0,0,0
4743,15,,,,0,0,0,0,0
4744,11,,,,0,0,0,0,0
4744,12,,,,0,0,0,0,0
4744,13,,,,0,0,0,0,0
4744,14,,,,0,0,0,0,0
4744,15,,,,0,0,0,0,0
4745,11,,,,0,0,0,0,0
4745,12,,,,0,0,0,0,0
4745,13,,,,0,0,0,0,0
4745,14,,,,0,0,0,0,0
4745,15,,,,0,0,0,0,0
4746,11,,,,0,0,0,0,0
4746,12,,,,0,0,0,0,0
4746,13,,,,0,0,0,0,0
4746,14,,,,0,0,0,0,0
4746,15,,,,0,0,0,0,0
4747,11,,,,0,0,0,0,0
4747,12,,,,0,0,0,0,0
4747,13,,,,0,0,0,0,0
4747,14,,,,0,0,0,0,0
4747,15,,,,0,0,0,0,0
4748,11,,,,0,0,0,0,0
4748,12,,,,0,0,0,0,0
4748,13,,,,0,0,0,0,0
4748,14,,,,0,0,0,0,0
4748,15,,,,0,0,0,0,0
4749,11,,,,0,0,0,0,0
4749,12,,,,0,0,0,0,0
4749,13,,,,0,0,0,0,0
4749,14,,,,0,0,0,0,0
4749,15,,,,0,0,0,0,0
4750,11,,,,0,0,0,0,0
4750,12,,,,0,0,0,0,0
4750,13,,,,0,0,0,0,0
4750,14,,,,0,0,0,0,0
4750,15,,,,0,0,0,0,0
4751,11,,,,0,0,0,0,0
4751,12,,,,0,0,0,0,0
4751,13,,,,0,0,0,0,0
4751,14,,,,0,0,0,0,0
4751,15,,,,0,0,0,0,0
4752,11,,,,0,0,0,0,0
4752,12,,,,0,0,0,0,0
4752,13,,,,0,0,0,0,0
4752,14,,,,0,0,0,0,0
4752,15,,,,0,0,0,0,0
4753,11,,,,0,0,0,0,0
4753,12,,,,0,0,0,0,0
4753,13,,,,0,0,0,0,0
4753,14,,,,0,0,0,0,0
4753,15,,,,0,0,0,0,0
4754,11,,,,0,0,0,0,0
4754,12,,,,0,0,0,0,0
4754,13,,,,0,0,0,0,0
4754,14,,,,0,0,0,0,0
4754,15,,,,0,0,0,0,0
4755,11,,,,0,0,0,0,0
4755,12,,,,0,0,0,0,0
4755,13,,,,0,0,0,0,0
4755,14,,,,0,0,0,0,0
4755,15,,,,0,0,0,0,0
4756,11,,,,0,0,0,0,0
4756,12,,,,0,0,0,0,0
4756,13,,,,0,0,0,0,0
4756,14,,,,0,0,0,0,0
4756,15,,,,0,0,0,0,0
4757,11,,,,0,0,0,0,0
4757,12,,,,0,0,0,0,0
4757,13,,,,0,0,0,0,0
4757,14,,,,0,0,0,0,0
4757,15,,,,0,0,0,0,0
4758,11,,,,0,0,0,0,0
4758,12,,,,0,0,0,0,0
4758,13,,,,0,0,0,0,0
4758,14,,,,0,0,0,0,0
4758,15,,,,0,0,0,0,0
4759,11,,,,0,0,0,0,0
4759,12,,,,0,0,0,0,0
4759,13,,,,0,0,0,0,0
4759,14,,,,0,0,0,0,0
4759,15,,,,0,0,0,0,0
4760,11,,,,0,0,0,0,0
4760,12,,,,0,0,0,0,0
4760,13,,,,0,0,0,0,0
4760,14,,,,0,0,0,0,0
4760,15,,,,0,0,0,0,0
4761,11,,,,0,0,0,0,0
4761,12,,,,0,0,0,0,0
4761,13,,,,0,0,0,0,0
4761,14,,,,0,0,0,0,0
4761,15,,,,0,0,0,0,0
4762,11,,,,0,0,0,0,0
4762,12,,,,0,0,0,0,0
4762,13,,,,0,0,0,0,0
4762,14,,,,0,0,0,0,0
4762,15,,,,0,0,0,0,0
4763,11,,,,0,0,0,0,0
4763,12,,,,0,0,0,0,0
4763,13,,,,0,0,0,0,0
4763,14,,,,0,0,0,0,0
4763,15,,,,0,0,0,0,0
4764,11,,,,0,0,0,0,0
4764,12,,,,0,0,0,0,0
4764,13,,,,0,0,0,0,0
4764,14,,,,0,0,0,0,0
4764,15,,,,0,0,0,0,0
4765,11,,,,0,0,0,0,0
4765,12,,,,0,0,0,0,0
4765,13,,,,0,0,0,0,0
4765,14,,,,0,0,0,0,0
4765,15,,,,0,0,0,0,0
4766,11,,,,0,0,0,0,0
4766,12,,,,0,0,0,0,0
4766,13,,,,0,0,0,0,0
4766,14,,,,0,0,0,0,0
4766,15,,,,0,0,0,0,0
4767,11,,,,0,0,0,0,0
4767,12,,,,0,0,0,0,0
4767,13,,,,0,0,0,0,0
4767,14,,,,0,0,0,0,0
4767,15,,,,0,0,0,0,0
4768,11,,,,0,0,0,0,0
4768,12,,,,0,0,0,0,0
4768,13,,,,0,0,0,0,0
4768,14,,,,0,0,0,0,0
4768,15,,,,0,0,0,0,0
4769,11,,,,0,0,0,0,0
4769,12,,,,0,0,0,0,0
4769,13,,,,0,0,0,0,0
4769,14,,,,0,0,0,0,0
4769,15,,,,0,0,0,0,0
4770,11,,,,0,0,0,0,0
4770,12,,,,0,0,0,0,0
4770,13,,,,0,0,0,0,0
4770,14,,,,0,0,0,0,0
4770,15,,,,0,0,0,0,0
4771,11,,,,0,0,0,0,0
4771,12,,,,0,0,0,0,0
4771,13,,,,0,0,0,0,0
4771,14,,,,0,0,0,0,0
4771,15,,,,0,0,0,0,0
4772,11,,,,0,0,0,0,0
4772,12,,,,0,0,0,0,0
4772,13,,,,0,0,0,0,0
4772,14,,,,0,0,0,0,0
4772,15,,,,0,0,0,0,0
4773,11,,,,0,0,0,0,0
4773,12,,,,0,0,0,0,0
4773,13,,,,0,0,0,0,0
4773,14,,,,0,0,0,0,0
4773,15,,,,0,0,0,0,0
4774,11,,,,0,0,0,0,0
4774,12,,,,0,0,0,0,0
4774,13,,,,0,0,0,0,0
4774,14,,,,0,0,0,0,0
4774,15,,,,0,0,0,0,0
4775,11,,,,0,0,0,0,0
4775,12,,,,0,0,0,0,0
4775,13,,,,0,0,0,0,0
4775,14,,,,0,0,0,0,0
4775,15,,,,0,0,0,0,0
4776,11,,,,0,0,0,0,0
4776,12,,,,0,0,0,0,0
4776,13,,,,0,0,0,0,0
4776,14,,,,0,0,0,0,0
4776,15,,,,0,0,0,0,0
4777,11,,,,0,0,0,0,0
4777,12,,,,0,0,0,0,0
4777,13,,,,0,0,0,0,0
4777,14,,,,0,0,0,0,0
4777,15,,,,0,0,0,0,0
4778,11,,,,0,0,0,0,0
4778,12,,,,0,0,0,0,0
4778,13,,,,0,0,0,0,0
4778,14,,,,0,0,0,0,0
4778,15,,,,0,0,0,0,0
4779,11,,,,0,0,0,0,0
4779,12,,,,0,0,0,0,0
4779,13,,,,0,0,0,0,0
4779,14,,,,0,0,0,0,0
4779,15,,,,0,0,0,0,0
4780,11,,,,0,0,0,0,0
4780,12,,,,0,0,0,0,0
4780,13,,,,0,0,0,0,0
4780,14,,,,0,0,0,0,0
4780,15,,,,0,0,0,0,0
4781,11,,,,0,0,0,0,0
4781,12,,,,0,0,0,0,0
4781,13,,,,0,0,0,0,0
4781,14,,,,0,0,0,0,0
4781,15,,,,0,0,0,0,0
4782,11,,,,0,0,0,0,0
4782,12,,,,0,0,0,0,0
4782,13,,,,0,0,0,0,0
4782,14,,,,0,0,0,0,0
4782,15,,,,0,0,0,0,0
4783,11,,,,0,0,0,0,0
4783,12,,,,0,0,0,0,0
4783,13,,,,0,0,0,0,0
4783,14,,,,0,0,0,0,0
4783,15,,,,0,0,0,0,0
4784,11,,,,0,0,0,0,0
4784,12,,,,0,0,0,0,0
4784,13,,,,0,0,0,0,0
4784,14,,,,0,0,0,0,0
4784,15,,,,0,0,0,0,0
4785,11,,,,0,0,0,0,0
4785,12,,,,0,0,0,0,0
4785,13,,,,0,0,0,0,0
4785,14,,,,0,0,0,0,0
4785,15,,,,0,0,0,0,0
4786,11,,,,0,0,0,0,0
4786,12,,,,0,0,0,0,0
4786,13,,,,0,0,0,0,0
4786,14,,,,0,0,0,0,0
4786,15,,,,0,0,0,0,0
4787,11,,,,0,0,0,0,0
4787,12,,,,0,0,0,0,0
4787,13,,,,0,0,0,0,0
4787,14,,,,0,0,0,0,0
4787,15,,,,0,0,0,0,0
4788,11,,,,0,0,0,0,0
4788,12,,,,0,0,0,0,0
4788,13,,,,0,0,0,0,0
4788,14,,,,0,0,0,0,0
4788,15,,,,0,0,0,0,0
4789,11,,,,0,0,0,0,0
4789,12,,,,0,0,0,0,0
4789,13,,,,0,0,0,0,0
4789,14,,,,0,0,0,0,0
4789,15,,,,0,0,0,0,0
4790,11,,,,0,0,0,0,0
4790,12,,,,0,0,0,0,0
4790,13,,,,0,0,0,0,0
4790,14,,,,0,0,0,0,0
4790,15,,,,0,0,0,0,0
4791,11,,,,0,0,0,0,0
4791,12,,,,0,0,0,0,0
4791,13,,,,0,0,0,0,0
4791,14,,,,0,0,0,0,0
4791,15,,,,0,0,0,0,0
4792,11,,,,0,0,0,0,0
4792,12,,,,0,0,0,0,0
4792,13,,,,0,0,0,0,0
4792,14,,,,0,0,0,0,0
4792,15,,,,0,0,0,0,0
4793,11,,,,0,0,0,0,0
4793,12,,,,0,0,0,0,0
4793,13,,,,0,0,0,0,0
4793,14,,,,0,0,0,0,0
4793,15,,,,0,0,0,0,0
4794,11,,,,0,0,0,0,0
4794,12,,,,0,0,0,0,0
4794,13,,,,0,0,0,0,0
4794,14,,,,0,0,0,0,0
4794,15,,,,0,0,0,0,0
4795,11,,,,0,0,0,0,0
4795,12,,,,0,0,0,0,0
4795,13,,,,0,0,0,0,0
4795,14,,,,0,0,0,0,0
4795,15,,,,0,0,0,0,0
4796,11,,,,0,0,0,0,0
4796,12,,,,0,0,0,0,0
4796,13,,,,0,0,0,0,0
4796,14,,,,0,0,0,0,0
4796,15,,,,0,0,0,0,0
4797,11,,,,0,0,0,0,0
4797,12,,,,0,0,0,0,0
4797,13,,,,0,0,0,0,0
4797,14,,,,0,0,0,0,0
4797,15,,,,0,0,0,0,0
4798,11,,,,0,0,0,0,0
4798,12,,,,0,0,0,0,0
4798,13,,,,0,0,0,0,0
4798,14,,,,0,0,0,0,0
4798,15,,,,0,0,0,0,0
4799,11,,,,0,0,0,0,0
4799,12,,,,0,0,0,0,0
4799,13,,,,0,0,0,0,0
4799,14,,,,0,0,0,0,0
4799,15,,,,0,0,0,0,0
4800,11,,,,0,0,0,0,0
4800,12,,,,0,0,0,0,0
4800,13,,,,0,0,0,0,0
4800,14,,,,0,0,0,0,0
4800,15,,,,0,0,0,0,0
4801,11,,,,0,0,0,0,0
4801,12,,,,0,0,0,0,0
4801,13,,,,0,0,0,0,0
4801,14,,,,0,0,0,0,0
4801,15,,,,0,0,0,0,0
4802,11,,,,0,0,0,0,0
4802,12,,,,0,0,0,0,0
4802,13,,,,0,0,0,0,0
4802,14,,,,0,0,0,0,0
4802,15,,,,0,0,0,0,0
4803,11,,,,0,0,0,0,0
4803,12,,,,0,0,0,0,0
4803,13,,,,0,0,0,0,0
4803,14,,,,0,0,0,0,0
4803,15,,,,0,0,0,0,0
4804,11,,,,0,0,0,0,0
4804,12,,,,0,0,0,0,0
4804,13,,,,0,0,0,0,0
4804,14,,,,0,0,0,0,0
4804,15,,,,0,0,0,0,0
4805,11,,,,0,0,0,0,0
4805,12,,,,0,0,0,0,0
4805,13,,,,0,0,0,0,0
4805,14,,,,0,0,0,0,0
4805,15,,,,0,0,0,0,0
4806,11,,,,0,0,0,0,0
4806,12,,,,0,0,0,0,0
4806,13,,,,0,0,0,0,0
4806,14,,,,0,0,0,0,0
4806,15,,,,0,0,0,0,0
4807,11,,,,0,0,0,0,0
4807,12,,,,0,0,0,0,0
4807,13,,,,0,0,0,0,0
4807,14,,,,0,0,0,0,0
4807,15,,,,0,0,0,0,0
4808,11,,,,0,0,0,0,0
4808,12,,,,0,0,0,0,0
4808,13,,,,0,0,0,0,0
4808,14,,,,0,0,0,0,0
4808,15,,,,0,0,0,0,0
4809,11,,,,0,0,0,0,0
4809,12,,,,0,0,0,0,0
4809,13,,,,0,0,0,0,0
4809,14,,,,0,0,0,0,0
4809,15,,,,0,0,0,0,0
4810,11,,,,0,0,0,0,0
4810,12,,,,0,0,0,0,0
4810,13,,,,0,0,0,0,0
4810,14,,,,0,0,0,0,0
4810,15,,,,0,0,0,0,0
4811,11,,,,0,0,0,0,0
4811,12,,,,0,0,0,0,0
4811,13,,,,0,0,0,0,0
4811,14,,,,0,0,0,0,0
4811,15,,,,0,0,0,0,0
4812,11,,,,0,0,0,0,0
4812,12,,,,0,0,0,0,0
4812,13,,,,0,0,0,0,0
4812,14,,,,0,0,0,0,0
4812,15,,,,0,0,0,0,0
4813,11,,,,0,0,0,0,0
4813,12,,,,0,0,0,0,0
4813,13,,,,0,0,0,0,0
4813,14,,,,0,0,0,0,0
4813,15,,,,0,0,0,0,0
4814,11,,,,0,0,0,0,0
4814,12,,,,0,0,0,0,0
4814,13,,,,0,0,0,0,0
4814,14,,,,0,0,0,0,0
4814,15,,,,0,0,0,0,0
4815,11,,,,0,0,0,0,0
4815,12,,,,0,0,0,0,0
4815,13,,,,0,0,0,0,0
4815,14,,,,0,0,0,0,0
4815,15,,,,0,0,0,0,0
4816,11,,,,0,0,0,0,0
4816,12,,,,0,0,0,0,0
4816,13,,,,0,0,0,0,0
4816,14,,,,0,0,0,0,0
4816,15,,,,0,0,0,0,0
4817,11,,,,0,0,0,0,0
4817,12,,,,0,0,0,0,0
4817,13,,,,0,0,0,0,0
4817,14,,,,0,0,0,0,0
4817,15,,,,0,0,0,0,0
4818,11,,,,0,0,0,0,0
4818,12,,,,0,0,0,0,0
4818,13,,,,0,0,0,0,0
4818,14,,,,0,0,0,0,0
4818,15,,,,0,0,0,0,0
4819,11,,,,0,0,0,0,0
4819,12,,,,0,0,0,0,0
4819,13,,,,0,0,0,0,0
4819,14,,,,0,0,0,0,0
4819,15,,,,0,0,0,0,0
4820,11,,,,0,0,0,0,0
4820,12,,,,0,0,0,0,0
4820,13,,,,0,0,0,0,0
4820,14,,,,0,0,0,0,0
4820,15,,,,0,0,0,0,0
4821,11,,,,0,0,0,0,0
4821,12,,,,0,0,0,0,0
4821,13,,,,0,0,0,0,0
4821,14,,,,0,0,0,0,0
4821,15,,,,0,0,0,0,0
4822,11,,,,0,0,0,0,0
4822,12,,,,0,0,0,0,0
4822,13,,,,0,0,0,0,0
4822,14,,,,0,0,0,0,0
4822,15,,,,0,0,0,0,0
4823,11,,,,0,0,0,0,0
4823,12,,,,0,0,0,0,0
4823,13,,,,0,0,0,0,0
4823,14,,,,0,0,0,0,0
4823,15,,,,0,0,0,0,0
4824,11,,,,0,0,0,0,0
4824,12,,,,0,0,0,0,0
4824,13,,,,0,0,0,0,0
4824,14,,,,0,0,0,0,0
4824,15,,,,0,0,0,0,0
4825,11,,,,0,0,0,0,0
4825,12,,,,0,0,0,0,0
4825,13,,,,0,0,0,0,0
4825,14,,,,0,0,0,0,0
4825,15,,,,0,0,0,0,0
4826,11,,,,0,0,0,0,0
4826,12,,,,0,0,0,0,0
4826,13,,,,0,0,0,0,0
4826,14,,,,0,0,0,0,0
4826,15,,,,0,0,0,0,0
4827,11,,,,0,0,0,0,0
4827,12,,,,0,0,0,0,0
4827,13,,,,0,0,0,0,0
4827,14,,,,0,0,0,0,0
4827,15,,,,0,0,0,0,0
4828,11,,,,0,0,0,0,0
4828,12,,,,0,0,0,0,0
4828,13,,,,0,0,0,0,0
4828,14,,,,0,0,0,0,0
4828,15,,,,0,0,0,0,0
4829,11,,,,0,0,0,0,0
4829,12,,,,0,0,0,0,0
4829,13,,,,0,0,0,0,0
4829,14,,,,0,0,0,0,0
4829,15,,,,0,0,0,0,0
4830,11,,,,0,0,0,0,0
4830,12,,,,0,0,0,0,0
4830,13,,,,0,0,0,0,0
4830,14,,,,0,0,0,0,0
4830,15,,,,0,0,0,0,0
4831,11,,,,0,0,0,0,0
4831,12,,,,0,0,0,0,0
4831,13,,,,0,0,0,0,0
4831,14,,,,0,0,0,0,0
4831,15,,,,0,0,0,0,0
4832,11,,,,0,0,0,0,0
4832,12,,,,0,0,0,0,0
4832,13,,,,0,0,0,0,0
4832,14,,,,0,0,0,0,0
4832,15,,,,0,0,0,0,0
4833,11,,,,0,0,0,0,0
4833,12,,,,0,0,0,0,0
4833,13,,,,0,0,0,0,0
4833,14,,,,0,0,0,0,0
4833,15,,,,0,0,0,0,0
4834,11,,,,0,0,0,0,0
4834,12,,,,0,0,0,0,0
4834,13,,,,0,0,0,0,0
4834,14,,,,0,0,0,0,0
4834,15,,,,0,0,0,0,0
4835,11,,,,0,0,0,0,0
4835,12,,,,0,0,0,0,0
4835,13,,,,0,0,0,0,0
4835,14,,,,0,0,0,0,0
4835,15,,,,0,0,0,0,0
4836,11,,,,0,0,0,0,0
4836,12,,,,0,0,0,0,0
4836,13,,,,0,0,0,0,0
4836,14,,,,0,0,0,0,0
4836,15,,,,0,0,0,0,0
4837,11,,,,0,0,0,0,0
4837,12,,,,0,0,0,0,0
4837,13,,,,0,0,0,0,0
4837,14,,,,0,0,0,0,0
4837,15,,,,0,0,0,0,0
4838,11,,,,0,0,0,0,0
4838,12,,,,0,0,0,0,0
4838,13,,,,0,0,0,0,0
4838,14,,,,0,0,0,0,0
4838,15,,,,0,0,0,0,0
4839,11,,,,0,0,0,0,0
4839,12,,,,0,0,0,0,0
4839,13,,,,0,0,0,0,0
4839,14,,,,0,0,0,0,0
4839,15,,,,0,0,0,0,0
4840,11,,,,0,0,0,0,0
4840,12,,,,0,0,0,0,0
4840,13,,,,0,0,0,0,0
4840,14,,,,0,0,0,0,0
4840,15,,,,0,0,0,0,0
4841,11,,,,0,0,0,0,0
4841,12,,,,0,0,0,0,0
4841,13,,,,0,0,0,0,0
4841,14,,,,0,0,0,0,0
4841,15,,,,0,0,0,0,0
4842,11,,,,0,0,0,0,0
4842,12,,,,0,0,0,0,0
4842,13,,,,0,0,0,0,0
4842,14,,,,0,0,0,0,0
4842,15,,,,0,0,0,0,0
4843,11,,,,0,0,0,0,0
4843,12,,,,0,0,0,0,0
4843,13,,,,0,0,0,0,0
4843,14,,,,0,0,0,0,0
4843,15,,,,0,0,0,0,0
4844,11,,,,0,0,0,0,0
4844,12,,,,0,0,0,0,0
4844,13,,,,0,0,0,0,0
4844,14,,,,0,0,0,0,0
4844,15,,,,0,0,0,0,0
4845,11,,,,0,0,0,0,0
4845,12,,,,0,0,0,0,0
4845,13,,,,0,0,0,0,0
4845,14,,,,0,0,0,0,0
4845,15,,,,0,0,0,0,0
4846,11,,,,0,0,0,0,0
4846,12,,,,0,0,0,0,0
4846,13,,,,0,0,0,0,0
4846,14,,,,0,0,0,0,0
4846,15,,,,0,0,0,0,0
4847,11,,,,0,0,0,0,0
4847,12,,,,0,0,0,0,0
4847,13,,,,0,0,0,0,0
4847,14,,,,0,0,0,0,0
4847,15,,,,0,0,0,0,0
4848,11,,,,0,0,0,0,0
4848,12,,,,0,0,0,0,0
4848,13,,,,0,0,0,0,0
4848,14,,,,0,0,0,0,0
4848,15,,,,0,0,0,0,0
4849,11,,,,0,0,0,0,0
4849,12,,,,0,0,0,0,0
4849,13,,,,0,0,0,0,0
4849,14,,,,0,0,0,0,0
4849,15,,,,0,0,0,0,0
4850,11,,,,0,0,0,0,0
4850,12,,,,0,0,0,0,0
4850,13,,,,0,0,0,0,0
4850,14,,,,0,0,0,0,0
4850,15,,,,0,0,0,0,0
4851,11,,,,0,0,0,0,0
4851,12,,,,0,0,0,0,0
4851,13,,,,0,0,0,0,0
4851,14,,,,0,0,0,0,0
4851,15,,,,0,0,0,0,0
4852,11,,,,0,0,0,0,0
4852,12,,,,0,0,0,0,0
4852,13,,,,0,0,0,0,0
4852,14,,,,0,0,0,0,0
4852,15,,,,0,0,0,0,0
4853,11,,,,0,0,0,0,0
4853,12,,,,0,0,0,0,0
4853,13,,,,0,0,0,0,0
4853,14,,,,0,0,0,0,0
4853,15,,,,0,0,0,0,0
4854,11,,,,0,0,0,0,0
4854,12,,,,0,0,0,0,0
4854,13,,,,0,0,0,0,0
4854,14,,,,0,0,0,0,0
4854,15,,,,0,0,0,0,0
4855,11,,,,0,0,0,0,0
4855,12,,,,0,0,0,0,0
4855,13,,,,0,0,0,0,0
4855,14,,,,0,0,0,0,0
4855,15,,,,0,0,0,0,0
4856,11,,,,0,0,0,0,0
4856,12,,,,0,0,0,0,0
4856,13,,,,0,0,0,0,0
4856,14,,,,0,0,0,0,0
4856,15,,,,0,0,0,0,0
4857,11,,,,0,0,0,0,0
4857,12,,,,0,0,0,0,0
4857,13,,,,0,0,0,0,0
4857,14,,,,0,0,0,0,0
4857,15,,,,0,0,0,0,0
4858,11,,,,0,0,0,0,0
4858,12,,,,0,0,0,0,0
4858,13,,,,0,0,0,0,0
4858,14,,,,0,0,0,0,0
4858,15,,,,0,0,0,0,0
4859,11,,,,0,0,0,0,0
4859,12,,,,0,0,0,0,0
4859,13,,,,0,0,0,0,0
4859,14,,,,0,0,0,0,0
4859,15,,,,0,0,0,0,0
4860,11,,,,0,0,0,0,0
4860,12,,,,0,0,0,0,0
4860,13,,,,0,0,0,0,0
4860,14,,,,0,0,0,0,0
4860,15,,,,0,0,0,0,0
4861,11,,,,0,0,0,0,0
4861,12,,,,0,0,0,0,0
4861,13,,,,0,0,0,0,0
4861,14,,,,0,0,0,0,0
4861,15,,,,0,0,0,0,0
4862,11,,,,0,0,0,0,0
4862,12,,,,0,0,0,0,0
4862,13,,,,0,0,0,0,0
4862,14,,,,0,0,0,0,0
4862,15,,,,0,0,0,0,0
4863,11,,,,0,0,0,0,0
4863,12,,,,0,0,0,0,0
4863,13,,,,0,0,0,0,0
4863,14,,,,0,0,0,0,0
4863,15,,,,0,0,0,0,0
4864,11,,,,0,0,0,0,0
4864,12,,,,0,0,0,0,0
4864,13,,,,0,0,0,0,0
4864,14,,,,0,0,0,0,0
4864,15,,,,0,0,0,0,0
4865,11,,,,0,0,0,0,0
4865,12,,,,0,0,0,0,0
4865,13,,,,0,0,0,0,0
4865,14,,,,0,0,0,0,0
4865,15,,,,0,0,0,0,0
4866,11,,,,0,0,0,0,0
4866,12,,,,0,0,0,0,0
4866,13,,,,0,0,0,0,0
4866,14,,,,0,0,0,0,0
4866,15,,,,0,0,0,0,0
4867,11,,,,0,0,0,0,0
4867,12,,,,0,0,0,0,0
4867,13,,,,0,0,0,0,0
4867,14,,,,0,0,0,0,0
4867,15,,,,0,0,0,0,0
4868,11,,,,0,0,0,0,0
4868,12,,,,0,0,0,0,0
4868,13,,,,0,0,0,0,0
4868,14,,,,0,0,0,0,0
4868,15,,,,0,0,0,0,0
4869,11,,,,0,0,0,0,0
4869,12,,,,0,0,0,0,0
4869,13,,,,0,0,0,0,0
4869,14,,,,0,0,0,0,0
4869,15,,,,0,0,0,0,0
4870,11,,,,0,0,0,0,0
4870,12,,,,0,0,0,0,0
4870,13,,,,0,0,0,0,0
4870,14,,,,0,0,0,0,0
4870,15,,,,0,0,0,0,0
4871,11,,,,0,0,0,0,0
4871,12,,,,0,0,0,0,0
4871,13,,,,0,0,0,0,0
4871,14,,,,0,0,0,0,0
4871,15,,,,0,0,0,0,0
4872,11,,,,0,0,0,0,0
4872,12,,,,0,0,0,0,0
4872,13,,,,0,0,0,0,0
4872,14,,,,0,0,0,0,0
4872,15,,,,0,0,0,0,0
4873,11,,,,0,0,0,0,0
4873,12,,,,0,0,0,0,0
4873,13,,,,0,0,0,0,0
4873,14,,,,0,0,0,0,0
4873,15,,,,0,0,0,0,0
4874,11,,,,0,0,0,0,0
4874,12,,,,0,0,0,0,0
4874,13,,,,0,0,0,0,0
4874,14,,,,0,0,0,0,0
4874,15,,,,0,0,0,0,0
4875,11,,,,0,0,0,0,0
4875,12,,,,0,0,0,0,0
4875,13,,,,0,0,0,0,0
4875,14,,,,0,0,0,0,0
4875,15,,,,0,0,0,0,0
4876,11,,,,0,0,0,0,0
4876,12,,,,0,0,0,0,0
4876,13,,,,0,0,0,0,0
4876,14,,,,0,0,0,0,0
4876,15,,,,0,0,0,0,0
4877,11,,,,0,0,0,0,0
4877,12,,,,0,0,0,0,0
4877,13,,,,0,0,0,0,0
4877,14,,,,0,0,0,0,0
4877,15,,,,0,0,0,0,0
4878,11,,,,0,0,0,0,0
4878,12,,,,0,0,0,0,0
4878,13,,,,0,0,0,0,0
4878,14,,,,0,0,0,0,0
4878,15,,,,0,0,0,0,0
4879,11,,,,0,0,0,0,0
4879,12,,,,0,0,0,0,0
4879,13,,,,0,0,0,0,0
4879,14,,,,0,0,0,0,0
4879,15,,,,0,0,0,0,0
4880,11,,,,0,0,0,0,0
4880,12,,,,0,0,0,0,0
4880,13,,,,0,0,0,0,0
4880,14,,,,0,0,0,0,0
4880,15,,,,0,0,0,0,0
4881,11,,,,0,0,0,0,0
4881,12,,,,0,0,0,0,0
4881,13,,,,0,0,0,0,0
4881,14,,,,0,0,0,0,0
4881,15,,,,0,0,0,0,0
4882,11,,,,0,0,0,0,0
4882,12,,,,0,0,0,0,0
4882,13,,,,0,0,0,0,0
4882,14,,,,0,0,0,0,0
4882,15,,,,0,0,0,0,0
4883,11,,,,0,0,0,0,0
4883,12,,,,0,0,0,0,0
4883,13,,,,0,0,0,0,0
4883,14,,,,0,0,0,0,0
4883,15,,,,0,0,0,0,0
4884,11,,,,0,0,0,0,0
4884,12,,,,0,0,0,0,0
4884,13,,,,0,0,0,0,0
4884,14,,,,0,0,0,0,0
4884,15,,,,0,0,0,0,0
4885,11,,,,0,0,0,0,0
4885,12,,,,0,0,0,0,0
4885,13,,,,0,0,0,0,0
4885,14,,,,0,0,0,0,0
4885,15,,,,0,0,0,0,0
4886,11,,,,0,0,0,0,0
4886,12,,,,0,0,0,0,0
4886,13,,,,0,0,0,0,0
4886,14,,,,0,0,0,0,0
4886,15,,,,0,0,0,0,0
4887,11,,,,0,0,0,0,0
4887,12,,,,0,0,0,0,0
4887,13,,,,0,0,0,0,0
4887,14,,,,0,0,0,0,0
4887,15,,,,0,0,0,0,0
4888,11,,,,0,0,0,0,0
4888,12,,,,0,0,0,0,0
4888,13,,,,0,0,0,0,0
4888,14,,,,0,0,0,0,0
4888,15,,,,0,0,0,0,0
4889,11,,,,0,0,0,0,0
4889,12,,,,0,0,0,0,0
4889,13,,,,0,0,0,0,0
4889,14,,,,0,0,0,0,0
4889,15,,,,0,0,0,0,0
4890,11,,,,0,0,0,0,0
4890,12,,,,0,0,0,0,0
4890,13,,,,0,0,0,0,0
4890,14,,,,0,0,0,0,0
4890,15,,,,0,0,0,0,0
4891,11,,,,0,0,0,0,0
4891,12,,,,0,0,0,0,0
4891,13,,,,0,0,0,0,0
4891,14,,,,0,0,0,0,0
4891,15,,,,0,0,0,0,0
4892,11,,,,0,0,0,0,0
4892,12,,,,0,0,0,0,0
4892,13,,,,0,0,0,0,0
4892,14,,,,0,0,0,0,0
4892,15,,,,0,0,0,0,0
4893,11,,,,0,0,0,0,0
4893,12,,,,0,0,0,0,0
4893,13,,,,0,0,0,0,0
4893,14,,,,0,0,0,0,0
4893,15,,,,0,0,0,0,0
4894,11,,,,0,0,0,0,0
4894,12,,,,0,0,0,0,0
4894,13,,,,0,0,0,0,0
4894,14,,,,0,0,0,0,0
4894,15,,,,0,0,0,0,0
4895,11,,,,0,0,0,0,0
4895,12,,,,0,0,0,0,0
4895,13,,,,0,0,0,0,0
4895,14,,,,0,0,0,0,0
4895,15,,,,0,0,0,0,0
4896,11,,,,0,0,0,0,0
4896,12,,,,0,0,0,0,0
4896,13,,,,0,0,0,0,0
4896,14,,,,0,0,0,0,0
4896,15,,,,0,0,0,0,0
4897,11,,,,0,0,0,0,0
4897,12,,,,0,0,0,0,0
4897,13,,,,0,0,0,0,0
4897,14,,,,0,0,0,0,0
4897,15,,,,0,0,0,0,0
4898,11,,,,0,0,0,0,0
4898,12,,,,0,0,0,0,0
4898,13,,,,0,0,0,0,0
4898,14,,,,0,0,0,0,0
4898,15,,,,0,0,0,0,0
4899,11,,,,0,0,0,0,0
4899,12,,,,0,0,0,0,0
4899,13,,,,0,0,0,0,0
4899,14,,,,0,0,0,0,0
4899,15,,,,0,0,0,0,0
4900,11,,,,0,0,0,0,0
4900,12,,,,0,0,0,0,0
4900,13,,,,0,0,0,0,0
4900,14,,,,0,0,0,0,0
4900,15,,,,0,0,0,0,0
4901,11,,,,0,0,0,0,0
4901,12,,,,0,0,0,0,0
4901,13,,,,0,0,0,0,0
4901,14,,,,0,0,0,0,0
4901,15,,,,0,0,0,0,0
4902,11,,,,0,0,0,0,0
4902,12,,,,0,0,0,0,0
4902,13,,,,0,0,0,0,0
4902,14,,,,0,0,0,0,0
4902,15,,,,0,0,0,0,0
4903,11,,,,0,0,0,0,0
4903,12,,,,0,0,0,0,0
4903,13,,,,0,0,0,0,0
4903,14,,,,0,0,0,0,0
4903,15,,,,0,0,0,0,0
4904,11,,,,0,0,0,0,0
4904,12,,,,0,0,0,0,0
4904,13,,,,0,0,0,0,0
4904,14,,,,0,0,0,0,0
4904,15,,,,0,0,0,0,0
4905,11,,,,0,0,0,0,0
4905,12,,,,0,0,0,0,0
4905,13,,,,0,0,0,0,0
4905,14,,,,0,0,0,0,0
4905,15,,,,0,0,0,0,0
4906,11,,,,0,0,0,0,0
4906,12,,,,0,0,0,0,0
4906,13,,,,0,0,0,0,0
4906,14,,,,0,0,0,0,0
4906,15,,,,0,0,0,0,0
4907,11,,,,0,0,0,0,0
4907,12,,,,0,0,0,0,0
4907,13,,,,0,0,0,0,0
4907,14,,,,0,0,0,0,0
4907,15,,,,0,0,0,0,0
4908,11,,,,0,0,0,0,0
4908,12,,,,0,0,0,0,0
4908,13,,,,0,0,0,0,0
4908,14,,,,0,0,0,0,0
4908,15,,,,0,0,0,0,0
4909,11,,,,0,0,0,0,0
4909,12,,,,0,0,0,0,0
4909,13,,,,0,0,0,0,0
4909,14,,,,0,0,0,0,0
4909,15,,,,0,0,0,0,0
4910,11,,,,0,0,0,0,0
4910,12,,,,0,0,0,0,0
4910,13,,,,0,0,0,0,0
4910,14,,,,0,0,0,0,0
4910,15,,,,0,0,0,0,0
4911,11,,,,0,0,0,0,0
4911,12,,,,0,0,0,0,0
4911,13,,,,0,0,0,0,0
4911,14,,,,0,0,0,0,0
4911,15,,,,0,0,0,0,0
4912,11,,,,0,0,0,0,0
4912,12,,,,0,0,0,0,0
4912,13,,,,0,0,0,0,0
4912,14,,,,0,0,0,0,0
4912,15,,,,0,0,0,0,0
4913,11,,,,0,0,0,0,0
4913,12,,,,0,0,0,0,0
4913,13,,,,0,0,0,0,0
4913,14,,,,0,0,0,0,0
4913,15,,,,0,0,0,0,0
4914,11,,,,0,0,0,0,0
4914,12,,,,0,0,0,0,0
4914,13,,,,0,0,0,0,0
4914,14,,,,0,0,0,0,0
4914,15,,,,0,0,0,0,0
4915,11,,,,0,0,0,0,0
4915,12,,,,0,0,0,0,0
4915,13,,,,0,0,0,0,0
4915,14,,,,0,0,0,0,0
4915,15,,,,0,0,0,0,0
4916,11,,,,0,0,0,0,0
4916,12,,,,0,0,0,0,0
4916,13,,,,0,0,0,0,0
4916,14,,,,0,0,0,0,0
4916,15,,,,0,0,0,0,0
4917,11,,,,0,0,0,0,0
4917,12,,,,0,0,0,0,0
4917,13,,,,0,0,0,0,0
4917,14,,,,0,0,0,0,0
4917,15,,,,0,0,0,0,0
4918,11,,,,0,0,0,0,0
4918,12,,,,0,0,0,0,0
4918,13,,,,0,0,0,0,0
4918,14,,,,0,0,0,0,0
4918,15,,,,0,0,0,0,0
4919,11,,,,0,0,0,0,0
4919,12,,,,0,0,0,0,0
4919,13,,,,0,0,0,0,0
4919,14,,,,0,0,0,0,0
4919,15,,,,0,0,0,0,0
4920,11,,,,0,0,0,0,0
4920,12,,,,0,0,0,0,0
4920,13,,,,0,0,0,0,0
4920,14,,,,0,0,0,0,0
4920,15,,,,0,0,0,0,0
4921,11,,,,0,0,0,0,0
4921,12,,,,0,0,0,0,0
4921,13,,,,0,0,0,0,0
4921,14,,,,0,0,0,0,0
4921,15,,,,0,0,0,0,0
4922,11,,,,0,0,0,0,0
4922,12,,,,0,0,0,0,0
4922,13,,,,0,0,0,0,0
4922,14,,,,0,0,0,0,0
4922,15,,,,0,0,0,0,0
4923,11,,,,0,0,0,0,0
4923,12,,,,0,0,0,0,0
4923,13,,,,0,0,0,0,0
4923,14,,,,0,0,0,0,0
4923,15,,,,0,0,0,0,0
4924,11,,,,0,0,0,0,0
4924,12,,,,0,0,0,0,0
4924,13,,,,0,0,0,0,0
4924,14,,,,0,0,0,0,0
4924,15,,,,0,0,0,0,0
4925,11,,,,0,0,0,0,0
4925,12,,,,0,0,0,0,0
4925,13,,,,0,0,0,0,0
4925,14,,,,0,0,0,0,0
4925,15,,,,0,0,0,0,0
4926,11,,,,0,0,0,0,0
4926,12,,,,0,0,0,0,0
4926,13,,,,0,0,0,0,0
4926,14,,,,0,0,0,0,0
4926,15,,,,0,0,0,0,0
4927,11,,,,0,0,0,0,0
4927,12,,,,0,0,0,0,0
4927,13,,,,0,0,0,0,0
4927,14,,,,0,0,0,0,0
4927,15,,,,0,0,0,0,0
4928,11,,,,0,0,0,0,0
4928,12,,,,0,0,0,0,0
4928,13,,,,0,0,0,0,0
4928,14,,,,0,0,0,0,0
4928,15,,,,0,0,0,0,0
4929,11,,,,0,0,0,0,0
4929,12,,,,0,0,0,0,0
4929,13,,,,0,0,0,0,0
4929,14,,,,0,0,0,0,0
4929,15,,,,0,0,0,0,0
4930,11,,,,0,0,0,0,0
4930,12,,,,0,0,0,0,0
4930,13,,,,0,0,0,0,0
4930,14,,,,0,0,0,0,0
4930,15,,,,0,0,0,0,0
4931,11,,,,0,0,0,0,0
4931,12,,,,0,0,0,0,0
4931,13,,,,0,0,0,0,0
4931,14,,,,0,0,0,0,0
4931,15,,,,0,0,0,0,0
4932,11,,,,0,0,0,0,0
4932,12,,,,0,0,0,0,0
4932,13,,,,0,0,0,0,0
4932,14,,,,0,0,0,0,0
4932,15,,,,0,0,0,0,0
4933,11,,,,0,0,0,0,0
4933,12,,,,0,0,0,0,0
4933,13,,,,0,0,0,0,0
4933,14,,,,0,0,0,0,0
4933,15,,,,0,0,0,0,0
4934,11,,,,0,0,0,0,0
4934,12,,,,0,0,0,0,0
4934,13,,,,0,0,0,0,0
4934,14,,,,0,0,0,0,0
4934,15,,,,0,0,0,0,0
4935,11,,,,0,0,0,0,0
4935,12,,,,0,0,0,0,0
4935,13,,,,0,0,0,0,0
4935,14,,,,0,0,0,0,0
4935,15,,,,0,0,0,0,0
4936,11,,,,0,0,0,0,0
4936,12,,,,0,0,0,0,0
4936,13,,,,0,0,0,0,0
4936,14,,,,0,0,0,0,0
4936,15,,,,0,0,0,0,0
4937,11,,,,0,0,0,0,0
4937,12,,,,0,0,0,0,0
4937,13,,,,0,0,0,0,0
4937,14,,,,0,0,0,0,0
4937,15,,,,0,0,0,0,0
4938,11,,,,0,0,0,0,0
4938,12,,,,0,0,0,0,0
4938,13,,,,0,0,0,0,0
4938,14,,,,0,0,0,0,0
4938,15,,,,0,0,0,0,0
4939,11,,,,0,0,0,0,0
4939,12,,,,0,0,0,0,0
4939,13,,,,0,0,0,0,0
4939,14,,,,0,0,0,0,0
4939,15,,,,0,0,0,0,0
4940,11,,,,0,0,0,0,0
4940,12,,,,0,0,0,0,0
4940,13,,,,0,0,0,0,0
4940,14,,,,0,0,0,0,0
4940,15,,,,0,0,0,0,0
4941,11,,,,0,0,0,0,0
4941,12,,,,0,0,0,0,0
4941,13,,,,0,0,0,0,0
4941,14,,,,0,0,0,0,0
4941,15,,,,0,0,0,0,0
4942,11,,,,0,0,0,0,0
4942,12,,,,0,0,0,0,0
4942,13,,,,0,0,0,0,0
4942,14,,,,0,0,0,0,0
4942,15,,,,0,0,0,0,0
4943,11,,,,0,0,0,0,0
4943,12,,,,0,0,0,0,0
4943,13,,,,0,0,0,0,0
4943,14,,,,0,0,0,0,0
4943,15,,,,0,0,0,0,0
4944,11,,,,0,0,0,0,0
4944,12,,,,0,0,0,0,0
4944,13,,,,0,0,0,0,0
4944,14,,,,0,0,0,0,0
4944,15,,,,0,0,0,0,0
4945,11,,,,0,0,0,0,0
4945,12,,,,0,0,0,0,0
4945,13,,,,0,0,0,0,0
4945,14,,,,0,0,0,0,0
4945,15,,,,0,0,0,0,0
4946,11,,,,0,0,0,0,0
4946,12,,,,0,0,0,0,0
4946,13,,,,0,0,0,0,0
4946,14,,,,0,0,0,0,0
4946,15,,,,0,0,0,0,0
4947,11,,,,0,0,0,0,0
4947,12,,,,0,0,0,0,0
4947,13,,,,0,0,0,0,0
4947,14,,,,0,0,0,0,0
4947,15,,,,0,0,0,0,0
4948,11,,,,0,0,0,0,0
4948,12,,,,0,0,0,0,0
4948,13,,,,0,0,0,0,0
4948,14,,,,0,0,0,0,0
4948,15,,,,0,0,0,0,0
4949,11,,,,0,0,0,0,0
4949,12,,,,0,0,0,0,0
4949,13,,,,0,0,0,0,0
4949,14,,,,0,0,0,0,0
4949,15,,,,0,0,0,0,0
4950,11,,,,0,0,0,0,0
4950,12,,,,0,0,0,0,0
4950,13,,,,0,0,0,0,0
4950,14,,,,0,0,0,0,0
4950,15,,,,0,0,0,0,0
4951,11,,,,0,0,0,0,0
4951,12,,,,0,0,0,0,0
4951,13,,,,0,0,0,0,0
4951,14,,,,0,0,0,0,0
4951,15,,,,0,0,0,0,0
4952,11,,,,0,0,0,0,0
4952,12,,,,0,0,0,0,0
4952,13,,,,0,0,0,0,0
4952,14,,,,0,0,0,0,0
4952,15,,,,0,0,0,0,0
4953,11,,,,0,0,0,0,0
4953,12,,,,0,0,0,0,0
4953,13,,,,0,0,0,0,0
4953,14,,,,0,0,0,0,0
4953,15,,,,0,0,0,0,0
4954,11,,,,0,0,0,0,0
4954,12,,,,0,0,0,0,0
4954,13,,,,0,0,0,0,0
4954,14,,,,0,0,0,0,0
4954,15,,,,0,0,0,0,0
4955,11,,,,0,0,0,0,0
4955,12,,,,0,0,0,0,0
4955,13,,,,0,0,0,0,0
4955,14,,,,0,0,0,0,0
4955,15,,,,0,0,0,0,0
4956,11,,,,0,0,0,0,0
4956,12,,,,0,0,0,0,0
4956,13,,,,0,0,0,0,0
4956,14,,,,0,0,0,0,0
4956,15,,,,0,0,0,0,0
4957,11,,,,0,0,0,0,0
4957,12,,,,0,0,0,0,0
4957,13,,,,0,0,0,0,0
4957,14,,,,0,0,0,0,0
4957,15,,,,0,0,0,0,0
4958,11,,,,0,0,0,0,0
4958,12,,,,0,0,0,0,0
4958,13,,,,0,0,0,0,0
4958,14,,,,0,0,0,0,0
4958,15,,,,0,0,0,0,0
4959,11,,,,0,0,0,0,0
4959,12,,,,0,0,0,0,0
4959,13,,,,0,0,0,0,0
4959,14,,,,0,0,0,0,0
4959,15,,,,0,0,0,0,0
4960,11,,,,0,0,0,0,0
4960,12,,,,0,0,0,0,0
4960,13,,,,0,0,0,0,0
4960,14,,,,0,0,0,0,0
4960,15,,,,0,0,0,0,0
4961,11,,,,0,0,0,0,0
4961,12,,,,0,0,0,0,0
4961,13,,,,0,0,0,0,0
4961,14,,,,0,0,0,0,0
4961,15,,,,0,0,0,0,0
4962,11,,,,0,0,0,0,0
4962,12,,,,0,0,0,0,0
4962,13,,,,0,0,0,0,0
4962,14,,,,0,0,0,0,0
4962,15,,,,0,0,0,0,0
4963,11,,,,0,0,0,0,0
4963,12,,,,0,0,0,0,0
4963,13,,,,0,0,0,0,0
4963,14,,,,0,0,0,0,0
4963,15,,,,0,0,0,0,0
4964,11,,,,0,0,0,0,0
4964,12,,,,0,0,0,0,0
4964,13,,,,0,0,0,0,0
4964,14,,,,0,0,0,0,0
4964,15,,,,0,0,0,0,0
4965,11,,,,0,0,0,0,0
4965,12,,,,0,0,0,0,0
4965,13,,,,0,0,0,0,0
4965,14,,,,0,0,0,0,0
4965,15,,,,0,0,0,0,0
4966,11,,,,0,0,0,0,0
4966,12,,,,0,0,0,0,0
4966,13,,,,0,0,0,0,0
4966,14,,,,0,0,0,0,0
4966,15,,,,0,0,0,0,0
4967,11,,,,0,0,0,0,0
4967,12,,,,0,0,0,0,0
4967,13,,,,0,0,0,0,0
4967,14,,,,0,0,0,0,0
4967,15,,,,0,0,0,0,0
4968,11,,,,0,0,0,0,0
4968,12,,,,0,0,0,0,0
4968,13,,,,0,0,0,0,0
4968,14,,,,0,0,0,0,0
4968,15,,,,0,0,0,0,0
4969,11,,,,0,0,0,0,0
4969,12,,,,0,0,0,0,0
4969,13,,,,0,0,0,0,0
4969,14,,,,0,0,0,0,0
4969,15,,,,0,0,0,0,0
4970,11,,,,0,0,0,0,0
4970,12,,,,0,0,0,0,0
4970,13,,,,0,0,0,0,0
4970,14,,,,0,0,0,0,0
4970,15,,,,0,0,0,0,0
4971,11,,,,0,0,0,0,0
4971,12,,,,0,0,0,0,0
4971,13,,,,0,0,0,0,0
4971,14,,,,0,0,0,0,0
4971,15,,,,0,0,0,0,0
4972,11,,,,0,0,0,0,0
4972,12,,,,0,0,0,0,0
4972,13,,,,0,0,0,0,0
4972,14,,,,0,0,0,0,0
4972,15,,,,0,0,0,0,0
4973,11,,,,0,0,0,0,0
4973,12,,,,0,0,0,0,0
4973,13,,,,0,0,0,0,0
4973,14,,,,0,0,0,0,0
4973,15,,,,0,0,0,0,0
4974,11,,,,0,0,0,0,0
4974,12,,,,0,0,0,0,0
4974,13,,,,0,0,0,0,0
4974,14,,,,0,0,0,0,0
4974,15,,,,0,0,0,0,0
4975,11,,,,0,0,0,0,0
4975,12,,,,0,0,0,0,0
4975,13,,,,0,0,0,0,0
4975,14,,,,0,0,0,0,0
4975,15,,,,0,0,0,0,0
4976,11,,,,0,0,0,0,0
4976,12,,,,0,0,0,0,0
4976,13,,,,0,0,0,0,0
4976,14,,,,0,0,0,0,0
4976,15,,,,0,0,0,0,0
4977,11,,,,0,0,0,0,0
4977,12,,,,0,0,0,0,0
4977,13,,,,0,0,0,0,0
4977,14,,,,0,0,0,0,0
4977,15,,,,0,0,0,0,0
4978,11,,,,0,0,0,0,0
4978,12,,,,0,0,0,0,0
4978,13,,,,0,0,0,0,0
4978,14,,,,0,0,0,0,0
4978,15,,,,0,0,0,0,0
4979,11,,,,0,0,0,0,0
4979,12,,,,0,0,0,0,0
4979,13,,,,0,0,0,0,0
4979,14,,,,0,0,0,0,0
4979,15,,,,0,0,0,0,0
4980,11,,,,0,0,0,0,0
4980,12,,,,0,0,0,0,0
4980,13,,,,0,0,0,0,0
4980,14,,,,0,0,0,0,0
4980,15,,,,0,0,0,0,0
4981,11,,,,0,0,0,0,0
4981,12,,,,0,0,0,0,0
4981,13,,,,0,0,0,0,0
4981,14,,,,0,0,0,0,0
4981,15,,,,0,0,0,0,0
4982,11,,,,0,0,0,0,0
4982,12,,,,0,0,0,0,0
4982,13,,,,0,0,0,0,0
4982,14,,,,0,0,0,0,0
4982,15,,,,0,0,0,0,0
4983,11,,,,0,0,0,0,0
4983,12,,,,0,0,0,0,0
4983,13,,,,0,0,0,0,0
4983,14,,,,0,0,0,0,0
4983,15,,,,0,0,0,0,0
4984,11,,,,0,0,0,0,0
4984,12,,,,0,0,0,0,0
4984,13,,,,0,0,0,0,0
4984,14,,,,0,0,0,0,0
4984,15,,,,0,0,0,0,0
4985,11,,,,0,0,0,0,0
4985,12,,,,0,0,0,0,0
4985,13,,,,0,0,0,0,0
4985,14,,,,0,0,0,0,0
4985,15,,,,0,0,0,0,0
4986,11,,,,0,0,0,0,0
4986,12,,,,0,0,0,0,0
4986,13,,,,0,0,0,0,0
4986,14,,,,0,0,0,0,0
4986,15,,,,0,0,0,0,0
4987,11,,,,0,0,0,0,0
4987,12,,,,0,0,0,0,0
4987,13,,,,0,0,0,0,0
4987,14,,,,0,0,0,0,0
4987,15,,,,0,0,0,0,0
4988,11,,,,0,0,0,0,0
4988,12,,,,0,0,0,0,0
4988,13,,,,0,0,0,0,0
4988,14,,,,0,0,0,0,0
4988,15,,,,0,0,0,0,0
4989,11,,,,0,0,0,0,0
4989,12,,,,0,0,0,0,0
4989,13,,,,0,0,0,0,0
4989,14,,,,0,0,0,0,0
4989,15,,,,0,0,0,0,0
4990,11,,,,0,0,0,0,0
4990,12,,,,0,0,0,0,0
4990,13,,,,0,0,0,0,0
4990,14,,,,0,0,0,0,0
4990,15,,,,0,0,0,0,0
4991,11,,,,0,0,0,0,0
4991,12,,,,0,0,0,0,0
4991,13,,,,0,0,0,0,0
4991,14,,,,0,0,0,0,0
4991,15,,,,0,0,0,0,0
4992,11,,,,0,0,0,0,0
4992,12,,,,0,0,0,0,0
4992,13,,,,0,0,0,0,0
4992,14,,,,0,0,0,0,0
4992,15,,,,0,0,0,0,0
4993,11,,,,0,0,0,0,0
4993,12,,,,0,0,0,0,0
4993,13,,,,0,0,0,0,0
4993,14,,,,0,0,0,0,0
4993,15,,,,0,0,0,0,0
4994,11,,,,0,0,0,0,0
4994,12,,,,0,0,0,0,0
4994,13,,,,0,0,0,0,0
4994,14,,,,0,0,0,0,0
4994,15,,,,0,0,0,0,0
4995,11,,,,0,0,0,0,0
4995,12,,,,0,0,0,0,0
4995,13,,,,0,0,0,0,0
4995,14,,,,0,0,0,0,0
4995,15,,,,0,0,0,0,0
4996,11,,,,0,0,0,0,0
4996,12,,,,0,0,0,0,0
4996,13,,,,0,0,0,0,0
4996,14,,,,0,0,0,0,0
4996,15,,,,0,0,0,0,0
4997,11,,,,0,0,0,0,0
4997,12,,,,0,0,0,0,0
4997,13,,,,0,0,0,0,0
4997,14,,,,0,0,0,0,0
4997,15,,,,0,0,0,0,0
4998,11,,,,0,0,0,0,0
4998,12,,,,0,0,0,0,0
4998,13,,,,0,0,0,0,0
4998,14,,,,0,0,0,0,0
4998,15,,,,0,0,0,0,0
4999,11,,,,0,0,0,0,0
4999,12,,,,0,0,0,0,0
4999,13,,,,0,0,0,0,0
4999,14,,,,0,0,0,0,0
4999,15,,,,0,0,0,0,0
5000,11,,,,0,0,0,0,0
5000,12,,,,0,0,0,0,0
5000,13,,,,0,0,0,0,0
5000,14,,,,0,0,0,0,0
5000,15,,,,0,0,0,0,0
5001,11,,,,0,0,0,0,0
5001,12,,,,0,0,0,0,0
5001,13,,,,0,0,0,0,0
5001,14,,,,0,0,0,0,0
5001,15,,,,0,0,0,0,0
5002,11,,,,0,0,0,0,0
5002,12,,,,0,0,0,0,0
5002,13,,,,0,0,0,0,0
5002,14,,,,0,0,0,0,0
5002,15,,,,0,0,0,0,0
5003,11,,,,0,0,0,0,0
5003,12,,,,0,0,0,0,0
5003,13,,,,0,0,0,0,0
5003,14,,,,0,0,0,0,0
5003,15,,,,0,0,0,0,0
5004,11,,,,0,0,0,0,0
5004,12,,,,0,0,0,0,0
5004,13,,,,0,0,0,0,0
5004,14,,,,0,0,0,0,0
5004,15,,,,0,0,0,0,0
5005,11,,,,0,0,0,0,0
5005,12,,,,0,0,0,0,0
5005,13,,,,0,0,0,0,0
5005,14,,,,0,0,0,0,0
5005,15,,,,0,0,0,0,0
5006,11,,,,0,0,0,0,0
5006,12,,,,0,0,0,0,0
5006,13,,,,0,0,0,0,0
5006,14,,,,0,0,0,0,0
5006,15,,,,0,0,0,0,0
5007,11,,,,0,0,0,0,0
5007,12,,,,0,0,0,0,0
5007,13,,,,0,0,0,0,0
5007,14,,,,0,0,0,0,0
5007,15,,,,0,0,0,0,0
5008,11,,,,0,0,0,0,0
5008,12,,,,0,0,0,0,0
5008,13,,,,0,0,0,0,0
5008,14,,,,0,0,0,0,0
5008,15,,,,0,0,0,0,0
5009,11,,,,0,0,0,0,0
5009,12,,,,0,0,0,0,0
5009,13,,,,0,0,0,0,0
5009,14,,,,0,0,0,0,0
5009,15,,,,0,0,0,0,0
5010,11,,,,0,0,0,0,0
5010,12,,,,0,0,0,0,0
5010,13,,,,0,0,0,0,0
5010,14,,,,0,0,0,0,0
5010,15,,,,0,0,0,0,0
5011,11,,,,0,0,0,0,0
5011,12,,,,0,0,0,0,0
5011,13,,,,0,0,0,0,0
5011,14,,,,0,0,0,0,0
5011,15,,,,0,0,0,0,0
5012,11,,,,0,0,0,0,0
5012,12,,,,0,0,0,0,0
5012,13,,,,0,0,0,0,0
5012,14,,,,0,0,0,0,0
5012,15,,,,0,0,0,0,0
5013,11,,,,0,0,0,0,0
5013,12,,,,0,0,0,0,0
5013,13,,,,0,0,0,0,0
5013,14,,,,0,0,0,0,0
5013,15,,,,0,0,0,0,0
5014,11,,,,0,0,0,0,0
5014,12,,,,0,0,0,0,0
5014,13,,,,0,0,0,0,0
5014,14,,,,0,0,0,0,0
5014,15,,,,0,0,0,0,0
5015,11,,,,0,0,0,0,0
5015,12,,,,0,0,0,0,0
5015,13,,,,0,0,0,0,0
5015,14,,,,0,0,0,0,0
5015,15,,,,0,0,0,0,0
5016,11,,,,0,0,0,0,0
5016,12,,,,0,0,0,0,0
5016,13,,,,0,0,0,0,0
5016,14,,,,0,0,0,0,0
5016,15,,,,0,0,0,0,0
5017,11,,,,0,0,0,0,0
5017,12,,,,0,0,0,0,0
5017,13,,,,0,0,0,0,0
5017,14,,,,0,0,0,0,0
5017,15,,,,0,0,0,0,0
5018,11,,,,0,0,0,0,0
5018,12,,,,0,0,0,0,0
5018,13,,,,0,0,0,0,0
5018,14,,,,0,0,0,0,0
5018,15,,,,0,0,0,0,0
5019,11,,,,0,0,0,0,0
5019,12,,,,0,0,0,0,0
5019,13,,,,0,0,0,0,0
5019,14,,,,0,0,0,0,0
5019,15,,,,0,0,0,0,0
5020,11,,,,0,0,0,0,0
5020,12,,,,0,0,0,0,0
5020,13,,,,0,0,0,0,0
5020,14,,,,0,0,0,0,0
5020,15,,,,0,0,0,0,0
5021,11,,,,0,0,0,0,0
5021,12,,,,0,0,0,0,0
5021,13,,,,0,0,0,0,0
5021,14,,,,0,0,0,0,0
5021,15,,,,0,0,0,0,0
5022,11,,,,0,0,0,0,0
5022,12,,,,0,0,0,0,0
5022,13,,,,0,0,0,0,0
5022,14,,,,0,0,0,0,0
5022,15,,,,0,0,0,0,0
5023,11,,,,0,0,0,0,0
5023,12,,,,0,0,0,0,0
5023,13,,,,0,0,0,0,0
5023,14,,,,0,0,0,0,0
5023,15,,,,0,0,0,0,0
5024,11,,,,0,0,0,0,0
5024,12,,,,0,0,0,0,0
5024,13,,,,0,0,0,0,0
5024,14,,,,0,0,0,0,0
5024,15,,,,0,0,0,0,0
5025,11,,,,0,0,0,0,0
5025,12,,,,0,0,0,0,0
5025,13,,,,0,0,0,0,0
5025,14,,,,0,0,0,0,0
5025,15,,,,0,0,0,0,0
5026,11,,,,0,0,0,0,0
5026,12,,,,0,0,0,0,0
5026,13,,,,0,0,0,0,0
5026,14,,,,0,0,0,0,0
5026,15,,,,0,0,0,0,0
5027,11,,,,0,0,0,0,0
5027,12,,,,0,0,0,0,0
5027,13,,,,0,0,0,0,0
5027,14,,,,0,0,0,0,0
5027,15,,,,0,0,0,0,0
5028,11,,,,0,0,0,0,0
5028,12,,,,0,0,0,0,0
5028,13,,,,0,0,0,0,0
5028,14,,,,0,0,0,0,0
5028,15,,,,0,0,0,0,0
5029,11,,,,0,0,0,0,0
5029,12,,,,0,0,0,0,0
5029,13,,,,0,0,0,0,0
5029,14,,,,0,0,0,0,0
5029,15,,,,0,0,0,0,0
5030,11,,,,0,0,0,0,0
5030,12,,,,0,0,0,0,0
5030,13,,,,0,0,0,0,0
5030,14,,,,0,0,0,0,0
5030,15,,,,0,0,0,0,0
5031,11,,,,0,0,0,0,0
5031,12,,,,0,0,0,0,0
5031,13,,,,0,0,0,0,0
5031,14,,,,0,0,0,0,0
5031,15,,,,0,0,0,0,0
5032,11,,,,0,0,0,0,0
5032,12,,,,0,0,0,0,0
5032,13,,,,0,0,0,0,0
5032,14,,,,0,0,0,0,0
5032,15,,,,0,0,0,0,0
5033,11,,,,0,0,0,0,0
5033,12,,,,0,0,0,0,0
5033,13,,,,0,0,0,0,0
5033,14,,,,0,0,0,0,0
5033,15,,,,0,0,0,0,0
5034,11,,,,0,0,0,0,0
5034,12,,,,0,0,0,0,0
5034,13,,,,0,0,0,0,0
5034,14,,,,0,0,0,0,0
5034,15,,,,0,0,0,0,0
5035,11,,,,0,0,0,0,0
5035,12,,,,0,0,0,0,0
5035,13,,,,0,0,0,0,0
5035,14,,,,0,0,0,0,0
5035,15,,,,0,0,0,0,0
5036,11,,,,0,0,0,0,0
5036,12,,,,0,0,0,0,0
5036,13,,,,0,0,0,0,0
5036,14,,,,0,0,0,0,0
5036,15,,,,0,0,0,0,0
5037,11,,,,0,0,0,0,0
5037,12,,,,0,0,0,0,0
5037,13,,,,0,0,0,0,0
5037,14,,,,0,0,0,0,0
5037,15,,,,0,0,0,0,0
5038,11,,,,0,0,0,0,0
5038,12,,,,0,0,0,0,0
5038,13,,,,0,0,0,0,0
5038,14,,,,0,0,0,0,0
5038,15,,,,0,0,0,0,0
5039,11,,,,0,0,0,0,0
5039,12,,,,0,0,0,0,0
5039,13,,,,0,0,0,0,0
5039,14,,,,0,0,0,0,0
5039,15,,,,0,0,0,0,0
5040,11,,,,0,0,0,0,0
5040,12,,,,0,0,0,0,0
5040,13,,,,0,0,0,0,0
5040,14,,,,0,0,0,0,0
5040,15,,,,0,0,0,0,0
5041,11,,,,0,0,0,0,0
5041,12,,,,0,0,0,0,0
5041,13,,,,0,0,0,0,0
5041,14,,,,0,0,0,0,0
5041,15,,,,0,0,0,0,0
5042,11,,,,0,0,0,0,0
5042,12,,,,0,0,0,0,0
5042,13,,,,0,0,0,0,0
5042,14,,,,0,0,0,0,0
5042,15,,,,0,0,0,0,0
5043,11,,,,0,0,0,0,0
5043,12,,,,0,0,0,0,0
5043,13,,,,0,0,0,0,0
5043,14,,,,0,0,0,0,0
5043,15,,,,0,0,0,0,0
5044,11,,,,0,0,0,0,0
5044,12,,,,0,0,0,0,0
5044,13,,,,0,0,0,0,0
5044,14,,,,0,0,0,0,0
5044,15,,,,0,0,0,0,0
5045,11,,,,0,0,0,0,0
5045,12,,,,0,0,0,0,0
5045,13,,,,0,0,0,0,0
5045,14,,,,0,0,0,0,0
5045,15,,,,0,0,0,0,0
5046,11,,,,0,0,0,0,0
5046,12,,,,0,0,0,0,0
5046,13,,,,0,0,0,0,0
5046,14,,,,0,0,0,0,0
5046,15,,,,0,0,0,0,0
5047,11,,,,0,0,0,0,0
5047,12,,,,0,0,0,0,0
5047,13,,,,0,0,0,0,0
5047,14,,,,0,0,0,0,0
5047,15,,,,0,0,0,0,0
5048,11,,,,0,0,0,0,0
5048,12,,,,0,0,0,0,0
5048,13,,,,0,0,0,0,0
5048,14,,,,0,0,0,0,0
5048,15,,,,0,0,0,0,0
5049,11,,,,0,0,0,0,0
5049,12,,,,0,0,0,0,0
5049,13,,,,0,0,0,0,0
5049,14,,,,0,0,0,0,0
5049,15,,,,0,0,0,0,0
5050,11,,,,0,0,0,0,0
5050,12,,,,0,0,0,0,0
5050,13,,,,0,0,0,0,0
5050,14,,,,0,0,0,0,0
5050,15,,,,0,0,0,0,0
5051,11,,,,0,0,0,0,0
5051,12,,,,0,0,0,0,0
5051,13,,,,0,0,0,0,0
5051,14,,,,0,0,0,0,0
5051,15,,,,0,0,0,0,0
5052,11,,,,0,0,0,0,0
5052,12,,,,0,0,0,0,0
5052,13,,,,0,0,0,0,0
5052,14,,,,0,0,0,0,0
5052,15,,,,0,0,0,0,0
5053,11,,,,0,0,0,0,0
5053,12,,,,0,0,0,0,0
5053,13,,,,0,0,0,0,0
5053,14,,,,0,0,0,0,0
5053,15,,,,0,0,0,0,0
5054,11,,,,0,0,0,0,0
5054,12,,,,0,0,0,0,0
5054,13,,,,0,0,0,0,0
5054,14,,,,0,0,0,0,0
5054,15,,,,0,0,0,0,0
5055,11,,,,0,0,0,0,0
5055,12,,,,0,0,0,0,0
5055,13,,,,0,0,0,0,0
5055,14,,,,0,0,0,0,0
5055,15,,,,0,0,0,0,0
5056,11,,,,0,0,0,0,0
5056,12,,,,0,0,0,0,0
5056,13,,,,0,0,0,0,0
5056,14,,,,0,0,0,0,0
5056,15,,,,0,0,0,0,0
5057,11,,,,0,0,0,0,0
5057,12,,,,0,0,0,0,0
5057,13,,,,0,0,0,0,0
5057,14,,,,0,0,0,0,0
5057,15,,,,0,0,0,0,0
5058,11,,,,0,0,0,0,0
5058,12,,,,0,0,0,0,0
5058,13,,,,0,0,0,0,0
5058,14,,,,0,0,0,0,0
5058,15,,,,0,0,0,0,0
5059,11,,,,0,0,0,0,0
5059,12,,,,0,0,0,0,0
5059,13,,,,0,0,0,0,0
5059,14,,,,0,0,0,0,0
5059,15,,,,0,0,0,0,0
5060,11,,,,0,0,0,0,0
5060,12,,,,0,0,0,0,0
5060,13,,,,0,0,0,0,0
5060,14,,,,0,0,0,0,0
5060,15,,,,0,0,0,0,0
5061,11,,,,0,0,0,0,0
5061,12,,,,0,0,0,0,0
5061,13,,,,0,0,0,0,0
5061,14,,,,0,0,0,0,0
5061,15,,,,0,0,0,0,0
5062,11,,,,0,0,0,0,0
5062,12,,,,0,0,0,0,0
5062,13,,,,0,0,0,0,0
5062,14,,,,0,0,0,0,0
5062,15,,,,0,0,0,0,0
5063,11,,,,0,0,0,0,0
5063,12,,,,0,0,0,0,0
5063,13,,,,0,0,0,0,0
5063,14,,,,0,0,0,0,0
5063,15,,,,0,0,0,0,0
5064,11,,,,0,0,0,0,0
5064,12,,,,0,0,0,0,0
5064,13,,,,0,0,0,0,0
5064,14,,,,0,0,0,0,0
5064,15,,,,0,0,0,0,0
5065,11,,,,0,0,0,0,0
5065,12,,,,0,0,0,0,0
5065,13,,,,0,0,0,0,0
5065,14,,,,0,0,0,0,0
5065,15,,,,0,0,0,0,0
5066,11,,,,0,0,0,0,0
5066,12,,,,0,0,0,0,0
5066,13,,,,0,0,0,0,0
5066,14,,,,0,0,0,0,0
5066,15,,,,0,0,0,0,0
5067,11,,,,0,0,0,0,0
5067,12,,,,0,0,0,0,0
5067,13,,,,0,0,0,0,0
5067,14,,,,0,0,0,0,0
5067,15,,,,0,0,0,0,0
5068,11,,,,0,0,0,0,0
5068,12,,,,0,0,0,0,0
5068,13,,,,0,0,0,0,0
5068,14,,,,0,0,0,0,0
5068,15,,,,0,0,0,0,0
5069,11,,,,0,0,0,0,0
5069,12,,,,0,0,0,0,0
5069,13,,,,0,0,0,0,0
5069,14,,,,0,0,0,0,0
5069,15,,,,0,0,0,0,0
5070,11,,,,0,0,0,0,0
5070,12,,,,0,0,0,0,0
5070,13,,,,0,0,0,0,0
5070,14,,,,0,0,0,0,0
5070,15,,,,0,0,0,0,0
5071,11,,,,0,0,0,0,0
5071,12,,,,0,0,0,0,0
5071,13,,,,0,0,0,0,0
5071,14,,,,0,0,0,0,0
5071,15,,,,0,0,0,0,0
5072,11,,,,0,0,0,0,0
5072,12,,,,0,0,0,0,0
5072,13,,,,0,0,0,0,0
5072,14,,,,0,0,0,0,0
5072,15,,,,0,0,0,0,0
5073,11,,,,0,0,0,0,0
5073,12,,,,0,0,0,0,0
5073,13,,,,0,0,0,0,0
5073,14,,,,0,0,0,0,0
5073,15,,,,0,0,0,0,0
5074,11,,,,0,0,0,0,0
5074,12,,,,0,0,0,0,0
5074,13,,,,0,0,0,0,0
5074,14,,,,0,0,0,0,0
5074,15,,,,0,0,0,0,0
5075,11,,,,0,0,0,0,0
5075,12,,,,0,0,0,0,0
5075,13,,,,0,0,0,0,0
5075,14,,,,0,0,0,0,0
5075,15,,,,0,0,0,0,0
5076,11,,,,0,0,0,0,0
5076,12,,,,0,0,0,0,0
5076,13,,,,0,0,0,0,0
5076,14,,,,0,0,0,0,0
5076,15,,,,0,0,0,0,0
5077,11,,,,0,0,0,0,0
5077,12,,,,0,0,0,0,0
5077,13,,,,0,0,0,0,0
5077,14,,,,0,0,0,0,0
5077,15,,,,0,0,0,0,0
5078,11,,,,0,0,0,0,0
5078,12,,,,0,0,0,0,0
5078,13,,,,0,0,0,0,0
5078,14,,,,0,0,0,0,0
5078,15,,,,0,0,0,0,0
5079,11,,,,0,0,0,0,0
5079,12,,,,0,0,0,0,0
5079,13,,,,0,0,0,0,0
5079,14,,,,0,0,0,0,0
5079,15,,,,0,0,0,0,0
5080,11,,,,0,0,0,0,0
5080,12,,,,0,0,0,0,0
5080,13,,,,0,0,0,0,0
5080,14,,,,0,0,0,0,0
5080,15,,,,0,0,0,0,0
5081,11,,,,0,0,0,0,0
5081,12,,,,0,0,0,0,0
5081,13,,,,0,0,0,0,0
5081,14,,,,0,0,0,0,0
5081,15,,,,0,0,0,0,0
5082,11,,,,0,0,0,0,0
5082,12,,,,0,0,0,0,0
5082,13,,,,0,0,0,0,0
5082,14,,,,0,0,0,0,0
5082,15,,,,0,0,0,0,0
5083,11,,,,0,0,0,0,0
5083,12,,,,0,0,0,0,0
5083,13,,,,0,0,0,0,0
5083,14,,,,0,0,0,0,0
5083,15,,,,0,0,0,0,0
5084,11,,,,0,0,0,0,0
5084,12,,,,0,0,0,0,0
5084,13,,,,0,0,0,0,0
5084,14,,,,0,0,0,0,0
5084,15,,,,0,0,0,0,0
5085,11,,,,0,0,0,0,0
5085,12,,,,0,0,0,0,0
5085,13,,,,0,0,0,0,0
5085,14,,,,0,0,0,0,0
5085,15,,,,0,0,0,0,0
5086,11,,,,0,0,0,0,0
5086,12,,,,0,0,0,0,0
5086,13,,,,0,0,0,0,0
5086,14,,,,0,0,0,0,0
5086,15,,,,0,0,0,0,0
5087,11,,,,0,0,0,0,0
5087,12,,,,0,0,0,0,0
5087,13,,,,0,0,0,0,0
5087,14,,,,0,0,0,0,0
5087,15,,,,0,0,0,0,0
5088,11,,,,0,0,0,0,0
5088,12,,,,0,0,0,0,0
5088,13,,,,0,0,0,0,0
5088,14,,,,0,0,0,0,0
5088,15,,,,0,0,0,0,0
5089,11,,,,0,0,0,0,0
5089,12,,,,0,0,0,0,0
5089,13,,,,0,0,0,0,0
5089,14,,,,0,0,0,0,0
5089,15,,,,0,0,0,0,0
5090,11,,,,0,0,0,0,0
5090,12,,,,0,0,0,0,0
5090,13,,,,0,0,0,0,0
5090,14,,,,0,0,0,0,0
5090,15,,,,0,0,0,0,0
5091,11,,,,0,0,0,0,0
5091,12,,,,0,0,0,0,0
5091,13,,,,0,0,0,0,0
5091,14,,,,0,0,0,0,0
5091,15,,,,0,0,0,0,0
5092,11,,,,0,0,0,0,0
5092,12,,,,0,0,0,0,0
5092,13,,,,0,0,0,0,0
5092,14,,,,0,0,0,0,0
5092,15,,,,0,0,0,0,0
5093,11,,,,0,0,0,0,0
5093,12,,,,0,0,0,0,0
5093,13,,,,0,0,0,0,0
5093,14,,,,0,0,0,0,0
5093,15,,,,0,0,0,0,0
5094,11,,,,0,0,0,0,0
5094,12,,,,0,0,0,0,0
5094,13,,,,0,0,0,0,0
5094,14,,,,0,0,0,0,0
5094,15,,,,0,0,0,0,0
5095,11,,,,0,0,0,0,0
5095,12,,,,0,0,0,0,0
5095,13,,,,0,0,0,0,0
5095,14,,,,0,0,0,0,0
5095,15,,,,0,0,0,0,0
5096,11,,,,0,0,0,0,0
5096,12,,,,0,0,0,0,0
5096,13,,,,0,0,0,0,0
5096,14,,,,0,0,0,0,0
5096,15,,,,0,0,0,0,0
5097,11,,,,0,0,0,0,0
5097,12,,,,0,0,0,0,0
5097,13,,,,0,0,0,0,0
5097,14,,,,0,0,0,0,0
5097,15,,,,0,0,0,0,0
5098,11,,,,0,0,0,0,0
5098,12,,,,0,0,0,0,0
5098,13,,,,0,0,0,0,0
5098,14,,,,0,0,0,0,0
5098,15,,,,0,0,0,0,0
5099,11,,,,0,0,0,0,0
5099,12,,,,0,0,0,0,0
5099,13,,,,0,0,0,0,0
5099,14,,,,0,0,0,0,0
5099,15,,,,0,0,0,0,0
5100,11,,,,0,0,0,0,0
5100,12,,,,0,0,0,0,0
5100,13,,,,0,0,0,0,0
5100,14,,,,0,0,0,0,0
5100,15,,,,0,0,0,0,0
5101,11,,,,0,0,0,0,0
5101,12,,,,0,0,0,0,0
5101,13,,,,0,0,0,0,0
5101,14,,,,0,0,0,0,0
5101,15,,,,0,0,0,0,0
5102,11,,,,0,0,0,0,0
5102,12,,,,0,0,0,0,0
5102,13,,,,0,0,0,0,0
5102,14,,,,0,0,0,0,0
5102,15,,,,0,0,0,0,0
5103,11,,,,0,0,0,0,0
5103,12,,,,0,0,0,0,0
5103,13,,,,0,0,0,0,0
5103,14,,,,0,0,0,0,0
5103,15,,,,0,0,0,0,0
5104,11,,,,0,0,0,0,0
5104,12,,,,0,0,0,0,0
5104,13,,,,0,0,0,0,0
5104,14,,,,0,0,0,0,0
5104,15,,,,0,0,0,0,0
5105,11,,,,0,0,0,0,0
5105,12,,,,0,0,0,0,0
5105,13,,,,0,0,0,0,0
5105,14,,,,0,0,0,0,0
5105,15,,,,0,0,0,0,0
5106,11,,,,0,0,0,0,0
5106,12,,,,0,0,0,0,0
5106,13,,,,0,0,0,0,0
5106,14,,,,0,0,0,0,0
5106,15,,,,0,0,0,0,0
5107,11,,,,0,0,0,0,0
5107,12,,,,0,0,0,0,0
5107,13,,,,0,0,0,0,0
5107,14,,,,0,0,0,0,0
5107,15,,,,0,0,0,0,0
5108,11,,,,0,0,0,0,0
5108,12,,,,0,0,0,0,0
5108,13,,,,0,0,0,0,0
5108,14,,,,0,0,0,0,0
5108,15,,,,0,0,0,0,0
5109,11,,,,0,0,0,0,0
5109,12,,,,0,0,0,0,0
5109,13,,,,0,0,0,0,0
5109,14,,,,0,0,0,0,0
5109,15,,,,0,0,0,0,0
5110,11,,,,0,0,0,0,0
5110,12,,,,0,0,0,0,0
5110,13,,,,0,0,0,0,0
5110,14,,,,0,0,0,0,0
5110,15,,,,0,0,0,0,0
5111,11,,,,0,0,0,0,0
5111,12,,,,0,0,0,0,0
5111,13,,,,0,0,0,0,0
5111,14,,,,0,0,0,0,0
5111,15,,,,0,0,0,0,0
5112,11,,,,0,0,0,0,0
5112,12,,,,0,0,0,0,0
5112,13,,,,0,0,0,0,0
5112,14,,,,0,0,0,0,0
5112,15,,,,0,0,0,0,0
5113,11,,,,0,0,0,0,0
5113,12,,,,0,0,0,0,0
5113,13,,,,0,0,0,0,0
5113,14,,,,0,0,0,0,0
5113,15,,,,0,0,0,0,0
5114,11,,,,0,0,0,0,0
5114,12,,,,0,0,0,0,0
5114,13,,,,0,0,0,0,0
5114,14,,,,0,0,0,0,0
5114,15,,,,0,0,0,0,0
5115,11,,,,0,0,0,0,0
5115,12,,,,0,0,0,0,0
5115,13,,,,0,0,0,0,0
5115,14,,,,0,0,0,0,0
5115,15,,,,0,0,0,0,0
5116,11,,,,0,0,0,0,0
5116,12,,,,0,0,0,0,0
5116,13,,,,0,0,0,0,0
5116,14,,,,0,0,0,0,0
5116,15,,,,0,0,0,0,0
5117,11,,,,0,0,0,0,0
5117,12,,,,0,0,0,0,0
5117,13,,,,0,0,0,0,0
5117,14,,,,0,0,0,0,0
5117,15,,,,0,0,0,0,0
5118,11,,,,0,0,0,0,0
5118,12,,,,0,0,0,0,0
5118,13,,,,0,0,0,0,0
5118,14,,,,0,0,0,0,0
5118,15,,,,0,0,0,0,0
5119,11,,,,0,0,0,0,0
5119,12,,,,0,0,0,0,0
5119,13,,,,0,0,0,0,0
5119,14,,,,0,0,0,0,0
5119,15,,,,0,0,0,0,0
5120,11,,,,0,0,0,0,0
5120,12,,,,0,0,0,0,0
5120,13,,,,0,0,0,0,0
5120,14,,,,0,0,0,0,0
5120,15,,,,0,0,0,0,0
5121,11,,,,0,0,0,0,0
5121,12,,,,0,0,0,0,0
5121,13,,,,0,0,0,0,0
5121,14,,,,0,0,0,0,0
5121,15,,,,0,0,0,0,0
5122,11,,,,0,0,0,0,0
5122,12,,,,0,0,0,0,0
5122,13,,,,0,0,0,0,0
5122,14,,,,0,0,0,0,0
5122,15,,,,0,0,0,0,0
5123,11,,,,0,0,0,0,0
5123,12,,,,0,0,0,0,0
5123,13,,,,0,0,0,0,0
5123,14,,,,0,0,0,0,0
5123,15,,,,0,0,0,0,0
5124,11,,,,0,0,0,0,0
5124,12,,,,0,0,0,0,0
5124,13,,,,0,0,0,0,0
5124,14,,,,0,0,0,0,0
5124,15,,,,0,0,0,0,0
5125,11,,,,0,0,0,0,0
5125,12,,,,0,0,0,0,0
5125,13,,,,0,0,0,0,0
5125,14,,,,0,0,0,0,0
5125,15,,,,0,0,0,0,0
5126,11,,,,0,0,0,0,0
5126,12,,,,0,0,0,0,0
5126,13,,,,0,0,0,0,0
5126,14,,,,0,0,0,0,0
5126,15,,,,0,0,0,0,0
5127,11,,,,0,0,0,0,0
5127,12,,,,0,0,0,0,0
5127,13,,,,0,0,0,0,0
5127,14,,,,0,0,0,0,0
5127,15,,,,0,0,0,0,0
5128,11,,,,0,0,0,0,0
5128,12,,,,0,0,0,0,0
5128,13,,,,0,0,0,0,0
5128,14,,,,0,0,0,0,0
5128,15,,,,0,0,0,0,0
5129,11,,,,0,0,0,0,0
5129,12,,,,0,0,0,0,0
5129,13,,,,0,0,0,0,0
5129,14,,,,0,0,0,0,0
5129,15,,,,0,0,0,0,0
5130,11,,,,0,0,0,0,0
5130,12,,,,0,0,0,0,0
5130,13,,,,0,0,0,0,0
5130,14,,,,0,0,0,0,0
5130,15,,,,0,0,0,0,0
5131,11,,,,0,0,0,0,0
5131,12,,,,0,0,0,0,0
5131,13,,,,0,0,0,0,0
5131,14,,,,0,0,0,0,0
5131,15,,,,0,0,0,0,0
5132,11,,,,0,0,0,0,0
5132,12,,,,0,0,0,0,0
5132,13,,,,0,0,0,0,0
5132,14,,,,0,0,0,0,0
5132,15,,,,0,0,0,0,0
5133,11,,,,0,0,0,0,0
5133,12,,,,0,0,0,0,0
5133,13,,,,0,0,0,0,0
5133,14,,,,0,0,0,0,0
5133,15,,,,0,0,0,0,0
5134,11,,,,0,0,0,0,0
5134,12,,,,0,0,0,0,0
5134,13,,,,0,0,0,0,0
5134,14,,,,0,0,0,0,0
5134,15,,,,0,0,0,0,0
5135,11,,,,0,0,0,0,0
5135,12,,,,0,0,0,0,0
5135,13,,,,0,0,0,0,0
5135,14,,,,0,0,0,0,0
5135,15,,,,0,0,0,0,0
5136,11,,,,0,0,0,0,0
5136,12,,,,0,0,0,0,0
5136,13,,,,0,0,0,0,0
5136,14,,,,0,0,0,0,0
5136,15,,,,0,0,0,0,0
5137,11,,,,0,0,0,0,0
5137,12,,,,0,0,0,0,0
5137,13,,,,0,0,0,0,0
5137,14,,,,0,0,0,0,0
5137,15,,,,0,0,0,0,0
5138,11,,,,0,0,0,0,0
5138,12,,,,0,0,0,0,0
5138,13,,,,0,0,0,0,0
5138,14,,,,0,0,0,0,0
5138,15,,,,0,0,0,0,0
5139,11,,,,0,0,0,0,0
5139,12,,,,0,0,0,0,0
5139,13,,,,0,0,0,0,0
5139,14,,,,0,0,0,0,0
5139,15,,,,0,0,0,0,0
5140,11,,,,0,0,0,0,0
5140,12,,,,0,0,0,0,0
5140,13,,,,0,0,0,0,0
5140,14,,,,0,0,0,0,0
5140,15,,,,0,0,0,0,0
5141,11,,,,0,0,0,0,0
5141,12,,,,0,0,0,0,0
5141,13,,,,0,0,0,0,0
5141,14,,,,0,0,0,0,0
5141,15,,,,0,0,0,0,0
5142,11,,,,0,0,0,0,0
5142,12,,,,0,0,0,0,0
5142,13,,,,0,0,0,0,0
5142,14,,,,0,0,0,0,0
5142,15,,,,0,0,0,0,0
5143,11,,,,0,0,0,0,0
5143,12,,,,0,0,0,0,0
5143,13,,,,0,0,0,0,0
5143,14,,,,0,0,0,0,0
5143,15,,,,0,0,0,0,0
5144,11,,,,0,0,0,0,0
5144,12,,,,0,0,0,0,0
5144,13,,,,0,0,0,0,0
5144,14,,,,0,0,0,0,0
5144,15,,,,0,0,0,0,0
5145,11,,,,0,0,0,0,0
5145,12,,,,0,0,0,0,0
5145,13,,,,0,0,0,0,0
5145,14,,,,0,0,0,0,0
5145,15,,,,0,0,0,0,0
5146,11,,,,0,0,0,0,0
5146,12,,,,0,0,0,0,0
5146,13,,,,0,0,0,0,0
5146,14,,,,0,0,0,0,0
5146,15,,,,0,0,0,0,0
5147,11,,,,0,0,0,0,0
5147,12,,,,0,0,0,0,0
5147,13,,,,0,0,0,0,0
5147,14,,,,0,0,0,0,0
5147,15,,,,0,0,0,0,0
5148,11,,,,0,0,0,0,0
5148,12,,,,0,0,0,0,0
5148,13,,,,0,0,0,0,0
5148,14,,,,0,0,0,0,0
5148,15,,,,0,0,0,0,0
5149,11,,,,0,0,0,0,0
5149,12,,,,0,0,0,0,0
5149,13,,,,0,0,0,0,0
5149,14,,,,0,0,0,0,0
5149,15,,,,0,0,0,0,0
5150,11,,,,0,0,0,0,0
5150,12,,,,0,0,0,0,0
5150,13,,,,0,0,0,0,0
5150,14,,,,0,0,0,0,0
5150,15,,,,0,0,0,0,0
5151,11,,,,0,0,0,0,0
5151,12,,,,0,0,0,0,0
5151,13,,,,0,0,0,0,0
5151,14,,,,0,0,0,0,0
5151,15,,,,0,0,0,0,0
5152,11,,,,0,0,0,0,0
5152,12,,,,0,0,0,0,0
5152,13,,,,0,0,0,0,0
5152,14,,,,0,0,0,0,0
5152,15,,,,0,0,0,0,0
5153,11,,,,0,0,0,0,0
5153,12,,,,0,0,0,0,0
5153,13,,,,0,0,0,0,0
5153,14,,,,0,0,0,0,0
5153,15,,,,0,0,0,0,0
5154,11,,,,0,0,0,0,0
5154,12,,,,0,0,0,0,0
5154,13,,,,0,0,0,0,0
5154,14,,,,0,0,0,0,0
5154,15,,,,0,0,0,0,0
5155,11,,,,0,0,0,0,0
5155,12,,,,0,0,0,0,0
5155,13,,,,0,0,0,0,0
5155,14,,,,0,0,0,0,0
5155,15,,,,0,0,0,0,0
5156,11,,,,0,0,0,0,0
5156,12,,,,0,0,0,0,0
5156,13,,,,0,0,0,0,0
5156,14,,,,0,0,0,0,0
5156,15,,,,0,0,0,0,0
5157,11,,,,0,0,0,0,0
5157,12,,,,0,0,0,0,0
5157,13,,,,0,0,0,0,0
5157,14,,,,0,0,0,0,0
5157,15,,,,0,0,0,0,0
5158,11,,,,0,0,0,0,0
5158,12,,,,0,0,0,0,0
5158,13,,,,0,0,0,0,0
5158,14,,,,0,0,0,0,0
5158,15,,,,0,0,0,0,0
5159,11,,,,0,0,0,0,0
5159,12,,,,0,0,0,0,0
5159,13,,,,0,0,0,0,0
5159,14,,,,0,0,0,0,0
5159,15,,,,0,0,0,0,0
5160,11,,,,0,0,0,0,0
5160,12,,,,0,0,0,0,0
5160,13,,,,0,0,0,0,0
5160,14,,,,0,0,0,0,0
5160,15,,,,0,0,0,0,0
5161,11,,,,0,0,0,0,0
5161,12,,,,0,0,0,0,0
5161,13,,,,0,0,0,0,0
5161,14,,,,0,0,0,0,0
5161,15,,,,0,0,0,0,0
5162,11,,,,0,0,0,0,0
5162,12,,,,0,0,0,0,0
5162,13,,,,0,0,0,0,0
5162,14,,,,0,0,0,0,0
5162,15,,,,0,0,0,0,0
5163,11,,,,0,0,0,0,0
5163,12,,,,0,0,0,0,0
5163,13,,,,0,0,0,0,0
5163,14,,,,0,0,0,0,0
5163,15,,,,0,0,0,0,0
5164,11,,,,0,0,0,0,0
5164,12,,,,0,0,0,0,0
5164,13,,,,0,0,0,0,0
5164,14,,,,0,0,0,0,0
5164,15,,,,0,0,0,0,0
5165,11,,,,0,0,0,0,0
5165,12,,,,0,0,0,0,0
5165,13,,,,0,0,0,0,0
5165,14,,,,0,0,0,0,0
5165,15,,,,0,0,0,0,0
5166,11,,,,0,0,0,0,0
5166,12,,,,0,0,0,0,0
5166,13,,,,0,0,0,0,0
5166,14,,,,0,0,0,0,0
5166,15,,,,0,0,0,0,0
5167,11,,,,0,0,0,0,0
5167,12,,,,0,0,0,0,0
5167,13,,,,0,0,0,0,0
5167,14,,,,0,0,0,0,0
5167,15,,,,0,0,0,0,0
5168,11,,,,0,0,0,0,0
5168,12,,,,0,0,0,0,0
5168,13,,,,0,0,0,0,0
5168,14,,,,0,0,0,0,0
5168,15,,,,0,0,0,0,0
5169,11,,,,0,0,0,0,0
5169,12,,,,0,0,0,0,0
5169,13,,,,0,0,0,0,0
5169,14,,,,0,0,0,0,0
5169,15,,,,0,0,0,0,0
5170,11,,,,0,0,0,0,0
5170,12,,,,0,0,0,0,0
5170,13,,,,0,0,0,0,0
5170,14,,,,0,0,0,0,0
5170,15,,,,0,0,0,0,0
5171,11,,,,0,0,0,0,0
5171,12,,,,0,0,0,0,0
5171,13,,,,0,0,0,0,0
5171,14,,,,0,0,0,0,0
5171,15,,,,0,0,0,0,0
5172,11,,,,0,0,0,0,0
5172,12,,,,0,0,0,0,0
5172,13,,,,0,0,0,0,0
5172,14,,,,0,0,0,0,0
5172,15,,,,0,0,0,0,0
5173,11,,,,0,0,0,0,0
5173,12,,,,0,0,0,0,0
5173,13,,,,0,0,0,0,0
5173,14,,,,0,0,0,0,0
5173,15,,,,0,0,0,0,0
5174,11,,,,0,0,0,0,0
5174,12,,,,0,0,0,0,0
5174,13,,,,0,0,0,0,0
5174,14,,,,0,0,0,0,0
5174,15,,,,0,0,0,0,0
5175,11,,,,0,0,0,0,0
5175,12,,,,0,0,0,0,0
5175,13,,,,0,0,0,0,0
5175,14,,,,0,0,0,0,0
5175,15,,,,0,0,0,0,0
5176,11,,,,0,0,0,0,0
5176,12,,,,0,0,0,0,0
5176,13,,,,0,0,0,0,0
5176,14,,,,0,0,0,0,0
5176,15,,,,0,0,0,0,0
5177,11,,,,0,0,0,0,0
5177,12,,,,0,0,0,0,0
5177,13,,,,0,0,0,0,0
5177,14,,,,0,0,0,0,0
5177,15,,,,0,0,0,0,0
5178,11,,,,0,0,0,0,0
5178,12,,,,0,0,0,0,0
5178,13,,,,0,0,0,0,0
5178,14,,,,0,0,0,0,0
5178,15,,,,0,0,0,0,0
5179,11,,,,0,0,0,0,0
5179,12,,,,0,0,0,0,0
5179,13,,,,0,0,0,0,0
5179,14,,,,0,0,0,0,0
5179,15,,,,0,0,0,0,0
5180,11,,,,0,0,0,0,0
5180,12,,,,0,0,0,0,0
5180,13,,,,0,0,0,0,0
5180,14,,,,0,0,0,0,0
5180,15,,,,0,0,0,0,0
5181,11,,,,0,0,0,0,0
5181,12,,,,0,0,0,0,0
5181,13,,,,0,0,0,0,0
5181,14,,,,0,0,0,0,0
5181,15,,,,0,0,0,0,0
5182,11,,,,0,0,0,0,0
5182,12,,,,0,0,0,0,0
5182,13,,,,0,0,0,0,0
5182,14,,,,0,0,0,0,0
5182,15,,,,0,0,0,0,0
5183,11,,,,0,0,0,0,0
5183,12,,,,0,0,0,0,0
5183,13,,,,0,0,0,0,0
5183,14,,,,0,0,0,0,0
5183,15,,,,0,0,0,0,0
5184,11,,,,0,0,0,0,0
5184,12,,,,0,0,0,0,0
5184,13,,,,0,0,0,0,0
5184,14,,,,0,0,0,0,0
5184,15,,,,0,0,0,0,0
5185,11,,,,0,0,0,0,0
5185,12,,,,0,0,0,0,0
5185,13,,,,0,0,0,0,0
5185,14,,,,0,0,0,0,0
5185,15,,,,0,0,0,0,0
5186,11,,,,0,0,0,0,0
5186,12,,,,0,0,0,0,0
5186,13,,,,0,0,0,0,0
5186,14,,,,0,0,0,0,0
5186,15,,,,0,0,0,0,0
5187,11,,,,0,0,0,0,0
5187,12,,,,0,0,0,0,0
5187,13,,,,0,0,0,0,0
5187,14,,,,0,0,0,0,0
5187,15,,,,0,0,0,0,0
5188,11,,,,0,0,0,0,0
5188,12,,,,0,0,0,0,0
5188,13,,,,0,0,0,0,0
5188,14,,,,0,0,0,0,0
5188,15,,,,0,0,0,0,0
5189,11,,,,0,0,0,0,0
5189,12,,,,0,0,0,0,0
5189,13,,,,0,0,0,0,0
5189,14,,,,0,0,0,0,0
5189,15,,,,0,0,0,0,0
5190,11,,,,0,0,0,0,0
5190,12,,,,0,0,0,0,0
5190,13,,,,0,0,0,0,0
5190,14,,,,0,0,0,0,0
5190,15,,,,0,0,0,0,0
5191,11,,,,0,0,0,0,0
5191,12,,,,0,0,0,0,0
5191,13,,,,0,0,0,0,0
5191,14,,,,0,0,0,0,0
5191,15,,,,0,0,0,0,0
5192,11,,,,0,0,0,0,0
5192,12,,,,0,0,0,0,0
5192,13,,,,0,0,0,0,0
5192,14,,,,0,0,0,0,0
5192,15,,,,0,0,0,0,0
5193,11,,,,0,0,0,0,0
5193,12,,,,0,0,0,0,0
5193,13,,,,0,0,0,0,0
5193,14,,,,0,0,0,0,0
5193,15,,,,0,0,0,0,0
5194,11,,,,0,0,0,0,0
5194,12,,,,0,0,0,0,0
5194,13,,,,0,0,0,0,0
5194,14,,,,0,0,0,0,0
5194,15,,,,0,0,0,0,0
5195,11,,,,0,0,0,0,0
5195,12,,,,0,0,0,0,0
5195,13,,,,0,0,0,0,0
5195,14,,,,0,0,0,0,0
5195,15,,,,0,0,0,0,0
5196,11,,,,0,0,0,0,0
5196,12,,,,0,0,0,0,0
5196,13,,,,0,0,0,0,0
5196,14,,,,0,0,0,0,0
5196,15,,,,0,0,0,0,0
5197,11,,,,0,0,0,0,0
5197,12,,,,0,0,0,0,0
5197,13,,,,0,0,0,0,0
5197,14,,,,0,0,0,0,0
5197,15,,,,0,0,0,0,0
5198,11,,,,0,0,0,0,0
5198,12,,,,0,0,0,0,0
5198,13,,,,0,0,0,0,0
5198,14,,,,0,0,0,0,0
5198,15,,,,0,0,0,0,0
5199,11,,,,0,0,0,0,0
5199,12,,,,0,0,0,0,0
5199,13,,,,0,0,0,0,0
5199,14,,,,0,0,0,0,0
5199,15,,,,0,0,0,0,0
5200,11,,,,0,0,0,0,0
5200,12,,,,0,0,0,0,0
5200,13,,,,0,0,0,0,0
5200,14,,,,0,0,0,0,0
5200,15,,,,0,0,0,0,0
5201,11,,,,0,0,0,0,0
5201,12,,,,0,0,0,0,0
5201,13,,,,0,0,0,0,0
5201,14,,,,0,0,0,0,0
5201,15,,,,0,0,0,0,0
5202,11,,,,0,0,0,0,0
5202,12,,,,0,0,0,0,0
5202,13,,,,0,0,0,0,0
5202,14,,,,0,0,0,0,0
5202,15,,,,0,0,0,0,0
5203,11,,,,0,0,0,0,0
5203,12,,,,0,0,0,0,0
5203,13,,,,0,0,0,0,0
5203,14,,,,0,0,0,0,0
5203,15,,,,0,0,0,0,0
5204,11,,,,0,0,0,0,0
5204,12,,,,0,0,0,0,0
5204,13,,,,0,0,0,0,0
5204,14,,,,0,0,0,0,0
5204,15,,,,0,0,0,0,0
5205,11,,,,0,0,0,0,0
5205,12,,,,0,0,0,0,0
5205,13,,,,0,0,0,0,0
5205,14,,,,0,0,0,0,0
5205,15,,,,0,0,0,0,0
5206,11,,,,0,0,0,0,0
5206,12,,,,0,0,0,0,0
5206,13,,,,0,0,0,0,0
5206,14,,,,0,0,0,0,0
5206,15,,,,0,0,0,0,0
5207,11,,,,0,0,0,0,0
5207,12,,,,0,0,0,0,0
5207,13,,,,0,0,0,0,0
5207,14,,,,0,0,0,0,0
5207,15,,,,0,0,0,0,0
5208,11,,,,0,0,0,0,0
5208,12,,,,0,0,0,0,0
5208,13,,,,0,0,0,0,0
5208,14,,,,0,0,0,0,0
5208,15,,,,0,0,0,0,0
5209,11,,,,0,0,0,0,0
5209,12,,,,0,0,0,0,0
5209,13,,,,0,0,0,0,0
5209,14,,,,0,0,0,0,0
5209,15,,,,0,0,0,0,0
5210,11,,,,0,0,0,0,0
5210,12,,,,0,0,0,0,0
5210,13,,,,0,0,0,0,0
5210,14,,,,0,0,0,0,0
5210,15,,,,0,0,0,0,0
5211,11,,,,0,0,0,0,0
5211,12,,,,0,0,0,0,0
5211,13,,,,0,0,0,0,0
5211,14,,,,0,0,0,0,0
5211,15,,,,0,0,0,0,0
5212,11,,,,0,0,0,0,0
5212,12,,,,0,0,0,0,0
5212,13,,,,0,0,0,0,0
5212,14,,,,0,0,0,0,0
5212,15,,,,0,0,0,0,0
5213,11,,,,0,0,0,0,0
5213,12,,,,0,0,0,0,0
5213,13,,,,0,0,0,0,0
5213,14,,,,0,0,0,0,0
5213,15,,,,0,0,0,0,0
5214,11,,,,0,0,0,0,0
5214,12,,,,0,0,0,0,0
5214,13,,,,0,0,0,0,0
5214,14,,,,0,0,0,0,0
5214,15,,,,0,0,0,0,0
5215,11,,,,0,0,0,0,0
5215,12,,,,0,0,0,0,0
5215,13,,,,0,0,0,0,0
5215,14,,,,0,0,0,0,0
5215,15,,,,0,0,0,0,0
5216,11,,,,0,0,0,0,0
5216,12,,,,0,0,0,0,0
5216,13,,,,0,0,0,0,0
5216,14,,,,0,0,0,0,0
5216,15,,,,0,0,0,0,0
5217,11,,,,0,0,0,0,0
5217,12,,,,0,0,0,0,0
5217,13,,,,0,0,0,0,0
5217,14,,,,0,0,0,0,0
5217,15,,,,0,0,0,0,0
5218,11,,,,0,0,0,0,0
5218,12,,,,0,0,0,0,0
5218,13,,,,0,0,0,0,0
5218,14,,,,0,0,0,0,0
5218,15,,,,0,0,0,0,0
5219,11,,,,0,0,0,0,0
5219,12,,,,0,0,0,0,0
5219,13,,,,0,0,0,0,0
5219,14,,,,0,0,0,0,0
5219,15,,,,0,0,0,0,0
5220,11,,,,0,0,0,0,0
5220,12,,,,0,0,0,0,0
5220,13,,,,0,0,0,0,0
5220,14,,,,0,0,0,0,0
5220,15,,,,0,0,0,0,0
5221,11,,,,0,0,0,0,0
5221,12,,,,0,0,0,0,0
5221,13,,,,0,0,0,0,0
5221,14,,,,0,0,0,0,0
5221,15,,,,0,0,0,0,0
5222,11,,,,0,0,0,0,0
5222,12,,,,0,0,0,0,0
5222,13,,,,0,0,0,0,0
5222,14,,,,0,0,0,0,0
5222,15,,,,0,0,0,0,0
5223,11,,,,0,0,0,0,0
5223,12,,,,0,0,0,0,0
5223,13,,,,0,0,0,0,0
5223,14,,,,0,0,0,0,0
5223,15,,,,0,0,0,0,0
5224,11,,,,0,0,0,0,0
5224,12,,,,0,0,0,0,0
5224,13,,,,0,0,0,0,0
5224,14,,,,0,0,0,0,0
5224,15,,,,0,0,0,0,0
5225,11,,,,0,0,0,0,0
5225,12,,,,0,0,0,0,0
5225,13,,,,0,0,0,0,0
5225,14,,,,0,0,0,0,0
5225,15,,,,0,0,0,0,0
5226,11,,,,0,0,0,0,0
5226,12,,,,0,0,0,0,0
5226,13,,,,0,0,0,0,0
5226,14,,,,0,0,0,0,0
5226,15,,,,0,0,0,0,0
5227,11,,,,0,0,0,0,0
5227,12,,,,0,0,0,0,0
5227,13,,,,0,0,0,0,0
5227,14,,,,0,0,0,0,0
5227,15,,,,0,0,0,0,0
5228,11,,,,0,0,0,0,0
5228,12,,,,0,0,0,0,0
5228,13,,,,0,0,0,0,0
5228,14,,,,0,0,0,0,0
5228,15,,,,0,0,0,0,0
5229,11,,,,0,0,0,0,0
5229,12,,,,0,0,0,0,0
5229,13,,,,0,0,0,0,0
5229,14,,,,0,0,0,0,0
5229,15,,,,0,0,0,0,0
5230,11,,,,0,0,0,0,0
5230,12,,,,0,0,0,0,0
5230,13,,,,0,0,0,0,0
5230,14,,,,0,0,0,0,0
5230,15,,,,0,0,0,0,0
5231,11,,,,0,0,0,0,0
5231,12,,,,0,0,0,0,0
5231,13,,,,0,0,0,0,0
5231,14,,,,0,0,0,0,0
5231,15,,,,0,0,0,0,0
5232,11,,,,0,0,0,0,0
5232,12,,,,0,0,0,0,0
5232,13,,,,0,0,0,0,0
5232,14,,,,0,0,0,0,0
5232,15,,,,0,0,0,0,0
5233,11,,,,0,0,0,0,0
5233,12,,,,0,0,0,0,0
5233,13,,,,0,0,0,0,0
5233,14,,,,0,0,0,0,0
5233,15,,,,0,0,0,0,0
5234,11,,,,0,0,0,0,0
5234,12,,,,0,0,0,0,0
5234,13,,,,0,0,0,0,0
5234,14,,,,0,0,0,0,0
5234,15,,,,0,0,0,0,0
5235,11,,,,0,0,0,0,0
5235,12,,,,0,0,0,0,0
5235,13,,,,0,0,0,0,0
5235,14,,,,0,0,0,0,0
5235,15,,,,0,0,0,0,0
5236,11,,,,0,0,0,0,0
5236,12,,,,0,0,0,0,0
5236,13,,,,0,0,0,0,0
5236,14,,,,0,0,0,0,0
5236,15,,,,0,0,0,0,0
5237,11,,,,0,0,0,0,0
5237,12,,,,0,0,0,0,0
5237,13,,,,0,0,0,0,0
5237,14,,,,0,0,0,0,0
5237,15,,,,0,0,0,0,0
5238,11,,,,0,0,0,0,0
5238,12,,,,0,0,0,0,0
5238,13,,,,0,0,0,0,0
5238,14,,,,0,0,0,0,0
5238,15,,,,0,0,0,0,0
5239,11,,,,0,0,0,0,0
5239,12,,,,0,0,0,0,0
5239,13,,,,0,0,0,0,0
5239,14,,,,0,0,0,0,0
5239,15,,,,0,0,0,0,0
5240,11,,,,0,0,0,0,0
5240,12,,,,0,0,0,0,0
5240,13,,,,0,0,0,0,0
5240,14,,,,0,0,0,0,0
5240,15,,,,0,0,0,0,0
5241,11,,,,0,0,0,0,0
5241,12,,,,0,0,0,0,0
5241,13,,,,0,0,0,0,0
5241,14,,,,0,0,0,0,0
5241,15,,,,0,0,0,0,0
5242,11,,,,0,0,0,0,0
5242,12,,,,0,0,0,0,0
5242,13,,,,0,0,0,0,0
5242,14,,,,0,0,0,0,0
5242,15,,,,0,0,0,0,0
5243,11,,,,0,0,0,0,0
5243,12,,,,0,0,0,0,0
5243,13,,,,0,0,0,0,0
5243,14,,,,0,0,0,0,0
5243,15,,,,0,0,0,0,0
5244,11,,,,0,0,0,0,0
5244,12,,,,0,0,0,0,0
5244,13,,,,0,0,0,0,0
5244,14,,,,0,0,0,0,0
5244,15,,,,0,0,0,0,0
5245,11,,,,0,0,0,0,0
5245,12,,,,0,0,0,0,0
5245,13,,,,0,0,0,0,0
5245,14,,,,0,0,0,0,0
5245,15,,,,0,0,0,0,0
5246,11,,,,0,0,0,0,0
5246,12,,,,0,0,0,0,0
5246,13,,,,0,0,0,0,0
5246,14,,,,0,0,0,0,0
5246,15,,,,0,0,0,0,0
5247,11,,,,0,0,0,0,0
5247,12,,,,0,0,0,0,0
5247,13,,,,0,0,0,0,0
5247,14,,,,0,0,0,0,0
5247,15,,,,0,0,0,0,0
5248,11,,,,0,0,0,0,0
5248,12,,,,0,0,0,0,0
5248,13,,,,0,0,0,0,0
5248,14,,,,0,0,0,0,0
5248,15,,,,0,0,0,0,0
5249,11,,,,0,0,0,0,0
5249,12,,,,0,0,0,0,0
5249,13,,,,0,0,0,0,0
5249,14,,,,0,0,0,0,0
5249,15,,,,0,0,0,0,0
5250,11,,,,0,0,0,0,0
5250,12,,,,0,0,0,0,0
5250,13,,,,0,0,0,0,0
5250,14,,,,0,0,0,0,0
5250,15,,,,0,0,0,0,0
5251,11,,,,0,0,0,0,0
5251,12,,,,0,0,0,0,0
5251,13,,,,0,0,0,0,0
5251,14,,,,0,0,0,0,0
5251,15,,,,0,0,0,0,0
5252,11,,,,0,0,0,0,0
5252,12,,,,0,0,0,0,0
5252,13,,,,0,0,0,0,0
5252,14,,,,0,0,0,0,0
5252,15,,,,0,0,0,0,0
5253,11,,,,0,0,0,0,0
5253,12,,,,0,0,0,0,0
5253,13,,,,0,0,0,0,0
5253,14,,,,0,0,0,0,0
5253,15,,,,0,0,0,0,0
5254,11,,,,0,0,0,0,0
5254,12,,,,0,0,0,0,0
5254,13,,,,0,0,0,0,0
5254,14,,,,0,0,0,0,0
5254,15,,,,0,0,0,0,0
5255,11,,,,0,0,0,0,0
5255,12,,,,0,0,0,0,0
5255,13,,,,0,0,0,0,0
5255,14,,,,0,0,0,0,0
5255,15,,,,0,0,0,0,0
5256,11,,,,0,0,0,0,0
5256,12,,,,0,0,0,0,0
5256,13,,,,0,0,0,0,0
5256,14,,,,0,0,0,0,0
5256,15,,,,0,0,0,0,0
5257,11,,,,0,0,0,0,0
5257,12,,,,0,0,0,0,0
5257,13,,,,0,0,0,0,0
5257,14,,,,0,0,0,0,0
5257,15,,,,0,0,0,0,0
5258,11,,,,0,0,0,0,0
5258,12,,,,0,0,0,0,0
5258,13,,,,0,0,0,0,0
5258,14,,,,0,0,0,0,0
5258,15,,,,0,0,0,0,0
5259,11,,,,0,0,0,0,0
5259,12,,,,0,0,0,0,0
5259,13,,,,0,0,0,0,0
5259,14,,,,0,0,0,0,0
5259,15,,,,0,0,0,0,0
5260,11,,,,0,0,0,0,0
5260,12,,,,0,0,0,0,0
5260,13,,,,0,0,0,0,0
5260,14,,,,0,0,0,0,0
5260,15,,,,0,0,0,0,0
5261,11,,,,0,0,0,0,0
5261,12,,,,0,0,0,0,0
5261,13,,,,0,0,0,0,0
5261,14,,,,0,0,0,0,0
5261,15,,,,0,0,0,0,0
5262,11,,,,0,0,0,0,0
5262,12,,,,0,0,0,0,0
5262,13,,,,0,0,0,0,0
5262,14,,,,0,0,0,0,0
5262,15,,,,0,0,0,0,0
5263,11,,,,0,0,0,0,0
5263,12,,,,0,0,0,0,0
5263,13,,,,0,0,0,0,0
5263,14,,,,0,0,0,0,0
5263,15,,,,0,0,0,0,0
5264,11,,,,0,0,0,0,0
5264,12,,,,0,0,0,0,0
5264,13,,,,0,0,0,0,0
5264,14,,,,0,0,0,0,0
5264,15,,,,0,0,0,0,0
5265,11,,,,0,0,0,0,0
5265,12,,,,0,0,0,0,0
5265,13,,,,0,0,0,0,0
5265,14,,,,0,0,0,0,0
5265,15,,,,0,0,0,0,0
5266,11,,,,0,0,0,0,0
5266,12,,,,0,0,0,0,0
5266,13,,,,0,0,0,0,0
5266,14,,,,0,0,0,0,0
5266,15,,,,0,0,0,0,0
5267,11,,,,0,0,0,0,0
5267,12,,,,0,0,0,0,0
5267,13,,,,0,0,0,0,0
5267,14,,,,0,0,0,0,0
5267,15,,,,0,0,0,0,0
5268,11,,,,0,0,0,0,0
5268,12,,,,0,0,0,0,0
5268,13,,,,0,0,0,0,0
5268,14,,,,0,0,0,0,0
5268,15,,,,0,0,0,0,0
5269,11,,,,0,0,0,0,0
5269,12,,,,0,0,0,0,0
5269,13,,,,0,0,0,0,0
5269,14,,,,0,0,0,0,0
5269,15,,,,0,0,0,0,0
5270,11,,,,0,0,0,0,0
5270,12,,,,0,0,0,0,0
5270,13,,,,0,0,0,0,0
5270,14,,,,0,0,0,0,0
5270,15,,,,0,0,0,0,0
5271,11,,,,0,0,0,0,0
5271,12,,,,0,0,0,0,0
5271,13,,,,0,0,0,0,0
5271,14,,,,0,0,0,0,0
5271,15,,,,0,0,0,0,0
5272,11,,,,0,0,0,0,0
5272,12,,,,0,0,0,0,0
5272,13,,,,0,0,0,0,0
5272,14,,,,0,0,0,0,0
5272,15,,,,0,0,0,0,0
5273,11,,,,0,0,0,0,0
5273,12,,,,0,0,0,0,0
5273,13,,,,0,0,0,0,0
5273,14,,,,0,0,0,0,0
5273,15,,,,0,0,0,0,0
5274,11,,,,0,0,0,0,0
5274,12,,,,0,0,0,0,0
5274,13,,,,0,0,0,0,0
5274,14,,,,0,0,0,0,0
5274,15,,,,0,0,0,0,0
5275,11,,,,0,0,0,0,0
5275,12,,,,0,0,0,0,0
5275,13,,,,0,0,0,0,0
5275,14,,,,0,0,0,0,0
5275,15,,,,0,0,0,0,0
5276,11,,,,0,0,0,0,0
5276,12,,,,0,0,0,0,0
5276,13,,,,0,0,0,0,0
5276,14,,,,0,0,0,0,0
5276,15,,,,0,0,0,0,0
5277,11,,,,0,0,0,0,0
5277,12,,,,0,0,0,0,0
5277,13,,,,0,0,0,0,0
5277,14,,,,0,0,0,0,0
5277,15,,,,0,0,0,0,0
5278,11,,,,0,0,0,0,0
5278,12,,,,0,0,0,0,0
5278,13,,,,0,0,0,0,0
5278,14,,,,0,0,0,0,0
5278,15,,,,0,0,0,0,0
5279,11,,,,0,0,0,0,0
5279,12,,,,0,0,0,0,0
5279,13,,,,0,0,0,0,0
5279,14,,,,0,0,0,0,0
5279,15,,,,0,0,0,0,0
5280,11,,,,0,0,0,0,0
5280,12,,,,0,0,0,0,0
5280,13,,,,0,0,0,0,0
5280,14,,,,0,0,0,0,0
5280,15,,,,0,0,0,0,0
5281,11,,,,0,0,0,0,0
5281,12,,,,0,0,0,0,0
5281,13,,,,0,0,0,0,0
5281,14,,,,0,0,0,0,0
5281,15,,,,0,0,0,0,0
5282,11,,,,0,0,0,0,0
5282,12,,,,0,0,0,0,0
5282,13,,,,0,0,0,0,0
5282,14,,,,0,0,0,0,0
5282,15,,,,0,0,0,0,0
5283,11,,,,0,0,0,0,0
5283,12,,,,0,0,0,0,0
5283,13,,,,0,0,0,0,0
5283,14,,,,0,0,0,0,0
5283,15,,,,0,0,0,0,0
5284,11,,,,0,0,0,0,0
5284,12,,,,0,0,0,0,0
5284,13,,,,0,0,0,0,0
5284,14,,,,0,0,0,0,0
5284,15,,,,0,0,0,0,0
5285,11,,,,0,0,0,0,0
5285,12,,,,0,0,0,0,0
5285,13,,,,0,0,0,0,0
5285,14,,,,0,0,0,0,0
5285,15,,,,0,0,0,0,0
5286,11,,,,0,0,0,0,0
5286,12,,,,0,0,0,0,0
5286,13,,,,0,0,0,0,0
5286,14,,,,0,0,0,0,0
5286,15,,,,0,0,0,0,0
5287,11,,,,0,0,0,0,0
5287,12,,,,0,0,0,0,0
5287,13,,,,0,0,0,0,0
5287,14,,,,0,0,0,0,0
5287,15,,,,0,0,0,0,0
5288,11,,,,0,0,0,0,0
5288,12,,,,0,0,0,0,0
5288,13,,,,0,0,0,0,0
5288,14,,,,0,0,0,0,0
5288,15,,,,0,0,0,0,0
5289,11,,,,0,0,0,0,0
5289,12,,,,0,0,0,0,0
5289,13,,,,0,0,0,0,0
5289,14,,,,0,0,0,0,0
5289,15,,,,0,0,0,0,0
5290,11,,,,0,0,0,0,0
5290,12,,,,0,0,0,0,0
5290,13,,,,0,0,0,0,0
5290,14,,,,0,0,0,0,0
5290,15,,,,0,0,0,0,0
5291,11,,,,0,0,0,0,0
5291,12,,,,0,0,0,0,0
5291,13,,,,0,0,0,0,0
5291,14,,,,0,0,0,0,0
5291,15,,,,0,0,0,0,0
5292,11,,,,0,0,0,0,0
5292,12,,,,0,0,0,0,0
5292,13,,,,0,0,0,0,0
5292,14,,,,0,0,0,0,0
5292,15,,,,0,0,0,0,0
5293,11,,,,0,0,0,0,0
5293,12,,,,0,0,0,0,0
5293,13,,,,0,0,0,0,0
5293,14,,,,0,0,0,0,0
5293,15,,,,0,0,0,0,0
5294,11,,,,0,0,0,0,0
5294,12,,,,0,0,0,0,0
5294,13,,,,0,0,0,0,0
5294,14,,,,0,0,0,0,0
5294,15,,,,0,0,0,0,0
5295,11,,,,0,0,0,0,0
5295,12,,,,0,0,0,0,0
5295,13,,,,0,0,0,0,0
5295,14,,,,0,0,0,0,0
5295,15,,,,0,0,0,0,0
5296,11,,,,0,0,0,0,0
5296,12,,,,0,0,0,0,0
5296,13,,,,0,0,0,0,0
5296,14,,,,0,0,0,0,0
5296,15,,,,0,0,0,0,0
5297,11,,,,0,0,0,0,0
5297,12,,,,0,0,0,0,0
5297,13,,,,0,0,0,0,0
5297,14,,,,0,0,0,0,0
5297,15,,,,0,0,0,0,0
5298,11,,,,0,0,0,0,0
5298,12,,,,0,0,0,0,0
5298,13,,,,0,0,0,0,0
5298,14,,,,0,0,0,0,0
5298,15,,,,0,0,0,0,0
5299,11,,,,0,0,0,0,0
5299,12,,,,0,0,0,0,0
5299,13,,,,0,0,0,0,0
5299,14,,,,0,0,0,0,0
5299,15,,,,0,0,0,0,0
5300,11,,,,0,0,0,0,0
5300,12,,,,0,0,0,0,0
5300,13,,,,0,0,0,0,0
5300,14,,,,0,0,0,0,0
5300,15,,,,0,0,0,0,0
5301,11,,,,0,0,0,0,0
5301,12,,,,0,0,0,0,0
5301,13,,,,0,0,0,0,0
5301,14,,,,0,0,0,0,0
5301,15,,,,0,0,0,0,0
5302,11,,,,0,0,0,0,0
5302,12,,,,0,0,0,0,0
5302,13,,,,0,0,0,0,0
5302,14,,,,0,0,0,0,0
5302,15,,,,0,0,0,0,0
5303,11,,,,0,0,0,0,0
5303,12,,,,0,0,0,0,0
5303,13,,,,0,0,0,0,0
5303,14,,,,0,0,0,0,0
5303,15,,,,0,0,0,0,0
5304,11,,,,0,0,0,0,0
5304,12,,,,0,0,0,0,0
5304,13,,,,0,0,0,0,0
5304,14,,,,0,0,0,0,0
5304,15,,,,0,0,0,0,0
5305,11,,,,0,0,0,0,0
5305,12,,,,0,0,0,0,0
5305,13,,,,0,0,0,0,0
5305,14,,,,0,0,0,0,0
5305,15,,,,0,0,0,0,0
5306,11,,,,0,0,0,0,0
5306,12,,,,0,0,0,0,0
5306,13,,,,0,0,0,0,0
5306,14,,,,0,0,0,0,0
5306,15,,,,0,0,0,0,0
5307,11,,,,0,0,0,0,0
5307,12,,,,0,0,0,0,0
5307,13,,,,0,0,0,0,0
5307,14,,,,0,0,0,0,0
5307,15,,,,0,0,0,0,0
5308,11,,,,0,0,0,0,0
5308,12,,,,0,0,0,0,0
5308,13,,,,0,0,0,0,0
5308,14,,,,0,0,0,0,0
5308,15,,,,0,0,0,0,0
5309,11,,,,0,0,0,0,0
5309,12,,,,0,0,0,0,0
5309,13,,,,0,0,0,0,0
5309,14,,,,0,0,0,0,0
5309,15,,,,0,0,0,0,0
5310,11,,,,0,0,0,0,0
5310,12,,,,0,0,0,0,0
5310,13,,,,0,0,0,0,0
5310,14,,,,0,0,0,0,0
5310,15,,,,0,0,0,0,0
5311,11,,,,0,0,0,0,0
5311,12,,,,0,0,0,0,0
5311,13,,,,0,0,0,0,0
5311,14,,,,0,0,0,0,0
5311,15,,,,0,0,0,0,0
5312,11,,,,0,0,0,0,0
5312,12,,,,0,0,0,0,0
5312,13,,,,0,0,0,0,0
5312,14,,,,0,0,0,0,0
5312,15,,,,0,0,0,0,0
5313,11,,,,0,0,0,0,0
5313,12,,,,0,0,0,0,0
5313,13,,,,0,0,0,0,0
5313,14,,,,0,0,0,0,0
5313,15,,,,0,0,0,0,0
5314,11,,,,0,0,0,0,0
5314,12,,,,0,0,0,0,0
5314,13,,,,0,0,0,0,0
5314,14,,,,0,0,0,0,0
5314,15,,,,0,0,0,0,0
5315,11,,,,0,0,0,0,0
5315,12,,,,0,0,0,0,0
5315,13,,,,0,0,0,0,0
5315,14,,,,0,0,0,0,0
5315,15,,,,0,0,0,0,0
5316,11,,,,0,0,0,0,0
5316,12,,,,0,0,0,0,0
5316,13,,,,0,0,0,0,0
5316,14,,,,0,0,0,0,0
5316,15,,,,0,0,0,0,0
5317,11,,,,0,0,0,0,0
5317,12,,,,0,0,0,0,0
5317,13,,,,0,0,0,0,0
5317,14,,,,0,0,0,0,0
5317,15,,,,0,0,0,0,0
5318,11,,,,0,0,0,0,0
5318,12,,,,0,0,0,0,0
5318,13,,,,0,0,0,0,0
5318,14,,,,0,0,0,0,0
5318,15,,,,0,0,0,0,0
5319,11,,,,0,0,0,0,0
5319,12,,,,0,0,0,0,0
5319,13,,,,0,0,0,0,0
5319,14,,,,0,0,0,0,0
5319,15,,,,0,0,0,0,0
5320,11,,,,0,0,0,0,0
5320,12,,,,0,0,0,0,0
5320,13,,,,0,0,0,0,0
5320,14,,,,0,0,0,0,0
5320,15,,,,0,0,0,0,0
5321,11,,,,0,0,0,0,0
5321,12,,,,0,0,0,0,0
5321,13,,,,0,0,0,0,0
5321,14,,,,0,0,0,0,0
5321,15,,,,0,0,0,0,0
5322,11,,,,0,0,0,0,0
5322,12,,,,0,0,0,0,0
5322,13,,,,0,0,0,0,0
5322,14,,,,0,0,0,0,0
5322,15,,,,0,0,0,0,0
5323,11,,,,0,0,0,0,0
5323,12,,,,0,0,0,0,0
5323,13,,,,0,0,0,0,0
5323,14,,,,0,0,0,0,0
5323,15,,,,0,0,0,0,0
5324,11,,,,0,0,0,0,0
5324,12,,,,0,0,0,0,0
5324,13,,,,0,0,0,0,0
5324,14,,,,0,0,0,0,0
5324,15,,,,0,0,0,0,0
5325,11,,,,0,0,0,0,0
5325,12,,,,0,0,0,0,0
5325,13,,,,0,0,0,0,0
5325,14,,,,0,0,0,0,0
5325,15,,,,0,0,0,0,0
5326,11,,,,0,0,0,0,0
5326,12,,,,0,0,0,0,0
5326,13,,,,0,0,0,0,0
5326,14,,,,0,0,0,0,0
5326,15,,,,0,0,0,0,0
5327,11,,,,0,0,0,0,0
5327,12,,,,0,0,0,0,0
5327,13,,,,0,0,0,0,0
5327,14,,,,0,0,0,0,0
5327,15,,,,0,0,0,0,0
5328,11,,,,0,0,0,0,0
5328,12,,,,0,0,0,0,0
5328,13,,,,0,0,0,0,0
5328,14,,,,0,0,0,0,0
5328,15,,,,0,0,0,0,0
5329,11,,,,0,0,0,0,0
5329,12,,,,0,0,0,0,0
5329,13,,,,0,0,0,0,0
5329,14,,,,0,0,0,0,0
5329,15,,,,0,0,0,0,0
5330,11,,,,0,0,0,0,0
5330,12,,,,0,0,0,0,0
5330,13,,,,0,0,0,0,0
5330,14,,,,0,0,0,0,0
5330,15,,,,0,0,0,0,0
5331,11,,,,0,0,0,0,0
5331,12,,,,0,0,0,0,0
5331,13,,,,0,0,0,0,0
5331,14,,,,0,0,0,0,0
5331,15,,,,0,0,0,0,0
5332,11,,,,0,0,0,0,0
5332,12,,,,0,0,0,0,0
5332,13,,,,0,0,0,0,0
5332,14,,,,0,0,0,0,0
5332,15,,,,0,0,0,0,0
5333,11,,,,0,0,0,0,0
5333,12,,,,0,0,0,0,0
5333,13,,,,0,0,0,0,0
5333,14,,,,0,0,0,0,0
5333,15,,,,0,0,0,0,0
5334,11,,,,0,0,0,0,0
5334,12,,,,0,0,0,0,0
5334,13,,,,0,0,0,0,0
5334,14,,,,0,0,0,0,0
5334,15,,,,0,0,0,0,0
5335,11,,,,0,0,0,0,0
5335,12,,,,0,0,0,0,0
5335,13,,,,0,0,0,0,0
5335,14,,,,0,0,0,0,0
5335,15,,,,0,0,0,0,0
5336,11,,,,0,0,0,0,0
5336,12,,,,0,0,0,0,0
5336,13,,,,0,0,0,0,0
5336,14,,,,0,0,0,0,0
5336,15,,,,0,0,0,0,0
5337,11,,,,0,0,0,0,0
5337,12,,,,0,0,0,0,0
5337,13,,,,0,0,0,0,0
5337,14,,,,0,0,0,0,0
5337,15,,,,0,0,0,0,0
5338,11,,,,0,0,0,0,0
5338,12,,,,0,0,0,0,0
5338,13,,,,0,0,0,0,0
5338,14,,,,0,0,0,0,0
5338,15,,,,0,0,0,0,0
5339,11,,,,0,0,0,0,0
5339,12,,,,0,0,0,0,0
5339,13,,,,0,0,0,0,0
5339,14,,,,0,0,0,0,0
5339,15,,,,0,0,0,0,0
5340,11,,,,0,0,0,0,0
5340,12,,,,0,0,0,0,0
5340,13,,,,0,0,0,0,0
5340,14,,,,0,0,0,0,0
5340,15,,,,0,0,0,0,0
5341,11,,,,0,0,0,0,0
5341,12,,,,0,0,0,0,0
5341,13,,,,0,0,0,0,0
5341,14,,,,0,0,0,0,0
5341,15,,,,0,0,0,0,0
5342,11,,,,0,0,0,0,0
5342,12,,,,0,0,0,0,0
5342,13,,,,0,0,0,0,0
5342,14,,,,0,0,0,0,0
5342,15,,,,0,0,0,0,0
5343,11,,,,0,0,0,0,0
5343,12,,,,0,0,0,0,0
5343,13,,,,0,0,0,0,0
5343,14,,,,0,0,0,0,0
5343,15,,,,0,0,0,0,0
5344,11,,,,0,0,0,0,0
5344,12,,,,0,0,0,0,0
5344,13,,,,0,0,0,0,0
5344,14,,,,0,0,0,0,0
5344,15,,,,0,0,0,0,0
5345,11,,,,0,0,0,0,0
5345,12,,,,0,0,0,0,0
5345,13,,,,0,0,0,0,0
5345,14,,,,0,0,0,0,0
5345,15,,,,0,0,0,0,0
5346,11,,,,0,0,0,0,0
5346,12,,,,0,0,0,0,0
5346,13,,,,0,0,0,0,0
5346,14,,,,0,0,0,0,0
5346,15,,,,0,0,0,0,0
5347,11,,,,0,0,0,0,0
5347,12,,,,0,0,0,0,0
5347,13,,,,0,0,0,0,0
5347,14,,,,0,0,0,0,0
5347,15,,,,0,0,0,0,0
5348,11,,,,0,0,0,0,0
5348,12,,,,0,0,0,0,0
5348,13,,,,0,0,0,0,0
5348,14,,,,0,0,0,0,0
5348,15,,,,0,0,0,0,0
5349,11,,,,0,0,0,0,0
5349,12,,,,0,0,0,0,0
5349,13,,,,0,0,0,0,0
5349,14,,,,0,0,0,0,0
5349,15,,,,0,0,0,0,0
5350,11,,,,0,0,0,0,0
5350,12,,,,0,0,0,0,0
5350,13,,,,0,0,0,0,0
5350,14,,,,0,0,0,0,0
5350,15,,,,0,0,0,0,0
5351,11,,,,0,0,0,0,0
5351,12,,,,0,0,0,0,0
5351,13,,,,0,0,0,0,0
5351,14,,,,0,0,0,0,0
5351,15,,,,0,0,0,0,0
5352,11,,,,0,0,0,0,0
5352,12,,,,0,0,0,0,0
5352,13,,,,0,0,0,0,0
5352,14,,,,0,0,0,0,0
5352,15,,,,0,0,0,0,0
5353,11,,,,0,0,0,0,0
5353,12,,,,0,0,0,0,0
5353,13,,,,0,0,0,0,0
5353,14,,,,0,0,0,0,0
5353,15,,,,0,0,0,0,0
5354,11,,,,0,0,0,0,0
5354,12,,,,0,0,0,0,0
5354,13,,,,0,0,0,0,0
5354,14,,,,0,0,0,0,0
5354,15,,,,0,0,0,0,0
5355,11,,,,0,0,0,0,0
5355,12,,,,0,0,0,0,0
5355,13,,,,0,0,0,0,0
5355,14,,,,0,0,0,0,0
5355,15,,,,0,0,0,0,0
5356,11,,,,0,0,0,0,0
5356,12,,,,0,0,0,0,0
5356,13,,,,0,0,0,0,0
5356,14,,,,0,0,0,0,0
5356,15,,,,0,0,0,0,0
5357,11,,,,0,0,0,0,0
5357,12,,,,0,0,0,0,0
5357,13,,,,0,0,0,0,0
5357,14,,,,0,0,0,0,0
5357,15,,,,0,0,0,0,0
5358,11,,,,0,0,0,0,0
5358,12,,,,0,0,0,0,0
5358,13,,,,0,0,0,0,0
5358,14,,,,0,0,0,0,0
5358,15,,,,0,0,0,0,0
5359,11,,,,0,0,0,0,0
5359,12,,,,0,0,0,0,0
5359,13,,,,0,0,0,0,0
5359,14,,,,0,0,0,0,0
5359,15,,,,0,0,0,0,0
5360,11,,,,0,0,0,0,0
5360,12,,,,0,0,0,0,0
5360,13,,,,0,0,0,0,0
5360,14,,,,0,0,0,0,0
5360,15,,,,0,0,0,0,0
5361,11,,,,0,0,0,0,0
5361,12,,,,0,0,0,0,0
5361,13,,,,0,0,0,0,0
5361,14,,,,0,0,0,0,0
5361,15,,,,0,0,0,0,0
5362,11,,,,0,0,0,0,0
5362,12,,,,0,0,0,0,0
5362,13,,,,0,0,0,0,0
5362,14,,,,0,0,0,0,0
5362,15,,,,0,0,0,0,0
5363,11,,,,0,0,0,0,0
5363,12,,,,0,0,0,0,0
5363,13,,,,0,0,0,0,0
5363,14,,,,0,0,0,0,0
5363,15,,,,0,0,0,0,0
5364,11,,,,0,0,0,0,0
5364,12,,,,0,0,0,0,0
5364,13,,,,0,0,0,0,0
5364,14,,,,0,0,0,0,0
5364,15,,,,0,0,0,0,0
5365,11,,,,0,0,0,0,0
5365,12,,,,0,0,0,0,0
5365,13,,,,0,0,0,0,0
5365,14,,,,0,0,0,0,0
5365,15,,,,0,0,0,0,0
5366,11,,,,0,0,0,0,0
5366,12,,,,0,0,0,0,0
5366,13,,,,0,0,0,0,0
5366,14,,,,0,0,0,0,0
5366,15,,,,0,0,0,0,0
5367,11,,,,0,0,0,0,0
5367,12,,,,0,0,0,0,0
5367,13,,,,0,0,0,0,0
5367,14,,,,0,0,0,0,0
5367,15,,,,0,0,0,0,0
5368,11,,,,0,0,0,0,0
5368,12,,,,0,0,0,0,0
5368,13,,,,0,0,0,0,0
5368,14,,,,0,0,0,0,0
5368,15,,,,0,0,0,0,0
5369,11,,,,0,0,0,0,0
5369,12,,,,0,0,0,0,0
5369,13,,,,0,0,0,0,0
5369,14,,,,0,0,0,0,0
5369,15,,,,0,0,0,0,0
5370,11,,,,0,0,0,0,0
5370,12,,,,0,0,0,0,0
5370,13,,,,0,0,0,0,0
5370,14,,,,0,0,0,0,0
5370,15,,,,0,0,0,0,0
5371,11,,,,0,0,0,0,0
5371,12,,,,0,0,0,0,0
5371,13,,,,0,0,0,0,0
5371,14,,,,0,0,0,0,0
5371,15,,,,0,0,0,0,0
5372,11,,,,0,0,0,0,0
5372,12,,,,0,0,0,0,0
5372,13,,,,0,0,0,0,0
5372,14,,,,0,0,0,0,0
5372,15,,,,0,0,0,0,0
5373,11,,,,0,0,0,0,0
5373,12,,,,0,0,0,0,0
5373,13,,,,0,0,0,0,0
5373,14,,,,0,0,0,0,0
5373,15,,,,0,0,0,0,0
5374,11,,,,0,0,0,0,0
5374,12,,,,0,0,0,0,0
5374,13,,,,0,0,0,0,0
5374,14,,,,0,0,0,0,0
5374,15,,,,0,0,0,0,0
5375,11,,,,0,0,0,0,0
5375,12,,,,0,0,0,0,0
5375,13,,,,0,0,0,0,0
5375,14,,,,0,0,0,0,0
5375,15,,,,0,0,0,0,0
5376,11,,,,0,0,0,0,0
5376,12,,,,0,0,0,0,0
5376,13,,,,0,0,0,0,0
5376,14,,,,0,0,0,0,0
5376,15,,,,0,0,0,0,0
5377,11,,,,0,0,0,0,0
5377,12,,,,0,0,0,0,0
5377,13,,,,0,0,0,0,0
5377,14,,,,0,0,0,0,0
5377,15,,,,0,0,0,0,0
5378,11,,,,0,0,0,0,0
5378,12,,,,0,0,0,0,0
5378,13,,,,0,0,0,0,0
5378,14,,,,0,0,0,0,0
5378,15,,,,0,0,0,0,0
5379,11,,,,0,0,0,0,0
5379,12,,,,0,0,0,0,0
5379,13,,,,0,0,0,0,0
5379,14,,,,0,0,0,0,0
5379,15,,,,0,0,0,0,0
5380,11,,,,0,0,0,0,0
5380,12,,,,0,0,0,0,0
5380,13,,,,0,0,0,0,0
5380,14,,,,0,0,0,0,0
5380,15,,,,0,0,0,0,0
5381,11,,,,0,0,0,0,0
5381,12,,,,0,0,0,0,0
5381,13,,,,0,0,0,0,0
5381,14,,,,0,0,0,0,0
5381,15,,,,0,0,0,0,0
5382,11,,,,0,0,0,0,0
5382,12,,,,0,0,0,0,0
5382,13,,,,0,0,0,0,0
5382,14,,,,0,0,0,0,0
5382,15,,,,0,0,0,0,0
5383,11,,,,0,0,0,0,0
5383,12,,,,0,0,0,0,0
5383,13,,,,0,0,0,0,0
5383,14,,,,0,0,0,0,0
5383,15,,,,0,0,0,0,0
5384,11,,,,0,0,0,0,0
5384,12,,,,0,0,0,0,0
5384,13,,,,0,0,0,0,0
5384,14,,,,0,0,0,0,0
5384,15,,,,0,0,0,0,0
5385,11,,,,0,0,0,0,0
5385,12,,,,0,0,0,0,0
5385,13,,,,0,0,0,0,0
5385,14,,,,0,0,0,0,0
5385,15,,,,0,0,0,0,0
5386,11,,,,0,0,0,0,0
5386,12,,,,0,0,0,0,0
5386,13,,,,0,0,0,0,0
5386,14,,,,0,0,0,0,0
5386,15,,,,0,0,0,0,0
5387,11,,,,0,0,0,0,0
5387,12,,,,0,0,0,0,0
5387,13,,,,0,0,0,0,0
5387,14,,,,0,0,0,0,0
5387,15,,,,0,0,0,0,0
5388,11,,,,0,0,0,0,0
5388,12,,,,0,0,0,0,0
5388,13,,,,0,0,0,0,0
5388,14,,,,0,0,0,0,0
5388,15,,,,0,0,0,0,0
5389,11,,,,0,0,0,0,0
5389,12,,,,0,0,0,0,0
5389,13,,,,0,0,0,0,0
5389,14,,,,0,0,0,0,0
5389,15,,,,0,0,0,0,0
5390,11,,,,0,0,0,0,0
5390,12,,,,0,0,0,0,0
5390,13,,,,0,0,0,0,0
5390,14,,,,0,0,0,0,0
5390,15,,,,0,0,0,0,0
5391,11,,,,0,0,0,0,0
5391,12,,,,0,0,0,0,0
5391,13,,,,0,0,0,0,0
5391,14,,,,0,0,0,0,0
5391,15,,,,0,0,0,0,0
5392,11,,,,0,0,0,0,0
5392,12,,,,0,0,0,0,0
5392,13,,,,0,0,0,0,0
5392,14,,,,0,0,0,0,0
5392,15,,,,0,0,0,0,0
5393,11,,,,0,0,0,0,0
5393,12,,,,0,0,0,0,0
5393,13,,,,0,0,0,0,0
5393,14,,,,0,0,0,0,0
5393,15,,,,0,0,0,0,0
5394,11,,,,0,0,0,0,0
5394,12,,,,0,0,0,0,0
5394,13,,,,0,0,0,0,0
5394,14,,,,0,0,0,0,0
5394,15,,,,0,0,0,0,0
5395,11,,,,0,0,0,0,0
5395,12,,,,0,0,0,0,0
5395,13,,,,0,0,0,0,0
5395,14,,,,0,0,0,0,0
5395,15,,,,0,0,0,0,0
5396,11,,,,0,0,0,0,0
5396,12,,,,0,0,0,0,0
5396,13,,,,0,0,0,0,0
5396,14,,,,0,0,0,0,0
5396,15,,,,0,0,0,0,0
5397,11,,,,0,0,0,0,0
5397,12,,,,0,0,0,0,0
5397,13,,,,0,0,0,0,0
5397,14,,,,0,0,0,0,0
5397,15,,,,0,0,0,0,0
5398,11,,,,0,0,0,0,0
5398,12,,,,0,0,0,0,0
5398,13,,,,0,0,0,0,0
5398,14,,,,0,0,0,0,0
5398,15,,,,0,0,0,0,0
5399,11,,,,0,0,0,0,0
5399,12,,,,0,0,0,0,0
5399,13,,,,0,0,0,0,0
5399,14,,,,0,0,0,0,0
5399,15,,,,0,0,0,0,0
5400,11,,,,0,0,0,0,0
5400,12,,,,0,0,0,0,0
5400,13,,,,0,0,0,0,0
5400,14,,,,0,0,0,0,0
5400,15,,,,0,0,0,0,0
5401,11,,,,0,0,0,0,0
5401,12,,,,0,0,0,0,0
5401,13,,,,0,0,0,0,0
5401,14,,,,0,0,0,0,0
5401,15,,,,0,0,0,0,0
5402,11,,,,0,0,0,0,0
5402,12,,,,0,0,0,0,0
5402,13,,,,0,0,0,0,0
5402,14,,,,0,0,0,0,0
5402,15,,,,0,0,0,0,0
5403,11,,,,0,0,0,0,0
5403,12,,,,0,0,0,0,0
5403,13,,,,0,0,0,0,0
5403,14,,,,0,0,0,0,0
5403,15,,,,0,0,0,0,0
5404,11,,,,0,0,0,0,0
5404,12,,,,0,0,0,0,0
5404,13,,,,0,0,0,0,0
5404,14,,,,0,0,0,0,0
5404,15,,,,0,0,0,0,0
5405,11,,,,0,0,0,0,0
5405,12,,,,0,0,0,0,0
5405,13,,,,0,0,0,0,0
5405,14,,,,0,0,0,0,0
5405,15,,,,0,0,0,0,0
5406,11,,,,0,0,0,0,0
5406,12,,,,0,0,0,0,0
5406,13,,,,0,0,0,0,0
5406,14,,,,0,0,0,0,0
5406,15,,,,0,0,0,0,0
5407,11,,,,0,0,0,0,0
5407,12,,,,0,0,0,0,0
5407,13,,,,0,0,0,0,0
5407,14,,,,0,0,0,0,0
5407,15,,,,0,0,0,0,0
5408,11,,,,0,0,0,0,0
5408,12,,,,0,0,0,0,0
5408,13,,,,0,0,0,0,0
5408,14,,,,0,0,0,0,0
5408,15,,,,0,0,0,0,0
5409,11,,,,0,0,0,0,0
5409,12,,,,0,0,0,0,0
5409,13,,,,0,0,0,0,0
5409,14,,,,0,0,0,0,0
5409,15,,,,0,0,0,0,0
5410,11,,,,0,0,0,0,0
5410,12,,,,0,0,0,0,0
5410,13,,,,0,0,0,0,0
5410,14,,,,0,0,0,0,0
5410,15,,,,0,0,0,0,0
5411,11,,,,0,0,0,0,0
5411,12,,,,0,0,0,0,0
5411,13,,,,0,0,0,0,0
5411,14,,,,0,0,0,0,0
5411,15,,,,0,0,0,0,0
5412,11,,,,0,0,0,0,0
5412,12,,,,0,0,0,0,0
5412,13,,,,0,0,0,0,0
5412,14,,,,0,0,0,0,0
5412,15,,,,0,0,0,0,0
5413,11,,,,0,0,0,0,0
5413,12,,,,0,0,0,0,0
5413,13,,,,0,0,0,0,0
5413,14,,,,0,0,0,0,0
5413,15,,,,0,0,0,0,0
5414,11,,,,0,0,0,0,0
5414,12,,,,0,0,0,0,0
5414,13,,,,0,0,0,0,0
5414,14,,,,0,0,0,0,0
5414,15,,,,0,0,0,0,0
5415,11,,,,0,0,0,0,0
5415,12,,,,0,0,0,0,0
5415,13,,,,0,0,0,0,0
5415,14,,,,0,0,0,0,0
5415,15,,,,0,0,0,0,0
5416,11,,,,0,0,0,0,0
5416,12,,,,0,0,0,0,0
5416,13,,,,0,0,0,0,0
5416,14,,,,0,0,0,0,0
5416,15,,,,0,0,0,0,0
5417,11,,,,0,0,0,0,0
5417,12,,,,0,0,0,0,0
5417,13,,,,0,0,0,0,0
5417,14,,,,0,0,0,0,0
5417,15,,,,0,0,0,0,0
5418,11,,,,0,0,0,0,0
5418,12,,,,0,0,0,0,0
5418,13,,,,0,0,0,0,0
5418,14,,,,0,0,0,0,0
5418,15,,,,0,0,0,0,0
5419,11,,,,0,0,0,0,0
5419,12,,,,0,0,0,0,0
5419,13,,,,0,0,0,0,0
5419,14,,,,0,0,0,0,0
5419,15,,,,0,0,0,0,0
5420,11,,,,0,0,0,0,0
5420,12,,,,0,0,0,0,0
5420,13,,,,0,0,0,0,0
5420,14,,,,0,0,0,0,0
5420,15,,,,0,0,0,0,0
5421,11,,,,0,0,0,0,0
5421,12,,,,0,0,0,0,0
5421,13,,,,0,0,0,0,0
5421,14,,,,0,0,0,0,0
5421,15,,,,0,0,0,0,0
5422,11,,,,0,0,0,0,0
5422,12,,,,0,0,0,0,0
5422,13,,,,0,0,0,0,0
5422,14,,,,0,0,0,0,0
5422,15,,,,0,0,0,0,0
5423,11,,,,0,0,0,0,0
5423,12,,,,0,0,0,0,0
5423,13,,,,0,0,0,0,0
5423,14,,,,0,0,0,0,0
5423,15,,,,0,0,0,0,0
5424,11,,,,0,0,0,0,0
5424,12,,,,0,0,0,0,0
5424,13,,,,0,0,0,0,0
5424,14,,,,0,0,0,0,0
5424,15,,,,0,0,0,0,0
5425,11,,,,0,0,0,0,0
5425,12,,,,0,0,0,0,0
5425,13,,,,0,0,0,0,0
5425,14,,,,0,0,0,0,0
5425,15,,,,0,0,0,0,0
5426,11,,,,0,0,0,0,0
5426,12,,,,0,0,0,0,0
5426,13,,,,0,0,0,0,0
5426,14,,,,0,0,0,0,0
5426,15,,,,0,0,0,0,0
5427,11,,,,0,0,0,0,0
5427,12,,,,0,0,0,0,0
5427,13,,,,0,0,0,0,0
5427,14,,,,0,0,0,0,0
5427,15,,,,0,0,0,0,0
5428,11,,,,0,0,0,0,0
5428,12,,,,0,0,0,0,0
5428,13,,,,0,0,0,0,0
5428,14,,,,0,0,0,0,0
5428,15,,,,0,0,0,0,0
5429,11,,,,0,0,0,0,0
5429,12,,,,0,0,0,0,0
5429,13,,,,0,0,0,0,0
5429,14,,,,0,0,0,0,0
5429,15,,,,0,0,0,0,0
5430,11,,,,0,0,0,0,0
5430,12,,,,0,0,0,0,0
5430,13,,,,0,0,0,0,0
5430,14,,,,0,0,0,0,0
5430,15,,,,0,0,0,0,0
5431,11,,,,0,0,0,0,0
5431,12,,,,0,0,0,0,0
5431,13,,,,0,0,0,0,0
5431,14,,,,0,0,0,0,0
5431,15,,,,0,0,0,0,0
5432,11,,,,0,0,0,0,0
5432,12,,,,0,0,0,0,0
5432,13,,,,0,0,0,0,0
5432,14,,,,0,0,0,0,0
5432,15,,,,0,0,0,0,0
5433,11,,,,0,0,0,0,0
5433,12,,,,0,0,0,0,0
5433,13,,,,0,0,0,0,0
5433,14,,,,0,0,0,0,0
5433,15,,,,0,0,0,0,0
5434,11,,,,0,0,0,0,0
5434,12,,,,0,0,0,0,0
5434,13,,,,0,0,0,0,0
5434,14,,,,0,0,0,0,0
5434,15,,,,0,0,0,0,0
5435,11,,,,0,0,0,0,0
5435,12,,,,0,0,0,0,0
5435,13,,,,0,0,0,0,0
5435,14,,,,0,0,0,0,0
5435,15,,,,0,0,0,0,0
5436,11,,,,0,0,0,0,0
5436,12,,,,0,0,0,0,0
5436,13,,,,0,0,0,0,0
5436,14,,,,0,0,0,0,0
5436,15,,,,0,0,0,0,0
5437,11,,,,0,0,0,0,0
5437,12,,,,0,0,0,0,0
5437,13,,,,0,0,0,0,0
5437,14,,,,0,0,0,0,0
5437,15,,,,0,0,0,0,0
5438,11,,,,0,0,0,0,0
5438,12,,,,0,0,0,0,0
5438,13,,,,0,0,0,0,0
5438,14,,,,0,0,0,0,0
5438,15,,,,0,0,0,0,0
5439,11,,,,0,0,0,0,0
5439,12,,,,0,0,0,0,0
5439,13,,,,0,0,0,0,0
5439,14,,,,0,0,0,0,0
5439,15,,,,0,0,0,0,0
5440,11,,,,0,0,0,0,0
5440,12,,,,0,0,0,0,0
5440,13,,,,0,0,0,0,0
5440,14,,,,0,0,0,0,0
5440,15,,,,0,0,0,0,0
5441,11,,,,0,0,0,0,0
5441,12,,,,0,0,0,0,0
5441,13,,,,0,0,0,0,0
5441,14,,,,0,0,0,0,0
5441,15,,,,0,0,0,0,0
5442,11,,,,0,0,0,0,0
5442,12,,,,0,0,0,0,0
5442,13,,,,0,0,0,0,0
5442,14,,,,0,0,0,0,0
5442,15,,,,0,0,0,0,0
5443,11,,,,0,0,0,0,0
5443,12,,,,0,0,0,0,0
5443,13,,,,0,0,0,0,0
5443,14,,,,0,0,0,0,0
5443,15,,,,0,0,0,0,0
5444,11,,,,0,0,0,0,0
5444,12,,,,0,0,0,0,0
5444,13,,,,0,0,0,0,0
5444,14,,,,0,0,0,0,0
5444,15,,,,0,0,0,0,0
5445,11,,,,0,0,0,0,0
5445,12,,,,0,0,0,0,0
5445,13,,,,0,0,0,0,0
5445,14,,,,0,0,0,0,0
5445,15,,,,0,0,0,0,0
5446,11,,,,0,0,0,0,0
5446,12,,,,0,0,0,0,0
5446,13,,,,0,0,0,0,0
5446,14,,,,0,0,0,0,0
5446,15,,,,0,0,0,0,0
5447,11,,,,0,0,0,0,0
5447,12,,,,0,0,0,0,0
5447,13,,,,0,0,0,0,0
5447,14,,,,0,0,0,0,0
5447,15,,,,0,0,0,0,0
5448,11,,,,0,0,0,0,0
5448,12,,,,0,0,0,0,0
5448,13,,,,0,0,0,0,0
5448,14,,,,0,0,0,0,0
5448,15,,,,0,0,0,0,0
5449,11,,,,0,0,0,0,0
5449,12,,,,0,0,0,0,0
5449,13,,,,0,0,0,0,0
5449,14,,,,0,0,0,0,0
5449,15,,,,0,0,0,0,0
5450,11,,,,0,0,0,0,0
5450,12,,,,0,0,0,0,0
5450,13,,,,0,0,0,0,0
5450,14,,,,0,0,0,0,0
5450,15,,,,0,0,0,0,0
5451,11,,,,0,0,0,0,0
5451,12,,,,0,0,0,0,0
5451,13,,,,0,0,0,0,0
5451,14,,,,0,0,0,0,0
5451,15,,,,0,0,0,0,0
5452,11,,,,0,0,0,0,0
5452,12,,,,0,0,0,0,0
5452,13,,,,0,0,0,0,0
5452,14,,,,0,0,0,0,0
5452,15,,,,0,0,0,0,0
5453,11,,,,0,0,0,0,0
5453,12,,,,0,0,0,0,0
5453,13,,,,0,0,0,0,0
5453,14,,,,0,0,0,0,0
5453,15,,,,0,0,0,0,0
5454,11,,,,0,0,0,0,0
5454,12,,,,0,0,0,0,0
5454,13,,,,0,0,0,0,0
5454,14,,,,0,0,0,0,0
5454,15,,,,0,0,0,0,0
5455,11,,,,0,0,0,0,0
5455,12,,,,0,0,0,0,0
5455,13,,,,0,0,0,0,0
5455,14,,,,0,0,0,0,0
5455,15,,,,0,0,0,0,0
5456,11,,,,0,0,0,0,0
5456,12,,,,0,0,0,0,0
5456,13,,,,0,0,0,0,0
5456,14,,,,0,0,0,0,0
5456,15,,,,0,0,0,0,0
5457,11,,,,0,0,0,0,0
5457,12,,,,0,0,0,0,0
5457,13,,,,0,0,0,0,0
5457,14,,,,0,0,0,0,0
5457,15,,,,0,0,0,0,0
5458,11,,,,0,0,0,0,0
5458,12,,,,0,0,0,0,0
5458,13,,,,0,0,0,0,0
5458,14,,,,0,0,0,0,0
5458,15,,,,0,0,0,0,0
5459,11,,,,0,0,0,0,0
5459,12,,,,0,0,0,0,0
5459,13,,,,0,0,0,0,0
5459,14,,,,0,0,0,0,0
5459,15,,,,0,0,0,0,0
5460,11,,,,0,0,0,0,0
5460,12,,,,0,0,0,0,0
5460,13,,,,0,0,0,0,0
5460,14,,,,0,0,0,0,0
5460,15,,,,0,0,0,0,0
5461,11,,,,0,0,0,0,0
5461,12,,,,0,0,0,0,0
5461,13,,,,0,0,0,0,0
5461,14,,,,0,0,0,0,0
5461,15,,,,0,0,0,0,0
5462,11,,,,0,0,0,0,0
5462,12,,,,0,0,0,0,0
5462,13,,,,0,0,0,0,0
5462,14,,,,0,0,0,0,0
5462,15,,,,0,0,0,0,0
5463,11,,,,0,0,0,0,0
5463,12,,,,0,0,0,0,0
5463,13,,,,0,0,0,0,0
5463,14,,,,0,0,0,0,0
5463,15,,,,0,0,0,0,0
5464,11,,,,0,0,0,0,0
5464,12,,,,0,0,0,0,0
5464,13,,,,0,0,0,0,0
5464,14,,,,0,0,0,0,0
5464,15,,,,0,0,0,0,0
5465,11,,,,0,0,0,0,0
5465,12,,,,0,0,0,0,0
5465,13,,,,0,0,0,0,0
5465,14,,,,0,0,0,0,0
5465,15,,,,0,0,0,0,0
5466,11,,,,0,0,0,0,0
5466,12,,,,0,0,0,0,0
5466,13,,,,0,0,0,0,0
5466,14,,,,0,0,0,0,0
5466,15,,,,0,0,0,0,0
5467,11,,,,0,0,0,0,0
5467,12,,,,0,0,0,0,0
5467,13,,,,0,0,0,0,0
5467,14,,,,0,0,0,0,0
5467,15,,,,0,0,0,0,0
5468,11,,,,0,0,0,0,0
5468,12,,,,0,0,0,0,0
5468,13,,,,0,0,0,0,0
5468,14,,,,0,0,0,0,0
5468,15,,,,0,0,0,0,0
5469,11,,,,0,0,0,0,0
5469,12,,,,0,0,0,0,0
5469,13,,,,0,0,0,0,0
5469,14,,,,0,0,0,0,0
5469,15,,,,0,0,0,0,0
5470,11,,,,0,0,0,0,0
5470,12,,,,0,0,0,0,0
5470,13,,,,0,0,0,0,0
5470,14,,,,0,0,0,0,0
5470,15,,,,0,0,0,0,0
5471,11,,,,0,0,0,0,0
5471,12,,,,0,0,0,0,0
5471,13,,,,0,0,0,0,0
5471,14,,,,0,0,0,0,0
5471,15,,,,0,0,0,0,0
5472,11,,,,0,0,0,0,0
5472,12,,,,0,0,0,0,0
5472,13,,,,0,0,0,0,0
5472,14,,,,0,0,0,0,0
5472,15,,,,0,0,0,0,0
5473,11,,,,0,0,0,0,0
5473,12,,,,0,0,0,0,0
5473,13,,,,0,0,0,0,0
5473,14,,,,0,0,0,0,0
5473,15,,,,0,0,0,0,0
5474,11,,,,0,0,0,0,0
5474,12,,,,0,0,0,0,0
5474,13,,,,0,0,0,0,0
5474,14,,,,0,0,0,0,0
5474,15,,,,0,0,0,0,0
5475,11,,,,0,0,0,0,0
5475,12,,,,0,0,0,0,0
5475,13,,,,0,0,0,0,0
5475,14,,,,0,0,0,0,0
5475,15,,,,0,0,0,0,0
5476,11,,,,0,0,0,0,0
5476,12,,,,0,0,0,0,0
5476,13,,,,0,0,0,0,0
5476,14,,,,0,0,0,0,0
5476,15,,,,0,0,0,0,0
5477,11,,,,0,0,0,0,0
5477,12,,,,0,0,0,0,0
5477,13,,,,0,0,0,0,0
5477,14,,,,0,0,0,0,0
5477,15,,,,0,0,0,0,0
5478,11,,,,0,0,0,0,0
5478,12,,,,0,0,0,0,0
5478,13,,,,0,0,0,0,0
5478,14,,,,0,0,0,0,0
5478,15,,,,0,0,0,0,0
5479,11,,,,0,0,0,0,0
5479,12,,,,0,0,0,0,0
5479,13,,,,0,0,0,0,0
5479,14,,,,0,0,0,0,0
5479,15,,,,0,0,0,0,0
5480,11,,,,0,0,0,0,0
5480,12,,,,0,0,0,0,0
5480,13,,,,0,0,0,0,0
5480,14,,,,0,0,0,0,0
5480,15,,,,0,0,0,0,0
5481,11,,,,0,0,0,0,0
5481,12,,,,0,0,0,0,0
5481,13,,,,0,0,0,0,0
5481,14,,,,0,0,0,0,0
5481,15,,,,0,0,0,0,0
5482,11,,,,0,0,0,0,0
5482,12,,,,0,0,0,0,0
5482,13,,,,0,0,0,0,0
5482,14,,,,0,0,0,0,0
5482,15,,,,0,0,0,0,0
5483,11,,,,0,0,0,0,0
5483,12,,,,0,0,0,0,0
5483,13,,,,0,0,0,0,0
5483,14,,,,0,0,0,0,0
5483,15,,,,0,0,0,0,0
5484,11,,,,0,0,0,0,0
5484,12,,,,0,0,0,0,0
5484,13,,,,0,0,0,0,0
5484,14,,,,0,0,0,0,0
5484,15,,,,0,0,0,0,0
5485,11,,,,0,0,0,0,0
5485,12,,,,0,0,0,0,0
5485,13,,,,0,0,0,0,0
5485,14,,,,0,0,0,0,0
5485,15,,,,0,0,0,0,0
5486,11,,,,0,0,0,0,0
5486,12,,,,0,0,0,0,0
5486,13,,,,0,0,0,0,0
5486,14,,,,0,0,0,0,0
5486,15,,,,0,0,0,0,0
5487,11,,,,0,0,0,0,0
5487,12,,,,0,0,0,0,0
5487,13,,,,0,0,0,0,0
5487,14,,,,0,0,0,0,0
5487,15,,,,0,0,0,0,0
5488,11,,,,0,0,0,0,0
5488,12,,,,0,0,0,0,0
5488,13,,,,0,0,0,0,0
5488,14,,,,0,0,0,0,0
5488,15,,,,0,0,0,0,0
5489,11,,,,0,0,0,0,0
5489,12,,,,0,0,0,0,0
5489,13,,,,0,0,0,0,0
5489,14,,,,0,0,0,0,0
5489,15,,,,0,0,0,0,0
5490,11,,,,0,0,0,0,0
5490,12,,,,0,0,0,0,0
5490,13,,,,0,0,0,0,0
5490,14,,,,0,0,0,0,0
5490,15,,,,0,0,0,0,0
5491,11,,,,0,0,0,0,0
5491,12,,,,0,0,0,0,0
5491,13,,,,0,0,0,0,0
5491,14,,,,0,0,0,0,0
5491,15,,,,0,0,0,0,0
5492,11,,,,0,0,0,0,0
5492,12,,,,0,0,0,0,0
5492,13,,,,0,0,0,0,0
5492,14,,,,0,0,0,0,0
5492,15,,,,0,0,0,0,0
5493,11,,,,0,0,0,0,0
5493,12,,,,0,0,0,0,0
5493,13,,,,0,0,0,0,0
5493,14,,,,0,0,0,0,0
5493,15,,,,0,0,0,0,0
5494,11,,,,0,0,0,0,0
5494,12,,,,0,0,0,0,0
5494,13,,,,0,0,0,0,0
5494,14,,,,0,0,0,0,0
5494,15,,,,0,0,0,0,0
5495,11,,,,0,0,0,0,0
5495,12,,,,0,0,0,0,0
5495,13,,,,0,0,0,0,0
5495,14,,,,0,0,0,0,0
5495,15,,,,0,0,0,0,0
5496,11,,,,0,0,0,0,0
5496,12,,,,0,0,0,0,0
5496,13,,,,0,0,0,0,0
5496,14,,,,0,0,0,0,0
5496,15,,,,0,0,0,0,0
5497,11,,,,0,0,0,0,0
5497,12,,,,0,0,0,0,0
5497,13,,,,0,0,0,0,0
5497,14,,,,0,0,0,0,0
5497,15,,,,0,0,0,0,0
5498,11,,,,0,0,0,0,0
5498,12,,,,0,0,0,0,0
5498,13,,,,0,0,0,0,0
5498,14,,,,0,0,0,0,0
5498,15,,,,0,0,0,0,0
5499,11,,,,0,0,0,0,0
5499,12,,,,0,0,0,0,0
5499,13,,,,0,0,0,0,0
5499,14,,,,0,0,0,0,0
5499,15,,,,0,0,0,0,0
5500,11,,,,0,0,0,0,0
5500,12,,,,0,0,0,0,0
5500,13,,,,0,0,0,0,0
5500,14,,,,0,0,0,0,0
5500,15,,,,0,0,0,0,0
5501,11,,,,0,0,0,0,0
5501,12,,,,0,0,0,0,0
5501,13,,,,0,0,0,0,0
5501,14,,,,0,0,0,0,0
5501,15,,,,0,0,0,0,0
5502,11,,,,0,0,0,0,0
5502,12,,,,0,0,0,0,0
5502,13,,,,0,0,0,0,0
5502,14,,,,0,0,0,0,0
5502,15,,,,0,0,0,0,0
5503,11,,,,0,0,0,0,0
5503,12,,,,0,0,0,0,0
5503,13,,,,0,0,0,0,0
5503,14,,,,0,0,0,0,0
5503,15,,,,0,0,0,0,0
5504,11,,,,0,0,0,0,0
5504,12,,,,0,0,0,0,0
5504,13,,,,0,0,0,0,0
5504,14,,,,0,0,0,0,0
5504,15,,,,0,0,0,0,0
5505,11,,,,0,0,0,0,0
5505,12,,,,0,0,0,0,0
5505,13,,,,0,0,0,0,0
5505,14,,,,0,0,0,0,0
5505,15,,,,0,0,0,0,0
5506,11,,,,0,0,0,0,0
5506,12,,,,0,0,0,0,0
5506,13,,,,0,0,0,0,0
5506,14,,,,0,0,0,0,0
5506,15,,,,0,0,0,0,0
5507,11,,,,0,0,0,0,0
5507,12,,,,0,0,0,0,0
5507,13,,,,0,0,0,0,0
5507,14,,,,0,0,0,0,0
5507,15,,,,0,0,0,0,0
5508,11,,,,0,0,0,0,0
5508,12,,,,0,0,0,0,0
5508,13,,,,0,0,0,0,0
5508,14,,,,0,0,0,0,0
5508,15,,,,0,0,0,0,0
5509,11,,,,0,0,0,0,0
5509,12,,,,0,0,0,0,0
5509,13,,,,0,0,0,0,0
5509,14,,,,0,0,0,0,0
5509,15,,,,0,0,0,0,0
5510,11,,,,0,0,0,0,0
5510,12,,,,0,0,0,0,0
5510,13,,,,0,0,0,0,0
5510,14,,,,0,0,0,0,0
5510,15,,,,0,0,0,0,0
5511,11,,,,0,0,0,0,0
5511,12,,,,0,0,0,0,0
5511,13,,,,0,0,0,0,0
5511,14,,,,0,0,0,0,0
5511,15,,,,0,0,0,0,0
5512,11,,,,0,0,0,0,0
5512,12,,,,0,0,0,0,0
5512,13,,,,0,0,0,0,0
5512,14,,,,0,0,0,0,0
5512,15,,,,0,0,0,0,0
5513,11,,,,0,0,0,0,0
5513,12,,,,0,0,0,0,0
5513,13,,,,0,0,0,0,0
5513,14,,,,0,0,0,0,0
5513,15,,,,0,0,0,0,0
5514,11,,,,0,0,0,0,0
5514,12,,,,0,0,0,0,0
5514,13,,,,0,0,0,0,0
5514,14,,,,0,0,0,0,0
5514,15,,,,0,0,0,0,0
5515,11,,,,0,0,0,0,0
5515,12,,,,0,0,0,0,0
5515,13,,,,0,0,0,0,0
5515,14,,,,0,0,0,0,0
5515,15,,,,0,0,0,0,0
5516,11,,,,0,0,0,0,0
5516,12,,,,0,0,0,0,0
5516,13,,,,0,0,0,0,0
5516,14,,,,0,0,0,0,0
5516,15,,,,0,0,0,0,0
5517,11,,,,0,0,0,0,0
5517,12,,,,0,0,0,0,0
5517,13,,,,0,0,0,0,0
5517,14,,,,0,0,0,0,0
5517,15,,,,0,0,0,0,0
5518,11,,,,0,0,0,0,0
5518,12,,,,0,0,0,0,0
5518,13,,,,0,0,0,0,0
5518,14,,,,0,0,0,0,0
5518,15,,,,0,0,0,0,0
5519,11,,,,0,0,0,0,0
5519,12,,,,0,0,0,0,0
5519,13,,,,0,0,0,0,0
5519,14,,,,0,0,0,0,0
5519,15,,,,0,0,0,0,0
5520,11,,,,0,0,0,0,0
5520,12,,,,0,0,0,0,0
5520,13,,,,0,0,0,0,0
5520,14,,,,0,0,0,0,0
5520,15,,,,0,0,0,0,0
5521,11,,,,0,0,0,0,0
5521,12,,,,0,0,0,0,0
5521,13,,,,0,0,0,0,0
5521,14,,,,0,0,0,0,0
5521,15,,,,0,0,0,0,0
5522,11,,,,0,0,0,0,0
5522,12,,,,0,0,0,0,0
5522,13,,,,0,0,0,0,0
5522,14,,,,0,0,0,0,0
5522,15,,,,0,0,0,0,0
5523,11,,,,0,0,0,0,0
5523,12,,,,0,0,0,0,0
5523,13,,,,0,0,0,0,0
5523,14,,,,0,0,0,0,0
5523,15,,,,0,0,0,0,0
5524,11,,,,0,0,0,0,0
5524,12,,,,0,0,0,0,0
5524,13,,,,0,0,0,0,0
5524,14,,,,0,0,0,0,0
5524,15,,,,0,0,0,0,0
5525,11,,,,0,0,0,0,0
5525,12,,,,0,0,0,0,0
5525,13,,,,0,0,0,0,0
5525,14,,,,0,0,0,0,0
5525,15,,,,0,0,0,0,0
5526,11,,,,0,0,0,0,0
5526,12,,,,0,0,0,0,0
5526,13,,,,0,0,0,0,0
5526,14,,,,0,0,0,0,0
5526,15,,,,0,0,0,0,0
5527,11,,,,0,0,0,0,0
5527,12,,,,0,0,0,0,0
5527,13,,,,0,0,0,0,0
5527,14,,,,0,0,0,0,0
5527,15,,,,0,0,0,0,0
5528,11,,,,0,0,0,0,0
5528,12,,,,0,0,0,0,0
5528,13,,,,0,0,0,0,0
5528,14,,,,0,0,0,0,0
5528,15,,,,0,0,0,0,0
5529,11,,,,0,0,0,0,0
5529,12,,,,0,0,0,0,0
5529,13,,,,0,0,0,0,0
5529,14,,,,0,0,0,0,0
5529,15,,,,0,0,0,0,0
5530,11,,,,0,0,0,0,0
5530,12,,,,0,0,0,0,0
5530,13,,,,0,0,0,0,0
5530,14,,,,0,0,0,0,0
5530,15,,,,0,0,0,0,0
5531,11,,,,0,0,0,0,0
5531,12,,,,0,0,0,0,0
5531,13,,,,0,0,0,0,0
5531,14,,,,0,0,0,0,0
5531,15,,,,0,0,0,0,0
5532,11,,,,0,0,0,0,0
5532,12,,,,0,0,0,0,0
5532,13,,,,0,0,0,0,0
5532,14,,,,0,0,0,0,0
5532,15,,,,0,0,0,0,0
5533,11,,,,0,0,0,0,0
5533,12,,,,0,0,0,0,0
5533,13,,,,0,0,0,0,0
5533,14,,,,0,0,0,0,0
5533,15,,,,0,0,0,0,0
5534,11,,,,0,0,0,0,0
5534,12,,,,0,0,0,0,0
5534,13,,,,0,0,0,0,0
5534,14,,,,0,0,0,0,0
5534,15,,,,0,0,0,0,0
5535,11,,,,0,0,0,0,0
5535,12,,,,0,0,0,0,0
5535,13,,,,0,0,0,0,0
5535,14,,,,0,0,0,0,0
5535,15,,,,0,0,0,0,0
5536,11,,,,0,0,0,0,0
5536,12,,,,0,0,0,0,0
5536,13,,,,0,0,0,0,0
5536,14,,,,0,0,0,0,0
5536,15,,,,0,0,0,0,0
5537,11,,,,0,0,0,0,0
5537,12,,,,0,0,0,0,0
5537,13,,,,0,0,0,0,0
5537,14,,,,0,0,0,0,0
5537,15,,,,0,0,0,0,0
5538,11,,,,0,0,0,0,0
5538,12,,,,0,0,0,0,0
5538,13,,,,0,0,0,0,0
5538,14,,,,0,0,0,0,0
5538,15,,,,0,0,0,0,0
5539,11,,,,0,0,0,0,0
5539,12,,,,0,0,0,0,0
5539,13,,,,0,0,0,0,0
5539,14,,,,0,0,0,0,0
5539,15,,,,0,0,0,0,0
5540,11,,,,0,0,0,0,0
5540,12,,,,0,0,0,0,0
5540,13,,,,0,0,0,0,0
5540,14,,,,0,0,0,0,0
5540,15,,,,0,0,0,0,0
5541,11,,,,0,0,0,0,0
5541,12,,,,0,0,0,0,0
5541,13,,,,0,0,0,0,0
5541,14,,,,0,0,0,0,0
5541,15,,,,0,0,0,0,0
5542,11,,,,0,0,0,0,0
5542,12,,,,0,0,0,0,0
5542,13,,,,0,0,0,0,0
5542,14,,,,0,0,0,0,0
5542,15,,,,0,0,0,0,0
5543,11,,,,0,0,0,0,0
5543,12,,,,0,0,0,0,0
5543,13,,,,0,0,0,0,0
5543,14,,,,0,0,0,0,0
5543,15,,,,0,0,0,0,0
5544,11,,,,0,0,0,0,0
5544,12,,,,0,0,0,0,0
5544,13,,,,0,0,0,0,0
5544,14,,,,0,0,0,0,0
5544,15,,,,0,0,0,0,0
5545,11,,,,0,0,0,0,0
5545,12,,,,0,0,0,0,0
5545,13,,,,0,0,0,0,0
5545,14,,,,0,0,0,0,0
5545,15,,,,0,0,0,0,0
5546,11,,,,0,0,0,0,0
5546,12,,,,0,0,0,0,0
5546,13,,,,0,0,0,0,0
5546,14,,,,0,0,0,0,0
5546,15,,,,0,0,0,0,0
5547,11,,,,0,0,0,0,0
5547,12,,,,0,0,0,0,0
5547,13,,,,0,0,0,0,0
5547,14,,,,0,0,0,0,0
5547,15,,,,0,0,0,0,0
5548,11,,,,0,0,0,0,0
5548,12,,,,0,0,0,0,0
5548,13,,,,0,0,0,0,0
5548,14,,,,0,0,0,0,0
5548,15,,,,0,0,0,0,0
5549,11,,,,0,0,0,0,0
5549,12,,,,0,0,0,0,0
5549,13,,,,0,0,0,0,0
5549,14,,,,0,0,0,0,0
5549,15,,,,0,0,0,0,0
5550,11,,,,0,0,0,0,0
5550,12,,,,0,0,0,0,0
5550,13,,,,0,0,0,0,0
5550,14,,,,0,0,0,0,0
5550,15,,,,0,0,0,0,0
5551,11,,,,0,0,0,0,0
5551,12,,,,0,0,0,0,0
5551,13,,,,0,0,0,0,0
5551,14,,,,0,0,0,0,0
5551,15,,,,0,0,0,0,0
5552,11,,,,0,0,0,0,0
5552,12,,,,0,0,0,0,0
5552,13,,,,0,0,0,0,0
5552,14,,,,0,0,0,0,0
5552,15,,,,0,0,0,0,0
5553,11,,,,0,0,0,0,0
5553,12,,,,0,0,0,0,0
5553,13,,,,0,0,0,0,0
5553,14,,,,0,0,0,0,0
5553,15,,,,0,0,0,0,0
5554,11,,,,0,0,0,0,0
5554,12,,,,0,0,0,0,0
5554,13,,,,0,0,0,0,0
5554,14,,,,0,0,0,0,0
5554,15,,,,0,0,0,0,0
5555,11,,,,0,0,0,0,0
5555,12,,,,0,0,0,0,0
5555,13,,,,0,0,0,0,0
5555,14,,,,0,0,0,0,0
5555,15,,,,0,0,0,0,0
5556,11,,,,0,0,0,0,0
5556,12,,,,0,0,0,0,0
5556,13,,,,0,0,0,0,0
5556,14,,,,0,0,0,0,0
5556,15,,,,0,0,0,0,0
5557,11,,,,0,0,0,0,0
5557,12,,,,0,0,0,0,0
5557,13,,,,0,0,0,0,0
5557,14,,,,0,0,0,0,0
5557,15,,,,0,0,0,0,0
5558,11,,,,0,0,0,0,0
5558,12,,,,0,0,0,0,0
5558,13,,,,0,0,0,0,0
5558,14,,,,0,0,0,0,0
5558,15,,,,0,0,0,0,0
5559,11,,,,0,0,0,0,0
5559,12,,,,0,0,0,0,0
5559,13,,,,0,0,0,0,0
5559,14,,,,0,0,0,0,0
5559,15,,,,0,0,0,0,0
5560,11,,,,0,0,0,0,0
5560,12,,,,0,0,0,0,0
5560,13,,,,0,0,0,0,0
5560,14,,,,0,0,0,0,0
5560,15,,,,0,0,0,0,0
5561,11,,,,0,0,0,0,0
5561,12,,,,0,0,0,0,0
5561,13,,,,0,0,0,0,0
5561,14,,,,0,0,0,0,0
5561,15,,,,0,0,0,0,0
5562,11,,,,0,0,0,0,0
5562,12,,,,0,0,0,0,0
5562,13,,,,0,0,0,0,0
5562,14,,,,0,0,0,0,0
5562,15,,,,0,0,0,0,0
5563,11,,,,0,0,0,0,0
5563,12,,,,0,0,0,0,0
5563,13,,,,0,0,0,0,0
5563,14,,,,0,0,0,0,0
5563,15,,,,0,0,0,0,0
5564,11,,,,0,0,0,0,0
5564,12,,,,0,0,0,0,0
5564,13,,,,0,0,0,0,0
5564,14,,,,0,0,0,0,0
5564,15,,,,0,0,0,0,0
5565,11,,,,0,0,0,0,0
5565,12,,,,0,0,0,0,0
5565,13,,,,0,0,0,0,0
5565,14,,,,0,0,0,0,0
5565,15,,,,0,0,0,0,0
5566,11,,,,0,0,0,0,0
5566,12,,,,0,0,0,0,0
5566,13,,,,0,0,0,0,0
5566,14,,,,0,0,0,0,0
5566,15,,,,0,0,0,0,0
5567,11,,,,0,0,0,0,0
5567,12,,,,0,0,0,0,0
5567,13,,,,0,0,0,0,0
5567,14,,,,0,0,0,0,0
5567,15,,,,0,0,0,0,0
5568,11,,,,0,0,0,0,0
5568,12,,,,0,0,0,0,0
5568,13,,,,0,0,0,0,0
5568,14,,,,0,0,0,0,0
5568,15,,,,0,0,0,0,0
5569,11,,,,0,0,0,0,0
5569,12,,,,0,0,0,0,0
5569,13,,,,0,0,0,0,0
5569,14,,,,0,0,0,0,0
5569,15,,,,0,0,0,0,0
5570,11,,,,0,0,0,0,0
5570,12,,,,0,0,0,0,0
5570,13,,,,0,0,0,0,0
5570,14,,,,0,0,0,0,0
5570,15,,,,0,0,0,0,0
5571,11,,,,0,0,0,0,0
5571,12,,,,0,0,0,0,0
5571,13,,,,0,0,0,0,0
5571,14,,,,0,0,0,0,0
5571,15,,,,0,0,0,0,0
5572,11,,,,0,0,0,0,0
5572,12,,,,0,0,0,0,0
5572,13,,,,0,0,0,0,0
5572,14,,,,0,0,0,0,0
5572,15,,,,0,0,0,0,0
5573,11,,,,0,0,0,0,0
5573,12,,,,0,0,0,0,0
5573,13,,,,0,0,0,0,0
5573,14,,,,0,0,0,0,0
5573,15,,,,0,0,0,0,0
5574,11,,,,0,0,0,0,0
5574,12,,,,0,0,0,0,0
5574,13,,,,0,0,0,0,0
5574,14,,,,0,0,0,0,0
5574,15,,,,0,0,0,0,0
5575,11,,,,0,0,0,0,0
5575,12,,,,0,0,0,0,0
5575,13,,,,0,0,0,0,0
5575,14,,,,0,0,0,0,0
5575,15,,,,0,0,0,0,0
5576,11,,,,0,0,0,0,0
5576,12,,,,0,0,0,0,0
5576,13,,,,0,0,0,0,0
5576,14,,,,0,0,0,0,0
5576,15,,,,0,0,0,0,0
5577,11,,,,0,0,0,0,0
5577,12,,,,0,0,0,0,0
5577,13,,,,0,0,0,0,0
5577,14,,,,0,0,0,0,0
5577,15,,,,0,0,0,0,0
5578,11,,,,0,0,0,0,0
5578,12,,,,0,0,0,0,0
5578,13,,,,0,0,0,0,0
5578,14,,,,0,0,0,0,0
5578,15,,,,0,0,0,0,0
5579,11,,,,0,0,0,0,0
5579,12,,,,0,0,0,0,0
5579,13,,,,0,0,0,0,0
5579,14,,,,0,0,0,0,0
5579,15,,,,0,0,0,0,0
5580,11,,,,0,0,0,0,0
5580,12,,,,0,0,0,0,0
5580,13,,,,0,0,0,0,0
5580,14,,,,0,0,0,0,0
5580,15,,,,0,0,0,0,0
5581,11,,,,0,0,0,0,0
5581,12,,,,0,0,0,0,0
5581,13,,,,0,0,0,0,0
5581,14,,,,0,0,0,0,0
5581,15,,,,0,0,0,0,0
5582,11,,,,0,0,0,0,0
5582,12,,,,0,0,0,0,0
5582,13,,,,0,0,0,0,0
5582,14,,,,0,0,0,0,0
5582,15,,,,0,0,0,0,0
5583,11,,,,0,0,0,0,0
5583,12,,,,0,0,0,0,0
5583,13,,,,0,0,0,0,0
5583,14,,,,0,0,0,0,0
5583,15,,,,0,0,0,0,0
5584,11,,,,0,0,0,0,0
5584,12,,,,0,0,0,0,0
5584,13,,,,0,0,0,0,0
5584,14,,,,0,0,0,0,0
5584,15,,,,0,0,0,0,0
5585,11,,,,0,0,0,0,0
5585,12,,,,0,0,0,0,0
5585,13,,,,0,0,0,0,0
5585,14,,,,0,0,0,0,0
5585,15,,,,0,0,0,0,0
5586,11,,,,0,0,0,0,0
5586,12,,,,0,0,0,0,0
5586,13,,,,0,0,0,0,0
5586,14,,,,0,0,0,0,0
5586,15,,,,0,0,0,0,0
5587,11,,,,0,0,0,0,0
5587,12,,,,0,0,0,0,0
5587,13,,,,0,0,0,0,0
5587,14,,,,0,0,0,0,0
5587,15,,,,0,0,0,0,0
5588,11,,,,0,0,0,0,0
5588,12,,,,0,0,0,0,0
5588,13,,,,0,0,0,0,0
5588,14,,,,0,0,0,0,0
5588,15,,,,0,0,0,0,0
5589,11,,,,0,0,0,0,0
5589,12,,,,0,0,0,0,0
5589,13,,,,0,0,0,0,0
5589,14,,,,0,0,0,0,0
5589,15,,,,0,0,0,0,0
5590,11,,,,0,0,0,0,0
5590,12,,,,0,0,0,0,0
5590,13,,,,0,0,0,0,0
5590,14,,,,0,0,0,0,0
5590,15,,,,0,0,0,0,0
5591,11,,,,0,0,0,0,0
5591,12,,,,0,0,0,0,0
5591,13,,,,0,0,0,0,0
5591,14,,,,0,0,0,0,0
5591,15,,,,0,0,0,0,0
5592,11,,,,0,0,0,0,0
5592,12,,,,0,0,0,0,0
5592,13,,,,0,0,0,0,0
5592,14,,,,0,0,0,0,0
5592,15,,,,0,0,0,0,0
5593,11,,,,0,0,0,0,0
5593,12,,,,0,0,0,0,0
5593,13,,,,0,0,0,0,0
5593,14,,,,0,0,0,0,0
5593,15,,,,0,0,0,0,0
5594,11,,,,0,0,0,0,0
5594,12,,,,0,0,0,0,0
5594,13,,,,0,0,0,0,0
5594,14,,,,0,0,0,0,0
5594,15,,,,0,0,0,0,0
5595,11,,,,0,0,0,0,0
5595,12,,,,0,0,0,0,0
5595,13,,,,0,0,0,0,0
5595,14,,,,0,0,0,0,0
5595,15,,,,0,0,0,0,0
5596,11,,,,0,0,0,0,0
5596,12,,,,0,0,0,0,0
5596,13,,,,0,0,0,0,0
5596,14,,,,0,0,0,0,0
5596,15,,,,0,0,0,0,0
5597,11,,,,0,0,0,0,0
5597,12,,,,0,0,0,0,0
5597,13,,,,0,0,0,0,0
5597,14,,,,0,0,0,0,0
5597,15,,,,0,0,0,0,0
5598,11,,,,0,0,0,0,0
5598,12,,,,0,0,0,0,0
5598,13,,,,0,0,0,0,0
5598,14,,,,0,0,0,0,0
5598,15,,,,0,0,0,0,0
5599,11,,,,0,0,0,0,0
5599,12,,,,0,0,0,0,0
5599,13,,,,0,0,0,0,0
5599,14,,,,0,0,0,0,0
5599,15,,,,0,0,0,0,0
5600,11,,,,0,0,0,0,0
5600,12,,,,0,0,0,0,0
5600,13,,,,0,0,0,0,0
5600,14,,,,0,0,0,0,0
5600,15,,,,0,0,0,0,0
5601,11,,,,0,0,0,0,0
5601,12,,,,0,0,0,0,0
5601,13,,,,0,0,0,0,0
5601,14,,,,0,0,0,0,0
5601,15,,,,0,0,0,0,0
5602,11,,,,0,0,0,0,0
5602,12,,,,0,0,0,0,0
5602,13,,,,0,0,0,0,0
5602,14,,,,0,0,0,0,0
5602,15,,,,0,0,0,0,0
5603,11,,,,0,0,0,0,0
5603,12,,,,0,0,0,0,0
5603,13,,,,0,0,0,0,0
5603,14,,,,0,0,0,0,0
5603,15,,,,0,0,0,0,0
5604,11,,,,0,0,0,0,0
5604,12,,,,0,0,0,0,0
5604,13,,,,0,0,0,0,0
5604,14,,,,0,0,0,0,0
5604,15,,,,0,0,0,0,0
5605,11,,,,0,0,0,0,0
5605,12,,,,0,0,0,0,0
5605,13,,,,0,0,0,0,0
5605,14,,,,0,0,0,0,0
5605,15,,,,0,0,0,0,0
5606,11,,,,0,0,0,0,0
5606,12,,,,0,0,0,0,0
5606,13,,,,0,0,0,0,0
5606,14,,,,0,0,0,0,0
5606,15,,,,0,0,0,0,0
5607,11,,,,0,0,0,0,0
5607,12,,,,0,0,0,0,0
5607,13,,,,0,0,0,0,0
5607,14,,,,0,0,0,0,0
5607,15,,,,0,0,0,0,0
5608,11,,,,0,0,0,0,0
5608,12,,,,0,0,0,0,0
5608,13,,,,0,0,0,0,0
5608,14,,,,0,0,0,0,0
5608,15,,,,0,0,0,0,0
5609,11,,,,0,0,0,0,0
5609,12,,,,0,0,0,0,0
5609,13,,,,0,0,0,0,0
5609,14,,,,0,0,0,0,0
5609,15,,,,0,0,0,0,0
5610,11,,,,0,0,0,0,0
5610,12,,,,0,0,0,0,0
5610,13,,,,0,0,0,0,0
5610,14,,,,0,0,0,0,0
5610,15,,,,0,0,0,0,0
5611,11,,,,0,0,0,0,0
5611,12,,,,0,0,0,0,0
5611,13,,,,0,0,0,0,0
5611,14,,,,0,0,0,0,0
5611,15,,,,0,0,0,0,0
5612,11,,,,0,0,0,0,0
5612,12,,,,0,0,0,0,0
5612,13,,,,0,0,0,0,0
5612,14,,,,0,0,0,0,0
5612,15,,,,0,0,0,0,0
5613,11,,,,0,0,0,0,0
5613,12,,,,0,0,0,0,0
5613,13,,,,0,0,0,0,0
5613,14,,,,0,0,0,0,0
5613,15,,,,0,0,0,0,0
5614,11,,,,0,0,0,0,0
5614,12,,,,0,0,0,0,0
5614,13,,,,0,0,0,0,0
5614,14,,,,0,0,0,0,0
5614,15,,,,0,0,0,0,0
5615,11,,,,0,0,0,0,0
5615,12,,,,0,0,0,0,0
5615,13,,,,0,0,0,0,0
5615,14,,,,0,0,0,0,0
5615,15,,,,0,0,0,0,0
5616,11,,,,0,0,0,0,0
5616,12,,,,0,0,0,0,0
5616,13,,,,0,0,0,0,0
5616,14,,,,0,0,0,0,0
5616,15,,,,0,0,0,0,0
5617,11,,,,0,0,0,0,0
5617,12,,,,0,0,0,0,0
5617,13,,,,0,0,0,0,0
5617,14,,,,0,0,0,0,0
5617,15,,,,0,0,0,0,0
5618,11,,,,0,0,0,0,0
5618,12,,,,0,0,0,0,0
5618,13,,,,0,0,0,0,0
5618,14,,,,0,0,0,0,0
5618,15,,,,0,0,0,0,0
5619,11,,,,0,0,0,0,0
5619,12,,,,0,0,0,0,0
5619,13,,,,0,0,0,0,0
5619,14,,,,0,0,0,0,0
5619,15,,,,0,0,0,0,0
5620,11,,,,0,0,0,0,0
5620,12,,,,0,0,0,0,0
5620,13,,,,0,0,0,0,0
5620,14,,,,0,0,0,0,0
5620,15,,,,0,0,0,0,0
5621,11,,,,0,0,0,0,0
5621,12,,,,0,0,0,0,0
5621,13,,,,0,0,0,0,0
5621,14,,,,0,0,0,0,0
5621,15,,,,0,0,0,0,0
5622,11,,,,0,0,0,0,0
5622,12,,,,0,0,0,0,0
5622,13,,,,0,0,0,0,0
5622,14,,,,0,0,0,0,0
5622,15,,,,0,0,0,0,0
5623,11,,,,0,0,0,0,0
5623,12,,,,0,0,0,0,0
5623,13,,,,0,0,0,0,0
5623,14,,,,0,0,0,0,0
5623,15,,,,0,0,0,0,0
5624,11,,,,0,0,0,0,0
5624,12,,,,0,0,0,0,0
5624,13,,,,0,0,0,0,0
5624,14,,,,0,0,0,0,0
5624,15,,,,0,0,0,0,0
5625,11,,,,0,0,0,0,0
5625,12,,,,0,0,0,0,0
5625,13,,,,0,0,0,0,0
5625,14,,,,0,0,0,0,0
5625,15,,,,0,0,0,0,0
5626,11,,,,0,0,0,0,0
5626,12,,,,0,0,0,0,0
5626,13,,,,0,0,0,0,0
5626,14,,,,0,0,0,0,0
5626,15,,,,0,0,0,0,0
5627,11,,,,0,0,0,0,0
5627,12,,,,0,0,0,0,0
5627,13,,,,0,0,0,0,0
5627,14,,,,0,0,0,0,0
5627,15,,,,0,0,0,0,0
5628,11,,,,0,0,0,0,0
5628,12,,,,0,0,0,0,0
5628,13,,,,0,0,0,0,0
5628,14,,,,0,0,0,0,0
5628,15,,,,0,0,0,0,0
5629,11,,,,0,0,0,0,0
5629,12,,,,0,0,0,0,0
5629,13,,,,0,0,0,0,0
5629,14,,,,0,0,0,0,0
5629,15,,,,0,0,0,0,0
5630,11,,,,0,0,0,0,0
5630,12,,,,0,0,0,0,0
5630,13,,,,0,0,0,0,0
5630,14,,,,0,0,0,0,0
5630,15,,,,0,0,0,0,0
5631,11,,,,0,0,0,0,0
5631,12,,,,0,0,0,0,0
5631,13,,,,0,0,0,0,0
5631,14,,,,0,0,0,0,0
5631,15,,,,0,0,0,0,0
5632,11,,,,0,0,0,0,0
5632,12,,,,0,0,0,0,0
5632,13,,,,0,0,0,0,0
5632,14,,,,0,0,0,0,0
5632,15,,,,0,0,0,0,0
5633,11,,,,0,0,0,0,0
5633,12,,,,0,0,0,0,0
5633,13,,,,0,0,0,0,0
5633,14,,,,0,0,0,0,0
5633,15,,,,0,0,0,0,0
5634,11,,,,0,0,0,0,0
5634,12,,,,0,0,0,0,0
5634,13,,,,0,0,0,0,0
5634,14,,,,0,0,0,0,0
5634,15,,,,0,0,0,0,0
5635,11,,,,0,0,0,0,0
5635,12,,,,0,0,0,0,0
5635,13,,,,0,0,0,0,0
5635,14,,,,0,0,0,0,0
5635,15,,,,0,0,0,0,0
5636,11,,,,0,0,0,0,0
5636,12,,,,0,0,0,0,0
5636,13,,,,0,0,0,0,0
5636,14,,,,0,0,0,0,0
5636,15,,,,0,0,0,0,0
5637,11,,,,0,0,0,0,0
5637,12,,,,0,0,0,0,0
5637,13,,,,0,0,0,0,0
5637,14,,,,0,0,0,0,0
5637,15,,,,0,0,0,0,0
5638,11,,,,0,0,0,0,0
5638,12,,,,0,0,0,0,0
5638,13,,,,0,0,0,0,0
5638,14,,,,0,0,0,0,0
5638,15,,,,0,0,0,0,0
5639,11,,,,0,0,0,0,0
5639,12,,,,0,0,0,0,0
5639,13,,,,0,0,0,0,0
5639,14,,,,0,0,0,0,0
5639,15,,,,0,0,0,0,0
5640,11,,,,0,0,0,0,0
5640,12,,,,0,0,0,0,0
5640,13,,,,0,0,0,0,0
5640,14,,,,0,0,0,0,0
5640,15,,,,0,0,0,0,0
5641,11,,,,0,0,0,0,0
5641,12,,,,0,0,0,0,0
5641,13,,,,0,0,0,0,0
5641,14,,,,0,0,0,0,0
5641,15,,,,0,0,0,0,0
5642,11,,,,0,0,0,0,0
5642,12,,,,0,0,0,0,0
5642,13,,,,0,0,0,0,0
5642,14,,,,0,0,0,0,0
5642,15,,,,0,0,0,0,0
5643,11,,,,0,0,0,0,0
5643,12,,,,0,0,0,0,0
5643,13,,,,0,0,0,0,0
5643,14,,,,0,0,0,0,0
5643,15,,,,0,0,0,0,0
5644,11,,,,0,0,0,0,0
5644,12,,,,0,0,0,0,0
5644,13,,,,0,0,0,0,0
5644,14,,,,0,0,0,0,0
5644,15,,,,0,0,0,0,0
5645,11,,,,0,0,0,0,0
5645,12,,,,0,0,0,0,0
5645,13,,,,0,0,0,0,0
5645,14,,,,0,0,0,0,0
5645,15,,,,0,0,0,0,0
5646,11,,,,0,0,0,0,0
5646,12,,,,0,0,0,0,0
5646,13,,,,0,0,0,0,0
5646,14,,,,0,0,0,0,0
5646,15,,,,0,0,0,0,0
5647,11,,,,0,0,0,0,0
5647,12,,,,0,0,0,0,0
5647,13,,,,0,0,0,0,0
5647,14,,,,0,0,0,0,0
5647,15,,,,0,0,0,0,0
5648,11,,,,0,0,0,0,0
5648,12,,,,0,0,0,0,0
5648,13,,,,0,0,0,0,0
5648,14,,,,0,0,0,0,0
5648,15,,,,0,0,0,0,0
5649,11,,,,0,0,0,0,0
5649,12,,,,0,0,0,0,0
5649,13,,,,0,0,0,0,0
5649,14,,,,0,0,0,0,0
5649,15,,,,0,0,0,0,0
5650,11,,,,0,0,0,0,0
5650,12,,,,0,0,0,0,0
5650,13,,,,0,0,0,0,0
5650,14,,,,0,0,0,0,0
5650,15,,,,0,0,0,0,0
5651,11,,,,0,0,0,0,0
5651,12,,,,0,0,0,0,0
5651,13,,,,0,0,0,0,0
5651,14,,,,0,0,0,0,0
5651,15,,,,0,0,0,0,0
5652,11,,,,0,0,0,0,0
5652,12,,,,0,0,0,0,0
5652,13,,,,0,0,0,0,0
5652,14,,,,0,0,0,0,0
5652,15,,,,0,0,0,0,0
5653,11,,,,0,0,0,0,0
5653,12,,,,0,0,0,0,0
5653,13,,,,0,0,0,0,0
5653,14,,,,0,0,0,0,0
5653,15,,,,0,0,0,0,0
5654,11,,,,0,0,0,0,0
5654,12,,,,0,0,0,0,0
5654,13,,,,0,0,0,0,0
5654,14,,,,0,0,0,0,0
5654,15,,,,0,0,0,0,0
5655,11,,,,0,0,0,0,0
5655,12,,,,0,0,0,0,0
5655,13,,,,0,0,0,0,0
5655,14,,,,0,0,0,0,0
5655,15,,,,0,0,0,0,0
5656,11,,,,0,0,0,0,0
5656,12,,,,0,0,0,0,0
5656,13,,,,0,0,0,0,0
5656,14,,,,0,0,0,0,0
5656,15,,,,0,0,0,0,0
5657,11,,,,0,0,0,0,0
5657,12,,,,0,0,0,0,0
5657,13,,,,0,0,0,0,0
5657,14,,,,0,0,0,0,0
5657,15,,,,0,0,0,0,0
5658,11,,,,0,0,0,0,0
5658,12,,,,0,0,0,0,0
5658,13,,,,0,0,0,0,0
5658,14,,,,0,0,0,0,0
5658,15,,,,0,0,0,0,0
5659,11,,,,0,0,0,0,0
5659,12,,,,0,0,0,0,0
5659,13,,,,0,0,0,0,0
5659,14,,,,0,0,0,0,0
5659,15,,,,0,0,0,0,0
5660,11,,,,0,0,0,0,0
5660,12,,,,0,0,0,0,0
5660,13,,,,0,0,0,0,0
5660,14,,,,0,0,0,0,0
5660,15,,,,0,0,0,0,0
5661,11,,,,0,0,0,0,0
5661,12,,,,0,0,0,0,0
5661,13,,,,0,0,0,0,0
5661,14,,,,0,0,0,0,0
5661,15,,,,0,0,0,0,0
5662,11,,,,0,0,0,0,0
5662,12,,,,0,0,0,0,0
5662,13,,,,0,0,0,0,0
5662,14,,,,0,0,0,0,0
5662,15,,,,0,0,0,0,0
5663,11,,,,0,0,0,0,0
5663,12,,,,0,0,0,0,0
5663,13,,,,0,0,0,0,0
5663,14,,,,0,0,0,0,0
5663,15,,,,0,0,0,0,0
5664,11,,,,0,0,0,0,0
5664,12,,,,0,0,0,0,0
5664,13,,,,0,0,0,0,0
5664,14,,,,0,0,0,0,0
5664,15,,,,0,0,0,0,0
5665,11,,,,0,0,0,0,0
5665,12,,,,0,0,0,0,0
5665,13,,,,0,0,0,0,0
5665,14,,,,0,0,0,0,0
5665,15,,,,0,0,0,0,0
5666,11,,,,0,0,0,0,0
5666,12,,,,0,0,0,0,0
5666,13,,,,0,0,0,0,0
5666,14,,,,0,0,0,0,0
5666,15,,,,0,0,0,0,0
5667,11,,,,0,0,0,0,0
5667,12,,,,0,0,0,0,0
5667,13,,,,0,0,0,0,0
5667,14,,,,0,0,0,0,0
5667,15,,,,0,0,0,0,0
5668,11,,,,0,0,0,0,0
5668,12,,,,0,0,0,0,0
5668,13,,,,0,0,0,0,0
5668,14,,,,0,0,0,0,0
5668,15,,,,0,0,0,0,0
5669,11,,,,0,0,0,0,0
5669,12,,,,0,0,0,0,0
5669,13,,,,0,0,0,0,0
5669,14,,,,0,0,0,0,0
5669,15,,,,0,0,0,0,0
5670,11,,,,0,0,0,0,0
5670,12,,,,0,0,0,0,0
5670,13,,,,0,0,0,0,0
5670,14,,,,0,0,0,0,0
5670,15,,,,0,0,0,0,0
5671,11,,,,0,0,0,0,0
5671,12,,,,0,0,0,0,0
5671,13,,,,0,0,0,0,0
5671,14,,,,0,0,0,0,0
5671,15,,,,0,0,0,0,0
5672,11,,,,0,0,0,0,0
5672,12,,,,0,0,0,0,0
5672,13,,,,0,0,0,0,0
5672,14,,,,0,0,0,0,0
5672,15,,,,0,0,0,0,0
5673,11,,,,0,0,0,0,0
5673,12,,,,0,0,0,0,0
5673,13,,,,0,0,0,0,0
5673,14,,,,0,0,0,0,0
5673,15,,,,0,0,0,0,0
5674,11,,,,0,0,0,0,0
5674,12,,,,0,0,0,0,0
5674,13,,,,0,0,0,0,0
5674,14,,,,0,0,0,0,0
5674,15,,,,0,0,0,0,0
5675,11,,,,0,0,0,0,0
5675,12,,,,0,0,0,0,0
5675,13,,,,0,0,0,0,0
5675,14,,,,0,0,0,0,0
5675,15,,,,0,0,0,0,0
5676,11,,,,0,0,0,0,0
5676,12,,,,0,0,0,0,0
5676,13,,,,0,0,0,0,0
5676,14,,,,0,0,0,0,0
5676,15,,,,0,0,0,0,0
5677,11,,,,0,0,0,0,0
5677,12,,,,0,0,0,0,0
5677,13,,,,0,0,0,0,0
5677,14,,,,0,0,0,0,0
5677,15,,,,0,0,0,0,0
5678,11,,,,0,0,0,0,0
5678,12,,,,0,0,0,0,0
5678,13,,,,0,0,0,0,0
5678,14,,,,0,0,0,0,0
5678,15,,,,0,0,0,0,0
5679,11,,,,0,0,0,0,0
5679,12,,,,0,0,0,0,0
5679,13,,,,0,0,0,0,0
5679,14,,,,0,0,0,0,0
5679,15,,,,0,0,0,0,0
5680,11,,,,0,0,0,0,0
5680,12,,,,0,0,0,0,0
5680,13,,,,0,0,0,0,0
5680,14,,,,0,0,0,0,0
5680,15,,,,0,0,0,0,0
5681,11,,,,0,0,0,0,0
5681,12,,,,0,0,0,0,0
5681,13,,,,0,0,0,0,0
5681,14,,,,0,0,0,0,0
5681,15,,,,0,0,0,0,0
5682,11,,,,0,0,0,0,0
5682,12,,,,0,0,0,0,0
5682,13,,,,0,0,0,0,0
5682,14,,,,0,0,0,0,0
5682,15,,,,0,0,0,0,0
5683,11,,,,0,0,0,0,0
5683,12,,,,0,0,0,0,0
5683,13,,,,0,0,0,0,0
5683,14,,,,0,0,0,0,0
5683,15,,,,0,0,0,0,0
5684,11,,,,0,0,0,0,0
5684,12,,,,0,0,0,0,0
5684,13,,,,0,0,0,0,0
5684,14,,,,0,0,0,0,0
5684,15,,,,0,0,0,0,0
5685,11,,,,0,0,0,0,0
5685,12,,,,0,0,0,0,0
5685,13,,,,0,0,0,0,0
5685,14,,,,0,0,0,0,0
5685,15,,,,0,0,0,0,0
5686,11,,,,0,0,0,0,0
5686,12,,,,0,0,0,0,0
5686,13,,,,0,0,0,0,0
5686,14,,,,0,0,0,0,0
5686,15,,,,0,0,0,0,0
5687,11,,,,0,0,0,0,0
5687,12,,,,0,0,0,0,0
5687,13,,,,0,0,0,0,0
5687,14,,,,0,0,0,0,0
5687,15,,,,0,0,0,0,0
5688,11,,,,0,0,0,0,0
5688,12,,,,0,0,0,0,0
5688,13,,,,0,0,0,0,0
5688,14,,,,0,0,0,0,0
5688,15,,,,0,0,0,0,0
5689,11,,,,0,0,0,0,0
5689,12,,,,0,0,0,0,0
5689,13,,,,0,0,0,0,0
5689,14,,,,0,0,0,0,0
5689,15,,,,0,0,0,0,0
5690,11,,,,0,0,0,0,0
5690,12,,,,0,0,0,0,0
5690,13,,,,0,0,0,0,0
5690,14,,,,0,0,0,0,0
5690,15,,,,0,0,0,0,0
5691,11,,,,0,0,0,0,0
5691,12,,,,0,0,0,0,0
5691,13,,,,0,0,0,0,0
5691,14,,,,0,0,0,0,0
5691,15,,,,0,0,0,0,0
5692,11,,,,0,0,0,0,0
5692,12,,,,0,0,0,0,0
5692,13,,,,0,0,0,0,0
5692,14,,,,0,0,0,0,0
5692,15,,,,0,0,0,0,0
5693,11,,,,0,0,0,0,0
5693,12,,,,0,0,0,0,0
5693,13,,,,0,0,0,0,0
5693,14,,,,0,0,0,0,0
5693,15,,,,0,0,0,0,0
5694,11,,,,0,0,0,0,0
5694,12,,,,0,0,0,0,0
5694,13,,,,0,0,0,0,0
5694,14,,,,0,0,0,0,0
5694,15,,,,0,0,0,0,0
5695,11,,,,0,0,0,0,0
5695,12,,,,0,0,0,0,0
5695,13,,,,0,0,0,0,0
5695,14,,,,0,0,0,0,0
5695,15,,,,0,0,0,0,0
5696,11,,,,0,0,0,0,0
5696,12,,,,0,0,0,0,0
5696,13,,,,0,0,0,0,0
5696,14,,,,0,0,0,0,0
5696,15,,,,0,0,0,0,0
5697,11,,,,0,0,0,0,0
5697,12,,,,0,0,0,0,0
5697,13,,,,0,0,0,0,0
5697,14,,,,0,0,0,0,0
5697,15,,,,0,0,0,0,0
5698,11,,,,0,0,0,0,0
5698,12,,,,0,0,0,0,0
5698,13,,,,0,0,0,0,0
5698,14,,,,0,0,0,0,0
5698,15,,,,0,0,0,0,0
5699,11,,,,0,0,0,0,0
5699,12,,,,0,0,0,0,0
5699,13,,,,0,0,0,0,0
5699,14,,,,0,0,0,0,0
5699,15,,,,0,0,0,0,0
5700,11,,,,0,0,0,0,0
5700,12,,,,0,0,0,0,0
5700,13,,,,0,0,0,0,0
5700,14,,,,0,0,0,0,0
5700,15,,,,0,0,0,0,0
5701,11,,,,0,0,0,0,0
5701,12,,,,0,0,0,0,0
5701,13,,,,0,0,0,0,0
5701,14,,,,0,0,0,0,0
5701,15,,,,0,0,0,0,0
5702,11,,,,0,0,0,0,0
5702,12,,,,0,0,0,0,0
5702,13,,,,0,0,0,0,0
5702,14,,,,0,0,0,0,0
5702,15,,,,0,0,0,0,0
5703,11,,,,0,0,0,0,0
5703,12,,,,0,0,0,0,0
5703,13,,,,0,0,0,0,0
5703,14,,,,0,0,0,0,0
5703,15,,,,0,0,0,0,0
5704,11,,,,0,0,0,0,0
5704,12,,,,0,0,0,0,0
5704,13,,,,0,0,0,0,0
5704,14,,,,0,0,0,0,0
5704,15,,,,0,0,0,0,0
5705,11,,,,0,0,0,0,0
5705,12,,,,0,0,0,0,0
5705,13,,,,0,0,0,0,0
5705,14,,,,0,0,0,0,0
5705,15,,,,0,0,0,0,0
5706,11,,,,0,0,0,0,0
5706,12,,,,0,0,0,0,0
5706,13,,,,0,0,0,0,0
5706,14,,,,0,0,0,0,0
5706,15,,,,0,0,0,0,0
5707,11,,,,0,0,0,0,0
5707,12,,,,0,0,0,0,0
5707,13,,,,0,0,0,0,0
5707,14,,,,0,0,0,0,0
5707,15,,,,0,0,0,0,0
5708,11,,,,0,0,0,0,0
5708,12,,,,0,0,0,0,0
5708,13,,,,0,0,0,0,0
5708,14,,,,0,0,0,0,0
5708,15,,,,0,0,0,0,0
5709,11,,,,0,0,0,0,0
5709,12,,,,0,0,0,0,0
5709,13,,,,0,0,0,0,0
5709,14,,,,0,0,0,0,0
5709,15,,,,0,0,0,0,0
5710,11,,,,0,0,0,0,0
5710,12,,,,0,0,0,0,0
5710,13,,,,0,0,0,0,0
5710,14,,,,0,0,0,0,0
5710,15,,,,0,0,0,0,0
5711,11,,,,0,0,0,0,0
5711,12,,,,0,0,0,0,0
5711,13,,,,0,0,0,0,0
5711,14,,,,0,0,0,0,0
5711,15,,,,0,0,0,0,0
5712,11,,,,0,0,0,0,0
5712,12,,,,0,0,0,0,0
5712,13,,,,0,0,0,0,0
5712,14,,,,0,0,0,0,0
5712,15,,,,0,0,0,0,0
5713,11,,,,0,0,0,0,0
5713,12,,,,0,0,0,0,0
5713,13,,,,0,0,0,0,0
5713,14,,,,0,0,0,0,0
5713,15,,,,0,0,0,0,0
5714,11,,,,0,0,0,0,0
5714,12,,,,0,0,0,0,0
5714,13,,,,0,0,0,0,0
5714,14,,,,0,0,0,0,0
5714,15,,,,0,0,0,0,0
5715,11,,,,0,0,0,0,0
5715,12,,,,0,0,0,0,0
5715,13,,,,0,0,0,0,0
5715,14,,,,0,0,0,0,0
5715,15,,,,0,0,0,0,0
5716,11,,,,0,0,0,0,0
5716,12,,,,0,0,0,0,0
5716,13,,,,0,0,0,0,0
5716,14,,,,0,0,0,0,0
5716,15,,,,0,0,0,0,0
5717,11,,,,0,0,0,0,0
5717,12,,,,0,0,0,0,0
5717,13,,,,0,0,0,0,0
5717,14,,,,0,0,0,0,0
5717,15,,,,0,0,0,0,0
5718,11,,,,0,0,0,0,0
5718,12,,,,0,0,0,0,0
5718,13,,,,0,0,0,0,0
5718,14,,,,0,0,0,0,0
5718,15,,,,0,0,0,0,0
5719,11,,,,0,0,0,0,0
5719,12,,,,0,0,0,0,0
5719,13,,,,0,0,0,0,0
5719,14,,,,0,0,0,0,0
5719,15,,,,0,0,0,0,0
5720,11,,,,0,0,0,0,0
5720,12,,,,0,0,0,0,0
5720,13,,,,0,0,0,0,0
5720,14,,,,0,0,0,0,0
5720,15,,,,0,0,0,0,0
5721,11,,,,0,0,0,0,0
5721,12,,,,0,0,0,0,0
5721,13,,,,0,0,0,0,0
5721,14,,,,0,0,0,0,0
5721,15,,,,0,0,0,0,0
5722,11,,,,0,0,0,0,0
5722,12,,,,0,0,0,0,0
5722,13,,,,0,0,0,0,0
5722,14,,,,0,0,0,0,0
5722,15,,,,0,0,0,0,0
5723,11,,,,0,0,0,0,0
5723,12,,,,0,0,0,0,0
5723,13,,,,0,0,0,0,0
5723,14,,,,0,0,0,0,0
5723,15,,,,0,0,0,0,0
5724,11,,,,0,0,0,0,0
5724,12,,,,0,0,0,0,0
5724,13,,,,0,0,0,0,0
5724,14,,,,0,0,0,0,0
5724,15,,,,0,0,0,0,0
5725,11,,,,0,0,0,0,0
5725,12,,,,0,0,0,0,0
5725,13,,,,0,0,0,0,0
5725,14,,,,0,0,0,0,0
5725,15,,,,0,0,0,0,0
5726,11,,,,0,0,0,0,0
5726,12,,,,0,0,0,0,0
5726,13,,,,0,0,0,0,0
5726,14,,,,0,0,0,0,0
5726,15,,,,0,0,0,0,0
5727,11,,,,0,0,0,0,0
5727,12,,,,0,0,0,0,0
5727,13,,,,0,0,0,0,0
5727,14,,,,0,0,0,0,0
5727,15,,,,0,0,0,0,0
5728,11,,,,0,0,0,0,0
5728,12,,,,0,0,0,0,0
5728,13,,,,0,0,0,0,0
5728,14,,,,0,0,0,0,0
5728,15,,,,0,0,0,0,0
5729,11,,,,0,0,0,0,0
5729,12,,,,0,0,0,0,0
5729,13,,,,0,0,0,0,0
5729,14,,,,0,0,0,0,0
5729,15,,,,0,0,0,0,0
5730,11,,,,0,0,0,0,0
5730,12,,,,0,0,0,0,0
5730,13,,,,0,0,0,0,0
5730,14,,,,0,0,0,0,0
5730,15,,,,0,0,0,0,0
5731,11,,,,0,0,0,0,0
5731,12,,,,0,0,0,0,0
5731,13,,,,0,0,0,0,0
5731,14,,,,0,0,0,0,0
5731,15,,,,0,0,0,0,0
5732,11,,,,0,0,0,0,0
5732,12,,,,0,0,0,0,0
5732,13,,,,0,0,0,0,0
5732,14,,,,0,0,0,0,0
5732,15,,,,0,0,0,0,0
5733,11,,,,0,0,0,0,0
5733,12,,,,0,0,0,0,0
5733,13,,,,0,0,0,0,0
5733,14,,,,0,0,0,0,0
5733,15,,,,0,0,0,0,0
5734,11,,,,0,0,0,0,0
5734,12,,,,0,0,0,0,0
5734,13,,,,0,0,0,0,0
5734,14,,,,0,0,0,0,0
5734,15,,,,0,0,0,0,0
5735,11,,,,0,0,0,0,0
5735,12,,,,0,0,0,0,0
5735,13,,,,0,0,0,0,0
5735,14,,,,0,0,0,0,0
5735,15,,,,0,0,0,0,0
5736,11,,,,0,0,0,0,0
5736,12,,,,0,0,0,0,0
5736,13,,,,0,0,0,0,0
5736,14,,,,0,0,0,0,0
5736,15,,,,0,0,0,0,0
5737,11,,,,0,0,0,0,0
5737,12,,,,0,0,0,0,0
5737,13,,,,0,0,0,0,0
5737,14,,,,0,0,0,0,0
5737,15,,,,0,0,0,0,0
5738,11,,,,0,0,0,0,0
5738,12,,,,0,0,0,0,0
5738,13,,,,0,0,0,0,0
5738,14,,,,0,0,0,0,0
5738,15,,,,0,0,0,0,0
5739,11,,,,0,0,0,0,0
5739,12,,,,0,0,0,0,0
5739,13,,,,0,0,0,0,0
5739,14,,,,0,0,0,0,0
5739,15,,,,0,0,0,0,0
5740,11,,,,0,0,0,0,0
5740,12,,,,0,0,0,0,0
5740,13,,,,0,0,0,0,0
5740,14,,,,0,0,0,0,0
5740,15,,,,0,0,0,0,0
5741,11,,,,0,0,0,0,0
5741,12,,,,0,0,0,0,0
5741,13,,,,0,0,0,0,0
5741,14,,,,0,0,0,0,0
5741,15,,,,0,0,0,0,0
5742,11,,,,0,0,0,0,0
5742,12,,,,0,0,0,0,0
5742,13,,,,0,0,0,0,0
5742,14,,,,0,0,0,0,0
5742,15,,,,0,0,0,0,0
5743,11,,,,0,0,0,0,0
5743,12,,,,0,0,0,0,0
5743,13,,,,0,0,0,0,0
5743,14,,,,0,0,0,0,0
5743,15,,,,0,0,0,0,0
5744,11,,,,0,0,0,0,0
5744,12,,,,0,0,0,0,0
5744,13,,,,0,0,0,0,0
5744,14,,,,0,0,0,0,0
5744,15,,,,0,0,0,0,0
5745,11,,,,0,0,0,0,0
5745,12,,,,0,0,0,0,0
5745,13,,,,0,0,0,0,0
5745,14,,,,0,0,0,0,0
5745,15,,,,0,0,0,0,0
5746,11,,,,0,0,0,0,0
5746,12,,,,0,0,0,0,0
5746,13,,,,0,0,0,0,0
5746,14,,,,0,0,0,0,0
5746,15,,,,0,0,0,0,0
5747,11,,,,0,0,0,0,0
5747,12,,,,0,0,0,0,0
5747,13,,,,0,0,0,0,0
5747,14,,,,0,0,0,0,0
5747,15,,,,0,0,0,0,0
5748,11,,,,0,0,0,0,0
5748,12,,,,0,0,0,0,0
5748,13,,,,0,0,0,0,0
5748,14,,,,0,0,0,0,0
5748,15,,,,0,0,0,0,0
5749,11,,,,0,0,0,0,0
5749,12,,,,0,0,0,0,0
5749,13,,,,0,0,0,0,0
5749,14,,,,0,0,0,0,0
5749,15,,,,0,0,0,0,0
5750,11,,,,0,0,0,0,0
5750,12,,,,0,0,0,0,0
5750,13,,,,0,0,0,0,0
5750,14,,,,0,0,0,0,0
5750,15,,,,0,0,0,0,0
5751,11,,,,0,0,0,0,0
5751,12,,,,0,0,0,0,0
5751,13,,,,0,0,0,0,0
5751,14,,,,0,0,0,0,0
5751,15,,,,0,0,0,0,0
5752,11,,,,0,0,0,0,0
5752,12,,,,0,0,0,0,0
5752,13,,,,0,0,0,0,0
5752,14,,,,0,0,0,0,0
5752,15,,,,0,0,0,0,0
5753,11,,,,0,0,0,0,0
5753,12,,,,0,0,0,0,0
5753,13,,,,0,0,0,0,0
5753,14,,,,0,0,0,0,0
5753,15,,,,0,0,0,0,0
5754,11,,,,0,0,0,0,0
5754,12,,,,0,0,0,0,0
5754,13,,,,0,0,0,0,0
5754,14,,,,0,0,0,0,0
5754,15,,,,0,0,0,0,0
5755,11,,,,0,0,0,0,0
5755,12,,,,0,0,0,0,0
5755,13,,,,0,0,0,0,0
5755,14,,,,0,0,0,0,0
5755,15,,,,0,0,0,0,0
5756,11,,,,0,0,0,0,0
5756,12,,,,0,0,0,0,0
5756,13,,,,0,0,0,0,0
5756,14,,,,0,0,0,0,0
5756,15,,,,0,0,0,0,0
5757,11,,,,0,0,0,0,0
5757,12,,,,0,0,0,0,0
5757,13,,,,0,0,0,0,0
5757,14,,,,0,0,0,0,0
5757,15,,,,0,0,0,0,0
5758,11,,,,0,0,0,0,0
5758,12,,,,0,0,0,0,0
5758,13,,,,0,0,0,0,0
5758,14,,,,0,0,0,0,0
5758,15,,,,0,0,0,0,0
5759,11,,,,0,0,0,0,0
5759,12,,,,0,0,0,0,0
5759,13,,,,0,0,0,0,0
5759,14,,,,0,0,0,0,0
5759,15,,,,0,0,0,0,0
5760,11,,,,0,0,0,0,0
5760,12,,,,0,0,0,0,0
5760,13,,,,0,0,0,0,0
5760,14,,,,0,0,0,0,0
5760,15,,,,0,0,0,0,0
5761,11,,,,0,0,0,0,0
5761,12,,,,0,0,0,0,0
5761,13,,,,0,0,0,0,0
5761,14,,,,0,0,0,0,0
5761,15,,,,0,0,0,0,0
5762,11,,,,0,0,0,0,0
5762,12,,,,0,0,0,0,0
5762,13,,,,0,0,0,0,0
5762,14,,,,0,0,0,0,0
5762,15,,,,0,0,0,0,0
5763,11,,,,0,0,0,0,0
5763,12,,,,0,0,0,0,0
5763,13,,,,0,0,0,0,0
5763,14,,,,0,0,0,0,0
5763,15,,,,0,0,0,0,0
5764,11,,,,0,0,0,0,0
5764,12,,,,0,0,0,0,0
5764,13,,,,0,0,0,0,0
5764,14,,,,0,0,0,0,0
5764,15,,,,0,0,0,0,0
5765,11,,,,0,0,0,0,0
5765,12,,,,0,0,0,0,0
5765,13,,,,0,0,0,0,0
5765,14,,,,0,0,0,0,0
5765,15,,,,0,0,0,0,0
5766,11,,,,0,0,0,0,0
5766,12,,,,0,0,0,0,0
5766,13,,,,0,0,0,0,0
5766,14,,,,0,0,0,0,0
5766,15,,,,0,0,0,0,0
5767,11,,,,0,0,0,0,0
5767,12,,,,0,0,0,0,0
5767,13,,,,0,0,0,0,0
5767,14,,,,0,0,0,0,0
5767,15,,,,0,0,0,0,0
5768,11,,,,0,0,0,0,0
5768,12,,,,0,0,0,0,0
5768,13,,,,0,0,0,0,0
5768,14,,,,0,0,0,0,0
5768,15,,,,0,0,0,0,0
5769,11,,,,0,0,0,0,0
5769,12,,,,0,0,0,0,0
5769,13,,,,0,0,0,0,0
5769,14,,,,0,0,0,0,0
5769,15,,,,0,0,0,0,0
5770,11,,,,0,0,0,0,0
5770,12,,,,0,0,0,0,0
5770,13,,,,0,0,0,0,0
5770,14,,,,0,0,0,0,0
5770,15,,,,0,0,0,0,0
5771,11,,,,0,0,0,0,0
5771,12,,,,0,0,0,0,0
5771,13,,,,0,0,0,0,0
5771,14,,,,0,0,0,0,0
5771,15,,,,0,0,0,0,0
5772,11,,,,0,0,0,0,0
5772,12,,,,0,0,0,0,0
5772,13,,,,0,0,0,0,0
5772,14,,,,0,0,0,0,0
5772,15,,,,0,0,0,0,0
5773,11,,,,0,0,0,0,0
5773,12,,,,0,0,0,0,0
5773,13,,,,0,0,0,0,0
5773,14,,,,0,0,0,0,0
5773,15,,,,0,0,0,0,0
5774,11,,,,0,0,0,0,0
5774,12,,,,0,0,0,0,0
5774,13,,,,0,0,0,0,0
5774,14,,,,0,0,0,0,0
5774,15,,,,0,0,0,0,0
5775,11,,,,0,0,0,0,0
5775,12,,,,0,0,0,0,0
5775,13,,,,0,0,0,0,0
5775,14,,,,0,0,0,0,0
5775,15,,,,0,0,0,0,0
5776,11,,,,0,0,0,0,0
5776,12,,,,0,0,0,0,0
5776,13,,,,0,0,0,0,0
5776,14,,,,0,0,0,0,0
5776,15,,,,0,0,0,0,0
5777,11,,,,0,0,0,0,0
5777,12,,,,0,0,0,0,0
5777,13,,,,0,0,0,0,0
5777,14,,,,0,0,0,0,0
5777,15,,,,0,0,0,0,0
5778,11,,,,0,0,0,0,0
5778,12,,,,0,0,0,0,0
5778,13,,,,0,0,0,0,0
5778,14,,,,0,0,0,0,0
5778,15,,,,0,0,0,0,0
5779,11,,,,0,0,0,0,0
5779,12,,,,0,0,0,0,0
5779,13,,,,0,0,0,0,0
5779,14,,,,0,0,0,0,0
5779,15,,,,0,0,0,0,0
5780,11,,,,0,0,0,0,0
5780,12,,,,0,0,0,0,0
5780,13,,,,0,0,0,0,0
5780,14,,,,0,0,0,0,0
5780,15,,,,0,0,0,0,0
5781,11,,,,0,0,0,0,0
5781,12,,,,0,0,0,0,0
5781,13,,,,0,0,0,0,0
5781,14,,,,0,0,0,0,0
5781,15,,,,0,0,0,0,0
5782,11,,,,0,0,0,0,0
5782,12,,,,0,0,0,0,0
5782,13,,,,0,0,0,0,0
5782,14,,,,0,0,0,0,0
5782,15,,,,0,0,0,0,0
5783,11,,,,0,0,0,0,0
5783,12,,,,0,0,0,0,0
5783,13,,,,0,0,0,0,0
5783,14,,,,0,0,0,0,0
5783,15,,,,0,0,0,0,0
5784,11,,,,0,0,0,0,0
5784,12,,,,0,0,0,0,0
5784,13,,,,0,0,0,0,0
5784,14,,,,0,0,0,0,0
5784,15,,,,0,0,0,0,0
5785,11,,,,0,0,0,0,0
5785,12,,,,0,0,0,0,0
5785,13,,,,0,0,0,0,0
5785,14,,,,0,0,0,0,0
5785,15,,,,0,0,0,0,0
5786,11,,,,0,0,0,0,0
5786,12,,,,0,0,0,0,0
5786,13,,,,0,0,0,0,0
5786,14,,,,0,0,0,0,0
5786,15,,,,0,0,0,0,0
5787,11,,,,0,0,0,0,0
5787,12,,,,0,0,0,0,0
5787,13,,,,0,0,0,0,0
5787,14,,,,0,0,0,0,0
5787,15,,,,0,0,0,0,0
5788,11,,,,0,0,0,0,0
5788,12,,,,0,0,0,0,0
5788,13,,,,0,0,0,0,0
5788,14,,,,0,0,0,0,0
5788,15,,,,0,0,0,0,0
5789,11,,,,0,0,0,0,0
5789,12,,,,0,0,0,0,0
5789,13,,,,0,0,0,0,0
5789,14,,,,0,0,0,0,0
5789,15,,,,0,0,0,0,0
5790,11,,,,0,0,0,0,0
5790,12,,,,0,0,0,0,0
5790,13,,,,0,0,0,0,0
5790,14,,,,0,0,0,0,0
5790,15,,,,0,0,0,0,0
5791,11,,,,0,0,0,0,0
5791,12,,,,0,0,0,0,0
5791,13,,,,0,0,0,0,0
5791,14,,,,0,0,0,0,0
5791,15,,,,0,0,0,0,0
5792,11,,,,0,0,0,0,0
5792,12,,,,0,0,0,0,0
5792,13,,,,0,0,0,0,0
5792,14,,,,0,0,0,0,0
5792,15,,,,0,0,0,0,0
5793,11,,,,0,0,0,0,0
5793,12,,,,0,0,0,0,0
5793,13,,,,0,0,0,0,0
5793,14,,,,0,0,0,0,0
5793,15,,,,0,0,0,0,0
5794,11,,,,0,0,0,0,0
5794,12,,,,0,0,0,0,0
5794,13,,,,0,0,0,0,0
5794,14,,,,0,0,0,0,0
5794,15,,,,0,0,0,0,0
5795,11,,,,0,0,0,0,0
5795,12,,,,0,0,0,0,0
5795,13,,,,0,0,0,0,0
5795,14,,,,0,0,0,0,0
5795,15,,,,0,0,0,0,0
5796,11,,,,0,0,0,0,0
5796,12,,,,0,0,0,0,0
5796,13,,,,0,0,0,0,0
5796,14,,,,0,0,0,0,0
5796,15,,,,0,0,0,0,0
5797,11,,,,0,0,0,0,0
5797,12,,,,0,0,0,0,0
5797,13,,,,0,0,0,0,0
5797,14,,,,0,0,0,0,0
5797,15,,,,0,0,0,0,0
5798,11,,,,0,0,0,0,0
5798,12,,,,0,0,0,0,0
5798,13,,,,0,0,0,0,0
5798,14,,,,0,0,0,0,0
5798,15,,,,0,0,0,0,0
5799,11,,,,0,0,0,0,0
5799,12,,,,0,0,0,0,0
5799,13,,,,0,0,0,0,0
5799,14,,,,0,0,0,0,0
5799,15,,,,0,0,0,0,0
5800,11,,,,0,0,0,0,0
5800,12,,,,0,0,0,0,0
5800,13,,,,0,0,0,0,0
5800,14,,,,0,0,0,0,0
5800,15,,,,0,0,0,0,0
5801,11,,,,0,0,0,0,0
5801,12,,,,0,0,0,0,0
5801,13,,,,0,0,0,0,0
5801,14,,,,0,0,0,0,0
5801,15,,,,0,0,0,0,0
5802,11,,,,0,0,0,0,0
5802,12,,,,0,0,0,0,0
5802,13,,,,0,0,0,0,0
5802,14,,,,0,0,0,0,0
5802,15,,,,0,0,0,0,0
5803,11,,,,0,0,0,0,0
5803,12,,,,0,0,0,0,0
5803,13,,,,0,0,0,0,0
5803,14,,,,0,0,0,0,0
5803,15,,,,0,0,0,0,0
5804,11,,,,0,0,0,0,0
5804,12,,,,0,0,0,0,0
5804,13,,,,0,0,0,0,0
5804,14,,,,0,0,0,0,0
5804,15,,,,0,0,0,0,0
5805,11,,,,0,0,0,0,0
5805,12,,,,0,0,0,0,0
5805,13,,,,0,0,0,0,0
5805,14,,,,0,0,0,0,0
5805,15,,,,0,0,0,0,0
5806,11,,,,0,0,0,0,0
5806,12,,,,0,0,0,0,0
5806,13,,,,0,0,0,0,0
5806,14,,,,0,0,0,0,0
5806,15,,,,0,0,0,0,0
5807,11,,,,0,0,0,0,0
5807,12,,,,0,0,0,0,0
5807,13,,,,0,0,0,0,0
5807,14,,,,0,0,0,0,0
5807,15,,,,0,0,0,0,0
5808,11,,,,0,0,0,0,0
5808,12,,,,0,0,0,0,0
5808,13,,,,0,0,0,0,0
5808,14,,,,0,0,0,0,0
5808,15,,,,0,0,0,0,0
5809,11,,,,0,0,0,0,0
5809,12,,,,0,0,0,0,0
5809,13,,,,0,0,0,0,0
5809,14,,,,0,0,0,0,0
5809,15,,,,0,0,0,0,0
5810,11,,,,0,0,0,0,0
5810,12,,,,0,0,0,0,0
5810,13,,,,0,0,0,0,0
5810,14,,,,0,0,0,0,0
5810,15,,,,0,0,0,0,0
5811,11,,,,0,0,0,0,0
5811,12,,,,0,0,0,0,0
5811,13,,,,0,0,0,0,0
5811,14,,,,0,0,0,0,0
5811,15,,,,0,0,0,0,0
5812,11,,,,0,0,0,0,0
5812,12,,,,0,0,0,0,0
5812,13,,,,0,0,0,0,0
5812,14,,,,0,0,0,0,0
5812,15,,,,0,0,0,0,0
5813,11,,,,0,0,0,0,0
5813,12,,,,0,0,0,0,0
5813,13,,,,0,0,0,0,0
5813,14,,,,0,0,0,0,0
5813,15,,,,0,0,0,0,0
5814,11,,,,0,0,0,0,0
5814,12,,,,0,0,0,0,0
5814,13,,,,0,0,0,0,0
5814,14,,,,0,0,0,0,0
5814,15,,,,0,0,0,0,0
5815,11,,,,0,0,0,0,0
5815,12,,,,0,0,0,0,0
5815,13,,,,0,0,0,0,0
5815,14,,,,0,0,0,0,0
5815,15,,,,0,0,0,0,0
5816,11,,,,0,0,0,0,0
5816,12,,,,0,0,0,0,0
5816,13,,,,0,0,0,0,0
5816,14,,,,0,0,0,0,0
5816,15,,,,0,0,0,0,0
5817,11,,,,0,0,0,0,0
5817,12,,,,0,0,0,0,0
5817,13,,,,0,0,0,0,0
5817,14,,,,0,0,0,0,0
5817,15,,,,0,0,0,0,0
5818,11,,,,0,0,0,0,0
5818,12,,,,0,0,0,0,0
5818,13,,,,0,0,0,0,0
5818,14,,,,0,0,0,0,0
5818,15,,,,0,0,0,0,0
5819,11,,,,0,0,0,0,0
5819,12,,,,0,0,0,0,0
5819,13,,,,0,0,0,0,0
5819,14,,,,0,0,0,0,0
5819,15,,,,0,0,0,0,0
5820,11,,,,0,0,0,0,0
5820,12,,,,0,0,0,0,0
5820,13,,,,0,0,0,0,0
5820,14,,,,0,0,0,0,0
5820,15,,,,0,0,0,0,0
5821,11,,,,0,0,0,0,0
5821,12,,,,0,0,0,0,0
5821,13,,,,0,0,0,0,0
5821,14,,,,0,0,0,0,0
5821,15,,,,0,0,0,0,0
5822,11,,,,0,0,0,0,0
5822,12,,,,0,0,0,0,0
5822,13,,,,0,0,0,0,0
5822,14,,,,0,0,0,0,0
5822,15,,,,0,0,0,0,0
5823,11,,,,0,0,0,0,0
5823,12,,,,0,0,0,0,0
5823,13,,,,0,0,0,0,0
5823,14,,,,0,0,0,0,0
5823,15,,,,0,0,0,0,0
5824,11,,,,0,0,0,0,0
5824,12,,,,0,0,0,0,0
5824,13,,,,0,0,0,0,0
5824,14,,,,0,0,0,0,0
5824,15,,,,0,0,0,0,0
5825,11,,,,0,0,0,0,0
5825,12,,,,0,0,0,0,0
5825,13,,,,0,0,0,0,0
5825,14,,,,0,0,0,0,0
5825,15,,,,0,0,0,0,0
5826,11,,,,0,0,0,0,0
5826,12,,,,0,0,0,0,0
5826,13,,,,0,0,0,0,0
5826,14,,,,0,0,0,0,0
5826,15,,,,0,0,0,0,0
5827,11,,,,0,0,0,0,0
5827,12,,,,0,0,0,0,0
5827,13,,,,0,0,0,0,0
5827,14,,,,0,0,0,0,0
5827,15,,,,0,0,0,0,0
5828,11,,,,0,0,0,0,0
5828,12,,,,0,0,0,0,0
5828,13,,,,0,0,0,0,0
5828,14,,,,0,0,0,0,0
5828,15,,,,0,0,0,0,0
5829,11,,,,0,0,0,0,0
5829,12,,,,0,0,0,0,0
5829,13,,,,0,0,0,0,0
5829,14,,,,0,0,0,0,0
5829,15,,,,0,0,0,0,0
5830,11,,,,0,0,0,0,0
5830,12,,,,0,0,0,0,0
5830,13,,,,0,0,0,0,0
5830,14,,,,0,0,0,0,0
5830,15,,,,0,0,0,0,0
5831,11,,,,0,0,0,0,0
5831,12,,,,0,0,0,0,0
5831,13,,,,0,0,0,0,0
5831,14,,,,0,0,0,0,0
5831,15,,,,0,0,0,0,0
5832,11,,,,0,0,0,0,0
5832,12,,,,0,0,0,0,0
5832,13,,,,0,0,0,0,0
5832,14,,,,0,0,0,0,0
5832,15,,,,0,0,0,0,0
5833,11,,,,0,0,0,0,0
5833,12,,,,0,0,0,0,0
5833,13,,,,0,0,0,0,0
5833,14,,,,0,0,0,0,0
5833,15,,,,0,0,0,0,0
5834,11,,,,0,0,0,0,0
5834,12,,,,0,0,0,0,0
5834,13,,,,0,0,0,0,0
5834,14,,,,0,0,0,0,0
5834,15,,,,0,0,0,0,0
5835,11,,,,0,0,0,0,0
5835,12,,,,0,0,0,0,0
5835,13,,,,0,0,0,0,0
5835,14,,,,0,0,0,0,0
5835,15,,,,0,0,0,0,0
5836,11,,,,0,0,0,0,0
5836,12,,,,0,0,0,0,0
5836,13,,,,0,0,0,0,0
5836,14,,,,0,0,0,0,0
5836,15,,,,0,0,0,0,0
5837,11,,,,0,0,0,0,0
5837,12,,,,0,0,0,0,0
5837,13,,,,0,0,0,0,0
5837,14,,,,0,0,0,0,0
5837,15,,,,0,0,0,0,0
5838,11,,,,0,0,0,0,0
5838,12,,,,0,0,0,0,0
5838,13,,,,0,0,0,0,0
5838,14,,,,0,0,0,0,0
5838,15,,,,0,0,0,0,0
5839,11,,,,0,0,0,0,0
5839,12,,,,0,0,0,0,0
5839,13,,,,0,0,0,0,0
5839,14,,,,0,0,0,0,0
5839,15,,,,0,0,0,0,0
5840,11,,,,0,0,0,0,0
5840,12,,,,0,0,0,0,0
5840,13,,,,0,0,0,0,0
5840,14,,,,0,0,0,0,0
5840,15,,,,0,0,0,0,0
5841,11,,,,0,0,0,0,0
5841,12,,,,0,0,0,0,0
5841,13,,,,0,0,0,0,0
5841,14,,,,0,0,0,0,0
5841,15,,,,0,0,0,0,0
5842,11,,,,0,0,0,0,0
5842,12,,,,0,0,0,0,0
5842,13,,,,0,0,0,0,0
5842,14,,,,0,0,0,0,0
5842,15,,,,0,0,0,0,0
5843,11,,,,0,0,0,0,0
5843,12,,,,0,0,0,0,0
5843,13,,,,0,0,0,0,0
5843,14,,,,0,0,0,0,0
5843,15,,,,0,0,0,0,0
5844,11,,,,0,0,0,0,0
5844,12,,,,0,0,0,0,0
5844,13,,,,0,0,0,0,0
5844,14,,,,0,0,0,0,0
5844,15,,,,0,0,0,0,0
5845,11,,,,0,0,0,0,0
5845,12,,,,0,0,0,0,0
5845,13,,,,0,0,0,0,0
5845,14,,,,0,0,0,0,0
5845,15,,,,0,0,0,0,0
5846,11,,,,0,0,0,0,0
5846,12,,,,0,0,0,0,0
5846,13,,,,0,0,0,0,0
5846,14,,,,0,0,0,0,0
5846,15,,,,0,0,0,0,0
5847,11,,,,0,0,0,0,0
5847,12,,,,0,0,0,0,0
5847,13,,,,0,0,0,0,0
5847,14,,,,0,0,0,0,0
5847,15,,,,0,0,0,0,0
5848,11,,,,0,0,0,0,0
5848,12,,,,0,0,0,0,0
5848,13,,,,0,0,0,0,0
5848,14,,,,0,0,0,0,0
5848,15,,,,0,0,0,0,0
5849,11,,,,0,0,0,0,0
5849,12,,,,0,0,0,0,0
5849,13,,,,0,0,0,0,0
5849,14,,,,0,0,0,0,0
5849,15,,,,0,0,0,0,0
5850,11,,,,0,0,0,0,0
5850,12,,,,0,0,0,0,0
5850,13,,,,0,0,0,0,0
5850,14,,,,0,0,0,0,0
5850,15,,,,0,0,0,0,0
5851,11,,,,0,0,0,0,0
5851,12,,,,0,0,0,0,0
5851,13,,,,0,0,0,0,0
5851,14,,,,0,0,0,0,0
5851,15,,,,0,0,0,0,0
5852,11,,,,0,0,0,0,0
5852,12,,,,0,0,0,0,0
5852,13,,,,0,0,0,0,0
5852,14,,,,0,0,0,0,0
5852,15,,,,0,0,0,0,0
5853,11,,,,0,0,0,0,0
5853,12,,,,0,0,0,0,0
5853,13,,,,0,0,0,0,0
5853,14,,,,0,0,0,0,0
5853,15,,,,0,0,0,0,0
5854,11,,,,0,0,0,0,0
5854,12,,,,0,0,0,0,0
5854,13,,,,0,0,0,0,0
5854,14,,,,0,0,0,0,0
5854,15,,,,0,0,0,0,0
5855,11,,,,0,0,0,0,0
5855,12,,,,0,0,0,0,0
5855,13,,,,0,0,0,0,0
5855,14,,,,0,0,0,0,0
5855,15,,,,0,0,0,0,0
5856,11,,,,0,0,0,0,0
5856,12,,,,0,0,0,0,0
5856,13,,,,0,0,0,0,0
5856,14,,,,0,0,0,0,0
5856,15,,,,0,0,0,0,0
5857,11,,,,0,0,0,0,0
5857,12,,,,0,0,0,0,0
5857,13,,,,0,0,0,0,0
5857,14,,,,0,0,0,0,0
5857,15,,,,0,0,0,0,0
5858,11,,,,0,0,0,0,0
5858,12,,,,0,0,0,0,0
5858,13,,,,0,0,0,0,0
5858,14,,,,0,0,0,0,0
5858,15,,,,0,0,0,0,0
5859,11,,,,0,0,0,0,0
5859,12,,,,0,0,0,0,0
5859,13,,,,0,0,0,0,0
5859,14,,,,0,0,0,0,0
5859,15,,,,0,0,0,0,0
5860,11,,,,0,0,0,0,0
5860,12,,,,0,0,0,0,0
5860,13,,,,0,0,0,0,0
5860,14,,,,0,0,0,0,0
5860,15,,,,0,0,0,0,0
5861,11,,,,0,0,0,0,0
5861,12,,,,0,0,0,0,0
5861,13,,,,0,0,0,0,0
5861,14,,,,0,0,0,0,0
5861,15,,,,0,0,0,0,0
5862,11,,,,0,0,0,0,0
5862,12,,,,0,0,0,0,0
5862,13,,,,0,0,0,0,0
5862,14,,,,0,0,0,0,0
5862,15,,,,0,0,0,0,0
5863,11,,,,0,0,0,0,0
5863,12,,,,0,0,0,0,0
5863,13,,,,0,0,0,0,0
5863,14,,,,0,0,0,0,0
5863,15,,,,0,0,0,0,0
5864,11,,,,0,0,0,0,0
5864,12,,,,0,0,0,0,0
5864,13,,,,0,0,0,0,0
5864,14,,,,0,0,0,0,0
5864,15,,,,0,0,0,0,0
5865,11,,,,0,0,0,0,0
5865,12,,,,0,0,0,0,0
5865,13,,,,0,0,0,0,0
5865,14,,,,0,0,0,0,0
5865,15,,,,0,0,0,0,0
5866,11,,,,0,0,0,0,0
5866,12,,,,0,0,0,0,0
5866,13,,,,0,0,0,0,0
5866,14,,,,0,0,0,0,0
5866,15,,,,0,0,0,0,0
5867,11,,,,0,0,0,0,0
5867,12,,,,0,0,0,0,0
5867,13,,,,0,0,0,0,0
5867,14,,,,0,0,0,0,0
5867,15,,,,0,0,0,0,0
5868,11,,,,0,0,0,0,0
5868,12,,,,0,0,0,0,0
5868,13,,,,0,0,0,0,0
5868,14,,,,0,0,0,0,0
5868,15,,,,0,0,0,0,0
5869,11,,,,0,0,0,0,0
5869,12,,,,0,0,0,0,0
5869,13,,,,0,0,0,0,0
5869,14,,,,0,0,0,0,0
5869,15,,,,0,0,0,0,0
5870,11,,,,0,0,0,0,0
5870,12,,,,0,0,0,0,0
5870,13,,,,0,0,0,0,0
5870,14,,,,0,0,0,0,0
5870,15,,,,0,0,0,0,0
5871,11,,,,0,0,0,0,0
5871,12,,,,0,0,0,0,0
5871,13,,,,0,0,0,0,0
5871,14,,,,0,0,0,0,0
5871,15,,,,0,0,0,0,0
5872,11,,,,0,0,0,0,0
5872,12,,,,0,0,0,0,0
5872,13,,,,0,0,0,0,0
5872,14,,,,0,0,0,0,0
5872,15,,,,0,0,0,0,0
5873,11,,,,0,0,0,0,0
5873,12,,,,0,0,0,0,0
5873,13,,,,0,0,0,0,0
5873,14,,,,0,0,0,0,0
5873,15,,,,0,0,0,0,0
5874,11,,,,0,0,0,0,0
5874,12,,,,0,0,0,0,0
5874,13,,,,0,0,0,0,0
5874,14,,,,0,0,0,0,0
5874,15,,,,0,0,0,0,0
5875,11,,,,0,0,0,0,0
5875,12,,,,0,0,0,0,0
5875,13,,,,0,0,0,0,0
5875,14,,,,0,0,0,0,0
5875,15,,,,0,0,0,0,0
5876,11,,,,0,0,0,0,0
5876,12,,,,0,0,0,0,0
5876,13,,,,0,0,0,0,0
5876,14,,,,0,0,0,0,0
5876,15,,,,0,0,0,0,0
5877,11,,,,0,0,0,0,0
5877,12,,,,0,0,0,0,0
5877,13,,,,0,0,0,0,0
5877,14,,,,0,0,0,0,0
5877,15,,,,0,0,0,0,0
5878,11,,,,0,0,0,0,0
5878,12,,,,0,0,0,0,0
5878,13,,,,0,0,0,0,0
5878,14,,,,0,0,0,0,0
5878,15,,,,0,0,0,0,0
5879,11,,,,0,0,0,0,0
5879,12,,,,0,0,0,0,0
5879,13,,,,0,0,0,0,0
5879,14,,,,0,0,0,0,0
5879,15,,,,0,0,0,0,0
5880,11,,,,0,0,0,0,0
5880,12,,,,0,0,0,0,0
5880,13,,,,0,0,0,0,0
5880,14,,,,0,0,0,0,0
5880,15,,,,0,0,0,0,0
5881,11,,,,0,0,0,0,0
5881,12,,,,0,0,0,0,0
5881,13,,,,0,0,0,0,0
5881,14,,,,0,0,0,0,0
5881,15,,,,0,0,0,0,0
5882,11,,,,0,0,0,0,0
5882,12,,,,0,0,0,0,0
5882,13,,,,0,0,0,0,0
5882,14,,,,0,0,0,0,0
5882,15,,,,0,0,0,0,0
5883,11,,,,0,0,0,0,0
5883,12,,,,0,0,0,0,0
5883,13,,,,0,0,0,0,0
5883,14,,,,0,0,0,0,0
5883,15,,,,0,0,0,0,0
5884,11,,,,0,0,0,0,0
5884,12,,,,0,0,0,0,0
5884,13,,,,0,0,0,0,0
5884,14,,,,0,0,0,0,0
5884,15,,,,0,0,0,0,0
5885,11,,,,0,0,0,0,0
5885,12,,,,0,0,0,0,0
5885,13,,,,0,0,0,0,0
5885,14,,,,0,0,0,0,0
5885,15,,,,0,0,0,0,0
5886,11,,,,0,0,0,0,0
5886,12,,,,0,0,0,0,0
5886,13,,,,0,0,0,0,0
5886,14,,,,0,0,0,0,0
5886,15,,,,0,0,0,0,0
5887,11,,,,0,0,0,0,0
5887,12,,,,0,0,0,0,0
5887,13,,,,0,0,0,0,0
5887,14,,,,0,0,0,0,0
5887,15,,,,0,0,0,0,0
5888,11,,,,0,0,0,0,0
5888,12,,,,0,0,0,0,0
5888,13,,,,0,0,0,0,0
5888,14,,,,0,0,0,0,0
5888,15,,,,0,0,0,0,0
5889,11,,,,0,0,0,0,0
5889,12,,,,0,0,0,0,0
5889,13,,,,0,0,0,0,0
5889,14,,,,0,0,0,0,0
5889,15,,,,0,0,0,0,0
5890,11,,,,0,0,0,0,0
5890,12,,,,0,0,0,0,0
5890,13,,,,0,0,0,0,0
5890,14,,,,0,0,0,0,0
5890,15,,,,0,0,0,0,0
5891,11,,,,0,0,0,0,0
5891,12,,,,0,0,0,0,0
5891,13,,,,0,0,0,0,0
5891,14,,,,0,0,0,0,0
5891,15,,,,0,0,0,0,0
5892,11,,,,0,0,0,0,0
5892,12,,,,0,0,0,0,0
5892,13,,,,0,0,0,0,0
5892,14,,,,0,0,0,0,0
5892,15,,,,0,0,0,0,0
5893,11,,,,0,0,0,0,0
5893,12,,,,0,0,0,0,0
5893,13,,,,0,0,0,0,0
5893,14,,,,0,0,0,0,0
5893,15,,,,0,0,0,0,0
5894,11,,,,0,0,0,0,0
5894,12,,,,0,0,0,0,0
5894,13,,,,0,0,0,0,0
5894,14,,,,0,0,0,0,0
5894,15,,,,0,0,0,0,0
5895,11,,,,0,0,0,0,0
5895,12,,,,0,0,0,0,0
5895,13,,,,0,0,0,0,0
5895,14,,,,0,0,0,0,0
5895,15,,,,0,0,0,0,0
5896,11,,,,0,0,0,0,0
5896,12,,,,0,0,0,0,0
5896,13,,,,0,0,0,0,0
5896,14,,,,0,0,0,0,0
5896,15,,,,0,0,0,0,0
5897,11,,,,0,0,0,0,0
5897,12,,,,0,0,0,0,0
5897,13,,,,0,0,0,0,0
5897,14,,,,0,0,0,0,0
5897,15,,,,0,0,0,0,0
5898,11,,,,0,0,0,0,0
5898,12,,,,0,0,0,0,0
5898,13,,,,0,0,0,0,0
5898,14,,,,0,0,0,0,0
5898,15,,,,0,0,0,0,0
5899,11,,,,0,0,0,0,0
5899,12,,,,0,0,0,0,0
5899,13,,,,0,0,0,0,0
5899,14,,,,0,0,0,0,0
5899,15,,,,0,0,0,0,0
5900,11,,,,0,0,0,0,0
5900,12,,,,0,0,0,0,0
5900,13,,,,0,0,0,0,0
5900,14,,,,0,0,0,0,0
5900,15,,,,0,0,0,0,0
5901,11,,,,0,0,0,0,0
5901,12,,,,0,0,0,0,0
5901,13,,,,0,0,0,0,0
5901,14,,,,0,0,0,0,0
5901,15,,,,0,0,0,0,0
5902,11,,,,0,0,0,0,0
5902,12,,,,0,0,0,0,0
5902,13,,,,0,0,0,0,0
5902,14,,,,0,0,0,0,0
5902,15,,,,0,0,0,0,0
5903,11,,,,0,0,0,0,0
5903,12,,,,0,0,0,0,0
5903,13,,,,0,0,0,0,0
5903,14,,,,0,0,0,0,0
5903,15,,,,0,0,0,0,0
5904,11,,,,0,0,0,0,0
5904,12,,,,0,0,0,0,0
5904,13,,,,0,0,0,0,0
5904,14,,,,0,0,0,0,0
5904,15,,,,0,0,0,0,0
5905,11,,,,0,0,0,0,0
5905,12,,,,0,0,0,0,0
5905,13,,,,0,0,0,0,0
5905,14,,,,0,0,0,0,0
5905,15,,,,0,0,0,0,0
5906,11,,,,0,0,0,0,0
5906,12,,,,0,0,0,0,0
5906,13,,,,0,0,0,0,0
5906,14,,,,0,0,0,0,0
5906,15,,,,0,0,0,0,0
5907,11,,,,0,0,0,0,0
5907,12,,,,0,0,0,0,0
5907,13,,,,0,0,0,0,0
5907,14,,,,0,0,0,0,0
5907,15,,,,0,0,0,0,0
5908,11,,,,0,0,0,0,0
5908,12,,,,0,0,0,0,0
5908,13,,,,0,0,0,0,0
5908,14,,,,0,0,0,0,0
5908,15,,,,0,0,0,0,0
5909,11,,,,0,0,0,0,0
5909,12,,,,0,0,0,0,0
5909,13,,,,0,0,0,0,0
5909,14,,,,0,0,0,0,0
5909,15,,,,0,0,0,0,0
5910,11,,,,0,0,0,0,0
5910,12,,,,0,0,0,0,0
5910,13,,,,0,0,0,0,0
5910,14,,,,0,0,0,0,0
5910,15,,,,0,0,0,0,0
5911,11,,,,0,0,0,0,0
5911,12,,,,0,0,0,0,0
5911,13,,,,0,0,0,0,0
5911,14,,,,0,0,0,0,0
5911,15,,,,0,0,0,0,0
5912,11,,,,0,0,0,0,0
5912,12,,,,0,0,0,0,0
5912,13,,,,0,0,0,0,0
5912,14,,,,0,0,0,0,0
5912,15,,,,0,0,0,0,0
5913,11,,,,0,0,0,0,0
5913,12,,,,0,0,0,0,0
5913,13,,,,0,0,0,0,0
5913,14,,,,0,0,0,0,0
5913,15,,,,0,0,0,0,0
5914,11,,,,0,0,0,0,0
5914,12,,,,0,0,0,0,0
5914,13,,,,0,0,0,0,0
5914,14,,,,0,0,0,0,0
5914,15,,,,0,0,0,0,0
5915,11,,,,0,0,0,0,0
5915,12,,,,0,0,0,0,0
5915,13,,,,0,0,0,0,0
5915,14,,,,0,0,0,0,0
5915,15,,,,0,0,0,0,0
5916,11,,,,0,0,0,0,0
5916,12,,,,0,0,0,0,0
5916,13,,,,0,0,0,0,0
5916,14,,,,0,0,0,0,0
5916,15,,,,0,0,0,0,0
5917,11,,,,0,0,0,0,0
5917,12,,,,0,0,0,0,0
5917,13,,,,0,0,0,0,0
5917,14,,,,0,0,0,0,0
5917,15,,,,0,0,0,0,0
5918,11,,,,0,0,0,0,0
5918,12,,,,0,0,0,0,0
5918,13,,,,0,0,0,0,0
5918,14,,,,0,0,0,0,0
5918,15,,,,0,0,0,0,0
5919,11,,,,0,0,0,0,0
5919,12,,,,0,0,0,0,0
5919,13,,,,0,0,0,0,0
5919,14,,,,0,0,0,0,0
5919,15,,,,0,0,0,0,0
5920,11,,,,0,0,0,0,0
5920,12,,,,0,0,0,0,0
5920,13,,,,0,0,0,0,0
5920,14,,,,0,0,0,0,0
5920,15,,,,0,0,0,0,0
5921,11,,,,0,0,0,0,0
5921,12,,,,0,0,0,0,0
5921,13,,,,0,0,0,0,0
5921,14,,,,0,0,0,0,0
5921,15,,,,0,0,0,0,0
5922,11,,,,0,0,0,0,0
5922,12,,,,0,0,0,0,0
5922,13,,,,0,0,0,0,0
5922,14,,,,0,0,0,0,0
5922,15,,,,0,0,0,0,0
5923,11,,,,0,0,0,0,0
5923,12,,,,0,0,0,0,0
5923,13,,,,0,0,0,0,0
5923,14,,,,0,0,0,0,0
5923,15,,,,0,0,0,0,0
5924,11,,,,0,0,0,0,0
5924,12,,,,0,0,0,0,0
5924,13,,,,0,0,0,0,0
5924,14,,,,0,0,0,0,0
5924,15,,,,0,0,0,0,0
5925,11,,,,0,0,0,0,0
5925,12,,,,0,0,0,0,0
5925,13,,,,0,0,0,0,0
5925,14,,,,0,0,0,0,0
5925,15,,,,0,0,0,0,0
5926,11,,,,0,0,0,0,0
5926,12,,,,0,0,0,0,0
5926,13,,,,0,0,0,0,0
5926,14,,,,0,0,0,0,0
5926,15,,,,0,0,0,0,0
5927,11,,,,0,0,0,0,0
5927,12,,,,0,0,0,0,0
5927,13,,,,0,0,0,0,0
5927,14,,,,0,0,0,0,0
5927,15,,,,0,0,0,0,0
5928,11,,,,0,0,0,0,0
5928,12,,,,0,0,0,0,0
5928,13,,,,0,0,0,0,0
5928,14,,,,0,0,0,0,0
5928,15,,,,0,0,0,0,0
5929,11,,,,0,0,0,0,0
5929,12,,,,0,0,0,0,0
5929,13,,,,0,0,0,0,0
5929,14,,,,0,0,0,0,0
5929,15,,,,0,0,0,0,0
5930,11,,,,0,0,0,0,0
5930,12,,,,0,0,0,0,0
5930,13,,,,0,0,0,0,0
5930,14,,,,0,0,0,0,0
5930,15,,,,0,0,0,0,0
5931,11,,,,0,0,0,0,0
5931,12,,,,0,0,0,0,0
5931,13,,,,0,0,0,0,0
5931,14,,,,0,0,0,0,0
5931,15,,,,0,0,0,0,0
5932,11,,,,0,0,0,0,0
5932,12,,,,0,0,0,0,0
5932,13,,,,0,0,0,0,0
5932,14,,,,0,0,0,0,0
5932,15,,,,0,0,0,0,0
5933,11,,,,0,0,0,0,0
5933,12,,,,0,0,0,0,0
5933,13,,,,0,0,0,0,0
5933,14,,,,0,0,0,0,0
5933,15,,,,0,0,0,0,0
5934,11,,,,0,0,0,0,0
5934,12,,,,0,0,0,0,0
5934,13,,,,0,0,0,0,0
5934,14,,,,0,0,0,0,0
5934,15,,,,0,0,0,0,0
5935,11,,,,0,0,0,0,0
5935,12,,,,0,0,0,0,0
5935,13,,,,0,0,0,0,0
5935,14,,,,0,0,0,0,0
5935,15,,,,0,0,0,0,0
5936,11,,,,0,0,0,0,0
5936,12,,,,0,0,0,0,0
5936,13,,,,0,0,0,0,0
5936,14,,,,0,0,0,0,0
5936,15,,,,0,0,0,0,0
5937,11,,,,0,0,0,0,0
5937,12,,,,0,0,0,0,0
5937,13,,,,0,0,0,0,0
5937,14,,,,0,0,0,0,0
5937,15,,,,0,0,0,0,0
5938,11,,,,0,0,0,0,0
5938,12,,,,0,0,0,0,0
5938,13,,,,0,0,0,0,0
5938,14,,,,0,0,0,0,0
5938,15,,,,0,0,0,0,0
5939,11,,,,0,0,0,0,0
5939,12,,,,0,0,0,0,0
5939,13,,,,0,0,0,0,0
5939,14,,,,0,0,0,0,0
5939,15,,,,0,0,0,0,0
5940,11,,,,0,0,0,0,0
5940,12,,,,0,0,0,0,0
5940,13,,,,0,0,0,0,0
5940,14,,,,0,0,0,0,0
5940,15,,,,0,0,0,0,0
5941,11,,,,0,0,0,0,0
5941,12,,,,0,0,0,0,0
5941,13,,,,0,0,0,0,0
5941,14,,,,0,0,0,0,0
5941,15,,,,0,0,0,0,0
5942,11,,,,0,0,0,0,0
5942,12,,,,0,0,0,0,0
5942,13,,,,0,0,0,0,0
5942,14,,,,0,0,0,0,0
5942,15,,,,0,0,0,0,0
5943,11,,,,0,0,0,0,0
5943,12,,,,0,0,0,0,0
5943,13,,,,0,0,0,0,0
5943,14,,,,0,0,0,0,0
5943,15,,,,0,0,0,0,0
5944,11,,,,0,0,0,0,0
5944,12,,,,0,0,0,0,0
5944,13,,,,0,0,0,0,0
5944,14,,,,0,0,0,0,0
5944,15,,,,0,0,0,0,0
5945,11,,,,0,0,0,0,0
5945,12,,,,0,0,0,0,0
5945,13,,,,0,0,0,0,0
5945,14,,,,0,0,0,0,0
5945,15,,,,0,0,0,0,0
5946,11,,,,0,0,0,0,0
5946,12,,,,0,0,0,0,0
5946,13,,,,0,0,0,0,0
5946,14,,,,0,0,0,0,0
5946,15,,,,0,0,0,0,0
5947,11,,,,0,0,0,0,0
5947,12,,,,0,0,0,0,0
5947,13,,,,0,0,0,0,0
5947,14,,,,0,0,0,0,0
5947,15,,,,0,0,0,0,0
5948,11,,,,0,0,0,0,0
5948,12,,,,0,0,0,0,0
5948,13,,,,0,0,0,0,0
5948,14,,,,0,0,0,0,0
5948,15,,,,0,0,0,0,0
5949,11,,,,0,0,0,0,0
5949,12,,,,0,0,0,0,0
5949,13,,,,0,0,0,0,0
5949,14,,,,0,0,0,0,0
5949,15,,,,0,0,0,0,0
5950,11,,,,0,0,0,0,0
5950,12,,,,0,0,0,0,0
5950,13,,,,0,0,0,0,0
5950,14,,,,0,0,0,0,0
5950,15,,,,0,0,0,0,0
5951,11,,,,0,0,0,0,0
5951,12,,,,0,0,0,0,0
5951,13,,,,0,0,0,0,0
5951,14,,,,0,0,0,0,0
5951,15,,,,0,0,0,0,0
5952,11,,,,0,0,0,0,0
5952,12,,,,0,0,0,0,0
5952,13,,,,0,0,0,0,0
5952,14,,,,0,0,0,0,0
5952,15,,,,0,0,0,0,0
5953,11,,,,0,0,0,0,0
5953,12,,,,0,0,0,0,0
5953,13,,,,0,0,0,0,0
5953,14,,,,0,0,0,0,0
5953,15,,,,0,0,0,0,0
5954,11,,,,0,0,0,0,0
5954,12,,,,0,0,0,0,0
5954,13,,,,0,0,0,0,0
5954,14,,,,0,0,0,0,0
5954,15,,,,0,0,0,0,0
5955,11,,,,0,0,0,0,0
5955,12,,,,0,0,0,0,0
5955,13,,,,0,0,0,0,0
5955,14,,,,0,0,0,0,0
5955,15,,,,0,0,0,0,0
5956,11,,,,0,0,0,0,0
5956,12,,,,0,0,0,0,0
5956,13,,,,0,0,0,0,0
5956,14,,,,0,0,0,0,0
5956,15,,,,0,0,0,0,0
5957,11,,,,0,0,0,0,0
5957,12,,,,0,0,0,0,0
5957,13,,,,0,0,0,0,0
5957,14,,,,0,0,0,0,0
5957,15,,,,0,0,0,0,0
5958,11,,,,0,0,0,0,0
5958,12,,,,0,0,0,0,0
5958,13,,,,0,0,0,0,0
5958,14,,,,0,0,0,0,0
5958,15,,,,0,0,0,0,0
5959,11,,,,0,0,0,0,0
5959,12,,,,0,0,0,0,0
5959,13,,,,0,0,0,0,0
5959,14,,,,0,0,0,0,0
5959,15,,,,0,0,0,0,0
5960,11,,,,0,0,0,0,0
5960,12,,,,0,0,0,0,0
5960,13,,,,0,0,0,0,0
5960,14,,,,0,0,0,0,0
5960,15,,,,0,0,0,0,0
5961,11,,,,0,0,0,0,0
5961,12,,,,0,0,0,0,0
5961,13,,,,0,0,0,0,0
5961,14,,,,0,0,0,0,0
5961,15,,,,0,0,0,0,0
5962,11,,,,0,0,0,0,0
5962,12,,,,0,0,0,0,0
5962,13,,,,0,0,0,0,0
5962,14,,,,0,0,0,0,0
5962,15,,,,0,0,0,0,0
5963,11,,,,0,0,0,0,0
5963,12,,,,0,0,0,0,0
5963,13,,,,0,0,0,0,0
5963,14,,,,0,0,0,0,0
5963,15,,,,0,0,0,0,0
5964,11,,,,0,0,0,0,0
5964,12,,,,0,0,0,0,0
5964,13,,,,0,0,0,0,0
5964,14,,,,0,0,0,0,0
5964,15,,,,0,0,0,0,0
5965,11,,,,0,0,0,0,0
5965,12,,,,0,0,0,0,0
5965,13,,,,0,0,0,0,0
5965,14,,,,0,0,0,0,0
5965,15,,,,0,0,0,0,0
5966,11,,,,0,0,0,0,0
5966,12,,,,0,0,0,0,0
5966,13,,,,0,0,0,0,0
5966,14,,,,0,0,0,0,0
5966,15,,,,0,0,0,0,0
5967,11,,,,0,0,0,0,0
5967,12,,,,0,0,0,0,0
5967,13,,,,0,0,0,0,0
5967,14,,,,0,0,0,0,0
5967,15,,,,0,0,0,0,0
5968,11,,,,0,0,0,0,0
5968,12,,,,0,0,0,0,0
5968,13,,,,0,0,0,0,0
5968,14,,,,0,0,0,0,0
5968,15,,,,0,0,0,0,0
5969,11,,,,0,0,0,0,0
5969,12,,,,0,0,0,0,0
5969,13,,,,0,0,0,0,0
5969,14,,,,0,0,0,0,0
5969,15,,,,0,0,0,0,0
5970,11,,,,0,0,0,0,0
5970,12,,,,0,0,0,0,0
5970,13,,,,0,0,0,0,0
5970,14,,,,0,0,0,0,0
5970,15,,,,0,0,0,0,0
5971,11,,,,0,0,0,0,0
5971,12,,,,0,0,0,0,0
5971,13,,,,0,0,0,0,0
5971,14,,,,0,0,0,0,0
5971,15,,,,0,0,0,0,0
5972,11,,,,0,0,0,0,0
5972,12,,,,0,0,0,0,0
5972,13,,,,0,0,0,0,0
5972,14,,,,0,0,0,0,0
5972,15,,,,0,0,0,0,0
5973,11,,,,0,0,0,0,0
5973,12,,,,0,0,0,0,0
5973,13,,,,0,0,0,0,0
5973,14,,,,0,0,0,0,0
5973,15,,,,0,0,0,0,0
5974,11,,,,0,0,0,0,0
5974,12,,,,0,0,0,0,0
5974,13,,,,0,0,0,0,0
5974,14,,,,0,0,0,0,0
5974,15,,,,0,0,0,0,0
5975,11,,,,0,0,0,0,0
5975,12,,,,0,0,0,0,0
5975,13,,,,0,0,0,0,0
5975,14,,,,0,0,0,0,0
5975,15,,,,0,0,0,0,0
5976,11,,,,0,0,0,0,0
5976,12,,,,0,0,0,0,0
5976,13,,,,0,0,0,0,0
5976,14,,,,0,0,0,0,0
5976,15,,,,0,0,0,0,0
5977,11,,,,0,0,0,0,0
5977,12,,,,0,0,0,0,0
5977,13,,,,0,0,0,0,0
5977,14,,,,0,0,0,0,0
5977,15,,,,0,0,0,0,0
5978,11,,,,0,0,0,0,0
5978,12,,,,0,0,0,0,0
5978,13,,,,0,0,0,0,0
5978,14,,,,0,0,0,0,0
5978,15,,,,0,0,0,0,0
5979,11,,,,0,0,0,0,0
5979,12,,,,0,0,0,0,0
5979,13,,,,0,0,0,0,0
5979,14,,,,0,0,0,0,0
5979,15,,,,0,0,0,0,0
5980,11,,,,0,0,0,0,0
5980,12,,,,0,0,0,0,0
5980,13,,,,0,0,0,0,0
5980,14,,,,0,0,0,0,0
5980,15,,,,0,0,0,0,0
5981,11,,,,0,0,0,0,0
5981,12,,,,0,0,0,0,0
5981,13,,,,0,0,0,0,0
5981,14,,,,0,0,0,0,0
5981,15,,,,0,0,0,0,0
5982,11,,,,0,0,0,0,0
5982,12,,,,0,0,0,0,0
5982,13,,,,0,0,0,0,0
5982,14,,,,0,0,0,0,0
5982,15,,,,0,0,0,0,0
5983,11,,,,0,0,0,0,0
5983,12,,,,0,0,0,0,0
5983,13,,,,0,0,0,0,0
5983,14,,,,0,0,0,0,0
5983,15,,,,0,0,0,0,0
5984,11,,,,0,0,0,0,0
5984,12,,,,0,0,0,0,0
5984,13,,,,0,0,0,0,0
5984,14,,,,0,0,0,0,0
5984,15,,,,0,0,0,0,0
5985,11,,,,0,0,0,0,0
5985,12,,,,0,0,0,0,0
5985,13,,,,0,0,0,0,0
5985,14,,,,0,0,0,0,0
5985,15,,,,0,0,0,0,0
5986,11,,,,0,0,0,0,0
5986,12,,,,0,0,0,0,0
5986,13,,,,0,0,0,0,0
5986,14,,,,0,0,0,0,0
5986,15,,,,0,0,0,0,0
5987,11,,,,0,0,0,0,0
5987,12,,,,0,0,0,0,0
5987,13,,,,0,0,0,0,0
5987,14,,,,0,0,0,0,0
5987,15,,,,0,0,0,0,0
5988,11,,,,0,0,0,0,0
5988,12,,,,0,0,0,0,0
5988,13,,,,0,0,0,0,0
5988,14,,,,0,0,0,0,0
5988,15,,,,0,0,0,0,0
5989,11,,,,0,0,0,0,0
5989,12,,,,0,0,0,0,0
5989,13,,,,0,0,0,0,0
5989,14,,,,0,0,0,0,0
5989,15,,,,0,0,0,0,0
5990,11,,,,0,0,0,0,0
5990,12,,,,0,0,0,0,0
5990,13,,,,0,0,0,0,0
5990,14,,,,0,0,0,0,0
5990,15,,,,0,0,0,0,0
5991,11,,,,0,0,0,0,0
5991,12,,,,0,0,0,0,0
5991,13,,,,0,0,0,0,0
5991,14,,,,0,0,0,0,0
5991,15,,,,0,0,0,0,0
5992,11,,,,0,0,0,0,0
5992,12,,,,0,0,0,0,0
5992,13,,,,0,0,0,0,0
5992,14,,,,0,0,0,0,0
5992,15,,,,0,0,0,0,0
5993,11,,,,0,0,0,0,0
5993,12,,,,0,0,0,0,0
5993,13,,,,0,0,0,0,0
5993,14,,,,0,0,0,0,0
5993,15,,,,0,0,0,0,0
5994,11,,,,0,0,0,0,0
5994,12,,,,0,0,0,0,0
5994,13,,,,0,0,0,0,0
5994,14,,,,0,0,0,0,0
5994,15,,,,0,0,0,0,0
5995,11,,,,0,0,0,0,0
5995,12,,,,0,0,0,0,0
5995,13,,,,0,0,0,0,0
5995,14,,,,0,0,0,0,0
5995,15,,,,0,0,0,0,0
5996,11,,,,0,0,0,0,0
5996,12,,,,0,0,0,0,0
5996,13,,,,0,0,0,0,0
5996,14,,,,0,0,0,0,0
5996,15,,,,0,0,0,0,0
5997,11,,,,0,0,0,0,0
5997,12,,,,0,0,0,0,0
5997,13,,,,0,0,0,0,0
5997,14,,,,0,0,0,0,0
5997,15,,,,0,0,0,0,0
5998,11,,,,0,0,0,0,0
5998,12,,,,0,0,0,0,0
5998,13,,,,0,0,0,0,0
5998,14,,,,0,0,0,0,0
5998,15,,,,0,0,0,0,0
5999,11,,,,0,0,0,0,0
5999,12,,,,0,0,0,0,0
5999,13,,,,0,0,0,0,0
5999,14,,,,0,0,0,0,0
5999,15,,,,0,0,0,0,0
6000,11,,,,0,0,0,0,0
6000,12,,,,0,0,0,0,0
6000,13,,,,0,0,0,0,0
6000,14,,,,0,0,0,0,0
6000,15,,,,0,0,0,0,0
6001,11,,,,0,0,0,0,0
6001,12,,,,0,0,0,0,0
6001,13,,,,0,0,0,0,0
6001,14,,,,0,0,0,0,0
6001,15,,,,0,0,0,0,0
6002,11,,,,0,0,0,0,0
6002,12,,,,0,0,0,0,0
6002,13,,,,0,0,0,0,0
6002,14,,,,0,0,0,0,0
6002,15,,,,0,0,0,0,0
6003,11,,,,0,0,0,0,0
6003,12,,,,0,0,0,0,0
6003,13,,,,0,0,0,0,0
6003,14,,,,0,0,0,0,0
6003,15,,,,0,0,0,0,0
6004,11,,,,0,0,0,0,0
6004,12,,,,0,0,0,0,0
6004,13,,,,0,0,0,0,0
6004,14,,,,0,0,0,0,0
6004,15,,,,0,0,0,0,0
6005,11,,,,0,0,0,0,0
6005,12,,,,0,0,0,0,0
6005,13,,,,0,0,0,0,0
6005,14,,,,0,0,0,0,0
6005,15,,,,0,0,0,0,0
6006,11,,,,0,0,0,0,0
6006,12,,,,0,0,0,0,0
6006,13,,,,0,0,0,0,0
6006,14,,,,0,0,0,0,0
6006,15,,,,0,0,0,0,0
6007,11,,,,0,0,0,0,0
6007,12,,,,0,0,0,0,0
6007,13,,,,0,0,0,0,0
6007,14,,,,0,0,0,0,0
6007,15,,,,0,0,0,0,0
6008,11,,,,0,0,0,0,0
6008,12,,,,0,0,0,0,0
6008,13,,,,0,0,0,0,0
6008,14,,,,0,0,0,0,0
6008,15,,,,0,0,0,0,0
6009,11,,,,0,0,0,0,0
6009,12,,,,0,0,0,0,0
6009,13,,,,0,0,0,0,0
6009,14,,,,0,0,0,0,0
6009,15,,,,0,0,0,0,0
6010,11,,,,0,0,0,0,0
6010,12,,,,0,0,0,0,0
6010,13,,,,0,0,0,0,0
6010,14,,,,0,0,0,0,0
6010,15,,,,0,0,0,0,0
6011,11,,,,0,0,0,0,0
6011,12,,,,0,0,0,0,0
6011,13,,,,0,0,0,0,0
6011,14,,,,0,0,0,0,0
6011,15,,,,0,0,0,0,0
6012,11,,,,0,0,0,0,0
6012,12,,,,0,0,0,0,0
6012,13,,,,0,0,0,0,0
6012,14,,,,0,0,0,0,0
6012,15,,,,0,0,0,0,0
6013,11,,,,0,0,0,0,0
6013,12,,,,0,0,0,0,0
6013,13,,,,0,0,0,0,0
6013,14,,,,0,0,0,0,0
6013,15,,,,0,0,0,0,0
6014,11,,,,0,0,0,0,0
6014,12,,,,0,0,0,0,0
6014,13,,,,0,0,0,0,0
6014,14,,,,0,0,0,0,0
6014,15,,,,0,0,0,0,0
6015,11,,,,0,0,0,0,0
6015,12,,,,0,0,0,0,0
6015,13,,,,0,0,0,0,0
6015,14,,,,0,0,0,0,0
6015,15,,,,0,0,0,0,0
6016,11,,,,0,0,0,0,0
6016,12,,,,0,0,0,0,0
6016,13,,,,0,0,0,0,0
6016,14,,,,0,0,0,0,0
6016,15,,,,0,0,0,0,0
6017,11,,,,0,0,0,0,0
6017,12,,,,0,0,0,0,0
6017,13,,,,0,0,0,0,0
6017,14,,,,0,0,0,0,0
6017,15,,,,0,0,0,0,0
6018,11,,,,0,0,0,0,0
6018,12,,,,0,0,0,0,0
6018,13,,,,0,0,0,0,0
6018,14,,,,0,0,0,0,0
6018,15,,,,0,0,0,0,0
6019,11,,,,0,0,0,0,0
6019,12,,,,0,0,0,0,0
6019,13,,,,0,0,0,0,0
6019,14,,,,0,0,0,0,0
6019,15,,,,0,0,0,0,0
6020,11,,,,0,0,0,0,0
6020,12,,,,0,0,0,0,0
6020,13,,,,0,0,0,0,0
6020,14,,,,0,0,0,0,0
6020,15,,,,0,0,0,0,0
6021,11,,,,0,0,0,0,0
6021,12,,,,0,0,0,0,0
6021,13,,,,0,0,0,0,0
6021,14,,,,0,0,0,0,0
6021,15,,,,0,0,0,0,0
6022,11,,,,0,0,0,0,0
6022,12,,,,0,0,0,0,0
6022,13,,,,0,0,0,0,0
6022,14,,,,0,0,0,0,0
6022,15,,,,0,0,0,0,0
6023,11,,,,0,0,0,0,0
6023,12,,,,0,0,0,0,0
6023,13,,,,0,0,0,0,0
6023,14,,,,0,0,0,0,0
6023,15,,,,0,0,0,0,0
6024,11,,,,0,0,0,0,0
6024,12,,,,0,0,0,0,0
6024,13,,,,0,0,0,0,0
6024,14,,,,0,0,0,0,0
6024,15,,,,0,0,0,0,0
6025,11,,,,0,0,0,0,0
6025,12,,,,0,0,0,0,0
6025,13,,,,0,0,0,0,0
6025,14,,,,0,0,0,0,0
6025,15,,,,0,0,0,0,0
6026,11,,,,0,0,0,0,0
6026,12,,,,0,0,0,0,0
6026,13,,,,0,0,0,0,0
6026,14,,,,0,0,0,0,0
6026,15,,,,0,0,0,0,0
6027,11,,,,0,0,0,0,0
6027,12,,,,0,0,0,0,0
6027,13,,,,0,0,0,0,0
6027,14,,,,0,0,0,0,0
6027,15,,,,0,0,0,0,0
6028,11,,,,0,0,0,0,0
6028,12,,,,0,0,0,0,0
6028,13,,,,0,0,0,0,0
6028,14,,,,0,0,0,0,0
6028,15,,,,0,0,0,0,0
6029,11,,,,0,0,0,0,0
6029,12,,,,0,0,0,0,0
6029,13,,,,0,0,0,0,0
6029,14,,,,0,0,0,0,0
6029,15,,,,0,0,0,0,0
6030,11,,,,0,0,0,0,0
6030,12,,,,0,0,0,0,0
6030,13,,,,0,0,0,0,0
6030,14,,,,0,0,0,0,0
6030,15,,,,0,0,0,0,0
6031,11,,,,0,0,0,0,0
6031,12,,,,0,0,0,0,0
6031,13,,,,0,0,0,0,0
6031,14,,,,0,0,0,0,0
6031,15,,,,0,0,0,0,0
6032,11,,,,0,0,0,0,0
6032,12,,,,0,0,0,0,0
6032,13,,,,0,0,0,0,0
6032,14,,,,0,0,0,0,0
6032,15,,,,0,0,0,0,0
6033,11,,,,0,0,0,0,0
6033,12,,,,0,0,0,0,0
6033,13,,,,0,0,0,0,0
6033,14,,,,0,0,0,0,0
6033,15,,,,0,0,0,0,0
6034,11,,,,0,0,0,0,0
6034,12,,,,0,0,0,0,0
6034,13,,,,0,0,0,0,0
6034,14,,,,0,0,0,0,0
6034,15,,,,0,0,0,0,0
6035,11,,,,0,0,0,0,0
6035,12,,,,0,0,0,0,0
6035,13,,,,0,0,0,0,0
6035,14,,,,0,0,0,0,0
6035,15,,,,0,0,0,0,0
6036,11,,,,0,0,0,0,0
6036,12,,,,0,0,0,0,0
6036,13,,,,0,0,0,0,0
6036,14,,,,0,0,0,0,0
6036,15,,,,0,0,0,0,0
6037,11,,,,0,0,0,0,0
6037,12,,,,0,0,0,0,0
6037,13,,,,0,0,0,0,0
6037,14,,,,0,0,0,0,0
6037,15,,,,0,0,0,0,0
6038,11,,,,0,0,0,0,0
6038,12,,,,0,0,0,0,0
6038,13,,,,0,0,0,0,0
6038,14,,,,0,0,0,0,0
6038,15,,,,0,0,0,0,0
6039,11,,,,0,0,0,0,0
6039,12,,,,0,0,0,0,0
6039,13,,,,0,0,0,0,0
6039,14,,,,0,0,0,0,0
6039,15,,,,0,0,0,0,0
6040,11,,,,0,0,0,0,0
6040,12,,,,0,0,0,0,0
6040,13,,,,0,0,0,0,0
6040,14,,,,0,0,0,0,0
6040,15,,,,0,0,0,0,0
6041,11,,,,0,0,0,0,0
6041,12,,,,0,0,0,0,0
6041,13,,,,0,0,0,0,0
6041,14,,,,0,0,0,0,0
6041,15,,,,0,0,0,0,0
6042,11,,,,0,0,0,0,0
6042,12,,,,0,0,0,0,0
6042,13,,,,0,0,0,0,0
6042,14,,,,0,0,0,0,0
6042,15,,,,0,0,0,0,0
6043,11,,,,0,0,0,0,0
6043,12,,,,0,0,0,0,0
6043,13,,,,0,0,0,0,0
6043,14,,,,0,0,0,0,0
6043,15,,,,0,0,0,0,0
6044,11,,,,0,0,0,0,0
6044,12,,,,0,0,0,0,0
6044,13,,,,0,0,0,0,0
6044,14,,,,0,0,0,0,0
6044,15,,,,0,0,0,0,0
6045,11,,,,0,0,0,0,0
6045,12,,,,0,0,0,0,0
6045,13,,,,0,0,0,0,0
6045,14,,,,0,0,0,0,0
6045,15,,,,0,0,0,0,0
6046,11,,,,0,0,0,0,0
6046,12,,,,0,0,0,0,0
6046,13,,,,0,0,0,0,0
6046,14,,,,0,0,0,0,0
6046,15,,,,0,0,0,0,0
6047,11,,,,0,0,0,0,0
6047,12,,,,0,0,0,0,0
6047,13,,,,0,0,0,0,0
6047,14,,,,0,0,0,0,0
6047,15,,,,0,0,0,0,0
6048,11,,,,0,0,0,0,0
6048,12,,,,0,0,0,0,0
6048,13,,,,0,0,0,0,0
6048,14,,,,0,0,0,0,0
6048,15,,,,0,0,0,0,0
6049,11,,,,0,0,0,0,0
6049,12,,,,0,0,0,0,0
6049,13,,,,0,0,0,0,0
6049,14,,,,0,0,0,0,0
6049,15,,,,0,0,0,0,0
6050,11,,,,0,0,0,0,0
6050,12,,,,0,0,0,0,0
6050,13,,,,0,0,0,0,0
6050,14,,,,0,0,0,0,0
6050,15,,,,0,0,0,0,0
6051,11,,,,0,0,0,0,0
6051,12,,,,0,0,0,0,0
6051,13,,,,0,0,0,0,0
6051,14,,,,0,0,0,0,0
6051,15,,,,0,0,0,0,0
6052,11,,,,0,0,0,0,0
6052,12,,,,0,0,0,0,0
6052,13,,,,0,0,0,0,0
6052,14,,,,0,0,0,0,0
6052,15,,,,0,0,0,0,0
6053,11,,,,0,0,0,0,0
6053,12,,,,0,0,0,0,0
6053,13,,,,0,0,0,0,0
6053,14,,,,0,0,0,0,0
6053,15,,,,0,0,0,0,0
6054,11,,,,0,0,0,0,0
6054,12,,,,0,0,0,0,0
6054,13,,,,0,0,0,0,0
6054,14,,,,0,0,0,0,0
6054,15,,,,0,0,0,0,0
6055,11,,,,0,0,0,0,0
6055,12,,,,0,0,0,0,0
6055,13,,,,0,0,0,0,0
6055,14,,,,0,0,0,0,0
6055,15,,,,0,0,0,0,0
6056,11,,,,0,0,0,0,0
6056,12,,,,0,0,0,0,0
6056,13,,,,0,0,0,0,0
6056,14,,,,0,0,0,0,0
6056,15,,,,0,0,0,0,0
6057,11,,,,0,0,0,0,0
6057,12,,,,0,0,0,0,0
6057,13,,,,0,0,0,0,0
6057,14,,,,0,0,0,0,0
6057,15,,,,0,0,0,0,0
6058,11,,,,0,0,0,0,0
6058,12,,,,0,0,0,0,0
6058,13,,,,0,0,0,0,0
6058,14,,,,0,0,0,0,0
6058,15,,,,0,0,0,0,0
6059,11,,,,0,0,0,0,0
6059,12,,,,0,0,0,0,0
6059,13,,,,0,0,0,0,0
6059,14,,,,0,0,0,0,0
6059,15,,,,0,0,0,0,0
6060,11,,,,0,0,0,0,0
6060,12,,,,0,0,0,0,0
6060,13,,,,0,0,0,0,0
6060,14,,,,0,0,0,0,0
6060,15,,,,0,0,0,0,0
6061,11,,,,0,0,0,0,0
6061,12,,,,0,0,0,0,0
6061,13,,,,0,0,0,0,0
6061,14,,,,0,0,0,0,0
6061,15,,,,0,0,0,0,0
6062,11,,,,0,0,0,0,0
6062,12,,,,0,0,0,0,0
6062,13,,,,0,0,0,0,0
6062,14,,,,0,0,0,0,0
6062,15,,,,0,0,0,0,0
6063,11,,,,0,0,0,0,0
6063,12,,,,0,0,0,0,0
6063,13,,,,0,0,0,0,0
6063,14,,,,0,0,0,0,0
6063,15,,,,0,0,0,0,0
6064,11,,,,0,0,0,0,0
6064,12,,,,0,0,0,0,0
6064,13,,,,0,0,0,0,0
6064,14,,,,0,0,0,0,0
6064,15,,,,0,0,0,0,0
6065,11,,,,0,0,0,0,0
6065,12,,,,0,0,0,0,0
6065,13,,,,0,0,0,0,0
6065,14,,,,0,0,0,0,0
6065,15,,,,0,0,0,0,0
6066,11,,,,0,0,0,0,0
6066,12,,,,0,0,0,0,0
6066,13,,,,0,0,0,0,0
6066,14,,,,0,0,0,0,0
6066,15,,,,0,0,0,0,0
6067,11,,,,0,0,0,0,0
6067,12,,,,0,0,0,0,0
6067,13,,,,0,0,0,0,0
6067,14,,,,0,0,0,0,0
6067,15,,,,0,0,0,0,0
6068,11,,,,0,0,0,0,0
6068,12,,,,0,0,0,0,0
6068,13,,,,0,0,0,0,0
6068,14,,,,0,0,0,0,0
6068,15,,,,0,0,0,0,0
6069,11,,,,0,0,0,0,0
6069,12,,,,0,0,0,0,0
6069,13,,,,0,0,0,0,0
6069,14,,,,0,0,0,0,0
6069,15,,,,0,0,0,0,0
6070,11,,,,0,0,0,0,0
6070,12,,,,0,0,0,0,0
6070,13,,,,0,0,0,0,0
6070,14,,,,0,0,0,0,0
6070,15,,,,0,0,0,0,0
6071,11,,,,0,0,0,0,0
6071,12,,,,0,0,0,0,0
6071,13,,,,0,0,0,0,0
6071,14,,,,0,0,0,0,0
6071,15,,,,0,0,0,0,0
6072,11,,,,0,0,0,0,0
6072,12,,,,0,0,0,0,0
6072,13,,,,0,0,0,0,0
6072,14,,,,0,0,0,0,0
6072,15,,,,0,0,0,0,0
6073,11,,,,0,0,0,0,0
6073,12,,,,0,0,0,0,0
6073,13,,,,0,0,0,0,0
6073,14,,,,0,0,0,0,0
6073,15,,,,0,0,0,0,0
6074,11,,,,0,0,0,0,0
6074,12,,,,0,0,0,0,0
6074,13,,,,0,0,0,0,0
6074,14,,,,0,0,0,0,0
6074,15,,,,0,0,0,0,0
6075,11,,,,0,0,0,0,0
6075,12,,,,0,0,0,0,0
6075,13,,,,0,0,0,0,0
6075,14,,,,0,0,0,0,0
6075,15,,,,0,0,0,0,0
6076,11,,,,0,0,0,0,0
6076,12,,,,0,0,0,0,0
6076,13,,,,0,0,0,0,0
6076,14,,,,0,0,0,0,0
6076,15,,,,0,0,0,0,0
6077,11,,,,0,0,0,0,0
6077,12,,,,0,0,0,0,0
6077,13,,,,0,0,0,0,0
6077,14,,,,0,0,0,0,0
6077,15,,,,0,0,0,0,0
6078,11,,,,0,0,0,0,0
6078,12,,,,0,0,0,0,0
6078,13,,,,0,0,0,0,0
6078,14,,,,0,0,0,0,0
6078,15,,,,0,0,0,0,0
6079,11,,,,0,0,0,0,0
6079,12,,,,0,0,0,0,0
6079,13,,,,0,0,0,0,0
6079,14,,,,0,0,0,0,0
6079,15,,,,0,0,0,0,0
6080,11,,,,0,0,0,0,0
6080,12,,,,0,0,0,0,0
6080,13,,,,0,0,0,0,0
6080,14,,,,0,0,0,0,0
6080,15,,,,0,0,0,0,0
6081,11,,,,0,0,0,0,0
6081,12,,,,0,0,0,0,0
6081,13,,,,0,0,0,0,0
6081,14,,,,0,0,0,0,0
6081,15,,,,0,0,0,0,0
6082,11,,,,0,0,0,0,0
6082,12,,,,0,0,0,0,0
6082,13,,,,0,0,0,0,0
6082,14,,,,0,0,0,0,0
6082,15,,,,0,0,0,0,0
6083,11,,,,0,0,0,0,0
6083,12,,,,0,0,0,0,0
6083,13,,,,0,0,0,0,0
6083,14,,,,0,0,0,0,0
6083,15,,,,0,0,0,0,0
6084,11,,,,0,0,0,0,0
6084,12,,,,0,0,0,0,0
6084,13,,,,0,0,0,0,0
6084,14,,,,0,0,0,0,0
6084,15,,,,0,0,0,0,0
6085,11,,,,0,0,0,0,0
6085,12,,,,0,0,0,0,0
6085,13,,,,0,0,0,0,0
6085,14,,,,0,0,0,0,0
6085,15,,,,0,0,0,0,0
6086,11,,,,0,0,0,0,0
6086,12,,,,0,0,0,0,0
6086,13,,,,0,0,0,0,0
6086,14,,,,0,0,0,0,0
6086,15,,,,0,0,0,0,0
6087,11,,,,0,0,0,0,0
6087,12,,,,0,0,0,0,0
6087,13,,,,0,0,0,0,0
6087,14,,,,0,0,0,0,0
6087,15,,,,0,0,0,0,0
6088,11,,,,0,0,0,0,0
6088,12,,,,0,0,0,0,0
6088,13,,,,0,0,0,0,0
6088,14,,,,0,0,0,0,0
6088,15,,,,0,0,0,0,0
6089,11,,,,0,0,0,0,0
6089,12,,,,0,0,0,0,0
6089,13,,,,0,0,0,0,0
6089,14,,,,0,0,0,0,0
6089,15,,,,0,0,0,0,0
6090,11,,,,0,0,0,0,0
6090,12,,,,0,0,0,0,0
6090,13,,,,0,0,0,0,0
6090,14,,,,0,0,0,0,0
6090,15,,,,0,0,0,0,0
6091,11,,,,0,0,0,0,0
6091,12,,,,0,0,0,0,0
6091,13,,,,0,0,0,0,0
6091,14,,,,0,0,0,0,0
6091,15,,,,0,0,0,0,0
6092,11,,,,0,0,0,0,0
6092,12,,,,0,0,0,0,0
6092,13,,,,0,0,0,0,0
6092,14,,,,0,0,0,0,0
6092,15,,,,0,0,0,0,0
6093,11,,,,0,0,0,0,0
6093,12,,,,0,0,0,0,0
6093,13,,,,0,0,0,0,0
6093,14,,,,0,0,0,0,0
6093,15,,,,0,0,0,0,0
6094,11,,,,0,0,0,0,0
6094,12,,,,0,0,0,0,0
6094,13,,,,0,0,0,0,0
6094,14,,,,0,0,0,0,0
6094,15,,,,0,0,0,0,0
6095,11,,,,0,0,0,0,0
6095,12,,,,0,0,0,0,0
6095,13,,,,0,0,0,0,0
6095,14,,,,0,0,0,0,0
6095,15,,,,0,0,0,0,0
6096,11,,,,0,0,0,0,0
6096,12,,,,0,0,0,0,0
6096,13,,,,0,0,0,0,0
6096,14,,,,0,0,0,0,0
6096,15,,,,0,0,0,0,0
6097,11,,,,0,0,0,0,0
6097,12,,,,0,0,0,0,0
6097,13,,,,0,0,0,0,0
6097,14,,,,0,0,0,0,0
6097,15,,,,0,0,0,0,0
6098,11,,,,0,0,0,0,0
6098,12,,,,0,0,0,0,0
6098,13,,,,0,0,0,0,0
6098,14,,,,0,0,0,0,0
6098,15,,,,0,0,0,0,0
6099,11,,,,0,0,0,0,0
6099,12,,,,0,0,0,0,0
6099,13,,,,0,0,0,0,0
6099,14,,,,0,0,0,0,0
6099,15,,,,0,0,0,0,0
6100,11,,,,0,0,0,0,0
6100,12,,,,0,0,0,0,0
6100,13,,,,0,0,0,0,0
6100,14,,,,0,0,0,0,0
6100,15,,,,0,0,0,0,0
6101,11,,,,0,0,0,0,0
6101,12,,,,0,0,0,0,0
6101,13,,,,0,0,0,0,0
6101,14,,,,0,0,0,0,0
6101,15,,,,0,0,0,0,0
6102,11,,,,0,0,0,0,0
6102,12,,,,0,0,0,0,0
6102,13,,,,0,0,0,0,0
6102,14,,,,0,0,0,0,0
6102,15,,,,0,0,0,0,0
6103,11,,,,0,0,0,0,0
6103,12,,,,0,0,0,0,0
6103,13,,,,0,0,0,0,0
6103,14,,,,0,0,0,0,0
6103,15,,,,0,0,0,0,0
6104,11,,,,0,0,0,0,0
6104,12,,,,0,0,0,0,0
6104,13,,,,0,0,0,0,0
6104,14,,,,0,0,0,0,0
6104,15,,,,0,0,0,0,0
6105,11,,,,0,0,0,0,0
6105,12,,,,0,0,0,0,0
6105,13,,,,0,0,0,0,0
6105,14,,,,0,0,0,0,0
6105,15,,,,0,0,0,0,0
6106,11,,,,0,0,0,0,0
6106,12,,,,0,0,0,0,0
6106,13,,,,0,0,0,0,0
6106,14,,,,0,0,0,0,0
6106,15,,,,0,0,0,0,0
6107,11,,,,0,0,0,0,0
6107,12,,,,0,0,0,0,0
6107,13,,,,0,0,0,0,0
6107,14,,,,0,0,0,0,0
6107,15,,,,0,0,0,0,0
6108,11,,,,0,0,0,0,0
6108,12,,,,0,0,0,0,0
6108,13,,,,0,0,0,0,0
6108,14,,,,0,0,0,0,0
6108,15,,,,0,0,0,0,0
6109,11,,,,0,0,0,0,0
6109,12,,,,0,0,0,0,0
6109,13,,,,0,0,0,0,0
6109,14,,,,0,0,0,0,0
6109,15,,,,0,0,0,0,0
6110,11,,,,0,0,0,0,0
6110,12,,,,0,0,0,0,0
6110,13,,,,0,0,0,0,0
6110,14,,,,0,0,0,0,0
6110,15,,,,0,0,0,0,0
6111,11,,,,0,0,0,0,0
6111,12,,,,0,0,0,0,0
6111,13,,,,0,0,0,0,0
6111,14,,,,0,0,0,0,0
6111,15,,,,0,0,0,0,0
6112,11,,,,0,0,0,0,0
6112,12,,,,0,0,0,0,0
6112,13,,,,0,0,0,0,0
6112,14,,,,0,0,0,0,0
6112,15,,,,0,0,0,0,0
6113,11,,,,0,0,0,0,0
6113,12,,,,0,0,0,0,0
6113,13,,,,0,0,0,0,0
6113,14,,,,0,0,0,0,0
6113,15,,,,0,0,0,0,0
6114,11,,,,0,0,0,0,0
6114,12,,,,0,0,0,0,0
6114,13,,,,0,0,0,0,0
6114,14,,,,0,0,0,0,0
6114,15,,,,0,0,0,0,0
6115,11,,,,0,0,0,0,0
6115,12,,,,0,0,0,0,0
6115,13,,,,0,0,0,0,0
6115,14,,,,0,0,0,0,0
6115,15,,,,0,0,0,0,0
6116,11,,,,0,0,0,0,0
6116,12,,,,0,0,0,0,0
6116,13,,,,0,0,0,0,0
6116,14,,,,0,0,0,0,0
6116,15,,,,0,0,0,0,0
6117,11,,,,0,0,0,0,0
6117,12,,,,0,0,0,0,0
6117,13,,,,0,0,0,0,0
6117,14,,,,0,0,0,0,0
6117,15,,,,0,0,0,0,0
6118,11,,,,0,0,0,0,0
6118,12,,,,0,0,0,0,0
6118,13,,,,0,0,0,0,0
6118,14,,,,0,0,0,0,0
6118,15,,,,0,0,0,0,0
6119,11,,,,0,0,0,0,0
6119,12,,,,0,0,0,0,0
6119,13,,,,0,0,0,0,0
6119,14,,,,0,0,0,0,0
6119,15,,,,0,0,0,0,0
6120,11,,,,0,0,0,0,0
6120,12,,,,0,0,0,0,0
6120,13,,,,0,0,0,0,0
6120,14,,,,0,0,0,0,0
6120,15,,,,0,0,0,0,0
6121,11,,,,0,0,0,0,0
6121,12,,,,0,0,0,0,0
6121,13,,,,0,0,0,0,0
6121,14,,,,0,0,0,0,0
6121,15,,,,0,0,0,0,0
6122,11,,,,0,0,0,0,0
6122,12,,,,0,0,0,0,0
6122,13,,,,0,0,0,0,0
6122,14,,,,0,0,0,0,0
6122,15,,,,0,0,0,0,0
6123,11,,,,0,0,0,0,0
6123,12,,,,0,0,0,0,0
6123,13,,,,0,0,0,0,0
6123,14,,,,0,0,0,0,0
6123,15,,,,0,0,0,0,0
6124,11,,,,0,0,0,0,0
6124,12,,,,0,0,0,0,0
6124,13,,,,0,0,0,0,0
6124,14,,,,0,0,0,0,0
6124,15,,,,0,0,0,0,0
6125,11,,,,0,0,0,0,0
6125,12,,,,0,0,0,0,0
6125,13,,,,0,0,0,0,0
6125,14,,,,0,0,0,0,0
6125,15,,,,0,0,0,0,0
6126,11,,,,0,0,0,0,0
6126,12,,,,0,0,0,0,0
6126,13,,,,0,0,0,0,0
6126,14,,,,0,0,0,0,0
6126,15,,,,0,0,0,0,0
6127,11,,,,0,0,0,0,0
6127,12,,,,0,0,0,0,0
6127,13,,,,0,0,0,0,0
6127,14,,,,0,0,0,0,0
6127,15,,,,0,0,0,0,0
6128,11,,,,0,0,0,0,0
6128,12,,,,0,0,0,0,0
6128,13,,,,0,0,0,0,0
6128,14,,,,0,0,0,0,0
6128,15,,,,0,0,0,0,0
6129,11,,,,0,0,0,0,0
6129,12,,,,0,0,0,0,0
6129,13,,,,0,0,0,0,0
6129,14,,,,0,0,0,0,0
6129,15,,,,0,0,0,0,0
6130,11,,,,0,0,0,0,0
6130,12,,,,0,0,0,0,0
6130,13,,,,0,0,0,0,0
6130,14,,,,0,0,0,0,0
6130,15,,,,0,0,0,0,0
6131,11,,,,0,0,0,0,0
6131,12,,,,0,0,0,0,0
6131,13,,,,0,0,0,0,0
6131,14,,,,0,0,0,0,0
6131,15,,,,0,0,0,0,0
6132,11,,,,0,0,0,0,0
6132,12,,,,0,0,0,0,0
6132,13,,,,0,0,0,0,0
6132,14,,,,0,0,0,0,0
6132,15,,,,0,0,0,0,0
6133,11,,,,0,0,0,0,0
6133,12,,,,0,0,0,0,0
6133,13,,,,0,0,0,0,0
6133,14,,,,0,0,0,0,0
6133,15,,,,0,0,0,0,0
6134,11,,,,0,0,0,0,0
6134,12,,,,0,0,0,0,0
6134,13,,,,0,0,0,0,0
6134,14,,,,0,0,0,0,0
6134,15,,,,0,0,0,0,0
6135,11,,,,0,0,0,0,0
6135,12,,,,0,0,0,0,0
6135,13,,,,0,0,0,0,0
6135,14,,,,0,0,0,0,0
6135,15,,,,0,0,0,0,0
6136,11,,,,0,0,0,0,0
6136,12,,,,0,0,0,0,0
6136,13,,,,0,0,0,0,0
6136,14,,,,0,0,0,0,0
6136,15,,,,0,0,0,0,0
6137,11,,,,0,0,0,0,0
6137,12,,,,0,0,0,0,0
6137,13,,,,0,0,0,0,0
6137,14,,,,0,0,0,0,0
6137,15,,,,0,0,0,0,0
6138,11,,,,0,0,0,0,0
6138,12,,,,0,0,0,0,0
6138,13,,,,0,0,0,0,0
6138,14,,,,0,0,0,0,0
6138,15,,,,0,0,0,0,0
6139,11,,,,0,0,0,0,0
6139,12,,,,0,0,0,0,0
6139,13,,,,0,0,0,0,0
6139,14,,,,0,0,0,0,0
6139,15,,,,0,0,0,0,0
6140,11,,,,0,0,0,0,0
6140,12,,,,0,0,0,0,0
6140,13,,,,0,0,0,0,0
6140,14,,,,0,0,0,0,0
6140,15,,,,0,0,0,0,0
6141,11,,,,0,0,0,0,0
6141,12,,,,0,0,0,0,0
6141,13,,,,0,0,0,0,0
6141,14,,,,0,0,0,0,0
6141,15,,,,0,0,0,0,0
6142,11,,,,0,0,0,0,0
6142,12,,,,0,0,0,0,0
6142,13,,,,0,0,0,0,0
6142,14,,,,0,0,0,0,0
6142,15,,,,0,0,0,0,0
6143,11,,,,0,0,0,0,0
6143,12,,,,0,0,0,0,0
6143,13,,,,0,0,0,0,0
6143,14,,,,0,0,0,0,0
6143,15,,,,0,0,0,0,0
6144,11,,,,0,0,0,0,0
6144,12,,,,0,0,0,0,0
6144,13,,,,0,0,0,0,0
6144,14,,,,0,0,0,0,0
6144,15,,,,0,0,0,0,0
6145,11,,,,0,0,0,0,0
6145,12,,,,0,0,0,0,0
6145,13,,,,0,0,0,0,0
6145,14,,,,0,0,0,0,0
6145,15,,,,0,0,0,0,0
6146,11,,,,0,0,0,0,0
6146,12,,,,0,0,0,0,0
6146,13,,,,0,0,0,0,0
6146,14,,,,0,0,0,0,0
6146,15,,,,0,0,0,0,0
6147,11,,,,0,0,0,0,0
6147,12,,,,0,0,0,0,0
6147,13,,,,0,0,0,0,0
6147,14,,,,0,0,0,0,0
6147,15,,,,0,0,0,0,0
6148,11,,,,0,0,0,0,0
6148,12,,,,0,0,0,0,0
6148,13,,,,0,0,0,0,0
6148,14,,,,0,0,0,0,0
6148,15,,,,0,0,0,0,0
6149,11,,,,0,0,0,0,0
6149,12,,,,0,0,0,0,0
6149,13,,,,0,0,0,0,0
6149,14,,,,0,0,0,0,0
6149,15,,,,0,0,0,0,0
6150,11,,,,0,0,0,0,0
6150,12,,,,0,0,0,0,0
6150,13,,,,0,0,0,0,0
6150,14,,,,0,0,0,0,0
6150,15,,,,0,0,0,0,0
6151,11,,,,0,0,0,0,0
6151,12,,,,0,0,0,0,0
6151,13,,,,0,0,0,0,0
6151,14,,,,0,0,0,0,0
6151,15,,,,0,0,0,0,0
6152,11,,,,0,0,0,0,0
6152,12,,,,0,0,0,0,0
6152,13,,,,0,0,0,0,0
6152,14,,,,0,0,0,0,0
6152,15,,,,0,0,0,0,0
6153,11,,,,0,0,0,0,0
6153,12,,,,0,0,0,0,0
6153,13,,,,0,0,0,0,0
6153,14,,,,0,0,0,0,0
6153,15,,,,0,0,0,0,0
6154,11,,,,0,0,0,0,0
6154,12,,,,0,0,0,0,0
6154,13,,,,0,0,0,0,0
6154,14,,,,0,0,0,0,0
6154,15,,,,0,0,0,0,0
6155,11,,,,0,0,0,0,0
6155,12,,,,0,0,0,0,0
6155,13,,,,0,0,0,0,0
6155,14,,,,0,0,0,0,0
6155,15,,,,0,0,0,0,0
6156,11,,,,0,0,0,0,0
6156,12,,,,0,0,0,0,0
6156,13,,,,0,0,0,0,0
6156,14,,,,0,0,0,0,0
6156,15,,,,0,0,0,0,0
6157,11,,,,0,0,0,0,0
6157,12,,,,0,0,0,0,0
6157,13,,,,0,0,0,0,0
6157,14,,,,0,0,0,0,0
6157,15,,,,0,0,0,0,0
6158,11,,,,0,0,0,0,0
6158,12,,,,0,0,0,0,0
6158,13,,,,0,0,0,0,0
6158,14,,,,0,0,0,0,0
6158,15,,,,0,0,0,0,0
6159,11,,,,0,0,0,0,0
6159,12,,,,0,0,0,0,0
6159,13,,,,0,0,0,0,0
6159,14,,,,0,0,0,0,0
6159,15,,,,0,0,0,0,0
6160,11,,,,0,0,0,0,0
6160,12,,,,0,0,0,0,0
6160,13,,,,0,0,0,0,0
6160,14,,,,0,0,0,0,0
6160,15,,,,0,0,0,0,0
6161,11,,,,0,0,0,0,0
6161,12,,,,0,0,0,0,0
6161,13,,,,0,0,0,0,0
6161,14,,,,0,0,0,0,0
6161,15,,,,0,0,0,0,0
6162,11,,,,0,0,0,0,0
6162,12,,,,0,0,0,0,0
6162,13,,,,0,0,0,0,0
6162,14,,,,0,0,0,0,0
6162,15,,,,0,0,0,0,0
6163,11,,,,0,0,0,0,0
6163,12,,,,0,0,0,0,0
6163,13,,,,0,0,0,0,0
6163,14,,,,0,0,0,0,0
6163,15,,,,0,0,0,0,0
6164,11,,,,0,0,0,0,0
6164,12,,,,0,0,0,0,0
6164,13,,,,0,0,0,0,0
6164,14,,,,0,0,0,0,0
6164,15,,,,0,0,0,0,0
6165,11,,,,0,0,0,0,0
6165,12,,,,0,0,0,0,0
6165,13,,,,0,0,0,0,0
6165,14,,,,0,0,0,0,0
6165,15,,,,0,0,0,0,0
6166,11,,,,0,0,0,0,0
6166,12,,,,0,0,0,0,0
6166,13,,,,0,0,0,0,0
6166,14,,,,0,0,0,0,0
6166,15,,,,0,0,0,0,0
6167,11,,,,0,0,0,0,0
6167,12,,,,0,0,0,0,0
6167,13,,,,0,0,0,0,0
6167,14,,,,0,0,0,0,0
6167,15,,,,0,0,0,0,0
6168,11,,,,0,0,0,0,0
6168,12,,,,0,0,0,0,0
6168,13,,,,0,0,0,0,0
6168,14,,,,0,0,0,0,0
6168,15,,,,0,0,0,0,0
6169,11,,,,0,0,0,0,0
6169,12,,,,0,0,0,0,0
6169,13,,,,0,0,0,0,0
6169,14,,,,0,0,0,0,0
6169,15,,,,0,0,0,0,0
6170,11,,,,0,0,0,0,0
6170,12,,,,0,0,0,0,0
6170,13,,,,0,0,0,0,0
6170,14,,,,0,0,0,0,0
6170,15,,,,0,0,0,0,0
6171,11,,,,0,0,0,0,0
6171,12,,,,0,0,0,0,0
6171,13,,,,0,0,0,0,0
6171,14,,,,0,0,0,0,0
6171,15,,,,0,0,0,0,0
6172,11,,,,0,0,0,0,0
6172,12,,,,0,0,0,0,0
6172,13,,,,0,0,0,0,0
6172,14,,,,0,0,0,0,0
6172,15,,,,0,0,0,0,0
6173,11,,,,0,0,0,0,0
6173,12,,,,0,0,0,0,0
6173,13,,,,0,0,0,0,0
6173,14,,,,0,0,0,0,0
6173,15,,,,0,0,0,0,0
6174,11,,,,0,0,0,0,0
6174,12,,,,0,0,0,0,0
6174,13,,,,0,0,0,0,0
6174,14,,,,0,0,0,0,0
6174,15,,,,0,0,0,0,0
6175,11,,,,0,0,0,0,0
6175,12,,,,0,0,0,0,0
6175,13,,,,0,0,0,0,0
6175,14,,,,0,0,0,0,0
6175,15,,,,0,0,0,0,0
6176,11,,,,0,0,0,0,0
6176,12,,,,0,0,0,0,0
6176,13,,,,0,0,0,0,0
6176,14,,,,0,0,0,0,0
6176,15,,,,0,0,0,0,0
6177,11,,,,0,0,0,0,0
6177,12,,,,0,0,0,0,0
6177,13,,,,0,0,0,0,0
6177,14,,,,0,0,0,0,0
6177,15,,,,0,0,0,0,0
6178,11,,,,0,0,0,0,0
6178,12,,,,0,0,0,0,0
6178,13,,,,0,0,0,0,0
6178,14,,,,0,0,0,0,0
6178,15,,,,0,0,0,0,0
6179,11,,,,0,0,0,0,0
6179,12,,,,0,0,0,0,0
6179,13,,,,0,0,0,0,0
6179,14,,,,0,0,0,0,0
6179,15,,,,0,0,0,0,0
6180,11,,,,0,0,0,0,0
6180,12,,,,0,0,0,0,0
6180,13,,,,0,0,0,0,0
6180,14,,,,0,0,0,0,0
6180,15,,,,0,0,0,0,0
6181,11,,,,0,0,0,0,0
6181,12,,,,0,0,0,0,0
6181,13,,,,0,0,0,0,0
6181,14,,,,0,0,0,0,0
6181,15,,,,0,0,0,0,0
6182,11,,,,0,0,0,0,0
6182,12,,,,0,0,0,0,0
6182,13,,,,0,0,0,0,0
6182,14,,,,0,0,0,0,0
6182,15,,,,0,0,0,0,0
6183,11,,,,0,0,0,0,0
6183,12,,,,0,0,0,0,0
6183,13,,,,0,0,0,0,0
6183,14,,,,0,0,0,0,0
6183,15,,,,0,0,0,0,0
6184,11,,,,0,0,0,0,0
6184,12,,,,0,0,0,0,0
6184,13,,,,0,0,0,0,0
6184,14,,,,0,0,0,0,0
6184,15,,,,0,0,0,0,0
6185,11,,,,0,0,0,0,0
6185,12,,,,0,0,0,0,0
6185,13,,,,0,0,0,0,0
6185,14,,,,0,0,0,0,0
6185,15,,,,0,0,0,0,0
6186,11,,,,0,0,0,0,0
6186,12,,,,0,0,0,0,0
6186,13,,,,0,0,0,0,0
6186,14,,,,0,0,0,0,0
6186,15,,,,0,0,0,0,0
6187,11,,,,0,0,0,0,0
6187,12,,,,0,0,0,0,0
6187,13,,,,0,0,0,0,0
6187,14,,,,0,0,0,0,0
6187,15,,,,0,0,0,0,0
6188,11,,,,0,0,0,0,0
6188,12,,,,0,0,0,0,0
6188,13,,,,0,0,0,0,0
6188,14,,,,0,0,0,0,0
6188,15,,,,0,0,0,0,0
6189,11,,,,0,0,0,0,0
6189,12,,,,0,0,0,0,0
6189,13,,,,0,0,0,0,0
6189,14,,,,0,0,0,0,0
6189,15,,,,0,0,0,0,0
6190,11,,,,0,0,0,0,0
6190,12,,,,0,0,0,0,0
6190,13,,,,0,0,0,0,0
6190,14,,,,0,0,0,0,0
6190,15,,,,0,0,0,0,0
6191,11,,,,0,0,0,0,0
6191,12,,,,0,0,0,0,0
6191,13,,,,0,0,0,0,0
6191,14,,,,0,0,0,0,0
6191,15,,,,0,0,0,0,0
6192,11,,,,0,0,0,0,0
6192,12,,,,0,0,0,0,0
6192,13,,,,0,0,0,0,0
6192,14,,,,0,0,0,0,0
6192,15,,,,0,0,0,0,0
6193,11,,,,0,0,0,0,0
6193,12,,,,0,0,0,0,0
6193,13,,,,0,0,0,0,0
6193,14,,,,0,0,0,0,0
6193,15,,,,0,0,0,0,0
6194,11,,,,0,0,0,0,0
6194,12,,,,0,0,0,0,0
6194,13,,,,0,0,0,0,0
6194,14,,,,0,0,0,0,0
6194,15,,,,0,0,0,0,0
6195,11,,,,0,0,0,0,0
6195,12,,,,0,0,0,0,0
6195,13,,,,0,0,0,0,0
6195,14,,,,0,0,0,0,0
6195,15,,,,0,0,0,0,0
6196,11,,,,0,0,0,0,0
6196,12,,,,0,0,0,0,0
6196,13,,,,0,0,0,0,0
6196,14,,,,0,0,0,0,0
6196,15,,,,0,0,0,0,0
6197,11,,,,0,0,0,0,0
6197,12,,,,0,0,0,0,0
6197,13,,,,0,0,0,0,0
6197,14,,,,0,0,0,0,0
6197,15,,,,0,0,0,0,0
6198,11,,,,0,0,0,0,0
6198,12,,,,0,0,0,0,0
6198,13,,,,0,0,0,0,0
6198,14,,,,0,0,0,0,0
6198,15,,,,0,0,0,0,0
6199,11,,,,0,0,0,0,0
6199,12,,,,0,0,0,0,0
6199,13,,,,0,0,0,0,0
6199,14,,,,0,0,0,0,0
6199,15,,,,0,0,0,0,0
6200,11,,,,0,0,0,0,0
6200,12,,,,0,0,0,0,0
6200,13,,,,0,0,0,0,0
6200,14,,,,0,0,0,0,0
6200,15,,,,0,0,0,0,0
6201,11,,,,0,0,0,0,0
6201,12,,,,0,0,0,0,0
6201,13,,,,0,0,0,0,0
6201,14,,,,0,0,0,0,0
6201,15,,,,0,0,0,0,0
6202,11,,,,0,0,0,0,0
6202,12,,,,0,0,0,0,0
6202,13,,,,0,0,0,0,0
6202,14,,,,0,0,0,0,0
6202,15,,,,0,0,0,0,0
6203,11,,,,0,0,0,0,0
6203,12,,,,0,0,0,0,0
6203,13,,,,0,0,0,0,0
6203,14,,,,0,0,0,0,0
6203,15,,,,0,0,0,0,0
6204,11,,,,0,0,0,0,0
6204,12,,,,0,0,0,0,0
6204,13,,,,0,0,0,0,0
6204,14,,,,0,0,0,0,0
6204,15,,,,0,0,0,0,0
6205,11,,,,0,0,0,0,0
6205,12,,,,0,0,0,0,0
6205,13,,,,0,0,0,0,0
6205,14,,,,0,0,0,0,0
6205,15,,,,0,0,0,0,0
6206,11,,,,0,0,0,0,0
6206,12,,,,0,0,0,0,0
6206,13,,,,0,0,0,0,0
6206,14,,,,0,0,0,0,0
6206,15,,,,0,0,0,0,0
6207,11,,,,0,0,0,0,0
6207,12,,,,0,0,0,0,0
6207,13,,,,0,0,0,0,0
6207,14,,,,0,0,0,0,0
6207,15,,,,0,0,0,0,0
6208,11,,,,0,0,0,0,0
6208,12,,,,0,0,0,0,0
6208,13,,,,0,0,0,0,0
6208,14,,,,0,0,0,0,0
6208,15,,,,0,0,0,0,0
6209,11,,,,0,0,0,0,0
6209,12,,,,0,0,0,0,0
6209,13,,,,0,0,0,0,0
6209,14,,,,0,0,0,0,0
6209,15,,,,0,0,0,0,0
6210,11,,,,0,0,0,0,0
6210,12,,,,0,0,0,0,0
6210,13,,,,0,0,0,0,0
6210,14,,,,0,0,0,0,0
6210,15,,,,0,0,0,0,0
6211,11,,,,0,0,0,0,0
6211,12,,,,0,0,0,0,0
6211,13,,,,0,0,0,0,0
6211,14,,,,0,0,0,0,0
6211,15,,,,0,0,0,0,0
6212,11,,,,0,0,0,0,0
6212,12,,,,0,0,0,0,0
6212,13,,,,0,0,0,0,0
6212,14,,,,0,0,0,0,0
6212,15,,,,0,0,0,0,0
6213,11,,,,0,0,0,0,0
6213,12,,,,0,0,0,0,0
6213,13,,,,0,0,0,0,0
6213,14,,,,0,0,0,0,0
6213,15,,,,0,0,0,0,0
6214,11,,,,0,0,0,0,0
6214,12,,,,0,0,0,0,0
6214,13,,,,0,0,0,0,0
6214,14,,,,0,0,0,0,0
6214,15,,,,0,0,0,0,0
6215,11,,,,0,0,0,0,0
6215,12,,,,0,0,0,0,0
6215,13,,,,0,0,0,0,0
6215,14,,,,0,0,0,0,0
6215,15,,,,0,0,0,0,0
6216,11,,,,0,0,0,0,0
6216,12,,,,0,0,0,0,0
6216,13,,,,0,0,0,0,0
6216,14,,,,0,0,0,0,0
6216,15,,,,0,0,0,0,0
6217,11,,,,0,0,0,0,0
6217,12,,,,0,0,0,0,0
6217,13,,,,0,0,0,0,0
6217,14,,,,0,0,0,0,0
6217,15,,,,0,0,0,0,0
6218,11,,,,0,0,0,0,0
6218,12,,,,0,0,0,0,0
6218,13,,,,0,0,0,0,0
6218,14,,,,0,0,0,0,0
6218,15,,,,0,0,0,0,0
6219,11,,,,0,0,0,0,0
6219,12,,,,0,0,0,0,0
6219,13,,,,0,0,0,0,0
6219,14,,,,0,0,0,0,0
6219,15,,,,0,0,0,0,0
6220,11,,,,0,0,0,0,0
6220,12,,,,0,0,0,0,0
6220,13,,,,0,0,0,0,0
6220,14,,,,0,0,0,0,0
6220,15,,,,0,0,0,0,0
6221,11,,,,0,0,0,0,0
6221,12,,,,0,0,0,0,0
6221,13,,,,0,0,0,0,0
6221,14,,,,0,0,0,0,0
6221,15,,,,0,0,0,0,0
6222,11,,,,0,0,0,0,0
6222,12,,,,0,0,0,0,0
6222,13,,,,0,0,0,0,0
6222,14,,,,0,0,0,0,0
6222,15,,,,0,0,0,0,0
6223,11,,,,0,0,0,0,0
6223,12,,,,0,0,0,0,0
6223,13,,,,0,0,0,0,0
6223,14,,,,0,0,0,0,0
6223,15,,,,0,0,0,0,0
6224,11,,,,0,0,0,0,0
6224,12,,,,0,0,0,0,0
6224,13,,,,0,0,0,0,0
6224,14,,,,0,0,0,0,0
6224,15,,,,0,0,0,0,0
6225,11,,,,0,0,0,0,0
6225,12,,,,0,0,0,0,0
6225,13,,,,0,0,0,0,0
6225,14,,,,0,0,0,0,0
6225,15,,,,0,0,0,0,0
6226,11,,,,0,0,0,0,0
6226,12,,,,0,0,0,0,0
6226,13,,,,0,0,0,0,0
6226,14,,,,0,0,0,0,0
6226,15,,,,0,0,0,0,0
6227,11,,,,0,0,0,0,0
6227,12,,,,0,0,0,0,0
6227,13,,,,0,0,0,0,0
6227,14,,,,0,0,0,0,0
6227,15,,,,0,0,0,0,0
6228,11,,,,0,0,0,0,0
6228,12,,,,0,0,0,0,0
6228,13,,,,0,0,0,0,0
6228,14,,,,0,0,0,0,0
6228,15,,,,0,0,0,0,0
6229,11,,,,0,0,0,0,0
6229,12,,,,0,0,0,0,0
6229,13,,,,0,0,0,0,0
6229,14,,,,0,0,0,0,0
6229,15,,,,0,0,0,0,0
6230,11,,,,0,0,0,0,0
6230,12,,,,0,0,0,0,0
6230,13,,,,0,0,0,0,0
6230,14,,,,0,0,0,0,0
6230,15,,,,0,0,0,0,0
6231,11,,,,0,0,0,0,0
6231,12,,,,0,0,0,0,0
6231,13,,,,0,0,0,0,0
6231,14,,,,0,0,0,0,0
6231,15,,,,0,0,0,0,0
6232,11,,,,0,0,0,0,0
6232,12,,,,0,0,0,0,0
6232,13,,,,0,0,0,0,0
6232,14,,,,0,0,0,0,0
6232,15,,,,0,0,0,0,0
6233,11,,,,0,0,0,0,0
6233,12,,,,0,0,0,0,0
6233,13,,,,0,0,0,0,0
6233,14,,,,0,0,0,0,0
6233,15,,,,0,0,0,0,0
6234,11,,,,0,0,0,0,0
6234,12,,,,0,0,0,0,0
6234,13,,,,0,0,0,0,0
6234,14,,,,0,0,0,0,0
6234,15,,,,0,0,0,0,0
6235,11,,,,0,0,0,0,0
6235,12,,,,0,0,0,0,0
6235,13,,,,0,0,0,0,0
6235,14,,,,0,0,0,0,0
6235,15,,,,0,0,0,0,0
6236,11,,,,0,0,0,0,0
6236,12,,,,0,0,0,0,0
6236,13,,,,0,0,0,0,0
6236,14,,,,0,0,0,0,0
6236,15,,,,0,0,0,0,0
6237,11,,,,0,0,0,0,0
6237,12,,,,0,0,0,0,0
6237,13,,,,0,0,0,0,0
6237,14,,,,0,0,0,0,0
6237,15,,,,0,0,0,0,0
6238,11,,,,0,0,0,0,0
6238,12,,,,0,0,0,0,0
6238,13,,,,0,0,0,0,0
6238,14,,,,0,0,0,0,0
6238,15,,,,0,0,0,0,0
6239,11,,,,0,0,0,0,0
6239,12,,,,0,0,0,0,0
6239,13,,,,0,0,0,0,0
6239,14,,,,0,0,0,0,0
6239,15,,,,0,0,0,0,0
6240,11,,,,0,0,0,0,0
6240,12,,,,0,0,0,0,0
6240,13,,,,0,0,0,0,0
6240,14,,,,0,0,0,0,0
6240,15,,,,0,0,0,0,0
6241,11,,,,0,0,0,0,0
6241,12,,,,0,0,0,0,0
6241,13,,,,0,0,0,0,0
6241,14,,,,0,0,0,0,0
6241,15,,,,0,0,0,0,0
6242,11,,,,0,0,0,0,0
6242,12,,,,0,0,0,0,0
6242,13,,,,0,0,0,0,0
6242,14,,,,0,0,0,0,0
6242,15,,,,0,0,0,0,0
6243,11,,,,0,0,0,0,0
6243,12,,,,0,0,0,0,0
6243,13,,,,0,0,0,0,0
6243,14,,,,0,0,0,0,0
6243,15,,,,0,0,0,0,0
6244,11,,,,0,0,0,0,0
6244,12,,,,0,0,0,0,0
6244,13,,,,0,0,0,0,0
6244,14,,,,0,0,0,0,0
6244,15,,,,0,0,0,0,0
6245,11,,,,0,0,0,0,0
6245,12,,,,0,0,0,0,0
6245,13,,,,0,0,0,0,0
6245,14,,,,0,0,0,0,0
6245,15,,,,0,0,0,0,0
6246,11,,,,0,0,0,0,0
6246,12,,,,0,0,0,0,0
6246,13,,,,0,0,0,0,0
6246,14,,,,0,0,0,0,0
6246,15,,,,0,0,0,0,0
6247,11,,,,0,0,0,0,0
6247,12,,,,0,0,0,0,0
6247,13,,,,0,0,0,0,0
6247,14,,,,0,0,0,0,0
6247,15,,,,0,0,0,0,0
6248,11,,,,0,0,0,0,0
6248,12,,,,0,0,0,0,0
6248,13,,,,0,0,0,0,0
6248,14,,,,0,0,0,0,0
6248,15,,,,0,0,0,0,0
6249,11,,,,0,0,0,0,0
6249,12,,,,0,0,0,0,0
6249,13,,,,0,0,0,0,0
6249,14,,,,0,0,0,0,0
6249,15,,,,0,0,0,0,0
6250,11,,,,0,0,0,0,0
6250,12,,,,0,0,0,0,0
6250,13,,,,0,0,0,0,0
6250,14,,,,0,0,0,0,0
6250,15,,,,0,0,0,0,0
6251,11,,,,0,0,0,0,0
6251,12,,,,0,0,0,0,0
6251,13,,,,0,0,0,0,0
6251,14,,,,0,0,0,0,0
6251,15,,,,0,0,0,0,0
6252,11,,,,0,0,0,0,0
6252,12,,,,0,0,0,0,0
6252,13,,,,0,0,0,0,0
6252,14,,,,0,0,0,0,0
6252,15,,,,0,0,0,0,0
6253,11,,,,0,0,0,0,0
6253,12,,,,0,0,0,0,0
6253,13,,,,0,0,0,0,0
6253,14,,,,0,0,0,0,0
6253,15,,,,0,0,0,0,0
6254,11,,,,0,0,0,0,0
6254,12,,,,0,0,0,0,0
6254,13,,,,0,0,0,0,0
6254,14,,,,0,0,0,0,0
6254,15,,,,0,0,0,0,0
6255,11,,,,0,0,0,0,0
6255,12,,,,0,0,0,0,0
6255,13,,,,0,0,0,0,0
6255,14,,,,0,0,0,0,0
6255,15,,,,0,0,0,0,0
6256,11,,,,0,0,0,0,0
6256,12,,,,0,0,0,0,0
6256,13,,,,0,0,0,0,0
6256,14,,,,0,0,0,0,0
6256,15,,,,0,0,0,0,0
6257,11,,,,0,0,0,0,0
6257,12,,,,0,0,0,0,0
6257,13,,,,0,0,0,0,0
6257,14,,,,0,0,0,0,0
6257,15,,,,0,0,0,0,0
6258,11,,,,0,0,0,0,0
6258,12,,,,0,0,0,0,0
6258,13,,,,0,0,0,0,0
6258,14,,,,0,0,0,0,0
6258,15,,,,0,0,0,0,0
6259,11,,,,0,0,0,0,0
6259,12,,,,0,0,0,0,0
6259,13,,,,0,0,0,0,0
6259,14,,,,0,0,0,0,0
6259,15,,,,0,0,0,0,0
6260,11,,,,0,0,0,0,0
6260,12,,,,0,0,0,0,0
6260,13,,,,0,0,0,0,0
6260,14,,,,0,0,0,0,0
6260,15,,,,0,0,0,0,0
6261,11,,,,0,0,0,0,0
6261,12,,,,0,0,0,0,0
6261,13,,,,0,0,0,0,0
6261,14,,,,0,0,0,0,0
6261,15,,,,0,0,0,0,0
6262,11,,,,0,0,0,0,0
6262,12,,,,0,0,0,0,0
6262,13,,,,0,0,0,0,0
6262,14,,,,0,0,0,0,0
6262,15,,,,0,0,0,0,0
6263,11,,,,0,0,0,0,0
6263,12,,,,0,0,0,0,0
6263,13,,,,0,0,0,0,0
6263,14,,,,0,0,0,0,0
6263,15,,,,0,0,0,0,0
6264,11,,,,0,0,0,0,0
6264,12,,,,0,0,0,0,0
6264,13,,,,0,0,0,0,0
6264,14,,,,0,0,0,0,0
6264,15,,,,0,0,0,0,0
6265,11,,,,0,0,0,0,0
6265,12,,,,0,0,0,0,0
6265,13,,,,0,0,0,0,0
6265,14,,,,0,0,0,0,0
6265,15,,,,0,0,0,0,0
6266,11,,,,0,0,0,0,0
6266,12,,,,0,0,0,0,0
6266,13,,,,0,0,0,0,0
6266,14,,,,0,0,0,0,0
6266,15,,,,0,0,0,0,0
6267,11,,,,0,0,0,0,0
6267,12,,,,0,0,0,0,0
6267,13,,,,0,0,0,0,0
6267,14,,,,0,0,0,0,0
6267,15,,,,0,0,0,0,0
6268,11,,,,0,0,0,0,0
6268,12,,,,0,0,0,0,0
6268,13,,,,0,0,0,0,0
6268,14,,,,0,0,0,0,0
6268,15,,,,0,0,0,0,0
6269,11,,,,0,0,0,0,0
6269,12,,,,0,0,0,0,0
6269,13,,,,0,0,0,0,0
6269,14,,,,0,0,0,0,0
6269,15,,,,0,0,0,0,0
6270,11,,,,0,0,0,0,0
6270,12,,,,0,0,0,0,0
6270,13,,,,0,0,0,0,0
6270,14,,,,0,0,0,0,0
6270,15,,,,0,0,0,0,0
6271,11,,,,0,0,0,0,0
6271,12,,,,0,0,0,0,0
6271,13,,,,0,0,0,0,0
6271,14,,,,0,0,0,0,0
6271,15,,,,0,0,0,0,0
6272,11,,,,0,0,0,0,0
6272,12,,,,0,0,0,0,0
6272,13,,,,0,0,0,0,0
6272,14,,,,0,0,0,0,0
6272,15,,,,0,0,0,0,0
6273,11,,,,0,0,0,0,0
6273,12,,,,0,0,0,0,0
6273,13,,,,0,0,0,0,0
6273,14,,,,0,0,0,0,0
6273,15,,,,0,0,0,0,0
6274,11,,,,0,0,0,0,0
6274,12,,,,0,0,0,0,0
6274,13,,,,0,0,0,0,0
6274,14,,,,0,0,0,0,0
6274,15,,,,0,0,0,0,0
6275,11,,,,0,0,0,0,0
6275,12,,,,0,0,0,0,0
6275,13,,,,0,0,0,0,0
6275,14,,,,0,0,0,0,0
6275,15,,,,0,0,0,0,0
6276,11,,,,0,0,0,0,0
6276,12,,,,0,0,0,0,0
6276,13,,,,0,0,0,0,0
6276,14,,,,0,0,0,0,0
6276,15,,,,0,0,0,0,0
6277,11,,,,0,0,0,0,0
6277,12,,,,0,0,0,0,0
6277,13,,,,0,0,0,0,0
6277,14,,,,0,0,0,0,0
6277,15,,,,0,0,0,0,0
6278,11,,,,0,0,0,0,0
6278,12,,,,0,0,0,0,0
6278,13,,,,0,0,0,0,0
6278,14,,,,0,0,0,0,0
6278,15,,,,0,0,0,0,0
6279,11,,,,0,0,0,0,0
6279,12,,,,0,0,0,0,0
6279,13,,,,0,0,0,0,0
6279,14,,,,0,0,0,0,0
6279,15,,,,0,0,0,0,0
6280,11,,,,0,0,0,0,0
6280,12,,,,0,0,0,0,0
6280,13,,,,0,0,0,0,0
6280,14,,,,0,0,0,0,0
6280,15,,,,0,0,0,0,0
6281,11,,,,0,0,0,0,0
6281,12,,,,0,0,0,0,0
6281,13,,,,0,0,0,0,0
6281,14,,,,0,0,0,0,0
6281,15,,,,0,0,0,0,0
6282,11,,,,0,0,0,0,0
6282,12,,,,0,0,0,0,0
6282,13,,,,0,0,0,0,0
6282,14,,,,0,0,0,0,0
6282,15,,,,0,0,0,0,0
6283,11,,,,0,0,0,0,0
6283,12,,,,0,0,0,0,0
6283,13,,,,0,0,0,0,0
6283,14,,,,0,0,0,0,0
6283,15,,,,0,0,0,0,0
6284,11,,,,0,0,0,0,0
6284,12,,,,0,0,0,0,0
6284,13,,,,0,0,0,0,0
6284,14,,,,0,0,0,0,0
6284,15,,,,0,0,0,0,0
6285,11,,,,0,0,0,0,0
6285,12,,,,0,0,0,0,0
6285,13,,,,0,0,0,0,0
6285,14,,,,0,0,0,0,0
6285,15,,,,0,0,0,0,0
6286,11,,,,0,0,0,0,0
6286,12,,,,0,0,0,0,0
6286,13,,,,0,0,0,0,0
6286,14,,,,0,0,0,0,0
6286,15,,,,0,0,0,0,0
6287,11,,,,0,0,0,0,0
6287,12,,,,0,0,0,0,0
6287,13,,,,0,0,0,0,0
6287,14,,,,0,0,0,0,0
6287,15,,,,0,0,0,0,0
6288,11,,,,0,0,0,0,0
6288,12,,,,0,0,0,0,0
6288,13,,,,0,0,0,0,0
6288,14,,,,0,0,0,0,0
6288,15,,,,0,0,0,0,0
6289,11,,,,0,0,0,0,0
6289,12,,,,0,0,0,0,0
6289,13,,,,0,0,0,0,0
6289,14,,,,0,0,0,0,0
6289,15,,,,0,0,0,0,0
6290,11,,,,0,0,0,0,0
6290,12,,,,0,0,0,0,0
6290,13,,,,0,0,0,0,0
6290,14,,,,0,0,0,0,0
6290,15,,,,0,0,0,0,0
6291,11,,,,0,0,0,0,0
6291,12,,,,0,0,0,0,0
6291,13,,,,0,0,0,0,0
6291,14,,,,0,0,0,0,0
6291,15,,,,0,0,0,0,0
6292,11,,,,0,0,0,0,0
6292,12,,,,0,0,0,0,0
6292,13,,,,0,0,0,0,0
6292,14,,,,0,0,0,0,0
6292,15,,,,0,0,0,0,0
6293,11,,,,0,0,0,0,0
6293,12,,,,0,0,0,0,0
6293,13,,,,0,0,0,0,0
6293,14,,,,0,0,0,0,0
6293,15,,,,0,0,0,0,0
6294,11,,,,0,0,0,0,0
6294,12,,,,0,0,0,0,0
6294,13,,,,0,0,0,0,0
6294,14,,,,0,0,0,0,0
6294,15,,,,0,0,0,0,0
6295,11,,,,0,0,0,0,0
6295,12,,,,0,0,0,0,0
6295,13,,,,0,0,0,0,0
6295,14,,,,0,0,0,0,0
6295,15,,,,0,0,0,0,0
6296,11,,,,0,0,0,0,0
6296,12,,,,0,0,0,0,0
6296,13,,,,0,0,0,0,0
6296,14,,,,0,0,0,0,0
6296,15,,,,0,0,0,0,0
6297,11,,,,0,0,0,0,0
6297,12,,,,0,0,0,0,0
6297,13,,,,0,0,0,0,0
6297,14,,,,0,0,0,0,0
6297,15,,,,0,0,0,0,0
6298,11,,,,0,0,0,0,0
6298,12,,,,0,0,0,0,0
6298,13,,,,0,0,0,0,0
6298,14,,,,0,0,0,0,0
6298,15,,,,0,0,0,0,0
6299,11,,,,0,0,0,0,0
6299,12,,,,0,0,0,0,0
6299,13,,,,0,0,0,0,0
6299,14,,,,0,0,0,0,0
6299,15,,,,0,0,0,0,0
6300,11,,,,0,0,0,0,0
6300,12,,,,0,0,0,0,0
6300,13,,,,0,0,0,0,0
6300,14,,,,0,0,0,0,0
6300,15,,,,0,0,0,0,0
6301,11,,,,0,0,0,0,0
6301,12,,,,0,0,0,0,0
6301,13,,,,0,0,0,0,0
6301,14,,,,0,0,0,0,0
6301,15,,,,0,0,0,0,0
6302,11,,,,0,0,0,0,0
6302,12,,,,0,0,0,0,0
6302,13,,,,0,0,0,0,0
6302,14,,,,0,0,0,0,0
6302,15,,,,0,0,0,0,0
6303,11,,,,0,0,0,0,0
6303,12,,,,0,0,0,0,0
6303,13,,,,0,0,0,0,0
6303,14,,,,0,0,0,0,0
6303,15,,,,0,0,0,0,0
6304,11,,,,0,0,0,0,0
6304,12,,,,0,0,0,0,0
6304,13,,,,0,0,0,0,0
6304,14,,,,0,0,0,0,0
6304,15,,,,0,0,0,0,0
6305,11,,,,0,0,0,0,0
6305,12,,,,0,0,0,0,0
6305,13,,,,0,0,0,0,0
6305,14,,,,0,0,0,0,0
6305,15,,,,0,0,0,0,0
6306,11,,,,0,0,0,0,0
6306,12,,,,0,0,0,0,0
6306,13,,,,0,0,0,0,0
6306,14,,,,0,0,0,0,0
6306,15,,,,0,0,0,0,0
6307,11,,,,0,0,0,0,0
6307,12,,,,0,0,0,0,0
6307,13,,,,0,0,0,0,0
6307,14,,,,0,0,0,0,0
6307,15,,,,0,0,0,0,0
6308,11,,,,0,0,0,0,0
6308,12,,,,0,0,0,0,0
6308,13,,,,0,0,0,0,0
6308,14,,,,0,0,0,0,0
6308,15,,,,0,0,0,0,0
6309,11,,,,0,0,0,0,0
6309,12,,,,0,0,0,0,0
6309,13,,,,0,0,0,0,0
6309,14,,,,0,0,0,0,0
6309,15,,,,0,0,0,0,0
6310,11,,,,0,0,0,0,0
6310,12,,,,0,0,0,0,0
6310,13,,,,0,0,0,0,0
6310,14,,,,0,0,0,0,0
6310,15,,,,0,0,0,0,0
6311,11,,,,0,0,0,0,0
6311,12,,,,0,0,0,0,0
6311,13,,,,0,0,0,0,0
6311,14,,,,0,0,0,0,0
6311,15,,,,0,0,0,0,0
6312,11,,,,0,0,0,0,0
6312,12,,,,0,0,0,0,0
6312,13,,,,0,0,0,0,0
6312,14,,,,0,0,0,0,0
6312,15,,,,0,0,0,0,0
6313,11,,,,0,0,0,0,0
6313,12,,,,0,0,0,0,0
6313,13,,,,0,0,0,0,0
6313,14,,,,0,0,0,0,0
6313,15,,,,0,0,0,0,0
6314,11,,,,0,0,0,0,0
6314,12,,,,0,0,0,0,0
6314,13,,,,0,0,0,0,0
6314,14,,,,0,0,0,0,0
6314,15,,,,0,0,0,0,0
6315,11,,,,0,0,0,0,0
6315,12,,,,0,0,0,0,0
6315,13,,,,0,0,0,0,0
6315,14,,,,0,0,0,0,0
6315,15,,,,0,0,0,0,0
6316,11,,,,0,0,0,0,0
6316,12,,,,0,0,0,0,0
6316,13,,,,0,0,0,0,0
6316,14,,,,0,0,0,0,0
6316,15,,,,0,0,0,0,0
6317,11,,,,0,0,0,0,0
6317,12,,,,0,0,0,0,0
6317,13,,,,0,0,0,0,0
6317,14,,,,0,0,0,0,0
6317,15,,,,0,0,0,0,0
6318,11,,,,0,0,0,0,0
6318,12,,,,0,0,0,0,0
6318,13,,,,0,0,0,0,0
6318,14,,,,0,0,0,0,0
6318,15,,,,0,0,0,0,0
6319,11,,,,0,0,0,0,0
6319,12,,,,0,0,0,0,0
6319,13,,,,0,0,0,0,0
6319,14,,,,0,0,0,0,0
6319,15,,,,0,0,0,0,0
6320,11,,,,0,0,0,0,0
6320,12,,,,0,0,0,0,0
6320,13,,,,0,0,0,0,0
6320,14,,,,0,0,0,0,0
6320,15,,,,0,0,0,0,0
6321,11,,,,0,0,0,0,0
6321,12,,,,0,0,0,0,0
6321,13,,,,0,0,0,0,0
6321,14,,,,0,0,0,0,0
6321,15,,,,0,0,0,0,0
6322,11,,,,0,0,0,0,0
6322,12,,,,0,0,0,0,0
6322,13,,,,0,0,0,0,0
6322,14,,,,0,0,0,0,0
6322,15,,,,0,0,0,0,0
6323,11,,,,0,0,0,0,0
6323,12,,,,0,0,0,0,0
6323,13,,,,0,0,0,0,0
6323,14,,,,0,0,0,0,0
6323,15,,,,0,0,0,0,0
6324,11,,,,0,0,0,0,0
6324,12,,,,0,0,0,0,0
6324,13,,,,0,0,0,0,0
6324,14,,,,0,0,0,0,0
6324,15,,,,0,0,0,0,0
6325,11,,,,0,0,0,0,0
6325,12,,,,0,0,0,0,0
6325,13,,,,0,0,0,0,0
6325,14,,,,0,0,0,0,0
6325,15,,,,0,0,0,0,0
6326,11,,,,0,0,0,0,0
6326,12,,,,0,0,0,0,0
6326,13,,,,0,0,0,0,0
6326,14,,,,0,0,0,0,0
6326,15,,,,0,0,0,0,0
6327,11,,,,0,0,0,0,0
6327,12,,,,0,0,0,0,0
6327,13,,,,0,0,0,0,0
6327,14,,,,0,0,0,0,0
6327,15,,,,0,0,0,0,0
6328,11,,,,0,0,0,0,0
6328,12,,,,0,0,0,0,0
6328,13,,,,0,0,0,0,0
6328,14,,,,0,0,0,0,0
6328,15,,,,0,0,0,0,0
6329,11,,,,0,0,0,0,0
6329,12,,,,0,0,0,0,0
6329,13,,,,0,0,0,0,0
6329,14,,,,0,0,0,0,0
6329,15,,,,0,0,0,0,0
6330,11,,,,0,0,0,0,0
6330,12,,,,0,0,0,0,0
6330,13,,,,0,0,0,0,0
6330,14,,,,0,0,0,0,0
6330,15,,,,0,0,0,0,0
6331,11,,,,0,0,0,0,0
6331,12,,,,0,0,0,0,0
6331,13,,,,0,0,0,0,0
6331,14,,,,0,0,0,0,0
6331,15,,,,0,0,0,0,0
6332,11,,,,0,0,0,0,0
6332,12,,,,0,0,0,0,0
6332,13,,,,0,0,0,0,0
6332,14,,,,0,0,0,0,0
6332,15,,,,0,0,0,0,0
6333,11,,,,0,0,0,0,0
6333,12,,,,0,0,0,0,0
6333,13,,,,0,0,0,0,0
6333,14,,,,0,0,0,0,0
6333,15,,,,0,0,0,0,0
6334,11,,,,0,0,0,0,0
6334,12,,,,0,0,0,0,0
6334,13,,,,0,0,0,0,0
6334,14,,,,0,0,0,0,0
6334,15,,,,0,0,0,0,0
6335,11,,,,0,0,0,0,0
6335,12,,,,0,0,0,0,0
6335,13,,,,0,0,0,0,0
6335,14,,,,0,0,0,0,0
6335,15,,,,0,0,0,0,0
6336,11,,,,0,0,0,0,0
6336,12,,,,0,0,0,0,0
6336,13,,,,0,0,0,0,0
6336,14,,,,0,0,0,0,0
6336,15,,,,0,0,0,0,0
6337,11,,,,0,0,0,0,0
6337,12,,,,0,0,0,0,0
6337,13,,,,0,0,0,0,0
6337,14,,,,0,0,0,0,0
6337,15,,,,0,0,0,0,0
6338,11,,,,0,0,0,0,0
6338,12,,,,0,0,0,0,0
6338,13,,,,0,0,0,0,0
6338,14,,,,0,0,0,0,0
6338,15,,,,0,0,0,0,0
6339,11,,,,0,0,0,0,0
6339,12,,,,0,0,0,0,0
6339,13,,,,0,0,0,0,0
6339,14,,,,0,0,0,0,0
6339,15,,,,0,0,0,0,0
6340,11,,,,0,0,0,0,0
6340,12,,,,0,0,0,0,0
6340,13,,,,0,0,0,0,0
6340,14,,,,0,0,0,0,0
6340,15,,,,0,0,0,0,0
6341,11,,,,0,0,0,0,0
6341,12,,,,0,0,0,0,0
6341,13,,,,0,0,0,0,0
6341,14,,,,0,0,0,0,0
6341,15,,,,0,0,0,0,0
6342,11,,,,0,0,0,0,0
6342,12,,,,0,0,0,0,0
6342,13,,,,0,0,0,0,0
6342,14,,,,0,0,0,0,0
6342,15,,,,0,0,0,0,0
6343,11,,,,0,0,0,0,0
6343,12,,,,0,0,0,0,0
6343,13,,,,0,0,0,0,0
6343,14,,,,0,0,0,0,0
6343,15,,,,0,0,0,0,0
6344,11,,,,0,0,0,0,0
6344,12,,,,0,0,0,0,0
6344,13,,,,0,0,0,0,0
6344,14,,,,0,0,0,0,0
6344,15,,,,0,0,0,0,0
6345,11,,,,0,0,0,0,0
6345,12,,,,0,0,0,0,0
6345,13,,,,0,0,0,0,0
6345,14,,,,0,0,0,0,0
6345,15,,,,0,0,0,0,0
6346,11,,,,0,0,0,0,0
6346,12,,,,0,0,0,0,0
6346,13,,,,0,0,0,0,0
6346,14,,,,0,0,0,0,0
6346,15,,,,0,0,0,0,0
6347,11,,,,0,0,0,0,0
6347,12,,,,0,0,0,0,0
6347,13,,,,0,0,0,0,0
6347,14,,,,0,0,0,0,0
6347,15,,,,0,0,0,0,0
6348,11,,,,0,0,0,0,0
6348,12,,,,0,0,0,0,0
6348,13,,,,0,0,0,0,0
6348,14,,,,0,0,0,0,0
6348,15,,,,0,0,0,0,0
6349,11,,,,0,0,0,0,0
6349,12,,,,0,0,0,0,0
6349,13,,,,0,0,0,0,0
6349,14,,,,0,0,0,0,0
6349,15,,,,0,0,0,0,0
6350,11,,,,0,0,0,0,0
6350,12,,,,0,0,0,0,0
6350,13,,,,0,0,0,0,0
6350,14,,,,0,0,0,0,0
6350,15,,,,0,0,0,0,0
6351,11,,,,0,0,0,0,0
6351,12,,,,0,0,0,0,0
6351,13,,,,0,0,0,0,0
6351,14,,,,0,0,0,0,0
6351,15,,,,0,0,0,0,0
6352,11,,,,0,0,0,0,0
6352,12,,,,0,0,0,0,0
6352,13,,,,0,0,0,0,0
6352,14,,,,0,0,0,0,0
6352,15,,,,0,0,0,0,0
6353,11,,,,0,0,0,0,0
6353,12,,,,0,0,0,0,0
6353,13,,,,0,0,0,0,0
6353,14,,,,0,0,0,0,0
6353,15,,,,0,0,0,0,0
6354,11,,,,0,0,0,0,0
6354,12,,,,0,0,0,0,0
6354,13,,,,0,0,0,0,0
6354,14,,,,0,0,0,0,0
6354,15,,,,0,0,0,0,0
6355,11,,,,0,0,0,0,0
6355,12,,,,0,0,0,0,0
6355,13,,,,0,0,0,0,0
6355,14,,,,0,0,0,0,0
6355,15,,,,0,0,0,0,0
6356,11,,,,0,0,0,0,0
6356,12,,,,0,0,0,0,0
6356,13,,,,0,0,0,0,0
6356,14,,,,0,0,0,0,0
6356,15,,,,0,0,0,0,0
6357,11,,,,0,0,0,0,0
6357,12,,,,0,0,0,0,0
6357,13,,,,0,0,0,0,0
6357,14,,,,0,0,0,0,0
6357,15,,,,0,0,0,0,0
6358,11,,,,0,0,0,0,0
6358,12,,,,0,0,0,0,0
6358,13,,,,0,0,0,0,0
6358,14,,,,0,0,0,0,0
6358,15,,,,0,0,0,0,0
6359,11,,,,0,0,0,0,0
6359,12,,,,0,0,0,0,0
6359,13,,,,0,0,0,0,0
6359,14,,,,0,0,0,0,0
6359,15,,,,0,0,0,0,0
6360,11,,,,0,0,0,0,0
6360,12,,,,0,0,0,0,0
6360,13,,,,0,0,0,0,0
6360,14,,,,0,0,0,0,0
6360,15,,,,0,0,0,0,0
6361,11,,,,0,0,0,0,0
6361,12,,,,0,0,0,0,0
6361,13,,,,0,0,0,0,0
6361,14,,,,0,0,0,0,0
6361,15,,,,0,0,0,0,0
6362,11,,,,0,0,0,0,0
6362,12,,,,0,0,0,0,0
6362,13,,,,0,0,0,0,0
6362,14,,,,0,0,0,0,0
6362,15,,,,0,0,0,0,0
6363,11,,,,0,0,0,0,0
6363,12,,,,0,0,0,0,0
6363,13,,,,0,0,0,0,0
6363,14,,,,0,0,0,0,0
6363,15,,,,0,0,0,0,0
6364,11,,,,0,0,0,0,0
6364,12,,,,0,0,0,0,0
6364,13,,,,0,0,0,0,0
6364,14,,,,0,0,0,0,0
6364,15,,,,0,0,0,0,0
6365,11,,,,0,0,0,0,0
6365,12,,,,0,0,0,0,0
6365,13,,,,0,0,0,0,0
6365,14,,,,0,0,0,0,0
6365,15,,,,0,0,0,0,0
6366,11,,,,0,0,0,0,0
6366,12,,,,0,0,0,0,0
6366,13,,,,0,0,0,0,0
6366,14,,,,0,0,0,0,0
6366,15,,,,0,0,0,0,0
6367,11,,,,0,0,0,0,0
6367,12,,,,0,0,0,0,0
6367,13,,,,0,0,0,0,0
6367,14,,,,0,0,0,0,0
6367,15,,,,0,0,0,0,0
6368,11,,,,0,0,0,0,0
6368,12,,,,0,0,0,0,0
6368,13,,,,0,0,0,0,0
6368,14,,,,0,0,0,0,0
6368,15,,,,0,0,0,0,0
6369,11,,,,0,0,0,0,0
6369,12,,,,0,0,0,0,0
6369,13,,,,0,0,0,0,0
6369,14,,,,0,0,0,0,0
6369,15,,,,0,0,0,0,0
6370,11,,,,0,0,0,0,0
6370,12,,,,0,0,0,0,0
6370,13,,,,0,0,0,0,0
6370,14,,,,0,0,0,0,0
6370,15,,,,0,0,0,0,0
6371,11,,,,0,0,0,0,0
6371,12,,,,0,0,0,0,0
6371,13,,,,0,0,0,0,0
6371,14,,,,0,0,0,0,0
6371,15,,,,0,0,0,0,0
6372,11,,,,0,0,0,0,0
6372,12,,,,0,0,0,0,0
6372,13,,,,0,0,0,0,0
6372,14,,,,0,0,0,0,0
6372,15,,,,0,0,0,0,0
6373,11,,,,0,0,0,0,0
6373,12,,,,0,0,0,0,0
6373,13,,,,0,0,0,0,0
6373,14,,,,0,0,0,0,0
6373,15,,,,0,0,0,0,0
6374,11,,,,0,0,0,0,0
6374,12,,,,0,0,0,0,0
6374,13,,,,0,0,0,0,0
6374,14,,,,0,0,0,0,0
6374,15,,,,0,0,0,0,0
6375,11,,,,0,0,0,0,0
6375,12,,,,0,0,0,0,0
6375,13,,,,0,0,0,0,0
6375,14,,,,0,0,0,0,0
6375,15,,,,0,0,0,0,0
6376,11,,,,0,0,0,0,0
6376,12,,,,0,0,0,0,0
6376,13,,,,0,0,0,0,0
6376,14,,,,0,0,0,0,0
6376,15,,,,0,0,0,0,0
6377,11,,,,0,0,0,0,0
6377,12,,,,0,0,0,0,0
6377,13,,,,0,0,0,0,0
6377,14,,,,0,0,0,0,0
6377,15,,,,0,0,0,0,0
6378,11,,,,0,0,0,0,0
6378,12,,,,0,0,0,0,0
6378,13,,,,0,0,0,0,0
6378,14,,,,0,0,0,0,0
6378,15,,,,0,0,0,0,0
6379,11,,,,0,0,0,0,0
6379,12,,,,0,0,0,0,0
6379,13,,,,0,0,0,0,0
6379,14,,,,0,0,0,0,0
6379,15,,,,0,0,0,0,0
6380,11,,,,0,0,0,0,0
6380,12,,,,0,0,0,0,0
6380,13,,,,0,0,0,0,0
6380,14,,,,0,0,0,0,0
6380,15,,,,0,0,0,0,0
6381,11,,,,0,0,0,0,0
6381,12,,,,0,0,0,0,0
6381,13,,,,0,0,0,0,0
6381,14,,,,0,0,0,0,0
6381,15,,,,0,0,0,0,0
6382,11,,,,0,0,0,0,0
6382,12,,,,0,0,0,0,0
6382,13,,,,0,0,0,0,0
6382,14,,,,0,0,0,0,0
6382,15,,,,0,0,0,0,0
6383,11,,,,0,0,0,0,0
6383,12,,,,0,0,0,0,0
6383,13,,,,0,0,0,0,0
6383,14,,,,0,0,0,0,0
6383,15,,,,0,0,0,0,0
6384,11,,,,0,0,0,0,0
6384,12,,,,0,0,0,0,0
6384,13,,,,0,0,0,0,0
6384,14,,,,0,0,0,0,0
6384,15,,,,0,0,0,0,0
6385,11,,,,0,0,0,0,0
6385,12,,,,0,0,0,0,0
6385,13,,,,0,0,0,0,0
6385,14,,,,0,0,0,0,0
6385,15,,,,0,0,0,0,0
6386,11,,,,0,0,0,0,0
6386,12,,,,0,0,0,0,0
6386,13,,,,0,0,0,0,0
6386,14,,,,0,0,0,0,0
6386,15,,,,0,0,0,0,0
6387,11,,,,0,0,0,0,0
6387,12,,,,0,0,0,0,0
6387,13,,,,0,0,0,0,0
6387,14,,,,0,0,0,0,0
6387,15,,,,0,0,0,0,0
6388,11,,,,0,0,0,0,0
6388,12,,,,0,0,0,0,0
6388,13,,,,0,0,0,0,0
6388,14,,,,0,0,0,0,0
6388,15,,,,0,0,0,0,0
6389,11,,,,0,0,0,0,0
6389,12,,,,0,0,0,0,0
6389,13,,,,0,0,0,0,0
6389,14,,,,0,0,0,0,0
6389,15,,,,0,0,0,0,0
6390,11,,,,0,0,0,0,0
6390,12,,,,0,0,0,0,0
6390,13,,,,0,0,0,0,0
6390,14,,,,0,0,0,0,0
6390,15,,,,0,0,0,0,0
6391,11,,,,0,0,0,0,0
6391,12,,,,0,0,0,0,0
6391,13,,,,0,0,0,0,0
6391,14,,,,0,0,0,0,0
6391,15,,,,0,0,0,0,0
6392,11,,,,0,0,0,0,0
6392,12,,,,0,0,0,0,0
6392,13,,,,0,0,0,0,0
6392,14,,,,0,0,0,0,0
6392,15,,,,0,0,0,0,0
6393,11,,,,0,0,0,0,0
6393,12,,,,0,0,0,0,0
6393,13,,,,0,0,0,0,0
6393,14,,,,0,0,0,0,0
6393,15,,,,0,0,0,0,0
6394,11,,,,0,0,0,0,0
6394,12,,,,0,0,0,0,0
6394,13,,,,0,0,0,0,0
6394,14,,,,0,0,0,0,0
6394,15,,,,0,0,0,0,0
6395,11,,,,0,0,0,0,0
6395,12,,,,0,0,0,0,0
6395,13,,,,0,0,0,0,0
6395,14,,,,0,0,0,0,0
6395,15,,,,0,0,0,0,0
6396,11,,,,0,0,0,0,0
6396,12,,,,0,0,0,0,0
6396,13,,,,0,0,0,0,0
6396,14,,,,0,0,0,0,0
6396,15,,,,0,0,0,0,0
6397,11,,,,0,0,0,0,0
6397,12,,,,0,0,0,0,0
6397,13,,,,0,0,0,0,0
6397,14,,,,0,0,0,0,0
6397,15,,,,0,0,0,0,0
6398,11,,,,0,0,0,0,0
6398,12,,,,0,0,0,0,0
6398,13,,,,0,0,0,0,0
6398,14,,,,0,0,0,0,0
6398,15,,,,0,0,0,0,0
6399,11,,,,0,0,0,0,0
6399,12,,,,0,0,0,0,0
6399,13,,,,0,0,0,0,0
6399,14,,,,0,0,0,0,0
6399,15,,,,0,0,0,0,0
6400,11,,,,0,0,0,0,0
6400,12,,,,0,0,0,0,0
6400,13,,,,0,0,0,0,0
6400,14,,,,0,0,0,0,0
6400,15,,,,0,0,0,0,0
6401,11,,,,0,0,0,0,0
6401,12,,,,0,0,0,0,0
6401,13,,,,0,0,0,0,0
6401,14,,,,0,0,0,0,0
6401,15,,,,0,0,0,0,0
6402,11,,,,0,0,0,0,0
6402,12,,,,0,0,0,0,0
6402,13,,,,0,0,0,0,0
6402,14,,,,0,0,0,0,0
6402,15,,,,0,0,0,0,0
6403,11,,,,0,0,0,0,0
6403,12,,,,0,0,0,0,0
6403,13,,,,0,0,0,0,0
6403,14,,,,0,0,0,0,0
6403,15,,,,0,0,0,0,0
6404,11,,,,0,0,0,0,0
6404,12,,,,0,0,0,0,0
6404,13,,,,0,0,0,0,0
6404,14,,,,0,0,0,0,0
6404,15,,,,0,0,0,0,0
6405,11,,,,0,0,0,0,0
6405,12,,,,0,0,0,0,0
6405,13,,,,0,0,0,0,0
6405,14,,,,0,0,0,0,0
6405,15,,,,0,0,0,0,0
6406,11,,,,0,0,0,0,0
6406,12,,,,0,0,0,0,0
6406,13,,,,0,0,0,0,0
6406,14,,,,0,0,0,0,0
6406,15,,,,0,0,0,0,0
6407,11,,,,0,0,0,0,0
6407,12,,,,0,0,0,0,0
6407,13,,,,0,0,0,0,0
6407,14,,,,0,0,0,0,0
6407,15,,,,0,0,0,0,0
6408,11,,,,0,0,0,0,0
6408,12,,,,0,0,0,0,0
6408,13,,,,0,0,0,0,0
6408,14,,,,0,0,0,0,0
6408,15,,,,0,0,0,0,0
6409,11,,,,0,0,0,0,0
6409,12,,,,0,0,0,0,0
6409,13,,,,0,0,0,0,0
6409,14,,,,0,0,0,0,0
6409,15,,,,0,0,0,0,0
6410,11,,,,0,0,0,0,0
6410,12,,,,0,0,0,0,0
6410,13,,,,0,0,0,0,0
6410,14,,,,0,0,0,0,0
6410,15,,,,0,0,0,0,0
6411,11,,,,0,0,0,0,0
6411,12,,,,0,0,0,0,0
6411,13,,,,0,0,0,0,0
6411,14,,,,0,0,0,0,0
6411,15,,,,0,0,0,0,0
6412,11,,,,0,0,0,0,0
6412,12,,,,0,0,0,0,0
6412,13,,,,0,0,0,0,0
6412,14,,,,0,0,0,0,0
6412,15,,,,0,0,0,0,0
6413,11,,,,0,0,0,0,0
6413,12,,,,0,0,0,0,0
6413,13,,,,0,0,0,0,0
6413,14,,,,0,0,0,0,0
6413,15,,,,0,0,0,0,0
6414,11,,,,0,0,0,0,0
6414,12,,,,0,0,0,0,0
6414,13,,,,0,0,0,0,0
6414,14,,,,0,0,0,0,0
6414,15,,,,0,0,0,0,0
6415,11,,,,0,0,0,0,0
6415,12,,,,0,0,0,0,0
6415,13,,,,0,0,0,0,0
6415,14,,,,0,0,0,0,0
6415,15,,,,0,0,0,0,0
6416,11,,,,0,0,0,0,0
6416,12,,,,0,0,0,0,0
6416,13,,,,0,0,0,0,0
6416,14,,,,0,0,0,0,0
6416,15,,,,0,0,0,0,0
6417,11,,,,0,0,0,0,0
6417,12,,,,0,0,0,0,0
6417,13,,,,0,0,0,0,0
6417,14,,,,0,0,0,0,0
6417,15,,,,0,0,0,0,0
6418,11,,,,0,0,0,0,0
6418,12,,,,0,0,0,0,0
6418,13,,,,0,0,0,0,0
6418,14,,,,0,0,0,0,0
6418,15,,,,0,0,0,0,0
6419,11,,,,0,0,0,0,0
6419,12,,,,0,0,0,0,0
6419,13,,,,0,0,0,0,0
6419,14,,,,0,0,0,0,0
6419,15,,,,0,0,0,0,0
6420,11,,,,0,0,0,0,0
6420,12,,,,0,0,0,0,0
6420,13,,,,0,0,0,0,0
6420,14,,,,0,0,0,0,0
6420,15,,,,0,0,0,0,0
6421,11,,,,0,0,0,0,0
6421,12,,,,0,0,0,0,0
6421,13,,,,0,0,0,0,0
6421,14,,,,0,0,0,0,0
6421,15,,,,0,0,0,0,0
6422,11,,,,0,0,0,0,0
6422,12,,,,0,0,0,0,0
6422,13,,,,0,0,0,0,0
6422,14,,,,0,0,0,0,0
6422,15,,,,0,0,0,0,0
6423,11,,,,0,0,0,0,0
6423,12,,,,0,0,0,0,0
6423,13,,,,0,0,0,0,0
6423,14,,,,0,0,0,0,0
6423,15,,,,0,0,0,0,0
6424,11,,,,0,0,0,0,0
6424,12,,,,0,0,0,0,0
6424,13,,,,0,0,0,0,0
6424,14,,,,0,0,0,0,0
6424,15,,,,0,0,0,0,0
6425,11,,,,0,0,0,0,0
6425,12,,,,0,0,0,0,0
6425,13,,,,0,0,0,0,0
6425,14,,,,0,0,0,0,0
6425,15,,,,0,0,0,0,0
6426,11,,,,0,0,0,0,0
6426,12,,,,0,0,0,0,0
6426,13,,,,0,0,0,0,0
6426,14,,,,0,0,0,0,0
6426,15,,,,0,0,0,0,0
6427,11,,,,0,0,0,0,0
6427,12,,,,0,0,0,0,0
6427,13,,,,0,0,0,0,0
6427,14,,,,0,0,0,0,0
6427,15,,,,0,0,0,0,0
6428,11,,,,0,0,0,0,0
6428,12,,,,0,0,0,0,0
6428,13,,,,0,0,0,0,0
6428,14,,,,0,0,0,0,0
6428,15,,,,0,0,0,0,0
6429,11,,,,0,0,0,0,0
6429,12,,,,0,0,0,0,0
6429,13,,,,0,0,0,0,0
6429,14,,,,0,0,0,0,0
6429,15,,,,0,0,0,0,0
6430,11,,,,0,0,0,0,0
6430,12,,,,0,0,0,0,0
6430,13,,,,0,0,0,0,0
6430,14,,,,0,0,0,0,0
6430,15,,,,0,0,0,0,0
6431,11,,,,0,0,0,0,0
6431,12,,,,0,0,0,0,0
6431,13,,,,0,0,0,0,0
6431,14,,,,0,0,0,0,0
6431,15,,,,0,0,0,0,0
6432,11,,,,0,0,0,0,0
6432,12,,,,0,0,0,0,0
6432,13,,,,0,0,0,0,0
6432,14,,,,0,0,0,0,0
6432,15,,,,0,0,0,0,0
6433,11,,,,0,0,0,0,0
6433,12,,,,0,0,0,0,0
6433,13,,,,0,0,0,0,0
6433,14,,,,0,0,0,0,0
6433,15,,,,0,0,0,0,0
6434,11,,,,0,0,0,0,0
6434,12,,,,0,0,0,0,0
6434,13,,,,0,0,0,0,0
6434,14,,,,0,0,0,0,0
6434,15,,,,0,0,0,0,0
6435,11,,,,0,0,0,0,0
6435,12,,,,0,0,0,0,0
6435,13,,,,0,0,0,0,0
6435,14,,,,0,0,0,0,0
6435,15,,,,0,0,0,0,0
6436,11,,,,0,0,0,0,0
6436,12,,,,0,0,0,0,0
6436,13,,,,0,0,0,0,0
6436,14,,,,0,0,0,0,0
6436,15,,,,0,0,0,0,0
6437,11,,,,0,0,0,0,0
6437,12,,,,0,0,0,0,0
6437,13,,,,0,0,0,0,0
6437,14,,,,0,0,0,0,0
6437,15,,,,0,0,0,0,0
6438,11,,,,0,0,0,0,0
6438,12,,,,0,0,0,0,0
6438,13,,,,0,0,0,0,0
6438,14,,,,0,0,0,0,0
6438,15,,,,0,0,0,0,0
6439,11,,,,0,0,0,0,0
6439,12,,,,0,0,0,0,0
6439,13,,,,0,0,0,0,0
6439,14,,,,0,0,0,0,0
6439,15,,,,0,0,0,0,0
6440,11,,,,0,0,0,0,0
6440,12,,,,0,0,0,0,0
6440,13,,,,0,0,0,0,0
6440,14,,,,0,0,0,0,0
6440,15,,,,0,0,0,0,0
6441,11,,,,0,0,0,0,0
6441,12,,,,0,0,0,0,0
6441,13,,,,0,0,0,0,0
6441,14,,,,0,0,0,0,0
6441,15,,,,0,0,0,0,0
6442,11,,,,0,0,0,0,0
6442,12,,,,0,0,0,0,0
6442,13,,,,0,0,0,0,0
6442,14,,,,0,0,0,0,0
6442,15,,,,0,0,0,0,0
6443,11,,,,0,0,0,0,0
6443,12,,,,0,0,0,0,0
6443,13,,,,0,0,0,0,0
6443,14,,,,0,0,0,0,0
6443,15,,,,0,0,0,0,0
6444,11,,,,0,0,0,0,0
6444,12,,,,0,0,0,0,0
6444,13,,,,0,0,0,0,0
6444,14,,,,0,0,0,0,0
6444,15,,,,0,0,0,0,0
6445,11,,,,0,0,0,0,0
6445,12,,,,0,0,0,0,0
6445,13,,,,0,0,0,0,0
6445,14,,,,0,0,0,0,0
6445,15,,,,0,0,0,0,0
6446,11,,,,0,0,0,0,0
6446,12,,,,0,0,0,0,0
6446,13,,,,0,0,0,0,0
6446,14,,,,0,0,0,0,0
6446,15,,,,0,0,0,0,0
6447,11,,,,0,0,0,0,0
6447,12,,,,0,0,0,0,0
6447,13,,,,0,0,0,0,0
6447,14,,,,0,0,0,0,0
6447,15,,,,0,0,0,0,0
6448,11,,,,0,0,0,0,0
6448,12,,,,0,0,0,0,0
6448,13,,,,0,0,0,0,0
6448,14,,,,0,0,0,0,0
6448,15,,,,0,0,0,0,0
6449,11,,,,0,0,0,0,0
6449,12,,,,0,0,0,0,0
6449,13,,,,0,0,0,0,0
6449,14,,,,0,0,0,0,0
6449,15,,,,0,0,0,0,0
6450,11,,,,0,0,0,0,0
6450,12,,,,0,0,0,0,0
6450,13,,,,0,0,0,0,0
6450,14,,,,0,0,0,0,0
6450,15,,,,0,0,0,0,0
6451,11,,,,0,0,0,0,0
6451,12,,,,0,0,0,0,0
6451,13,,,,0,0,0,0,0
6451,14,,,,0,0,0,0,0
6451,15,,,,0,0,0,0,0
6452,11,,,,0,0,0,0,0
6452,12,,,,0,0,0,0,0
6452,13,,,,0,0,0,0,0
6452,14,,,,0,0,0,0,0
6452,15,,,,0,0,0,0,0
6453,11,,,,0,0,0,0,0
6453,12,,,,0,0,0,0,0
6453,13,,,,0,0,0,0,0
6453,14,,,,0,0,0,0,0
6453,15,,,,0,0,0,0,0
6454,11,,,,0,0,0,0,0
6454,12,,,,0,0,0,0,0
6454,13,,,,0,0,0,0,0
6454,14,,,,0,0,0,0,0
6454,15,,,,0,0,0,0,0
6455,11,,,,0,0,0,0,0
6455,12,,,,0,0,0,0,0
6455,13,,,,0,0,0,0,0
6455,14,,,,0,0,0,0,0
6455,15,,,,0,0,0,0,0
6456,11,,,,0,0,0,0,0
6456,12,,,,0,0,0,0,0
6456,13,,,,0,0,0,0,0
6456,14,,,,0,0,0,0,0
6456,15,,,,0,0,0,0,0
6457,11,,,,0,0,0,0,0
6457,12,,,,0,0,0,0,0
6457,13,,,,0,0,0,0,0
6457,14,,,,0,0,0,0,0
6457,15,,,,0,0,0,0,0
6458,11,,,,0,0,0,0,0
6458,12,,,,0,0,0,0,0
6458,13,,,,0,0,0,0,0
6458,14,,,,0,0,0,0,0
6458,15,,,,0,0,0,0,0
6459,11,,,,0,0,0,0,0
6459,12,,,,0,0,0,0,0
6459,13,,,,0,0,0,0,0
6459,14,,,,0,0,0,0,0
6459,15,,,,0,0,0,0,0
6460,11,,,,0,0,0,0,0
6460,12,,,,0,0,0,0,0
6460,13,,,,0,0,0,0,0
6460,14,,,,0,0,0,0,0
6460,15,,,,0,0,0,0,0
6461,11,,,,0,0,0,0,0
6461,12,,,,0,0,0,0,0
6461,13,,,,0,0,0,0,0
6461,14,,,,0,0,0,0,0
6461,15,,,,0,0,0,0,0
6462,11,,,,0,0,0,0,0
6462,12,,,,0,0,0,0,0
6462,13,,,,0,0,0,0,0
6462,14,,,,0,0,0,0,0
6462,15,,,,0,0,0,0,0
6463,11,,,,0,0,0,0,0
6463,12,,,,0,0,0,0,0
6463,13,,,,0,0,0,0,0
6463,14,,,,0,0,0,0,0
6463,15,,,,0,0,0,0,0
6464,11,,,,0,0,0,0,0
6464,12,,,,0,0,0,0,0
6464,13,,,,0,0,0,0,0
6464,14,,,,0,0,0,0,0
6464,15,,,,0,0,0,0,0
6465,11,,,,0,0,0,0,0
6465,12,,,,0,0,0,0,0
6465,13,,,,0,0,0,0,0
6465,14,,,,0,0,0,0,0
6465,15,,,,0,0,0,0,0
6466,11,,,,0,0,0,0,0
6466,12,,,,0,0,0,0,0
6466,13,,,,0,0,0,0,0
6466,14,,,,0,0,0,0,0
6466,15,,,,0,0,0,0,0
6467,11,,,,0,0,0,0,0
6467,12,,,,0,0,0,0,0
6467,13,,,,0,0,0,0,0
6467,14,,,,0,0,0,0,0
6467,15,,,,0,0,0,0,0
6468,11,,,,0,0,0,0,0
6468,12,,,,0,0,0,0,0
6468,13,,,,0,0,0,0,0
6468,14,,,,0,0,0,0,0
6468,15,,,,0,0,0,0,0
6469,11,,,,0,0,0,0,0
6469,12,,,,0,0,0,0,0
6469,13,,,,0,0,0,0,0
6469,14,,,,0,0,0,0,0
6469,15,,,,0,0,0,0,0
6470,11,,,,0,0,0,0,0
6470,12,,,,0,0,0,0,0
6470,13,,,,0,0,0,0,0
6470,14,,,,0,0,0,0,0
6470,15,,,,0,0,0,0,0
6471,11,,,,0,0,0,0,0
6471,12,,,,0,0,0,0,0
6471,13,,,,0,0,0,0,0
6471,14,,,,0,0,0,0,0
6471,15,,,,0,0,0,0,0
6472,11,,,,0,0,0,0,0
6472,12,,,,0,0,0,0,0
6472,13,,,,0,0,0,0,0
6472,14,,,,0,0,0,0,0
6472,15,,,,0,0,0,0,0
6473,11,,,,0,0,0,0,0
6473,12,,,,0,0,0,0,0
6473,13,,,,0,0,0,0,0
6473,14,,,,0,0,0,0,0
6473,15,,,,0,0,0,0,0
6474,11,,,,0,0,0,0,0
6474,12,,,,0,0,0,0,0
6474,13,,,,0,0,0,0,0
6474,14,,,,0,0,0,0,0
6474,15,,,,0,0,0,0,0
6475,11,,,,0,0,0,0,0
6475,12,,,,0,0,0,0,0
6475,13,,,,0,0,0,0,0
6475,14,,,,0,0,0,0,0
6475,15,,,,0,0,0,0,0
6476,11,,,,0,0,0,0,0
6476,12,,,,0,0,0,0,0
6476,13,,,,0,0,0,0,0
6476,14,,,,0,0,0,0,0
6476,15,,,,0,0,0,0,0
6477,11,,,,0,0,0,0,0
6477,12,,,,0,0,0,0,0
6477,13,,,,0,0,0,0,0
6477,14,,,,0,0,0,0,0
6477,15,,,,0,0,0,0,0
6478,11,,,,0,0,0,0,0
6478,12,,,,0,0,0,0,0
6478,13,,,,0,0,0,0,0
6478,14,,,,0,0,0,0,0
6478,15,,,,0,0,0,0,0
6479,11,,,,0,0,0,0,0
6479,12,,,,0,0,0,0,0
6479,13,,,,0,0,0,0,0
6479,14,,,,0,0,0,0,0
6479,15,,,,0,0,0,0,0
6480,11,,,,0,0,0,0,0
6480,12,,,,0,0,0,0,0
6480,13,,,,0,0,0,0,0
6480,14,,,,0,0,0,0,0
6480,15,,,,0,0,0,0,0
6481,11,,,,0,0,0,0,0
6481,12,,,,0,0,0,0,0
6481,13,,,,0,0,0,0,0
6481,14,,,,0,0,0,0,0
6481,15,,,,0,0,0,0,0
6482,11,,,,0,0,0,0,0
6482,12,,,,0,0,0,0,0
6482,13,,,,0,0,0,0,0
6482,14,,,,0,0,0,0,0
6482,15,,,,0,0,0,0,0
6483,11,,,,0,0,0,0,0
6483,12,,,,0,0,0,0,0
6483,13,,,,0,0,0,0,0
6483,14,,,,0,0,0,0,0
6483,15,,,,0,0,0,0,0
6484,11,,,,0,0,0,0,0
6484,12,,,,0,0,0,0,0
6484,13,,,,0,0,0,0,0
6484,14,,,,0,0,0,0,0
6484,15,,,,0,0,0,0,0
6485,11,,,,0,0,0,0,0
6485,12,,,,0,0,0,0,0
6485,13,,,,0,0,0,0,0
6485,14,,,,0,0,0,0,0
6485,15,,,,0,0,0,0,0
6486,11,,,,0,0,0,0,0
6486,12,,,,0,0,0,0,0
6486,13,,,,0,0,0,0,0
6486,14,,,,0,0,0,0,0
6486,15,,,,0,0,0,0,0
6487,11,,,,0,0,0,0,0
6487,12,,,,0,0,0,0,0
6487,13,,,,0,0,0,0,0
6487,14,,,,0,0,0,0,0
6487,15,,,,0,0,0,0,0
6488,11,,,,0,0,0,0,0
6488,12,,,,0,0,0,0,0
6488,13,,,,0,0,0,0,0
6488,14,,,,0,0,0,0,0
6488,15,,,,0,0,0,0,0
6489,11,,,,0,0,0,0,0
6489,12,,,,0,0,0,0,0
6489,13,,,,0,0,0,0,0
6489,14,,,,0,0,0,0,0
6489,15,,,,0,0,0,0,0
6490,11,,,,0,0,0,0,0
6490,12,,,,0,0,0,0,0
6490,13,,,,0,0,0,0,0
6490,14,,,,0,0,0,0,0
6490,15,,,,0,0,0,0,0
6491,11,,,,0,0,0,0,0
6491,12,,,,0,0,0,0,0
6491,13,,,,0,0,0,0,0
6491,14,,,,0,0,0,0,0
6491,15,,,,0,0,0,0,0
6492,11,,,,0,0,0,0,0
6492,12,,,,0,0,0,0,0
6492,13,,,,0,0,0,0,0
6492,14,,,,0,0,0,0,0
6492,15,,,,0,0,0,0,0
6493,11,,,,0,0,0,0,0
6493,12,,,,0,0,0,0,0
6493,13,,,,0,0,0,0,0
6493,14,,,,0,0,0,0,0
6493,15,,,,0,0,0,0,0
6494,11,,,,0,0,0,0,0
6494,12,,,,0,0,0,0,0
6494,13,,,,0,0,0,0,0
6494,14,,,,0,0,0,0,0
6494,15,,,,0,0,0,0,0
6495,11,,,,0,0,0,0,0
6495,12,,,,0,0,0,0,0
6495,13,,,,0,0,0,0,0
6495,14,,,,0,0,0,0,0
6495,15,,,,0,0,0,0,0
6496,11,,,,0,0,0,0,0
6496,12,,,,0,0,0,0,0
6496,13,,,,0,0,0,0,0
6496,14,,,,0,0,0,0,0
6496,15,,,,0,0,0,0,0
6497,11,,,,0,0,0,0,0
6497,12,,,,0,0,0,0,0
6497,13,,,,0,0,0,0,0
6497,14,,,,0,0,0,0,0
6497,15,,,,0,0,0,0,0
6498,11,,,,0,0,0,0,0
6498,12,,,,0,0,0,0,0
6498,13,,,,0,0,0,0,0
6498,14,,,,0,0,0,0,0
6498,15,,,,0,0,0,0,0
6499,11,,,,0,0,0,0,0
6499,12,,,,0,0,0,0,0
6499,13,,,,0,0,0,0,0
6499,14,,,,0,0,0,0,0
6499,15,,,,0,0,0,0,0
6500,11,,,,0,0,0,0,0
6500,12,,,,0,0,0,0,0
6500,13,,,,0,0,0,0,0
6500,14,,,,0,0,0,0,0
6500,15,,,,0,0,0,0,0
6501,11,,,,0,0,0,0,0
6501,12,,,,0,0,0,0,0
6501,13,,,,0,0,0,0,0
6501,14,,,,0,0,0,0,0
6501,15,,,,0,0,0,0,0
6502,11,,,,0,0,0,0,0
6502,12,,,,0,0,0,0,0
6502,13,,,,0,0,0,0,0
6502,14,,,,0,0,0,0,0
6502,15,,,,0,0,0,0,0
6503,11,,,,0,0,0,0,0
6503,12,,,,0,0,0,0,0
6503,13,,,,0,0,0,0,0
6503,14,,,,0,0,0,0,0
6503,15,,,,0,0,0,0,0
6504,11,,,,0,0,0,0,0
6504,12,,,,0,0,0,0,0
6504,13,,,,0,0,0,0,0
6504,14,,,,0,0,0,0,0
6504,15,,,,0,0,0,0,0
6505,11,,,,0,0,0,0,0
6505,12,,,,0,0,0,0,0
6505,13,,,,0,0,0,0,0
6505,14,,,,0,0,0,0,0
6505,15,,,,0,0,0,0,0
6506,11,,,,0,0,0,0,0
6506,12,,,,0,0,0,0,0
6506,13,,,,0,0,0,0,0
6506,14,,,,0,0,0,0,0
6506,15,,,,0,0,0,0,0
6507,11,,,,0,0,0,0,0
6507,12,,,,0,0,0,0,0
6507,13,,,,0,0,0,0,0
6507,14,,,,0,0,0,0,0
6507,15,,,,0,0,0,0,0
6508,11,,,,0,0,0,0,0
6508,12,,,,0,0,0,0,0
6508,13,,,,0,0,0,0,0
6508,14,,,,0,0,0,0,0
6508,15,,,,0,0,0,0,0
6509,11,,,,0,0,0,0,0
6509,12,,,,0,0,0,0,0
6509,13,,,,0,0,0,0,0
6509,14,,,,0,0,0,0,0
6509,15,,,,0,0,0,0,0
6510,11,,,,0,0,0,0,0
6510,12,,,,0,0,0,0,0
6510,13,,,,0,0,0,0,0
6510,14,,,,0,0,0,0,0
6510,15,,,,0,0,0,0,0
6511,11,,,,0,0,0,0,0
6511,12,,,,0,0,0,0,0
6511,13,,,,0,0,0,0,0
6511,14,,,,0,0,0,0,0
6511,15,,,,0,0,0,0,0
6512,11,,,,0,0,0,0,0
6512,12,,,,0,0,0,0,0
6512,13,,,,0,0,0,0,0
6512,14,,,,0,0,0,0,0
6512,15,,,,0,0,0,0,0
6513,11,,,,0,0,0,0,0
6513,12,,,,0,0,0,0,0
6513,13,,,,0,0,0,0,0
6513,14,,,,0,0,0,0,0
6513,15,,,,0,0,0,0,0
6514,11,,,,0,0,0,0,0
6514,12,,,,0,0,0,0,0
6514,13,,,,0,0,0,0,0
6514,14,,,,0,0,0,0,0
6514,15,,,,0,0,0,0,0
6515,11,,,,0,0,0,0,0
6515,12,,,,0,0,0,0,0
6515,13,,,,0,0,0,0,0
6515,14,,,,0,0,0,0,0
6515,15,,,,0,0,0,0,0
6516,11,,,,0,0,0,0,0
6516,12,,,,0,0,0,0,0
6516,13,,,,0,0,0,0,0
6516,14,,,,0,0,0,0,0
6516,15,,,,0,0,0,0,0
6517,11,,,,0,0,0,0,0
6517,12,,,,0,0,0,0,0
6517,13,,,,0,0,0,0,0
6517,14,,,,0,0,0,0,0
6517,15,,,,0,0,0,0,0
6518,11,,,,0,0,0,0,0
6518,12,,,,0,0,0,0,0
6518,13,,,,0,0,0,0,0
6518,14,,,,0,0,0,0,0
6518,15,,,,0,0,0,0,0
6519,11,,,,0,0,0,0,0
6519,12,,,,0,0,0,0,0
6519,13,,,,0,0,0,0,0
6519,14,,,,0,0,0,0,0
6519,15,,,,0,0,0,0,0
6520,11,,,,0,0,0,0,0
6520,12,,,,0,0,0,0,0
6520,13,,,,0,0,0,0,0
6520,14,,,,0,0,0,0,0
6520,15,,,,0,0,0,0,0
6521,11,,,,0,0,0,0,0
6521,12,,,,0,0,0,0,0
6521,13,,,,0,0,0,0,0
6521,14,,,,0,0,0,0,0
6521,15,,,,0,0,0,0,0
6522,11,,,,0,0,0,0,0
6522,12,,,,0,0,0,0,0
6522,13,,,,0,0,0,0,0
6522,14,,,,0,0,0,0,0
6522,15,,,,0,0,0,0,0
6523,11,,,,0,0,0,0,0
6523,12,,,,0,0,0,0,0
6523,13,,,,0,0,0,0,0
6523,14,,,,0,0,0,0,0
6523,15,,,,0,0,0,0,0
6524,11,,,,0,0,0,0,0
6524,12,,,,0,0,0,0,0
6524,13,,,,0,0,0,0,0
6524,14,,,,0,0,0,0,0
6524,15,,,,0,0,0,0,0
6525,11,,,,0,0,0,0,0
6525,12,,,,0,0,0,0,0
6525,13,,,,0,0,0,0,0
6525,14,,,,0,0,0,0,0
6525,15,,,,0,0,0,0,0
6526,11,,,,0,0,0,0,0
6526,12,,,,0,0,0,0,0
6526,13,,,,0,0,0,0,0
6526,14,,,,0,0,0,0,0
6526,15,,,,0,0,0,0,0
6527,11,,,,0,0,0,0,0
6527,12,,,,0,0,0,0,0
6527,13,,,,0,0,0,0,0
6527,14,,,,0,0,0,0,0
6527,15,,,,0,0,0,0,0
6528,11,,,,0,0,0,0,0
6528,12,,,,0,0,0,0,0
6528,13,,,,0,0,0,0,0
6528,14,,,,0,0,0,0,0
6528,15,,,,0,0,0,0,0
6529,11,,,,0,0,0,0,0
6529,12,,,,0,0,0,0,0
6529,13,,,,0,0,0,0,0
6529,14,,,,0,0,0,0,0
6529,15,,,,0,0,0,0,0
6530,11,,,,0,0,0,0,0
6530,12,,,,0,0,0,0,0
6530,13,,,,0,0,0,0,0
6530,14,,,,0,0,0,0,0
6530,15,,,,0,0,0,0,0
6531,11,,,,0,0,0,0,0
6531,12,,,,0,0,0,0,0
6531,13,,,,0,0,0,0,0
6531,14,,,,0,0,0,0,0
6531,15,,,,0,0,0,0,0
6532,11,,,,0,0,0,0,0
6532,12,,,,0,0,0,0,0
6532,13,,,,0,0,0,0,0
6532,14,,,,0,0,0,0,0
6532,15,,,,0,0,0,0,0
6533,11,,,,0,0,0,0,0
6533,12,,,,0,0,0,0,0
6533,13,,,,0,0,0,0,0
6533,14,,,,0,0,0,0,0
6533,15,,,,0,0,0,0,0
6534,11,,,,0,0,0,0,0
6534,12,,,,0,0,0,0,0
6534,13,,,,0,0,0,0,0
6534,14,,,,0,0,0,0,0
6534,15,,,,0,0,0,0,0
6535,11,,,,0,0,0,0,0
6535,12,,,,0,0,0,0,0
6535,13,,,,0,0,0,0,0
6535,14,,,,0,0,0,0,0
6535,15,,,,0,0,0,0,0
6536,11,,,,0,0,0,0,0
6536,12,,,,0,0,0,0,0
6536,13,,,,0,0,0,0,0
6536,14,,,,0,0,0,0,0
6536,15,,,,0,0,0,0,0
6537,11,,,,0,0,0,0,0
6537,12,,,,0,0,0,0,0
6537,13,,,,0,0,0,0,0
6537,14,,,,0,0,0,0,0
6537,15,,,,0,0,0,0,0
6538,11,,,,0,0,0,0,0
6538,12,,,,0,0,0,0,0
6538,13,,,,0,0,0,0,0
6538,14,,,,0,0,0,0,0
6538,15,,,,0,0,0,0,0
6539,11,,,,0,0,0,0,0
6539,12,,,,0,0,0,0,0
6539,13,,,,0,0,0,0,0
6539,14,,,,0,0,0,0,0
6539,15,,,,0,0,0,0,0
6540,11,,,,0,0,0,0,0
6540,12,,,,0,0,0,0,0
6540,13,,,,0,0,0,0,0
6540,14,,,,0,0,0,0,0
6540,15,,,,0,0,0,0,0
6541,11,,,,0,0,0,0,0
6541,12,,,,0,0,0,0,0
6541,13,,,,0,0,0,0,0
6541,14,,,,0,0,0,0,0
6541,15,,,,0,0,0,0,0
6542,11,,,,0,0,0,0,0
6542,12,,,,0,0,0,0,0
6542,13,,,,0,0,0,0,0
6542,14,,,,0,0,0,0,0
6542,15,,,,0,0,0,0,0
6543,11,,,,0,0,0,0,0
6543,12,,,,0,0,0,0,0
6543,13,,,,0,0,0,0,0
6543,14,,,,0,0,0,0,0
6543,15,,,,0,0,0,0,0
6544,11,,,,0,0,0,0,0
6544,12,,,,0,0,0,0,0
6544,13,,,,0,0,0,0,0
6544,14,,,,0,0,0,0,0
6544,15,,,,0,0,0,0,0
6545,11,,,,0,0,0,0,0
6545,12,,,,0,0,0,0,0
6545,13,,,,0,0,0,0,0
6545,14,,,,0,0,0,0,0
6545,15,,,,0,0,0,0,0
6546,11,,,,0,0,0,0,0
6546,12,,,,0,0,0,0,0
6546,13,,,,0,0,0,0,0
6546,14,,,,0,0,0,0,0
6546,15,,,,0,0,0,0,0
6547,11,,,,0,0,0,0,0
6547,12,,,,0,0,0,0,0
6547,13,,,,0,0,0,0,0
6547,14,,,,0,0,0,0,0
6547,15,,,,0,0,0,0,0
6548,11,,,,0,0,0,0,0
6548,12,,,,0,0,0,0,0
6548,13,,,,0,0,0,0,0
6548,14,,,,0,0,0,0,0
6548,15,,,,0,0,0,0,0
6549,11,,,,0,0,0,0,0
6549,12,,,,0,0,0,0,0
6549,13,,,,0,0,0,0,0
6549,14,,,,0,0,0,0,0
6549,15,,,,0,0,0,0,0
6550,11,,,,0,0,0,0,0
6550,12,,,,0,0,0,0,0
6550,13,,,,0,0,0,0,0
6550,14,,,,0,0,0,0,0
6550,15,,,,0,0,0,0,0
6551,11,,,,0,0,0,0,0
6551,12,,,,0,0,0,0,0
6551,13,,,,0,0,0,0,0
6551,14,,,,0,0,0,0,0
6551,15,,,,0,0,0,0,0
6552,11,,,,0,0,0,0,0
6552,12,,,,0,0,0,0,0
6552,13,,,,0,0,0,0,0
6552,14,,,,0,0,0,0,0
6552,15,,,,0,0,0,0,0
6553,11,,,,0,0,0,0,0
6553,12,,,,0,0,0,0,0
6553,13,,,,0,0,0,0,0
6553,14,,,,0,0,0,0,0
6553,15,,,,0,0,0,0,0
6554,11,,,,0,0,0,0,0
6554,12,,,,0,0,0,0,0
6554,13,,,,0,0,0,0,0
6554,14,,,,0,0,0,0,0
6554,15,,,,0,0,0,0,0
6555,11,,,,0,0,0,0,0
6555,12,,,,0,0,0,0,0
6555,13,,,,0,0,0,0,0
6555,14,,,,0,0,0,0,0
6555,15,,,,0,0,0,0,0
6556,11,,,,0,0,0,0,0
6556,12,,,,0,0,0,0,0
6556,13,,,,0,0,0,0,0
6556,14,,,,0,0,0,0,0
6556,15,,,,0,0,0,0,0
6557,11,,,,0,0,0,0,0
6557,12,,,,0,0,0,0,0
6557,13,,,,0,0,0,0,0
6557,14,,,,0,0,0,0,0
6557,15,,,,0,0,0,0,0
6558,11,,,,0,0,0,0,0
6558,12,,,,0,0,0,0,0
6558,13,,,,0,0,0,0,0
6558,14,,,,0,0,0,0,0
6558,15,,,,0,0,0,0,0
6559,11,,,,0,0,0,0,0
6559,12,,,,0,0,0,0,0
6559,13,,,,0,0,0,0,0
6559,14,,,,0,0,0,0,0
6559,15,,,,0,0,0,0,0
6560,11,,,,0,0,0,0,0
6560,12,,,,0,0,0,0,0
6560,13,,,,0,0,0,0,0
6560,14,,,,0,0,0,0,0
6560,15,,,,0,0,0,0,0
6561,11,,,,0,0,0,0,0
6561,12,,,,0,0,0,0,0
6561,13,,,,0,0,0,0,0
6561,14,,,,0,0,0,0,0
6561,15,,,,0,0,0,0,0
6562,11,,,,0,0,0,0,0
6562,12,,,,0,0,0,0,0
6562,13,,,,0,0,0,0,0
6562,14,,,,0,0,0,0,0
6562,15,,,,0,0,0,0,0
6563,11,,,,0,0,0,0,0
6563,12,,,,0,0,0,0,0
6563,13,,,,0,0,0,0,0
6563,14,,,,0,0,0,0,0
6563,15,,,,0,0,0,0,0
6564,11,,,,0,0,0,0,0
6564,12,,,,0,0,0,0,0
6564,13,,,,0,0,0,0,0
6564,14,,,,0,0,0,0,0
6564,15,,,,0,0,0,0,0
6565,11,,,,0,0,0,0,0
6565,12,,,,0,0,0,0,0
6565,13,,,,0,0,0,0,0
6565,14,,,,0,0,0,0,0
6565,15,,,,0,0,0,0,0
6566,11,,,,0,0,0,0,0
6566,12,,,,0,0,0,0,0
6566,13,,,,0,0,0,0,0
6566,14,,,,0,0,0,0,0
6566,15,,,,0,0,0,0,0
6567,11,,,,0,0,0,0,0
6567,12,,,,0,0,0,0,0
6567,13,,,,0,0,0,0,0
6567,14,,,,0,0,0,0,0
6567,15,,,,0,0,0,0,0
6568,11,,,,0,0,0,0,0
6568,12,,,,0,0,0,0,0
6568,13,,,,0,0,0,0,0
6568,14,,,,0,0,0,0,0
6568,15,,,,0,0,0,0,0
6569,11,,,,0,0,0,0,0
6569,12,,,,0,0,0,0,0
6569,13,,,,0,0,0,0,0
6569,14,,,,0,0,0,0,0
6569,15,,,,0,0,0,0,0
6570,11,,,,0,0,0,0,0
6570,12,,,,0,0,0,0,0
6570,13,,,,0,0,0,0,0
6570,14,,,,0,0,0,0,0
6570,15,,,,0,0,0,0,0
6571,11,,,,0,0,0,0,0
6571,12,,,,0,0,0,0,0
6571,13,,,,0,0,0,0,0
6571,14,,,,0,0,0,0,0
6571,15,,,,0,0,0,0,0
6572,11,,,,0,0,0,0,0
6572,12,,,,0,0,0,0,0
6572,13,,,,0,0,0,0,0
6572,14,,,,0,0,0,0,0
6572,15,,,,0,0,0,0,0
6573,11,,,,0,0,0,0,0
6573,12,,,,0,0,0,0,0
6573,13,,,,0,0,0,0,0
6573,14,,,,0,0,0,0,0
6573,15,,,,0,0,0,0,0
6574,11,,,,0,0,0,0,0
6574,12,,,,0,0,0,0,0
6574,13,,,,0,0,0,0,0
6574,14,,,,0,0,0,0,0
6574,15,,,,0,0,0,0,0
6575,11,,,,0,0,0,0,0
6575,12,,,,0,0,0,0,0
6575,13,,,,0,0,0,0,0
6575,14,,,,0,0,0,0,0
6575,15,,,,0,0,0,0,0
6576,11,,,,0,0,0,0,0
6576,12,,,,0,0,0,0,0
6576,13,,,,0,0,0,0,0
6576,14,,,,0,0,0,0,0
6576,15,,,,0,0,0,0,0
6577,11,,,,0,0,0,0,0
6577,12,,,,0,0,0,0,0
6577,13,,,,0,0,0,0,0
6577,14,,,,0,0,0,0,0
6577,15,,,,0,0,0,0,0
6578,11,,,,0,0,0,0,0
6578,12,,,,0,0,0,0,0
6578,13,,,,0,0,0,0,0
6578,14,,,,0,0,0,0,0
6578,15,,,,0,0,0,0,0
6579,11,,,,0,0,0,0,0
6579,12,,,,0,0,0,0,0
6579,13,,,,0,0,0,0,0
6579,14,,,,0,0,0,0,0
6579,15,,,,0,0,0,0,0
6580,11,,,,0,0,0,0,0
6580,12,,,,0,0,0,0,0
6580,13,,,,0,0,0,0,0
6580,14,,,,0,0,0,0,0
6580,15,,,,0,0,0,0,0
6581,11,,,,0,0,0,0,0
6581,12,,,,0,0,0,0,0
6581,13,,,,0,0,0,0,0
6581,14,,,,0,0,0,0,0
6581,15,,,,0,0,0,0,0
6582,11,,,,0,0,0,0,0
6582,12,,,,0,0,0,0,0
6582,13,,,,0,0,0,0,0
6582,14,,,,0,0,0,0,0
6582,15,,,,0,0,0,0,0
6583,11,,,,0,0,0,0,0
6583,12,,,,0,0,0,0,0
6583,13,,,,0,0,0,0,0
6583,14,,,,0,0,0,0,0
6583,15,,,,0,0,0,0,0
6584,11,,,,0,0,0,0,0
6584,12,,,,0,0,0,0,0
6584,13,,,,0,0,0,0,0
6584,14,,,,0,0,0,0,0
6584,15,,,,0,0,0,0,0
6585,11,,,,0,0,0,0,0
6585,12,,,,0,0,0,0,0
6585,13,,,,0,0,0,0,0
6585,14,,,,0,0,0,0,0
6585,15,,,,0,0,0,0,0
6586,11,,,,0,0,0,0,0
6586,12,,,,0,0,0,0,0
6586,13,,,,0,0,0,0,0
6586,14,,,,0,0,0,0,0
6586,15,,,,0,0,0,0,0
6587,11,,,,0,0,0,0,0
6587,12,,,,0,0,0,0,0
6587,13,,,,0,0,0,0,0
6587,14,,,,0,0,0,0,0
6587,15,,,,0,0,0,0,0
6588,11,,,,0,0,0,0,0
6588,12,,,,0,0,0,0,0
6588,13,,,,0,0,0,0,0
6588,14,,,,0,0,0,0,0
6588,15,,,,0,0,0,0,0
6589,11,,,,0,0,0,0,0
6589,12,,,,0,0,0,0,0
6589,13,,,,0,0,0,0,0
6589,14,,,,0,0,0,0,0
6589,15,,,,0,0,0,0,0
6590,11,,,,0,0,0,0,0
6590,12,,,,0,0,0,0,0
6590,13,,,,0,0,0,0,0
6590,14,,,,0,0,0,0,0
6590,15,,,,0,0,0,0,0
6591,11,,,,0,0,0,0,0
6591,12,,,,0,0,0,0,0
6591,13,,,,0,0,0,0,0
6591,14,,,,0,0,0,0,0
6591,15,,,,0,0,0,0,0
6592,11,,,,0,0,0,0,0
6592,12,,,,0,0,0,0,0
6592,13,,,,0,0,0,0,0
6592,14,,,,0,0,0,0,0
6592,15,,,,0,0,0,0,0
6593,11,,,,0,0,0,0,0
6593,12,,,,0,0,0,0,0
6593,13,,,,0,0,0,0,0
6593,14,,,,0,0,0,0,0
6593,15,,,,0,0,0,0,0
6594,11,,,,0,0,0,0,0
6594,12,,,,0,0,0,0,0
6594,13,,,,0,0,0,0,0
6594,14,,,,0,0,0,0,0
6594,15,,,,0,0,0,0,0
6595,11,,,,0,0,0,0,0
6595,12,,,,0,0,0,0,0
6595,13,,,,0,0,0,0,0
6595,14,,,,0,0,0,0,0
6595,15,,,,0,0,0,0,0
6596,11,,,,0,0,0,0,0
6596,12,,,,0,0,0,0,0
6596,13,,,,0,0,0,0,0
6596,14,,,,0,0,0,0,0
6596,15,,,,0,0,0,0,0
6597,11,,,,0,0,0,0,0
6597,12,,,,0,0,0,0,0
6597,13,,,,0,0,0,0,0
6597,14,,,,0,0,0,0,0
6597,15,,,,0,0,0,0,0
6598,11,,,,0,0,0,0,0
6598,12,,,,0,0,0,0,0
6598,13,,,,0,0,0,0,0
6598,14,,,,0,0,0,0,0
6598,15,,,,0,0,0,0,0
6599,11,,,,0,0,0,0,0
6599,12,,,,0,0,0,0,0
6599,13,,,,0,0,0,0,0
6599,14,,,,0,0,0,0,0
6599,15,,,,0,0,0,0,0
6600,11,,,,0,0,0,0,0
6600,12,,,,0,0,0,0,0
6600,13,,,,0,0,0,0,0
6600,14,,,,0,0,0,0,0
6600,15,,,,0,0,0,0,0
6601,11,,,,0,0,0,0,0
6601,12,,,,0,0,0,0,0
6601,13,,,,0,0,0,0,0
6601,14,,,,0,0,0,0,0
6601,15,,,,0,0,0,0,0
6602,11,,,,0,0,0,0,0
6602,12,,,,0,0,0,0,0
6602,13,,,,0,0,0,0,0
6602,14,,,,0,0,0,0,0
6602,15,,,,0,0,0,0,0
6603,11,,,,0,0,0,0,0
6603,12,,,,0,0,0,0,0
6603,13,,,,0,0,0,0,0
6603,14,,,,0,0,0,0,0
6603,15,,,,0,0,0,0,0
6604,11,,,,0,0,0,0,0
6604,12,,,,0,0,0,0,0
6604,13,,,,0,0,0,0,0
6604,14,,,,0,0,0,0,0
6604,15,,,,0,0,0,0,0
6605,11,,,,0,0,0,0,0
6605,12,,,,0,0,0,0,0
6605,13,,,,0,0,0,0,0
6605,14,,,,0,0,0,0,0
6605,15,,,,0,0,0,0,0
6606,11,,,,0,0,0,0,0
6606,12,,,,0,0,0,0,0
6606,13,,,,0,0,0,0,0
6606,14,,,,0,0,0,0,0
6606,15,,,,0,0,0,0,0
6607,11,,,,0,0,0,0,0
6607,12,,,,0,0,0,0,0
6607,13,,,,0,0,0,0,0
6607,14,,,,0,0,0,0,0
6607,15,,,,0,0,0,0,0
6608,11,,,,0,0,0,0,0
6608,12,,,,0,0,0,0,0
6608,13,,,,0,0,0,0,0
6608,14,,,,0,0,0,0,0
6608,15,,,,0,0,0,0,0
6609,11,,,,0,0,0,0,0
6609,12,,,,0,0,0,0,0
6609,13,,,,0,0,0,0,0
6609,14,,,,0,0,0,0,0
6609,15,,,,0,0,0,0,0
6610,11,,,,0,0,0,0,0
6610,12,,,,0,0,0,0,0
6610,13,,,,0,0,0,0,0
6610,14,,,,0,0,0,0,0
6610,15,,,,0,0,0,0,0
6611,11,,,,0,0,0,0,0
6611,12,,,,0,0,0,0,0
6611,13,,,,0,0,0,0,0
6611,14,,,,0,0,0,0,0
6611,15,,,,0,0,0,0,0
6612,11,,,,0,0,0,0,0
6612,12,,,,0,0,0,0,0
6612,13,,,,0,0,0,0,0
6612,14,,,,0,0,0,0,0
6612,15,,,,0,0,0,0,0
6613,11,,,,0,0,0,0,0
6613,12,,,,0,0,0,0,0
6613,13,,,,0,0,0,0,0
6613,14,,,,0,0,0,0,0
6613,15,,,,0,0,0,0,0
6614,11,,,,0,0,0,0,0
6614,12,,,,0,0,0,0,0
6614,13,,,,0,0,0,0,0
6614,14,,,,0,0,0,0,0
6614,15,,,,0,0,0,0,0
6615,11,,,,0,0,0,0,0
6615,12,,,,0,0,0,0,0
6615,13,,,,0,0,0,0,0
6615,14,,,,0,0,0,0,0
6615,15,,,,0,0,0,0,0
6616,11,,,,0,0,0,0,0
6616,12,,,,0,0,0,0,0
6616,13,,,,0,0,0,0,0
6616,14,,,,0,0,0,0,0
6616,15,,,,0,0,0,0,0
6617,11,,,,0,0,0,0,0
6617,12,,,,0,0,0,0,0
6617,13,,,,0,0,0,0,0
6617,14,,,,0,0,0,0,0
6617,15,,,,0,0,0,0,0
6618,11,,,,0,0,0,0,0
6618,12,,,,0,0,0,0,0
6618,13,,,,0,0,0,0,0
6618,14,,,,0,0,0,0,0
6618,15,,,,0,0,0,0,0
6619,11,,,,0,0,0,0,0
6619,12,,,,0,0,0,0,0
6619,13,,,,0,0,0,0,0
6619,14,,,,0,0,0,0,0
6619,15,,,,0,0,0,0,0
6620,11,,,,0,0,0,0,0
6620,12,,,,0,0,0,0,0
6620,13,,,,0,0,0,0,0
6620,14,,,,0,0,0,0,0
6620,15,,,,0,0,0,0,0
6621,11,,,,0,0,0,0,0
6621,12,,,,0,0,0,0,0
6621,13,,,,0,0,0,0,0
6621,14,,,,0,0,0,0,0
6621,15,,,,0,0,0,0,0
6622,11,,,,0,0,0,0,0
6622,12,,,,0,0,0,0,0
6622,13,,,,0,0,0,0,0
6622,14,,,,0,0,0,0,0
6622,15,,,,0,0,0,0,0
6623,11,,,,0,0,0,0,0
6623,12,,,,0,0,0,0,0
6623,13,,,,0,0,0,0,0
6623,14,,,,0,0,0,0,0
6623,15,,,,0,0,0,0,0
6624,11,,,,0,0,0,0,0
6624,12,,,,0,0,0,0,0
6624,13,,,,0,0,0,0,0
6624,14,,,,0,0,0,0,0
6624,15,,,,0,0,0,0,0
6625,11,,,,0,0,0,0,0
6625,12,,,,0,0,0,0,0
6625,13,,,,0,0,0,0,0
6625,14,,,,0,0,0,0,0
6625,15,,,,0,0,0,0,0
6626,11,,,,0,0,0,0,0
6626,12,,,,0,0,0,0,0
6626,13,,,,0,0,0,0,0
6626,14,,,,0,0,0,0,0
6626,15,,,,0,0,0,0,0
6627,11,,,,0,0,0,0,0
6627,12,,,,0,0,0,0,0
6627,13,,,,0,0,0,0,0
6627,14,,,,0,0,0,0,0
6627,15,,,,0,0,0,0,0
6628,11,,,,0,0,0,0,0
6628,12,,,,0,0,0,0,0
6628,13,,,,0,0,0,0,0
6628,14,,,,0,0,0,0,0
6628,15,,,,0,0,0,0,0
6629,11,,,,0,0,0,0,0
6629,12,,,,0,0,0,0,0
6629,13,,,,0,0,0,0,0
6629,14,,,,0,0,0,0,0
6629,15,,,,0,0,0,0,0
6630,11,,,,0,0,0,0,0
6630,12,,,,0,0,0,0,0
6630,13,,,,0,0,0,0,0
6630,14,,,,0,0,0,0,0
6630,15,,,,0,0,0,0,0
6631,11,,,,0,0,0,0,0
6631,12,,,,0,0,0,0,0
6631,13,,,,0,0,0,0,0
6631,14,,,,0,0,0,0,0
6631,15,,,,0,0,0,0,0
6632,11,,,,0,0,0,0,0
6632,12,,,,0,0,0,0,0
6632,13,,,,0,0,0,0,0
6632,14,,,,0,0,0,0,0
6632,15,,,,0,0,0,0,0
6633,11,,,,0,0,0,0,0
6633,12,,,,0,0,0,0,0
6633,13,,,,0,0,0,0,0
6633,14,,,,0,0,0,0,0
6633,15,,,,0,0,0,0,0
6634,11,,,,0,0,0,0,0
6634,12,,,,0,0,0,0,0
6634,13,,,,0,0,0,0,0
6634,14,,,,0,0,0,0,0
6634,15,,,,0,0,0,0,0
6635,11,,,,0,0,0,0,0
6635,12,,,,0,0,0,0,0
6635,13,,,,0,0,0,0,0
6635,14,,,,0,0,0,0,0
6635,15,,,,0,0,0,0,0
6636,11,,,,0,0,0,0,0
6636,12,,,,0,0,0,0,0
6636,13,,,,0,0,0,0,0
6636,14,,,,0,0,0,0,0
6636,15,,,,0,0,0,0,0
6637,11,,,,0,0,0,0,0
6637,12,,,,0,0,0,0,0
6637,13,,,,0,0,0,0,0
6637,14,,,,0,0,0,0,0
6637,15,,,,0,0,0,0,0
6638,11,,,,0,0,0,0,0
6638,12,,,,0,0,0,0,0
6638,13,,,,0,0,0,0,0
6638,14,,,,0,0,0,0,0
6638,15,,,,0,0,0,0,0
6639,11,,,,0,0,0,0,0
6639,12,,,,0,0,0,0,0
6639,13,,,,0,0,0,0,0
6639,14,,,,0,0,0,0,0
6639,15,,,,0,0,0,0,0
6640,11,,,,0,0,0,0,0
6640,12,,,,0,0,0,0,0
6640,13,,,,0,0,0,0,0
6640,14,,,,0,0,0,0,0
6640,15,,,,0,0,0,0,0
6641,11,,,,0,0,0,0,0
6641,12,,,,0,0,0,0,0
6641,13,,,,0,0,0,0,0
6641,14,,,,0,0,0,0,0
6641,15,,,,0,0,0,0,0
6642,11,,,,0,0,0,0,0
6642,12,,,,0,0,0,0,0
6642,13,,,,0,0,0,0,0
6642,14,,,,0,0,0,0,0
6642,15,,,,0,0,0,0,0
6643,11,,,,0,0,0,0,0
6643,12,,,,0,0,0,0,0
6643,13,,,,0,0,0,0,0
6643,14,,,,0,0,0,0,0
6643,15,,,,0,0,0,0,0
6644,11,,,,0,0,0,0,0
6644,12,,,,0,0,0,0,0
6644,13,,,,0,0,0,0,0
6644,14,,,,0,0,0,0,0
6644,15,,,,0,0,0,0,0
6645,11,,,,0,0,0,0,0
6645,12,,,,0,0,0,0,0
6645,13,,,,0,0,0,0,0
6645,14,,,,0,0,0,0,0
6645,15,,,,0,0,0,0,0
6646,11,,,,0,0,0,0,0
6646,12,,,,0,0,0,0,0
6646,13,,,,0,0,0,0,0
6646,14,,,,0,0,0,0,0
6646,15,,,,0,0,0,0,0
6647,11,,,,0,0,0,0,0
6647,12,,,,0,0,0,0,0
6647,13,,,,0,0,0,0,0
6647,14,,,,0,0,0,0,0
6647,15,,,,0,0,0,0,0
6648,11,,,,0,0,0,0,0
6648,12,,,,0,0,0,0,0
6648,13,,,,0,0,0,0,0
6648,14,,,,0,0,0,0,0
6648,15,,,,0,0,0,0,0
6649,11,,,,0,0,0,0,0
6649,12,,,,0,0,0,0,0
6649,13,,,,0,0,0,0,0
6649,14,,,,0,0,0,0,0
6649,15,,,,0,0,0,0,0
6650,11,,,,0,0,0,0,0
6650,12,,,,0,0,0,0,0
6650,13,,,,0,0,0,0,0
6650,14,,,,0,0,0,0,0
6650,15,,,,0,0,0,0,0
6651,11,,,,0,0,0,0,0
6651,12,,,,0,0,0,0,0
6651,13,,,,0,0,0,0,0
6651,14,,,,0,0,0,0,0
6651,15,,,,0,0,0,0,0
6652,11,,,,0,0,0,0,0
6652,12,,,,0,0,0,0,0
6652,13,,,,0,0,0,0,0
6652,14,,,,0,0,0,0,0
6652,15,,,,0,0,0,0,0
6653,11,,,,0,0,0,0,0
6653,12,,,,0,0,0,0,0
6653,13,,,,0,0,0,0,0
6653,14,,,,0,0,0,0,0
6653,15,,,,0,0,0,0,0
6654,11,,,,0,0,0,0,0
6654,12,,,,0,0,0,0,0
6654,13,,,,0,0,0,0,0
6654,14,,,,0,0,0,0,0
6654,15,,,,0,0,0,0,0
6655,11,,,,0,0,0,0,0
6655,12,,,,0,0,0,0,0
6655,13,,,,0,0,0,0,0
6655,14,,,,0,0,0,0,0
6655,15,,,,0,0,0,0,0
6656,11,,,,0,0,0,0,0
6656,12,,,,0,0,0,0,0
6656,13,,,,0,0,0,0,0
6656,14,,,,0,0,0,0,0
6656,15,,,,0,0,0,0,0
6657,11,,,,0,0,0,0,0
6657,12,,,,0,0,0,0,0
6657,13,,,,0,0,0,0,0
6657,14,,,,0,0,0,0,0
6657,15,,,,0,0,0,0,0
6658,11,,,,0,0,0,0,0
6658,12,,,,0,0,0,0,0
6658,13,,,,0,0,0,0,0
6658,14,,,,0,0,0,0,0
6658,15,,,,0,0,0,0,0
6659,11,,,,0,0,0,0,0
6659,12,,,,0,0,0,0,0
6659,13,,,,0,0,0,0,0
6659,14,,,,0,0,0,0,0
6659,15,,,,0,0,0,0,0
6660,11,,,,0,0,0,0,0
6660,12,,,,0,0,0,0,0
6660,13,,,,0,0,0,0,0
6660,14,,,,0,0,0,0,0
6660,15,,,,0,0,0,0,0
6661,11,,,,0,0,0,0,0
6661,12,,,,0,0,0,0,0
6661,13,,,,0,0,0,0,0
6661,14,,,,0,0,0,0,0
6661,15,,,,0,0,0,0,0
6662,11,,,,0,0,0,0,0
6662,12,,,,0,0,0,0,0
6662,13,,,,0,0,0,0,0
6662,14,,,,0,0,0,0,0
6662,15,,,,0,0,0,0,0
6663,11,,,,0,0,0,0,0
6663,12,,,,0,0,0,0,0
6663,13,,,,0,0,0,0,0
6663,14,,,,0,0,0,0,0
6663,15,,,,0,0,0,0,0
6664,11,,,,0,0,0,0,0
6664,12,,,,0,0,0,0,0
6664,13,,,,0,0,0,0,0
6664,14,,,,0,0,0,0,0
6664,15,,,,0,0,0,0,0
6665,11,,,,0,0,0,0,0
6665,12,,,,0,0,0,0,0
6665,13,,,,0,0,0,0,0
6665,14,,,,0,0,0,0,0
6665,15,,,,0,0,0,0,0
6666,11,,,,0,0,0,0,0
6666,12,,,,0,0,0,0,0
6666,13,,,,0,0,0,0,0
6666,14,,,,0,0,0,0,0
6666,15,,,,0,0,0,0,0
6667,11,,,,0,0,0,0,0
6667,12,,,,0,0,0,0,0
6667,13,,,,0,0,0,0,0
6667,14,,,,0,0,0,0,0
6667,15,,,,0,0,0,0,0
6668,11,,,,0,0,0,0,0
6668,12,,,,0,0,0,0,0
6668,13,,,,0,0,0,0,0
6668,14,,,,0,0,0,0,0
6668,15,,,,0,0,0,0,0
6669,11,,,,0,0,0,0,0
6669,12,,,,0,0,0,0,0
6669,13,,,,0,0,0,0,0
6669,14,,,,0,0,0,0,0
6669,15,,,,0,0,0,0,0
6670,11,,,,0,0,0,0,0
6670,12,,,,0,0,0,0,0
6670,13,,,,0,0,0,0,0
6670,14,,,,0,0,0,0,0
6670,15,,,,0,0,0,0,0
6671,11,,,,0,0,0,0,0
6671,12,,,,0,0,0,0,0
6671,13,,,,0,0,0,0,0
6671,14,,,,0,0,0,0,0
6671,15,,,,0,0,0,0,0
6672,11,,,,0,0,0,0,0
6672,12,,,,0,0,0,0,0
6672,13,,,,0,0,0,0,0
6672,14,,,,0,0,0,0,0
6672,15,,,,0,0,0,0,0
6673,11,,,,0,0,0,0,0
6673,12,,,,0,0,0,0,0
6673,13,,,,0,0,0,0,0
6673,14,,,,0,0,0,0,0
6673,15,,,,0,0,0,0,0
6674,11,,,,0,0,0,0,0
6674,12,,,,0,0,0,0,0
6674,13,,,,0,0,0,0,0
6674,14,,,,0,0,0,0,0
6674,15,,,,0,0,0,0,0
6675,11,,,,0,0,0,0,0
6675,12,,,,0,0,0,0,0
6675,13,,,,0,0,0,0,0
6675,14,,,,0,0,0,0,0
6675,15,,,,0,0,0,0,0
6676,11,,,,0,0,0,0,0
6676,12,,,,0,0,0,0,0
6676,13,,,,0,0,0,0,0
6676,14,,,,0,0,0,0,0
6676,15,,,,0,0,0,0,0
6677,11,,,,0,0,0,0,0
6677,12,,,,0,0,0,0,0
6677,13,,,,0,0,0,0,0
6677,14,,,,0,0,0,0,0
6677,15,,,,0,0,0,0,0
6678,11,,,,0,0,0,0,0
6678,12,,,,0,0,0,0,0
6678,13,,,,0,0,0,0,0
6678,14,,,,0,0,0,0,0
6678,15,,,,0,0,0,0,0
6679,11,,,,0,0,0,0,0
6679,12,,,,0,0,0,0,0
6679,13,,,,0,0,0,0,0
6679,14,,,,0,0,0,0,0
6679,15,,,,0,0,0,0,0
6680,11,,,,0,0,0,0,0
6680,12,,,,0,0,0,0,0
6680,13,,,,0,0,0,0,0
6680,14,,,,0,0,0,0,0
6680,15,,,,0,0,0,0,0
6681,11,,,,0,0,0,0,0
6681,12,,,,0,0,0,0,0
6681,13,,,,0,0,0,0,0
6681,14,,,,0,0,0,0,0
6681,15,,,,0,0,0,0,0
6682,11,,,,0,0,0,0,0
6682,12,,,,0,0,0,0,0
6682,13,,,,0,0,0,0,0
6682,14,,,,0,0,0,0,0
6682,15,,,,0,0,0,0,0
6683,11,,,,0,0,0,0,0
6683,12,,,,0,0,0,0,0
6683,13,,,,0,0,0,0,0
6683,14,,,,0,0,0,0,0
6683,15,,,,0,0,0,0,0
6684,11,,,,0,0,0,0,0
6684,12,,,,0,0,0,0,0
6684,13,,,,0,0,0,0,0
6684,14,,,,0,0,0,0,0
6684,15,,,,0,0,0,0,0
6685,11,,,,0,0,0,0,0
6685,12,,,,0,0,0,0,0
6685,13,,,,0,0,0,0,0
6685,14,,,,0,0,0,0,0
6685,15,,,,0,0,0,0,0
6686,11,,,,0,0,0,0,0
6686,12,,,,0,0,0,0,0
6686,13,,,,0,0,0,0,0
6686,14,,,,0,0,0,0,0
6686,15,,,,0,0,0,0,0
6687,11,,,,0,0,0,0,0
6687,12,,,,0,0,0,0,0
6687,13,,,,0,0,0,0,0
6687,14,,,,0,0,0,0,0
6687,15,,,,0,0,0,0,0
6688,11,,,,0,0,0,0,0
6688,12,,,,0,0,0,0,0
6688,13,,,,0,0,0,0,0
6688,14,,,,0,0,0,0,0
6688,15,,,,0,0,0,0,0
6689,11,,,,0,0,0,0,0
6689,12,,,,0,0,0,0,0
6689,13,,,,0,0,0,0,0
6689,14,,,,0,0,0,0,0
6689,15,,,,0,0,0,0,0
6690,11,,,,0,0,0,0,0
6690,12,,,,0,0,0,0,0
6690,13,,,,0,0,0,0,0
6690,14,,,,0,0,0,0,0
6690,15,,,,0,0,0,0,0
6691,11,,,,0,0,0,0,0
6691,12,,,,0,0,0,0,0
6691,13,,,,0,0,0,0,0
6691,14,,,,0,0,0,0,0
6691,15,,,,0,0,0,0,0
6692,11,,,,0,0,0,0,0
6692,12,,,,0,0,0,0,0
6692,13,,,,0,0,0,0,0
6692,14,,,,0,0,0,0,0
6692,15,,,,0,0,0,0,0
6693,11,,,,0,0,0,0,0
6693,12,,,,0,0,0,0,0
6693,13,,,,0,0,0,0,0
6693,14,,,,0,0,0,0,0
6693,15,,,,0,0,0,0,0
6694,11,,,,0,0,0,0,0
6694,12,,,,0,0,0,0,0
6694,13,,,,0,0,0,0,0
6694,14,,,,0,0,0,0,0
6694,15,,,,0,0,0,0,0
6695,11,,,,0,0,0,0,0
6695,12,,,,0,0,0,0,0
6695,13,,,,0,0,0,0,0
6695,14,,,,0,0,0,0,0
6695,15,,,,0,0,0,0,0
6696,11,,,,0,0,0,0,0
6696,12,,,,0,0,0,0,0
6696,13,,,,0,0,0,0,0
6696,14,,,,0,0,0,0,0
6696,15,,,,0,0,0,0,0
6697,11,,,,0,0,0,0,0
6697,12,,,,0,0,0,0,0
6697,13,,,,0,0,0,0,0
6697,14,,,,0,0,0,0,0
6697,15,,,,0,0,0,0,0
6698,11,,,,0,0,0,0,0
6698,12,,,,0,0,0,0,0
6698,13,,,,0,0,0,0,0
6698,14,,,,0,0,0,0,0
6698,15,,,,0,0,0,0,0
6699,11,,,,0,0,0,0,0
6699,12,,,,0,0,0,0,0
6699,13,,,,0,0,0,0,0
6699,14,,,,0,0,0,0,0
6699,15,,,,0,0,0,0,0
6700,11,,,,0,0,0,0,0
6700,12,,,,0,0,0,0,0
6700,13,,,,0,0,0,0,0
6700,14,,,,0,0,0,0,0
6700,15,,,,0,0,0,0,0
6701,11,,,,0,0,0,0,0
6701,12,,,,0,0,0,0,0
6701,13,,,,0,0,0,0,0
6701,14,,,,0,0,0,0,0
6701,15,,,,0,0,0,0,0
6702,11,,,,0,0,0,0,0
6702,12,,,,0,0,0,0,0
6702,13,,,,0,0,0,0,0
6702,14,,,,0,0,0,0,0
6702,15,,,,0,0,0,0,0
6703,11,,,,0,0,0,0,0
6703,12,,,,0,0,0,0,0
6703,13,,,,0,0,0,0,0
6703,14,,,,0,0,0,0,0
6703,15,,,,0,0,0,0,0
6704,11,,,,0,0,0,0,0
6704,12,,,,0,0,0,0,0
6704,13,,,,0,0,0,0,0
6704,14,,,,0,0,0,0,0
6704,15,,,,0,0,0,0,0
6705,11,,,,0,0,0,0,0
6705,12,,,,0,0,0,0,0
6705,13,,,,0,0,0,0,0
6705,14,,,,0,0,0,0,0
6705,15,,,,0,0,0,0,0
6706,11,,,,0,0,0,0,0
6706,12,,,,0,0,0,0,0
6706,13,,,,0,0,0,0,0
6706,14,,,,0,0,0,0,0
6706,15,,,,0,0,0,0,0
6707,11,,,,0,0,0,0,0
6707,12,,,,0,0,0,0,0
6707,13,,,,0,0,0,0,0
6707,14,,,,0,0,0,0,0
6707,15,,,,0,0,0,0,0
6708,11,,,,0,0,0,0,0
6708,12,,,,0,0,0,0,0
6708,13,,,,0,0,0,0,0
6708,14,,,,0,0,0,0,0
6708,15,,,,0,0,0,0,0
6709,11,,,,0,0,0,0,0
6709,12,,,,0,0,0,0,0
6709,13,,,,0,0,0,0,0
6709,14,,,,0,0,0,0,0
6709,15,,,,0,0,0,0,0
6710,11,,,,0,0,0,0,0
6710,12,,,,0,0,0,0,0
6710,13,,,,0,0,0,0,0
6710,14,,,,0,0,0,0,0
6710,15,,,,0,0,0,0,0
6711,11,,,,0,0,0,0,0
6711,12,,,,0,0,0,0,0
6711,13,,,,0,0,0,0,0
6711,14,,,,0,0,0,0,0
6711,15,,,,0,0,0,0,0
6712,11,,,,0,0,0,0,0
6712,12,,,,0,0,0,0,0
6712,13,,,,0,0,0,0,0
6712,14,,,,0,0,0,0,0
6712,15,,,,0,0,0,0,0
6713,11,,,,0,0,0,0,0
6713,12,,,,0,0,0,0,0
6713,13,,,,0,0,0,0,0
6713,14,,,,0,0,0,0,0
6713,15,,,,0,0,0,0,0
6714,11,,,,0,0,0,0,0
6714,12,,,,0,0,0,0,0
6714,13,,,,0,0,0,0,0
6714,14,,,,0,0,0,0,0
6714,15,,,,0,0,0,0,0
6715,11,,,,0,0,0,0,0
6715,12,,,,0,0,0,0,0
6715,13,,,,0,0,0,0,0
6715,14,,,,0,0,0,0,0
6715,15,,,,0,0,0,0,0
6716,11,,,,0,0,0,0,0
6716,12,,,,0,0,0,0,0
6716,13,,,,0,0,0,0,0
6716,14,,,,0,0,0,0,0
6716,15,,,,0,0,0,0,0
6717,11,,,,0,0,0,0,0
6717,12,,,,0,0,0,0,0
6717,13,,,,0,0,0,0,0
6717,14,,,,0,0,0,0,0
6717,15,,,,0,0,0,0,0
6718,11,,,,0,0,0,0,0
6718,12,,,,0,0,0,0,0
6718,13,,,,0,0,0,0,0
6718,14,,,,0,0,0,0,0
6718,15,,,,0,0,0,0,0
6719,11,,,,0,0,0,0,0
6719,12,,,,0,0,0,0,0
6719,13,,,,0,0,0,0,0
6719,14,,,,0,0,0,0,0
6719,15,,,,0,0,0,0,0
6720,11,,,,0,0,0,0,0
6720,12,,,,0,0,0,0,0
6720,13,,,,0,0,0,0,0
6720,14,,,,0,0,0,0,0
6720,15,,,,0,0,0,0,0
6721,11,,,,0,0,0,0,0
6721,12,,,,0,0,0,0,0
6721,13,,,,0,0,0,0,0
6721,14,,,,0,0,0,0,0
6721,15,,,,0,0,0,0,0
6722,11,,,,0,0,0,0,0
6722,12,,,,0,0,0,0,0
6722,13,,,,0,0,0,0,0
6722,14,,,,0,0,0,0,0
6722,15,,,,0,0,0,0,0
6723,11,,,,0,0,0,0,0
6723,12,,,,0,0,0,0,0
6723,13,,,,0,0,0,0,0
6723,14,,,,0,0,0,0,0
6723,15,,,,0,0,0,0,0
6724,11,,,,0,0,0,0,0
6724,12,,,,0,0,0,0,0
6724,13,,,,0,0,0,0,0
6724,14,,,,0,0,0,0,0
6724,15,,,,0,0,0,0,0
6725,11,,,,0,0,0,0,0
6725,12,,,,0,0,0,0,0
6725,13,,,,0,0,0,0,0
6725,14,,,,0,0,0,0,0
6725,15,,,,0,0,0,0,0
6726,11,,,,0,0,0,0,0
6726,12,,,,0,0,0,0,0
6726,13,,,,0,0,0,0,0
6726,14,,,,0,0,0,0,0
6726,15,,,,0,0,0,0,0
6727,11,,,,0,0,0,0,0
6727,12,,,,0,0,0,0,0
6727,13,,,,0,0,0,0,0
6727,14,,,,0,0,0,0,0
6727,15,,,,0,0,0,0,0
6728,11,,,,0,0,0,0,0
6728,12,,,,0,0,0,0,0
6728,13,,,,0,0,0,0,0
6728,14,,,,0,0,0,0,0
6728,15,,,,0,0,0,0,0
6729,11,,,,0,0,0,0,0
6729,12,,,,0,0,0,0,0
6729,13,,,,0,0,0,0,0
6729,14,,,,0,0,0,0,0
6729,15,,,,0,0,0,0,0
6730,11,,,,0,0,0,0,0
6730,12,,,,0,0,0,0,0
6730,13,,,,0,0,0,0,0
6730,14,,,,0,0,0,0,0
6730,15,,,,0,0,0,0,0
6731,11,,,,0,0,0,0,0
6731,12,,,,0,0,0,0,0
6731,13,,,,0,0,0,0,0
6731,14,,,,0,0,0,0,0
6731,15,,,,0,0,0,0,0
6732,11,,,,0,0,0,0,0
6732,12,,,,0,0,0,0,0
6732,13,,,,0,0,0,0,0
6732,14,,,,0,0,0,0,0
6732,15,,,,0,0,0,0,0
6733,11,,,,0,0,0,0,0
6733,12,,,,0,0,0,0,0
6733,13,,,,0,0,0,0,0
6733,14,,,,0,0,0,0,0
6733,15,,,,0,0,0,0,0
6734,11,,,,0,0,0,0,0
6734,12,,,,0,0,0,0,0
6734,13,,,,0,0,0,0,0
6734,14,,,,0,0,0,0,0
6734,15,,,,0,0,0,0,0
6735,11,,,,0,0,0,0,0
6735,12,,,,0,0,0,0,0
6735,13,,,,0,0,0,0,0
6735,14,,,,0,0,0,0,0
6735,15,,,,0,0,0,0,0
6736,11,,,,0,0,0,0,0
6736,12,,,,0,0,0,0,0
6736,13,,,,0,0,0,0,0
6736,14,,,,0,0,0,0,0
6736,15,,,,0,0,0,0,0
6737,11,,,,0,0,0,0,0
6737,12,,,,0,0,0,0,0
6737,13,,,,0,0,0,0,0
6737,14,,,,0,0,0,0,0
6737,15,,,,0,0,0,0,0
6738,11,,,,0,0,0,0,0
6738,12,,,,0,0,0,0,0
6738,13,,,,0,0,0,0,0
6738,14,,,,0,0,0,0,0
6738,15,,,,0,0,0,0,0
6739,11,,,,0,0,0,0,0
6739,12,,,,0,0,0,0,0
6739,13,,,,0,0,0,0,0
6739,14,,,,0,0,0,0,0
6739,15,,,,0,0,0,0,0
6740,11,,,,0,0,0,0,0
6740,12,,,,0,0,0,0,0
6740,13,,,,0,0,0,0,0
6740,14,,,,0,0,0,0,0
6740,15,,,,0,0,0,0,0
6741,11,,,,0,0,0,0,0
6741,12,,,,0,0,0,0,0
6741,13,,,,0,0,0,0,0
6741,14,,,,0,0,0,0,0
6741,15,,,,0,0,0,0,0
6742,11,,,,0,0,0,0,0
6742,12,,,,0,0,0,0,0
6742,13,,,,0,0,0,0,0
6742,14,,,,0,0,0,0,0
6742,15,,,,0,0,0,0,0
6743,11,,,,0,0,0,0,0
6743,12,,,,0,0,0,0,0
6743,13,,,,0,0,0,0,0
6743,14,,,,0,0,0,0,0
6743,15,,,,0,0,0,0,0
6744,11,,,,0,0,0,0,0
6744,12,,,,0,0,0,0,0
6744,13,,,,0,0,0,0,0
6744,14,,,,0,0,0,0,0
6744,15,,,,0,0,0,0,0
6745,11,,,,0,0,0,0,0
6745,12,,,,0,0,0,0,0
6745,13,,,,0,0,0,0,0
6745,14,,,,0,0,0,0,0
6745,15,,,,0,0,0,0,0
6746,11,,,,0,0,0,0,0
6746,12,,,,0,0,0,0,0
6746,13,,,,0,0,0,0,0
6746,14,,,,0,0,0,0,0
6746,15,,,,0,0,0,0,0
6747,11,,,,0,0,0,0,0
6747,12,,,,0,0,0,0,0
6747,13,,,,0,0,0,0,0
6747,14,,,,0,0,0,0,0
6747,15,,,,0,0,0,0,0
6748,11,,,,0,0,0,0,0
6748,12,,,,0,0,0,0,0
6748,13,,,,0,0,0,0,0
6748,14,,,,0,0,0,0,0
6748,15,,,,0,0,0,0,0
6749,11,,,,0,0,0,0,0
6749,12,,,,0,0,0,0,0
6749,13,,,,0,0,0,0,0
6749,14,,,,0,0,0,0,0
6749,15,,,,0,0,0,0,0
6750,11,,,,0,0,0,0,0
6750,12,,,,0,0,0,0,0
6750,13,,,,0,0,0,0,0
6750,14,,,,0,0,0,0,0
6750,15,,,,0,0,0,0,0
6751,11,,,,0,0,0,0,0
6751,12,,,,0,0,0,0,0
6751,13,,,,0,0,0,0,0
6751,14,,,,0,0,0,0,0
6751,15,,,,0,0,0,0,0
6752,11,,,,0,0,0,0,0
6752,12,,,,0,0,0,0,0
6752,13,,,,0,0,0,0,0
6752,14,,,,0,0,0,0,0
6752,15,,,,0,0,0,0,0
6753,11,,,,0,0,0,0,0
6753,12,,,,0,0,0,0,0
6753,13,,,,0,0,0,0,0
6753,14,,,,0,0,0,0,0
6753,15,,,,0,0,0,0,0
6754,11,,,,0,0,0,0,0
6754,12,,,,0,0,0,0,0
6754,13,,,,0,0,0,0,0
6754,14,,,,0,0,0,0,0
6754,15,,,,0,0,0,0,0
6755,11,,,,0,0,0,0,0
6755,12,,,,0,0,0,0,0
6755,13,,,,0,0,0,0,0
6755,14,,,,0,0,0,0,0
6755,15,,,,0,0,0,0,0
6756,11,,,,0,0,0,0,0
6756,12,,,,0,0,0,0,0
6756,13,,,,0,0,0,0,0
6756,14,,,,0,0,0,0,0
6756,15,,,,0,0,0,0,0
6757,11,,,,0,0,0,0,0
6757,12,,,,0,0,0,0,0
6757,13,,,,0,0,0,0,0
6757,14,,,,0,0,0,0,0
6757,15,,,,0,0,0,0,0
6758,11,,,,0,0,0,0,0
6758,12,,,,0,0,0,0,0
6758,13,,,,0,0,0,0,0
6758,14,,,,0,0,0,0,0
6758,15,,,,0,0,0,0,0
6759,11,,,,0,0,0,0,0
6759,12,,,,0,0,0,0,0
6759,13,,,,0,0,0,0,0
6759,14,,,,0,0,0,0,0
6759,15,,,,0,0,0,0,0
6760,11,,,,0,0,0,0,0
6760,12,,,,0,0,0,0,0
6760,13,,,,0,0,0,0,0
6760,14,,,,0,0,0,0,0
6760,15,,,,0,0,0,0,0
6761,11,,,,0,0,0,0,0
6761,12,,,,0,0,0,0,0
6761,13,,,,0,0,0,0,0
6761,14,,,,0,0,0,0,0
6761,15,,,,0,0,0,0,0
6762,11,,,,0,0,0,0,0
6762,12,,,,0,0,0,0,0
6762,13,,,,0,0,0,0,0
6762,14,,,,0,0,0,0,0
6762,15,,,,0,0,0,0,0
6763,11,,,,0,0,0,0,0
6763,12,,,,0,0,0,0,0
6763,13,,,,0,0,0,0,0
6763,14,,,,0,0,0,0,0
6763,15,,,,0,0,0,0,0
6764,11,,,,0,0,0,0,0
6764,12,,,,0,0,0,0,0
6764,13,,,,0,0,0,0,0
6764,14,,,,0,0,0,0,0
6764,15,,,,0,0,0,0,0
6765,11,,,,0,0,0,0,0
6765,12,,,,0,0,0,0,0
6765,13,,,,0,0,0,0,0
6765,14,,,,0,0,0,0,0
6765,15,,,,0,0,0,0,0
6766,11,,,,0,0,0,0,0
6766,12,,,,0,0,0,0,0
6766,13,,,,0,0,0,0,0
6766,14,,,,0,0,0,0,0
6766,15,,,,0,0,0,0,0
6767,11,,,,0,0,0,0,0
6767,12,,,,0,0,0,0,0
6767,13,,,,0,0,0,0,0
6767,14,,,,0,0,0,0,0
6767,15,,,,0,0,0,0,0
6768,11,,,,0,0,0,0,0
6768,12,,,,0,0,0,0,0
6768,13,,,,0,0,0,0,0
6768,14,,,,0,0,0,0,0
6768,15,,,,0,0,0,0,0
6769,11,,,,0,0,0,0,0
6769,12,,,,0,0,0,0,0
6769,13,,,,0,0,0,0,0
6769,14,,,,0,0,0,0,0
6769,15,,,,0,0,0,0,0
6770,11,,,,0,0,0,0,0
6770,12,,,,0,0,0,0,0
6770,13,,,,0,0,0,0,0
6770,14,,,,0,0,0,0,0
6770,15,,,,0,0,0,0,0
6771,11,,,,0,0,0,0,0
6771,12,,,,0,0,0,0,0
6771,13,,,,0,0,0,0,0
6771,14,,,,0,0,0,0,0
6771,15,,,,0,0,0,0,0
6772,11,,,,0,0,0,0,0
6772,12,,,,0,0,0,0,0
6772,13,,,,0,0,0,0,0
6772,14,,,,0,0,0,0,0
6772,15,,,,0,0,0,0,0
6773,11,,,,0,0,0,0,0
6773,12,,,,0,0,0,0,0
6773,13,,,,0,0,0,0,0
6773,14,,,,0,0,0,0,0
6773,15,,,,0,0,0,0,0
6774,11,,,,0,0,0,0,0
6774,12,,,,0,0,0,0,0
6774,13,,,,0,0,0,0,0
6774,14,,,,0,0,0,0,0
6774,15,,,,0,0,0,0,0
6775,11,,,,0,0,0,0,0
6775,12,,,,0,0,0,0,0
6775,13,,,,0,0,0,0,0
6775,14,,,,0,0,0,0,0
6775,15,,,,0,0,0,0,0
6776,11,,,,0,0,0,0,0
6776,12,,,,0,0,0,0,0
6776,13,,,,0,0,0,0,0
6776,14,,,,0,0,0,0,0
6776,15,,,,0,0,0,0,0
6777,11,,,,0,0,0,0,0
6777,12,,,,0,0,0,0,0
6777,13,,,,0,0,0,0,0
6777,14,,,,0,0,0,0,0
6777,15,,,,0,0,0,0,0
6778,11,,,,0,0,0,0,0
6778,12,,,,0,0,0,0,0
6778,13,,,,0,0,0,0,0
6778,14,,,,0,0,0,0,0
6778,15,,,,0,0,0,0,0
6779,11,,,,0,0,0,0,0
6779,12,,,,0,0,0,0,0
6779,13,,,,0,0,0,0,0
6779,14,,,,0,0,0,0,0
6779,15,,,,0,0,0,0,0
6780,11,,,,0,0,0,0,0
6780,12,,,,0,0,0,0,0
6780,13,,,,0,0,0,0,0
6780,14,,,,0,0,0,0,0
6780,15,,,,0,0,0,0,0
6781,11,,,,0,0,0,0,0
6781,12,,,,0,0,0,0,0
6781,13,,,,0,0,0,0,0
6781,14,,,,0,0,0,0,0
6781,15,,,,0,0,0,0,0
6782,11,,,,0,0,0,0,0
6782,12,,,,0,0,0,0,0
6782,13,,,,0,0,0,0,0
6782,14,,,,0,0,0,0,0
6782,15,,,,0,0,0,0,0
6783,11,,,,0,0,0,0,0
6783,12,,,,0,0,0,0,0
6783,13,,,,0,0,0,0,0
6783,14,,,,0,0,0,0,0
6783,15,,,,0,0,0,0,0
6784,11,,,,0,0,0,0,0
6784,12,,,,0,0,0,0,0
6784,13,,,,0,0,0,0,0
6784,14,,,,0,0,0,0,0
6784,15,,,,0,0,0,0,0
6785,11,,,,0,0,0,0,0
6785,12,,,,0,0,0,0,0
6785,13,,,,0,0,0,0,0
6785,14,,,,0,0,0,0,0
6785,15,,,,0,0,0,0,0
6786,11,,,,0,0,0,0,0
6786,12,,,,0,0,0,0,0
6786,13,,,,0,0,0,0,0
6786,14,,,,0,0,0,0,0
6786,15,,,,0,0,0,0,0
6787,11,,,,0,0,0,0,0
6787,12,,,,0,0,0,0,0
6787,13,,,,0,0,0,0,0
6787,14,,,,0,0,0,0,0
6787,15,,,,0,0,0,0,0
6788,11,,,,0,0,0,0,0
6788,12,,,,0,0,0,0,0
6788,13,,,,0,0,0,0,0
6788,14,,,,0,0,0,0,0
6788,15,,,,0,0,0,0,0
6789,11,,,,0,0,0,0,0
6789,12,,,,0,0,0,0,0
6789,13,,,,0,0,0,0,0
6789,14,,,,0,0,0,0,0
6789,15,,,,0,0,0,0,0
6790,11,,,,0,0,0,0,0
6790,12,,,,0,0,0,0,0
6790,13,,,,0,0,0,0,0
6790,14,,,,0,0,0,0,0
6790,15,,,,0,0,0,0,0
6791,11,,,,0,0,0,0,0
6791,12,,,,0,0,0,0,0
6791,13,,,,0,0,0,0,0
6791,14,,,,0,0,0,0,0
6791,15,,,,0,0,0,0,0
6792,11,,,,0,0,0,0,0
6792,12,,,,0,0,0,0,0
6792,13,,,,0,0,0,0,0
6792,14,,,,0,0,0,0,0
6792,15,,,,0,0,0,0,0
6793,11,,,,0,0,0,0,0
6793,12,,,,0,0,0,0,0
6793,13,,,,0,0,0,0,0
6793,14,,,,0,0,0,0,0
6793,15,,,,0,0,0,0,0
6794,11,,,,0,0,0,0,0
6794,12,,,,0,0,0,0,0
6794,13,,,,0,0,0,0,0
6794,14,,,,0,0,0,0,0
6794,15,,,,0,0,0,0,0
6795,11,,,,0,0,0,0,0
6795,12,,,,0,0,0,0,0
6795,13,,,,0,0,0,0,0
6795,14,,,,0,0,0,0,0
6795,15,,,,0,0,0,0,0
6796,11,,,,0,0,0,0,0
6796,12,,,,0,0,0,0,0
6796,13,,,,0,0,0,0,0
6796,14,,,,0,0,0,0,0
6796,15,,,,0,0,0,0,0
6797,11,,,,0,0,0,0,0
6797,12,,,,0,0,0,0,0
6797,13,,,,0,0,0,0,0
6797,14,,,,0,0,0,0,0
6797,15,,,,0,0,0,0,0
6798,11,,,,0,0,0,0,0
6798,12,,,,0,0,0,0,0
6798,13,,,,0,0,0,0,0
6798,14,,,,0,0,0,0,0
6798,15,,,,0,0,0,0,0
6799,11,,,,0,0,0,0,0
6799,12,,,,0,0,0,0,0
6799,13,,,,0,0,0,0,0
6799,14,,,,0,0,0,0,0
6799,15,,,,0,0,0,0,0
6800,11,,,,0,0,0,0,0
6800,12,,,,0,0,0,0,0
6800,13,,,,0,0,0,0,0
6800,14,,,,0,0,0,0,0
6800,15,,,,0,0,0,0,0
6801,11,,,,0,0,0,0,0
6801,12,,,,0,0,0,0,0
6801,13,,,,0,0,0,0,0
6801,14,,,,0,0,0,0,0
6801,15,,,,0,0,0,0,0
6802,11,,,,0,0,0,0,0
6802,12,,,,0,0,0,0,0
6802,13,,,,0,0,0,0,0
6802,14,,,,0,0,0,0,0
6802,15,,,,0,0,0,0,0
6803,11,,,,0,0,0,0,0
6803,12,,,,0,0,0,0,0
6803,13,,,,0,0,0,0,0
6803,14,,,,0,0,0,0,0
6803,15,,,,0,0,0,0,0
6804,11,,,,0,0,0,0,0
6804,12,,,,0,0,0,0,0
6804,13,,,,0,0,0,0,0
6804,14,,,,0,0,0,0,0
6804,15,,,,0,0,0,0,0
6805,11,,,,0,0,0,0,0
6805,12,,,,0,0,0,0,0
6805,13,,,,0,0,0,0,0
6805,14,,,,0,0,0,0,0
6805,15,,,,0,0,0,0,0
6806,11,,,,0,0,0,0,0
6806,12,,,,0,0,0,0,0
6806,13,,,,0,0,0,0,0
6806,14,,,,0,0,0,0,0
6806,15,,,,0,0,0,0,0
6807,11,,,,0,0,0,0,0
6807,12,,,,0,0,0,0,0
6807,13,,,,0,0,0,0,0
6807,14,,,,0,0,0,0,0
6807,15,,,,0,0,0,0,0
6808,11,,,,0,0,0,0,0
6808,12,,,,0,0,0,0,0
6808,13,,,,0,0,0,0,0
6808,14,,,,0,0,0,0,0
6808,15,,,,0,0,0,0,0
6809,11,,,,0,0,0,0,0
6809,12,,,,0,0,0,0,0
6809,13,,,,0,0,0,0,0
6809,14,,,,0,0,0,0,0
6809,15,,,,0,0,0,0,0
6810,11,,,,0,0,0,0,0
6810,12,,,,0,0,0,0,0
6810,13,,,,0,0,0,0,0
6810,14,,,,0,0,0,0,0
6810,15,,,,0,0,0,0,0
6811,11,,,,0,0,0,0,0
6811,12,,,,0,0,0,0,0
6811,13,,,,0,0,0,0,0
6811,14,,,,0,0,0,0,0
6811,15,,,,0,0,0,0,0
6812,11,,,,0,0,0,0,0
6812,12,,,,0,0,0,0,0
6812,13,,,,0,0,0,0,0
6812,14,,,,0,0,0,0,0
6812,15,,,,0,0,0,0,0
6813,11,,,,0,0,0,0,0
6813,12,,,,0,0,0,0,0
6813,13,,,,0,0,0,0,0
6813,14,,,,0,0,0,0,0
6813,15,,,,0,0,0,0,0
6814,11,,,,0,0,0,0,0
6814,12,,,,0,0,0,0,0
6814,13,,,,0,0,0,0,0
6814,14,,,,0,0,0,0,0
6814,15,,,,0,0,0,0,0
6815,11,,,,0,0,0,0,0
6815,12,,,,0,0,0,0,0
6815,13,,,,0,0,0,0,0
6815,14,,,,0,0,0,0,0
6815,15,,,,0,0,0,0,0
6816,11,,,,0,0,0,0,0
6816,12,,,,0,0,0,0,0
6816,13,,,,0,0,0,0,0
6816,14,,,,0,0,0,0,0
6816,15,,,,0,0,0,0,0
6817,11,,,,0,0,0,0,0
6817,12,,,,0,0,0,0,0
6817,13,,,,0,0,0,0,0
6817,14,,,,0,0,0,0,0
6817,15,,,,0,0,0,0,0
6818,11,,,,0,0,0,0,0
6818,12,,,,0,0,0,0,0
6818,13,,,,0,0,0,0,0
6818,14,,,,0,0,0,0,0
6818,15,,,,0,0,0,0,0
6819,11,,,,0,0,0,0,0
6819,12,,,,0,0,0,0,0
6819,13,,,,0,0,0,0,0
6819,14,,,,0,0,0,0,0
6819,15,,,,0,0,0,0,0
6820,11,,,,0,0,0,0,0
6820,12,,,,0,0,0,0,0
6820,13,,,,0,0,0,0,0
6820,14,,,,0,0,0,0,0
6820,15,,,,0,0,0,0,0
6821,11,,,,0,0,0,0,0
6821,12,,,,0,0,0,0,0
6821,13,,,,0,0,0,0,0
6821,14,,,,0,0,0,0,0
6821,15,,,,0,0,0,0,0
6822,11,,,,0,0,0,0,0
6822,12,,,,0,0,0,0,0
6822,13,,,,0,0,0,0,0
6822,14,,,,0,0,0,0,0
6822,15,,,,0,0,0,0,0
6823,11,,,,0,0,0,0,0
6823,12,,,,0,0,0,0,0
6823,13,,,,0,0,0,0,0
6823,14,,,,0,0,0,0,0
6823,15,,,,0,0,0,0,0
6824,11,,,,0,0,0,0,0
6824,12,,,,0,0,0,0,0
6824,13,,,,0,0,0,0,0
6824,14,,,,0,0,0,0,0
6824,15,,,,0,0,0,0,0
6825,11,,,,0,0,0,0,0
6825,12,,,,0,0,0,0,0
6825,13,,,,0,0,0,0,0
6825,14,,,,0,0,0,0,0
6825,15,,,,0,0,0,0,0
6826,11,,,,0,0,0,0,0
6826,12,,,,0,0,0,0,0
6826,13,,,,0,0,0,0,0
6826,14,,,,0,0,0,0,0
6826,15,,,,0,0,0,0,0
6827,11,,,,0,0,0,0,0
6827,12,,,,0,0,0,0,0
6827,13,,,,0,0,0,0,0
6827,14,,,,0,0,0,0,0
6827,15,,,,0,0,0,0,0
6828,11,,,,0,0,0,0,0
6828,12,,,,0,0,0,0,0
6828,13,,,,0,0,0,0,0
6828,14,,,,0,0,0,0,0
6828,15,,,,0,0,0,0,0
6829,11,,,,0,0,0,0,0
6829,12,,,,0,0,0,0,0
6829,13,,,,0,0,0,0,0
6829,14,,,,0,0,0,0,0
6829,15,,,,0,0,0,0,0
6830,11,,,,0,0,0,0,0
6830,12,,,,0,0,0,0,0
6830,13,,,,0,0,0,0,0
6830,14,,,,0,0,0,0,0
6830,15,,,,0,0,0,0,0
6831,11,,,,0,0,0,0,0
6831,12,,,,0,0,0,0,0
6831,13,,,,0,0,0,0,0
6831,14,,,,0,0,0,0,0
6831,15,,,,0,0,0,0,0
6832,11,,,,0,0,0,0,0
6832,12,,,,0,0,0,0,0
6832,13,,,,0,0,0,0,0
6832,14,,,,0,0,0,0,0
6832,15,,,,0,0,0,0,0
6833,11,,,,0,0,0,0,0
6833,12,,,,0,0,0,0,0
6833,13,,,,0,0,0,0,0
6833,14,,,,0,0,0,0,0
6833,15,,,,0,0,0,0,0
6834,11,,,,0,0,0,0,0
6834,12,,,,0,0,0,0,0
6834,13,,,,0,0,0,0,0
6834,14,,,,0,0,0,0,0
6834,15,,,,0,0,0,0,0
6835,11,,,,0,0,0,0,0
6835,12,,,,0,0,0,0,0
6835,13,,,,0,0,0,0,0
6835,14,,,,0,0,0,0,0
6835,15,,,,0,0,0,0,0
6836,11,,,,0,0,0,0,0
6836,12,,,,0,0,0,0,0
6836,13,,,,0,0,0,0,0
6836,14,,,,0,0,0,0,0
6836,15,,,,0,0,0,0,0
6837,11,,,,0,0,0,0,0
6837,12,,,,0,0,0,0,0
6837,13,,,,0,0,0,0,0
6837,14,,,,0,0,0,0,0
6837,15,,,,0,0,0,0,0
6838,11,,,,0,0,0,0,0
6838,12,,,,0,0,0,0,0
6838,13,,,,0,0,0,0,0
6838,14,,,,0,0,0,0,0
6838,15,,,,0,0,0,0,0
6839,11,,,,0,0,0,0,0
6839,12,,,,0,0,0,0,0
6839,13,,,,0,0,0,0,0
6839,14,,,,0,0,0,0,0
6839,15,,,,0,0,0,0,0
6840,11,,,,0,0,0,0,0
6840,12,,,,0,0,0,0,0
6840,13,,,,0,0,0,0,0
6840,14,,,,0,0,0,0,0
6840,15,,,,0,0,0,0,0
6841,11,,,,0,0,0,0,0
6841,12,,,,0,0,0,0,0
6841,13,,,,0,0,0,0,0
6841,14,,,,0,0,0,0,0
6841,15,,,,0,0,0,0,0
6842,11,,,,0,0,0,0,0
6842,12,,,,0,0,0,0,0
6842,13,,,,0,0,0,0,0
6842,14,,,,0,0,0,0,0
6842,15,,,,0,0,0,0,0
6843,11,,,,0,0,0,0,0
6843,12,,,,0,0,0,0,0
6843,13,,,,0,0,0,0,0
6843,14,,,,0,0,0,0,0
6843,15,,,,0,0,0,0,0
6844,11,,,,0,0,0,0,0
6844,12,,,,0,0,0,0,0
6844,13,,,,0,0,0,0,0
6844,14,,,,0,0,0,0,0
6844,15,,,,0,0,0,0,0
6845,11,,,,0,0,0,0,0
6845,12,,,,0,0,0,0,0
6845,13,,,,0,0,0,0,0
6845,14,,,,0,0,0,0,0
6845,15,,,,0,0,0,0,0
6846,11,,,,0,0,0,0,0
6846,12,,,,0,0,0,0,0
6846,13,,,,0,0,0,0,0
6846,14,,,,0,0,0,0,0
6846,15,,,,0,0,0,0,0
6847,11,,,,0,0,0,0,0
6847,12,,,,0,0,0,0,0
6847,13,,,,0,0,0,0,0
6847,14,,,,0,0,0,0,0
6847,15,,,,0,0,0,0,0
6848,11,,,,0,0,0,0,0
6848,12,,,,0,0,0,0,0
6848,13,,,,0,0,0,0,0
6848,14,,,,0,0,0,0,0
6848,15,,,,0,0,0,0,0
6849,11,,,,0,0,0,0,0
6849,12,,,,0,0,0,0,0
6849,13,,,,0,0,0,0,0
6849,14,,,,0,0,0,0,0
6849,15,,,,0,0,0,0,0
6850,11,,,,0,0,0,0,0
6850,12,,,,0,0,0,0,0
6850,13,,,,0,0,0,0,0
6850,14,,,,0,0,0,0,0
6850,15,,,,0,0,0,0,0
6851,11,,,,0,0,0,0,0
6851,12,,,,0,0,0,0,0
6851,13,,,,0,0,0,0,0
6851,14,,,,0,0,0,0,0
6851,15,,,,0,0,0,0,0
6852,11,,,,0,0,0,0,0
6852,12,,,,0,0,0,0,0
6852,13,,,,0,0,0,0,0
6852,14,,,,0,0,0,0,0
6852,15,,,,0,0,0,0,0
6853,11,,,,0,0,0,0,0
6853,12,,,,0,0,0,0,0
6853,13,,,,0,0,0,0,0
6853,14,,,,0,0,0,0,0
6853,15,,,,0,0,0,0,0
6854,11,,,,0,0,0,0,0
6854,12,,,,0,0,0,0,0
6854,13,,,,0,0,0,0,0
6854,14,,,,0,0,0,0,0
6854,15,,,,0,0,0,0,0
6855,11,,,,0,0,0,0,0
6855,12,,,,0,0,0,0,0
6855,13,,,,0,0,0,0,0
6855,14,,,,0,0,0,0,0
6855,15,,,,0,0,0,0,0
6856,11,,,,0,0,0,0,0
6856,12,,,,0,0,0,0,0
6856,13,,,,0,0,0,0,0
6856,14,,,,0,0,0,0,0
6856,15,,,,0,0,0,0,0
6857,11,,,,0,0,0,0,0
6857,12,,,,0,0,0,0,0
6857,13,,,,0,0,0,0,0
6857,14,,,,0,0,0,0,0
6857,15,,,,0,0,0,0,0
6858,11,,,,0,0,0,0,0
6858,12,,,,0,0,0,0,0
6858,13,,,,0,0,0,0,0
6858,14,,,,0,0,0,0,0
6858,15,,,,0,0,0,0,0
6859,11,,,,0,0,0,0,0
6859,12,,,,0,0,0,0,0
6859,13,,,,0,0,0,0,0
6859,14,,,,0,0,0,0,0
6859,15,,,,0,0,0,0,0
6860,11,,,,0,0,0,0,0
6860,12,,,,0,0,0,0,0
6860,13,,,,0,0,0,0,0
6860,14,,,,0,0,0,0,0
6860,15,,,,0,0,0,0,0
6861,11,,,,0,0,0,0,0
6861,12,,,,0,0,0,0,0
6861,13,,,,0,0,0,0,0
6861,14,,,,0,0,0,0,0
6861,15,,,,0,0,0,0,0
6862,11,,,,0,0,0,0,0
6862,12,,,,0,0,0,0,0
6862,13,,,,0,0,0,0,0
6862,14,,,,0,0,0,0,0
6862,15,,,,0,0,0,0,0
6863,11,,,,0,0,0,0,0
6863,12,,,,0,0,0,0,0
6863,13,,,,0,0,0,0,0
6863,14,,,,0,0,0,0,0
6863,15,,,,0,0,0,0,0
6864,11,,,,0,0,0,0,0
6864,12,,,,0,0,0,0,0
6864,13,,,,0,0,0,0,0
6864,14,,,,0,0,0,0,0
6864,15,,,,0,0,0,0,0
6865,11,,,,0,0,0,0,0
6865,12,,,,0,0,0,0,0
6865,13,,,,0,0,0,0,0
6865,14,,,,0,0,0,0,0
6865,15,,,,0,0,0,0,0
6866,11,,,,0,0,0,0,0
6866,12,,,,0,0,0,0,0
6866,13,,,,0,0,0,0,0
6866,14,,,,0,0,0,0,0
6866,15,,,,0,0,0,0,0
6867,11,,,,0,0,0,0,0
6867,12,,,,0,0,0,0,0
6867,13,,,,0,0,0,0,0
6867,14,,,,0,0,0,0,0
6867,15,,,,0,0,0,0,0
6868,11,,,,0,0,0,0,0
6868,12,,,,0,0,0,0,0
6868,13,,,,0,0,0,0,0
6868,14,,,,0,0,0,0,0
6868,15,,,,0,0,0,0,0
6869,11,,,,0,0,0,0,0
6869,12,,,,0,0,0,0,0
6869,13,,,,0,0,0,0,0
6869,14,,,,0,0,0,0,0
6869,15,,,,0,0,0,0,0
6870,11,,,,0,0,0,0,0
6870,12,,,,0,0,0,0,0
6870,13,,,,0,0,0,0,0
6870,14,,,,0,0,0,0,0
6870,15,,,,0,0,0,0,0
6871,11,,,,0,0,0,0,0
6871,12,,,,0,0,0,0,0
6871,13,,,,0,0,0,0,0
6871,14,,,,0,0,0,0,0
6871,15,,,,0,0,0,0,0
6872,11,,,,0,0,0,0,0
6872,12,,,,0,0,0,0,0
6872,13,,,,0,0,0,0,0
6872,14,,,,0,0,0,0,0
6872,15,,,,0,0,0,0,0
6873,11,,,,0,0,0,0,0
6873,12,,,,0,0,0,0,0
6873,13,,,,0,0,0,0,0
6873,14,,,,0,0,0,0,0
6873,15,,,,0,0,0,0,0
6874,11,,,,0,0,0,0,0
6874,12,,,,0,0,0,0,0
6874,13,,,,0,0,0,0,0
6874,14,,,,0,0,0,0,0
6874,15,,,,0,0,0,0,0
6875,11,,,,0,0,0,0,0
6875,12,,,,0,0,0,0,0
6875,13,,,,0,0,0,0,0
6875,14,,,,0,0,0,0,0
6875,15,,,,0,0,0,0,0
6876,11,,,,0,0,0,0,0
6876,12,,,,0,0,0,0,0
6876,13,,,,0,0,0,0,0
6876,14,,,,0,0,0,0,0
6876,15,,,,0,0,0,0,0
6877,11,,,,0,0,0,0,0
6877,12,,,,0,0,0,0,0
6877,13,,,,0,0,0,0,0
6877,14,,,,0,0,0,0,0
6877,15,,,,0,0,0,0,0
6878,11,,,,0,0,0,0,0
6878,12,,,,0,0,0,0,0
6878,13,,,,0,0,0,0,0
6878,14,,,,0,0,0,0,0
6878,15,,,,0,0,0,0,0
6879,11,,,,0,0,0,0,0
6879,12,,,,0,0,0,0,0
6879,13,,,,0,0,0,0,0
6879,14,,,,0,0,0,0,0
6879,15,,,,0,0,0,0,0
6880,11,,,,0,0,0,0,0
6880,12,,,,0,0,0,0,0
6880,13,,,,0,0,0,0,0
6880,14,,,,0,0,0,0,0
6880,15,,,,0,0,0,0,0
6881,11,,,,0,0,0,0,0
6881,12,,,,0,0,0,0,0
6881,13,,,,0,0,0,0,0
6881,14,,,,0,0,0,0,0
6881,15,,,,0,0,0,0,0
6882,11,,,,0,0,0,0,0
6882,12,,,,0,0,0,0,0
6882,13,,,,0,0,0,0,0
6882,14,,,,0,0,0,0,0
6882,15,,,,0,0,0,0,0
6883,11,,,,0,0,0,0,0
6883,12,,,,0,0,0,0,0
6883,13,,,,0,0,0,0,0
6883,14,,,,0,0,0,0,0
6883,15,,,,0,0,0,0,0
6884,11,,,,0,0,0,0,0
6884,12,,,,0,0,0,0,0
6884,13,,,,0,0,0,0,0
6884,14,,,,0,0,0,0,0
6884,15,,,,0,0,0,0,0
6885,11,,,,0,0,0,0,0
6885,12,,,,0,0,0,0,0
6885,13,,,,0,0,0,0,0
6885,14,,,,0,0,0,0,0
6885,15,,,,0,0,0,0,0
6886,11,,,,0,0,0,0,0
6886,12,,,,0,0,0,0,0
6886,13,,,,0,0,0,0,0
6886,14,,,,0,0,0,0,0
6886,15,,,,0,0,0,0,0
6887,11,,,,0,0,0,0,0
6887,12,,,,0,0,0,0,0
6887,13,,,,0,0,0,0,0
6887,14,,,,0,0,0,0,0
6887,15,,,,0,0,0,0,0
6888,11,,,,0,0,0,0,0
6888,12,,,,0,0,0,0,0
6888,13,,,,0,0,0,0,0
6888,14,,,,0,0,0,0,0
6888,15,,,,0,0,0,0,0
6889,11,,,,0,0,0,0,0
6889,12,,,,0,0,0,0,0
6889,13,,,,0,0,0,0,0
6889,14,,,,0,0,0,0,0
6889,15,,,,0,0,0,0,0
6890,11,,,,0,0,0,0,0
6890,12,,,,0,0,0,0,0
6890,13,,,,0,0,0,0,0
6890,14,,,,0,0,0,0,0
6890,15,,,,0,0,0,0,0
6891,11,,,,0,0,0,0,0
6891,12,,,,0,0,0,0,0
6891,13,,,,0,0,0,0,0
6891,14,,,,0,0,0,0,0
6891,15,,,,0,0,0,0,0
6892,11,,,,0,0,0,0,0
6892,12,,,,0,0,0,0,0
6892,13,,,,0,0,0,0,0
6892,14,,,,0,0,0,0,0
6892,15,,,,0,0,0,0,0
6893,11,,,,0,0,0,0,0
6893,12,,,,0,0,0,0,0
6893,13,,,,0,0,0,0,0
6893,14,,,,0,0,0,0,0
6893,15,,,,0,0,0,0,0
6894,11,,,,0,0,0,0,0
6894,12,,,,0,0,0,0,0
6894,13,,,,0,0,0,0,0
6894,14,,,,0,0,0,0,0
6894,15,,,,0,0,0,0,0
6895,11,,,,0,0,0,0,0
6895,12,,,,0,0,0,0,0
6895,13,,,,0,0,0,0,0
6895,14,,,,0,0,0,0,0
6895,15,,,,0,0,0,0,0
6896,11,,,,0,0,0,0,0
6896,12,,,,0,0,0,0,0
6896,13,,,,0,0,0,0,0
6896,14,,,,0,0,0,0,0
6896,15,,,,0,0,0,0,0
6897,11,,,,0,0,0,0,0
6897,12,,,,0,0,0,0,0
6897,13,,,,0,0,0,0,0
6897,14,,,,0,0,0,0,0
6897,15,,,,0,0,0,0,0
6898,11,,,,0,0,0,0,0
6898,12,,,,0,0,0,0,0
6898,13,,,,0,0,0,0,0
6898,14,,,,0,0,0,0,0
6898,15,,,,0,0,0,0,0
6899,11,,,,0,0,0,0,0
6899,12,,,,0,0,0,0,0
6899,13,,,,0,0,0,0,0
6899,14,,,,0,0,0,0,0
6899,15,,,,0,0,0,0,0
6900,11,,,,0,0,0,0,0
6900,12,,,,0,0,0,0,0
6900,13,,,,0,0,0,0,0
6900,14,,,,0,0,0,0,0
6900,15,,,,0,0,0,0,0
6901,11,,,,0,0,0,0,0
6901,12,,,,0,0,0,0,0
6901,13,,,,0,0,0,0,0
6901,14,,,,0,0,0,0,0
6901,15,,,,0,0,0,0,0
6902,11,,,,0,0,0,0,0
6902,12,,,,0,0,0,0,0
6902,13,,,,0,0,0,0,0
6902,14,,,,0,0,0,0,0
6902,15,,,,0,0,0,0,0
6903,11,,,,0,0,0,0,0
6903,12,,,,0,0,0,0,0
6903,13,,,,0,0,0,0,0
6903,14,,,,0,0,0,0,0
6903,15,,,,0,0,0,0,0
6904,11,,,,0,0,0,0,0
6904,12,,,,0,0,0,0,0
6904,13,,,,0,0,0,0,0
6904,14,,,,0,0,0,0,0
6904,15,,,,0,0,0,0,0
6905,11,,,,0,0,0,0,0
6905,12,,,,0,0,0,0,0
6905,13,,,,0,0,0,0,0
6905,14,,,,0,0,0,0,0
6905,15,,,,0,0,0,0,0
6906,11,,,,0,0,0,0,0
6906,12,,,,0,0,0,0,0
6906,13,,,,0,0,0,0,0
6906,14,,,,0,0,0,0,0
6906,15,,,,0,0,0,0,0
6907,11,,,,0,0,0,0,0
6907,12,,,,0,0,0,0,0
6907,13,,,,0,0,0,0,0
6907,14,,,,0,0,0,0,0
6907,15,,,,0,0,0,0,0
6908,11,,,,0,0,0,0,0
6908,12,,,,0,0,0,0,0
6908,13,,,,0,0,0,0,0
6908,14,,,,0,0,0,0,0
6908,15,,,,0,0,0,0,0
6909,11,,,,0,0,0,0,0
6909,12,,,,0,0,0,0,0
6909,13,,,,0,0,0,0,0
6909,14,,,,0,0,0,0,0
6909,15,,,,0,0,0,0,0
6910,11,,,,0,0,0,0,0
6910,12,,,,0,0,0,0,0
6910,13,,,,0,0,0,0,0
6910,14,,,,0,0,0,0,0
6910,15,,,,0,0,0,0,0
6911,11,,,,0,0,0,0,0
6911,12,,,,0,0,0,0,0
6911,13,,,,0,0,0,0,0
6911,14,,,,0,0,0,0,0
6911,15,,,,0,0,0,0,0
6912,11,,,,0,0,0,0,0
6912,12,,,,0,0,0,0,0
6912,13,,,,0,0,0,0,0
6912,14,,,,0,0,0,0,0
6912,15,,,,0,0,0,0,0
6913,11,,,,0,0,0,0,0
6913,12,,,,0,0,0,0,0
6913,13,,,,0,0,0,0,0
6913,14,,,,0,0,0,0,0
6913,15,,,,0,0,0,0,0
6914,11,,,,0,0,0,0,0
6914,12,,,,0,0,0,0,0
6914,13,,,,0,0,0,0,0
6914,14,,,,0,0,0,0,0
6914,15,,,,0,0,0,0,0
6915,11,,,,0,0,0,0,0
6915,12,,,,0,0,0,0,0
6915,13,,,,0,0,0,0,0
6915,14,,,,0,0,0,0,0
6915,15,,,,0,0,0,0,0
6916,11,,,,0,0,0,0,0
6916,12,,,,0,0,0,0,0
6916,13,,,,0,0,0,0,0
6916,14,,,,0,0,0,0,0
6916,15,,,,0,0,0,0,0
6917,11,,,,0,0,0,0,0
6917,12,,,,0,0,0,0,0
6917,13,,,,0,0,0,0,0
6917,14,,,,0,0,0,0,0
6917,15,,,,0,0,0,0,0
6918,11,,,,0,0,0,0,0
6918,12,,,,0,0,0,0,0
6918,13,,,,0,0,0,0,0
6918,14,,,,0,0,0,0,0
6918,15,,,,0,0,0,0,0
6919,11,,,,0,0,0,0,0
6919,12,,,,0,0,0,0,0
6919,13,,,,0,0,0,0,0
6919,14,,,,0,0,0,0,0
6919,15,,,,0,0,0,0,0
6920,11,,,,0,0,0,0,0
6920,12,,,,0,0,0,0,0
6920,13,,,,0,0,0,0,0
6920,14,,,,0,0,0,0,0
6920,15,,,,0,0,0,0,0
6921,11,,,,0,0,0,0,0
6921,12,,,,0,0,0,0,0
6921,13,,,,0,0,0,0,0
6921,14,,,,0,0,0,0,0
6921,15,,,,0,0,0,0,0
6922,11,,,,0,0,0,0,0
6922,12,,,,0,0,0,0,0
6922,13,,,,0,0,0,0,0
6922,14,,,,0,0,0,0,0
6922,15,,,,0,0,0,0,0
6923,11,,,,0,0,0,0,0
6923,12,,,,0,0,0,0,0
6923,13,,,,0,0,0,0,0
6923,14,,,,0,0,0,0,0
6923,15,,,,0,0,0,0,0
6924,11,,,,0,0,0,0,0
6924,12,,,,0,0,0,0,0
6924,13,,,,0,0,0,0,0
6924,14,,,,0,0,0,0,0
6924,15,,,,0,0,0,0,0
6925,11,,,,0,0,0,0,0
6925,12,,,,0,0,0,0,0
6925,13,,,,0,0,0,0,0
6925,14,,,,0,0,0,0,0
6925,15,,,,0,0,0,0,0
6926,11,,,,0,0,0,0,0
6926,12,,,,0,0,0,0,0
6926,13,,,,0,0,0,0,0
6926,14,,,,0,0,0,0,0
6926,15,,,,0,0,0,0,0
6927,11,,,,0,0,0,0,0
6927,12,,,,0,0,0,0,0
6927,13,,,,0,0,0,0,0
6927,14,,,,0,0,0,0,0
6927,15,,,,0,0,0,0,0
6928,11,,,,0,0,0,0,0
6928,12,,,,0,0,0,0,0
6928,13,,,,0,0,0,0,0
6928,14,,,,0,0,0,0,0
6928,15,,,,0,0,0,0,0
6929,11,,,,0,0,0,0,0
6929,12,,,,0,0,0,0,0
6929,13,,,,0,0,0,0,0
6929,14,,,,0,0,0,0,0
6929,15,,,,0,0,0,0,0
6930,11,,,,0,0,0,0,0
6930,12,,,,0,0,0,0,0
6930,13,,,,0,0,0,0,0
6930,14,,,,0,0,0,0,0
6930,15,,,,0,0,0,0,0
6931,11,,,,0,0,0,0,0
6931,12,,,,0,0,0,0,0
6931,13,,,,0,0,0,0,0
6931,14,,,,0,0,0,0,0
6931,15,,,,0,0,0,0,0
6932,11,,,,0,0,0,0,0
6932,12,,,,0,0,0,0,0
6932,13,,,,0,0,0,0,0
6932,14,,,,0,0,0,0,0
6932,15,,,,0,0,0,0,0
6933,11,,,,0,0,0,0,0
6933,12,,,,0,0,0,0,0
6933,13,,,,0,0,0,0,0
6933,14,,,,0,0,0,0,0
6933,15,,,,0,0,0,0,0
6934,11,,,,0,0,0,0,0
6934,12,,,,0,0,0,0,0
6934,13,,,,0,0,0,0,0
6934,14,,,,0,0,0,0,0
6934,15,,,,0,0,0,0,0
6935,11,,,,0,0,0,0,0
6935,12,,,,0,0,0,0,0
6935,13,,,,0,0,0,0,0
6935,14,,,,0,0,0,0,0
6935,15,,,,0,0,0,0,0
6936,11,,,,0,0,0,0,0
6936,12,,,,0,0,0,0,0
6936,13,,,,0,0,0,0,0
6936,14,,,,0,0,0,0,0
6936,15,,,,0,0,0,0,0
6937,11,,,,0,0,0,0,0
6937,12,,,,0,0,0,0,0
6937,13,,,,0,0,0,0,0
6937,14,,,,0,0,0,0,0
6937,15,,,,0,0,0,0,0
6938,11,,,,0,0,0,0,0
6938,12,,,,0,0,0,0,0
6938,13,,,,0,0,0,0,0
6938,14,,,,0,0,0,0,0
6938,15,,,,0,0,0,0,0
6939,11,,,,0,0,0,0,0
6939,12,,,,0,0,0,0,0
6939,13,,,,0,0,0,0,0
6939,14,,,,0,0,0,0,0
6939,15,,,,0,0,0,0,0
6940,11,,,,0,0,0,0,0
6940,12,,,,0,0,0,0,0
6940,13,,,,0,0,0,0,0
6940,14,,,,0,0,0,0,0
6940,15,,,,0,0,0,0,0
6941,11,,,,0,0,0,0,0
6941,12,,,,0,0,0,0,0
6941,13,,,,0,0,0,0,0
6941,14,,,,0,0,0,0,0
6941,15,,,,0,0,0,0,0
6942,11,,,,0,0,0,0,0
6942,12,,,,0,0,0,0,0
6942,13,,,,0,0,0,0,0
6942,14,,,,0,0,0,0,0
6942,15,,,,0,0,0,0,0
6943,11,,,,0,0,0,0,0
6943,12,,,,0,0,0,0,0
6943,13,,,,0,0,0,0,0
6943,14,,,,0,0,0,0,0
6943,15,,,,0,0,0,0,0
6944,11,,,,0,0,0,0,0
6944,12,,,,0,0,0,0,0
6944,13,,,,0,0,0,0,0
6944,14,,,,0,0,0,0,0
6944,15,,,,0,0,0,0,0
6945,11,,,,0,0,0,0,0
6945,12,,,,0,0,0,0,0
6945,13,,,,0,0,0,0,0
6945,14,,,,0,0,0,0,0
6945,15,,,,0,0,0,0,0
6946,11,,,,0,0,0,0,0
6946,12,,,,0,0,0,0,0
6946,13,,,,0,0,0,0,0
6946,14,,,,0,0,0,0,0
6946,15,,,,0,0,0,0,0
6947,11,,,,0,0,0,0,0
6947,12,,,,0,0,0,0,0
6947,13,,,,0,0,0,0,0
6947,14,,,,0,0,0,0,0
6947,15,,,,0,0,0,0,0
6948,11,,,,0,0,0,0,0
6948,12,,,,0,0,0,0,0
6948,13,,,,0,0,0,0,0
6948,14,,,,0,0,0,0,0
6948,15,,,,0,0,0,0,0
6949,11,,,,0,0,0,0,0
6949,12,,,,0,0,0,0,0
6949,13,,,,0,0,0,0,0
6949,14,,,,0,0,0,0,0
6949,15,,,,0,0,0,0,0
6950,11,,,,0,0,0,0,0
6950,12,,,,0,0,0,0,0
6950,13,,,,0,0,0,0,0
6950,14,,,,0,0,0,0,0
6950,15,,,,0,0,0,0,0
6951,11,,,,0,0,0,0,0
6951,12,,,,0,0,0,0,0
6951,13,,,,0,0,0,0,0
6951,14,,,,0,0,0,0,0
6951,15,,,,0,0,0,0,0
6952,11,,,,0,0,0,0,0
6952,12,,,,0,0,0,0,0
6952,13,,,,0,0,0,0,0
6952,14,,,,0,0,0,0,0
6952,15,,,,0,0,0,0,0
6953,11,,,,0,0,0,0,0
6953,12,,,,0,0,0,0,0
6953,13,,,,0,0,0,0,0
6953,14,,,,0,0,0,0,0
6953,15,,,,0,0,0,0,0
6954,11,,,,0,0,0,0,0
6954,12,,,,0,0,0,0,0
6954,13,,,,0,0,0,0,0
6954,14,,,,0,0,0,0,0
6954,15,,,,0,0,0,0,0
6955,11,,,,0,0,0,0,0
6955,12,,,,0,0,0,0,0
6955,13,,,,0,0,0,0,0
6955,14,,,,0,0,0,0,0
6955,15,,,,0,0,0,0,0
6956,11,,,,0,0,0,0,0
6956,12,,,,0,0,0,0,0
6956,13,,,,0,0,0,0,0
6956,14,,,,0,0,0,0,0
6956,15,,,,0,0,0,0,0
6957,11,,,,0,0,0,0,0
6957,12,,,,0,0,0,0,0
6957,13,,,,0,0,0,0,0
6957,14,,,,0,0,0,0,0
6957,15,,,,0,0,0,0,0
6958,11,,,,0,0,0,0,0
6958,12,,,,0,0,0,0,0
6958,13,,,,0,0,0,0,0
6958,14,,,,0,0,0,0,0
6958,15,,,,0,0,0,0,0
6959,11,,,,0,0,0,0,0
6959,12,,,,0,0,0,0,0
6959,13,,,,0,0,0,0,0
6959,14,,,,0,0,0,0,0
6959,15,,,,0,0,0,0,0
6960,11,,,,0,0,0,0,0
6960,12,,,,0,0,0,0,0
6960,13,,,,0,0,0,0,0
6960,14,,,,0,0,0,0,0
6960,15,,,,0,0,0,0,0
6961,11,,,,0,0,0,0,0
6961,12,,,,0,0,0,0,0
6961,13,,,,0,0,0,0,0
6961,14,,,,0,0,0,0,0
6961,15,,,,0,0,0,0,0
6962,11,,,,0,0,0,0,0
6962,12,,,,0,0,0,0,0
6962,13,,,,0,0,0,0,0
6962,14,,,,0,0,0,0,0
6962,15,,,,0,0,0,0,0
6963,11,,,,0,0,0,0,0
6963,12,,,,0,0,0,0,0
6963,13,,,,0,0,0,0,0
6963,14,,,,0,0,0,0,0
6963,15,,,,0,0,0,0,0
6964,11,,,,0,0,0,0,0
6964,12,,,,0,0,0,0,0
6964,13,,,,0,0,0,0,0
6964,14,,,,0,0,0,0,0
6964,15,,,,0,0,0,0,0
6965,11,,,,0,0,0,0,0
6965,12,,,,0,0,0,0,0
6965,13,,,,0,0,0,0,0
6965,14,,,,0,0,0,0,0
6965,15,,,,0,0,0,0,0
6966,11,,,,0,0,0,0,0
6966,12,,,,0,0,0,0,0
6966,13,,,,0,0,0,0,0
6966,14,,,,0,0,0,0,0
6966,15,,,,0,0,0,0,0
6967,11,,,,0,0,0,0,0
6967,12,,,,0,0,0,0,0
6967,13,,,,0,0,0,0,0
6967,14,,,,0,0,0,0,0
6967,15,,,,0,0,0,0,0
6968,11,,,,0,0,0,0,0
6968,12,,,,0,0,0,0,0
6968,13,,,,0,0,0,0,0
6968,14,,,,0,0,0,0,0
6968,15,,,,0,0,0,0,0
6969,11,,,,0,0,0,0,0
6969,12,,,,0,0,0,0,0
6969,13,,,,0,0,0,0,0
6969,14,,,,0,0,0,0,0
6969,15,,,,0,0,0,0,0
6970,11,,,,0,0,0,0,0
6970,12,,,,0,0,0,0,0
6970,13,,,,0,0,0,0,0
6970,14,,,,0,0,0,0,0
6970,15,,,,0,0,0,0,0
6971,11,,,,0,0,0,0,0
6971,12,,,,0,0,0,0,0
6971,13,,,,0,0,0,0,0
6971,14,,,,0,0,0,0,0
6971,15,,,,0,0,0,0,0
6972,11,,,,0,0,0,0,0
6972,12,,,,0,0,0,0,0
6972,13,,,,0,0,0,0,0
6972,14,,,,0,0,0,0,0
6972,15,,,,0,0,0,0,0
6973,11,,,,0,0,0,0,0
6973,12,,,,0,0,0,0,0
6973,13,,,,0,0,0,0,0
6973,14,,,,0,0,0,0,0
6973,15,,,,0,0,0,0,0
6974,11,,,,0,0,0,0,0
6974,12,,,,0,0,0,0,0
6974,13,,,,0,0,0,0,0
6974,14,,,,0,0,0,0,0
6974,15,,,,0,0,0,0,0
6975,11,,,,0,0,0,0,0
6975,12,,,,0,0,0,0,0
6975,13,,,,0,0,0,0,0
6975,14,,,,0,0,0,0,0
6975,15,,,,0,0,0,0,0
6976,11,,,,0,0,0,0,0
6976,12,,,,0,0,0,0,0
6976,13,,,,0,0,0,0,0
6976,14,,,,0,0,0,0,0
6976,15,,,,0,0,0,0,0
6977,11,,,,0,0,0,0,0
6977,12,,,,0,0,0,0,0
6977,13,,,,0,0,0,0,0
6977,14,,,,0,0,0,0,0
6977,15,,,,0,0,0,0,0
6978,11,,,,0,0,0,0,0
6978,12,,,,0,0,0,0,0
6978,13,,,,0,0,0,0,0
6978,14,,,,0,0,0,0,0
6978,15,,,,0,0,0,0,0
6979,11,,,,0,0,0,0,0
6979,12,,,,0,0,0,0,0
6979,13,,,,0,0,0,0,0
6979,14,,,,0,0,0,0,0
6979,15,,,,0,0,0,0,0
6980,11,,,,0,0,0,0,0
6980,12,,,,0,0,0,0,0
6980,13,,,,0,0,0,0,0
6980,14,,,,0,0,0,0,0
6980,15,,,,0,0,0,0,0
6981,11,,,,0,0,0,0,0
6981,12,,,,0,0,0,0,0
6981,13,,,,0,0,0,0,0
6981,14,,,,0,0,0,0,0
6981,15,,,,0,0,0,0,0
6982,11,,,,0,0,0,0,0
6982,12,,,,0,0,0,0,0
6982,13,,,,0,0,0,0,0
6982,14,,,,0,0,0,0,0
6982,15,,,,0,0,0,0,0
6983,11,,,,0,0,0,0,0
6983,12,,,,0,0,0,0,0
6983,13,,,,0,0,0,0,0
6983,14,,,,0,0,0,0,0
6983,15,,,,0,0,0,0,0
6984,11,,,,0,0,0,0,0
6984,12,,,,0,0,0,0,0
6984,13,,,,0,0,0,0,0
6984,14,,,,0,0,0,0,0
6984,15,,,,0,0,0,0,0
6985,11,,,,0,0,0,0,0
6985,12,,,,0,0,0,0,0
6985,13,,,,0,0,0,0,0
6985,14,,,,0,0,0,0,0
6985,15,,,,0,0,0,0,0
6986,11,,,,0,0,0,0,0
6986,12,,,,0,0,0,0,0
6986,13,,,,0,0,0,0,0
6986,14,,,,0,0,0,0,0
6986,15,,,,0,0,0,0,0
6987,11,,,,0,0,0,0,0
6987,12,,,,0,0,0,0,0
6987,13,,,,0,0,0,0,0
6987,14,,,,0,0,0,0,0
6987,15,,,,0,0,0,0,0
6988,11,,,,0,0,0,0,0
6988,12,,,,0,0,0,0,0
6988,13,,,,0,0,0,0,0
6988,14,,,,0,0,0,0,0
6988,15,,,,0,0,0,0,0
6989,11,,,,0,0,0,0,0
6989,12,,,,0,0,0,0,0
6989,13,,,,0,0,0,0,0
6989,14,,,,0,0,0,0,0
6989,15,,,,0,0,0,0,0
6990,11,,,,0,0,0,0,0
6990,12,,,,0,0,0,0,0
6990,13,,,,0,0,0,0,0
6990,14,,,,0,0,0,0,0
6990,15,,,,0,0,0,0,0
6991,11,,,,0,0,0,0,0
6991,12,,,,0,0,0,0,0
6991,13,,,,0,0,0,0,0
6991,14,,,,0,0,0,0,0
6991,15,,,,0,0,0,0,0
6992,11,,,,0,0,0,0,0
6992,12,,,,0,0,0,0,0
6992,13,,,,0,0,0,0,0
6992,14,,,,0,0,0,0,0
6992,15,,,,0,0,0,0,0
6993,11,,,,0,0,0,0,0
6993,12,,,,0,0,0,0,0
6993,13,,,,0,0,0,0,0
6993,14,,,,0,0,0,0,0
6993,15,,,,0,0,0,0,0
6994,11,,,,0,0,0,0,0
6994,12,,,,0,0,0,0,0
6994,13,,,,0,0,0,0,0
6994,14,,,,0,0,0,0,0
6994,15,,,,0,0,0,0,0
6995,11,,,,0,0,0,0,0
6995,12,,,,0,0,0,0,0
6995,13,,,,0,0,0,0,0
6995,14,,,,0,0,0,0,0
6995,15,,,,0,0,0,0,0
6996,11,,,,0,0,0,0,0
6996,12,,,,0,0,0,0,0
6996,13,,,,0,0,0,0,0
6996,14,,,,0,0,0,0,0
6996,15,,,,0,0,0,0,0
6997,11,,,,0,0,0,0,0
6997,12,,,,0,0,0,0,0
6997,13,,,,0,0,0,0,0
6997,14,,,,0,0,0,0,0
6997,15,,,,0,0,0,0,0
6998,11,,,,0,0,0,0,0
6998,12,,,,0,0,0,0,0
6998,13,,,,0,0,0,0,0
6998,14,,,,0,0,0,0,0
6998,15,,,,0,0,0,0,0
6999,11,,,,0,0,0,0,0
6999,12,,,,0,0,0,0,0
6999,13,,,,0,0,0,0,0
6999,14,,,,0,0,0,0,0
6999,15,,,,0,0,0,0,0
7000,11,,,,0,0,0,0,0
7000,12,,,,0,0,0,0,0
7000,13,,,,0,0,0,0,0
7000,14,,,,0,0,0,0,0
7000,15,,,,0,0,0,0,0
7001,11,,,,0,0,0,0,0
7001,12,,,,0,0,0,0,0
7001,13,,,,0,0,0,0,0
7001,14,,,,0,0,0,0,0
7001,15,,,,0,0,0,0,0
7002,11,,,,0,0,0,0,0
7002,12,,,,0,0,0,0,0
7002,13,,,,0,0,0,0,0
7002,14,,,,0,0,0,0,0
7002,15,,,,0,0,0,0,0
7003,11,,,,0,0,0,0,0
7003,12,,,,0,0,0,0,0
7003,13,,,,0,0,0,0,0
7003,14,,,,0,0,0,0,0
7003,15,,,,0,0,0,0,0
7004,11,,,,0,0,0,0,0
7004,12,,,,0,0,0,0,0
7004,13,,,,0,0,0,0,0
7004,14,,,,0,0,0,0,0
7004,15,,,,0,0,0,0,0
7005,11,,,,0,0,0,0,0
7005,12,,,,0,0,0,0,0
7005,13,,,,0,0,0,0,0
7005,14,,,,0,0,0,0,0
7005,15,,,,0,0,0,0,0
7006,11,,,,0,0,0,0,0
7006,12,,,,0,0,0,0,0
7006,13,,,,0,0,0,0,0
7006,14,,,,0,0,0,0,0
7006,15,,,,0,0,0,0,0
7007,11,,,,0,0,0,0,0
7007,12,,,,0,0,0,0,0
7007,13,,,,0,0,0,0,0
7007,14,,,,0,0,0,0,0
7007,15,,,,0,0,0,0,0
7008,11,,,,0,0,0,0,0
7008,12,,,,0,0,0,0,0
7008,13,,,,0,0,0,0,0
7008,14,,,,0,0,0,0,0
7008,15,,,,0,0,0,0,0
7009,11,,,,0,0,0,0,0
7009,12,,,,0,0,0,0,0
7009,13,,,,0,0,0,0,0
7009,14,,,,0,0,0,0,0
7009,15,,,,0,0,0,0,0
7010,11,,,,0,0,0,0,0
7010,12,,,,0,0,0,0,0
7010,13,,,,0,0,0,0,0
7010,14,,,,0,0,0,0,0
7010,15,,,,0,0,0,0,0
7011,11,,,,0,0,0,0,0
7011,12,,,,0,0,0,0,0
7011,13,,,,0,0,0,0,0
7011,14,,,,0,0,0,0,0
7011,15,,,,0,0,0,0,0
7012,11,,,,0,0,0,0,0
7012,12,,,,0,0,0,0,0
7012,13,,,,0,0,0,0,0
7012,14,,,,0,0,0,0,0
7012,15,,,,0,0,0,0,0
7013,11,,,,0,0,0,0,0
7013,12,,,,0,0,0,0,0
7013,13,,,,0,0,0,0,0
7013,14,,,,0,0,0,0,0
7013,15,,,,0,0,0,0,0
7014,11,,,,0,0,0,0,0
7014,12,,,,0,0,0,0,0
7014,13,,,,0,0,0,0,0
7014,14,,,,0,0,0,0,0
7014,15,,,,0,0,0,0,0
7015,11,,,,0,0,0,0,0
7015,12,,,,0,0,0,0,0
7015,13,,,,0,0,0,0,0
7015,14,,,,0,0,0,0,0
7015,15,,,,0,0,0,0,0
7016,11,,,,0,0,0,0,0
7016,12,,,,0,0,0,0,0
7016,13,,,,0,0,0,0,0
7016,14,,,,0,0,0,0,0
7016,15,,,,0,0,0,0,0
7017,11,,,,0,0,0,0,0
7017,12,,,,0,0,0,0,0
7017,13,,,,0,0,0,0,0
7017,14,,,,0,0,0,0,0
7017,15,,,,0,0,0,0,0
7018,11,,,,0,0,0,0,0
7018,12,,,,0,0,0,0,0
7018,13,,,,0,0,0,0,0
7018,14,,,,0,0,0,0,0
7018,15,,,,0,0,0,0,0
7019,11,,,,0,0,0,0,0
7019,12,,,,0,0,0,0,0
7019,13,,,,0,0,0,0,0
7019,14,,,,0,0,0,0,0
7019,15,,,,0,0,0,0,0
7020,11,,,,0,0,0,0,0
7020,12,,,,0,0,0,0,0
7020,13,,,,0,0,0,0,0
7020,14,,,,0,0,0,0,0
7020,15,,,,0,0,0,0,0
7021,11,,,,0,0,0,0,0
7021,12,,,,0,0,0,0,0
7021,13,,,,0,0,0,0,0
7021,14,,,,0,0,0,0,0
7021,15,,,,0,0,0,0,0
7022,11,,,,0,0,0,0,0
7022,12,,,,0,0,0,0,0
7022,13,,,,0,0,0,0,0
7022,14,,,,0,0,0,0,0
7022,15,,,,0,0,0,0,0
7023,11,,,,0,0,0,0,0
7023,12,,,,0,0,0,0,0
7023,13,,,,0,0,0,0,0
7023,14,,,,0,0,0,0,0
7023,15,,,,0,0,0,0,0
7024,11,,,,0,0,0,0,0
7024,12,,,,0,0,0,0,0
7024,13,,,,0,0,0,0,0
7024,14,,,,0,0,0,0,0
7024,15,,,,0,0,0,0,0
7025,11,,,,0,0,0,0,0
7025,12,,,,0,0,0,0,0
7025,13,,,,0,0,0,0,0
7025,14,,,,0,0,0,0,0
7025,15,,,,0,0,0,0,0
7026,11,,,,0,0,0,0,0
7026,12,,,,0,0,0,0,0
7026,13,,,,0,0,0,0,0
7026,14,,,,0,0,0,0,0
7026,15,,,,0,0,0,0,0
7027,11,,,,0,0,0,0,0
7027,12,,,,0,0,0,0,0
7027,13,,,,0,0,0,0,0
7027,14,,,,0,0,0,0,0
7027,15,,,,0,0,0,0,0
7028,11,,,,0,0,0,0,0
7028,12,,,,0,0,0,0,0
7028,13,,,,0,0,0,0,0
7028,14,,,,0,0,0,0,0
7028,15,,,,0,0,0,0,0
7029,11,,,,0,0,0,0,0
7029,12,,,,0,0,0,0,0
7029,13,,,,0,0,0,0,0
7029,14,,,,0,0,0,0,0
7029,15,,,,0,0,0,0,0
7030,11,,,,0,0,0,0,0
7030,12,,,,0,0,0,0,0
7030,13,,,,0,0,0,0,0
7030,14,,,,0,0,0,0,0
7030,15,,,,0,0,0,0,0
7031,11,,,,0,0,0,0,0
7031,12,,,,0,0,0,0,0
7031,13,,,,0,0,0,0,0
7031,14,,,,0,0,0,0,0
7031,15,,,,0,0,0,0,0
7032,11,,,,0,0,0,0,0
7032,12,,,,0,0,0,0,0
7032,13,,,,0,0,0,0,0
7032,14,,,,0,0,0,0,0
7032,15,,,,0,0,0,0,0
7033,11,,,,0,0,0,0,0
7033,12,,,,0,0,0,0,0
7033,13,,,,0,0,0,0,0
7033,14,,,,0,0,0,0,0
7033,15,,,,0,0,0,0,0
7034,11,,,,0,0,0,0,0
7034,12,,,,0,0,0,0,0
7034,13,,,,0,0,0,0,0
7034,14,,,,0,0,0,0,0
7034,15,,,,0,0,0,0,0
7035,11,,,,0,0,0,0,0
7035,12,,,,0,0,0,0,0
7035,13,,,,0,0,0,0,0
7035,14,,,,0,0,0,0,0
7035,15,,,,0,0,0,0,0
7036,11,,,,0,0,0,0,0
7036,12,,,,0,0,0,0,0
7036,13,,,,0,0,0,0,0
7036,14,,,,0,0,0,0,0
7036,15,,,,0,0,0,0,0
7037,11,,,,0,0,0,0,0
7037,12,,,,0,0,0,0,0
7037,13,,,,0,0,0,0,0
7037,14,,,,0,0,0,0,0
7037,15,,,,0,0,0,0,0
7038,11,,,,0,0,0,0,0
7038,12,,,,0,0,0,0,0
7038,13,,,,0,0,0,0,0
7038,14,,,,0,0,0,0,0
7038,15,,,,0,0,0,0,0
7039,11,,,,0,0,0,0,0
7039,12,,,,0,0,0,0,0
7039,13,,,,0,0,0,0,0
7039,14,,,,0,0,0,0,0
7039,15,,,,0,0,0,0,0
7040,11,,,,0,0,0,0,0
7040,12,,,,0,0,0,0,0
7040,13,,,,0,0,0,0,0
7040,14,,,,0,0,0,0,0
7040,15,,,,0,0,0,0,0
7041,11,,,,0,0,0,0,0
7041,12,,,,0,0,0,0,0
7041,13,,,,0,0,0,0,0
7041,14,,,,0,0,0,0,0
7041,15,,,,0,0,0,0,0
7042,11,,,,0,0,0,0,0
7042,12,,,,0,0,0,0,0
7042,13,,,,0,0,0,0,0
7042,14,,,,0,0,0,0,0
7042,15,,,,0,0,0,0,0
7043,11,,,,0,0,0,0,0
7043,12,,,,0,0,0,0,0
7043,13,,,,0,0,0,0,0
7043,14,,,,0,0,0,0,0
7043,15,,,,0,0,0,0,0
7044,11,,,,0,0,0,0,0
7044,12,,,,0,0,0,0,0
7044,13,,,,0,0,0,0,0
7044,14,,,,0,0,0,0,0
7044,15,,,,0,0,0,0,0
7045,11,,,,0,0,0,0,0
7045,12,,,,0,0,0,0,0
7045,13,,,,0,0,0,0,0
7045,14,,,,0,0,0,0,0
7045,15,,,,0,0,0,0,0
7046,11,,,,0,0,0,0,0
7046,12,,,,0,0,0,0,0
7046,13,,,,0,0,0,0,0
7046,14,,,,0,0,0,0,0
7046,15,,,,0,0,0,0,0
7047,11,,,,0,0,0,0,0
7047,12,,,,0,0,0,0,0
7047,13,,,,0,0,0,0,0
7047,14,,,,0,0,0,0,0
7047,15,,,,0,0,0,0,0
7048,11,,,,0,0,0,0,0
7048,12,,,,0,0,0,0,0
7048,13,,,,0,0,0,0,0
7048,14,,,,0,0,0,0,0
7048,15,,,,0,0,0,0,0
7049,11,,,,0,0,0,0,0
7049,12,,,,0,0,0,0,0
7049,13,,,,0,0,0,0,0
7049,14,,,,0,0,0,0,0
7049,15,,,,0,0,0,0,0
7050,11,,,,0,0,0,0,0
7050,12,,,,0,0,0,0,0
7050,13,,,,0,0,0,0,0
7050,14,,,,0,0,0,0,0
7050,15,,,,0,0,0,0,0
7051,11,,,,0,0,0,0,0
7051,12,,,,0,0,0,0,0
7051,13,,,,0,0,0,0,0
7051,14,,,,0,0,0,0,0
7051,15,,,,0,0,0,0,0
7052,11,,,,0,0,0,0,0
7052,12,,,,0,0,0,0,0
7052,13,,,,0,0,0,0,0
7052,14,,,,0,0,0,0,0
7052,15,,,,0,0,0,0,0
7053,11,,,,0,0,0,0,0
7053,12,,,,0,0,0,0,0
7053,13,,,,0,0,0,0,0
7053,14,,,,0,0,0,0,0
7053,15,,,,0,0,0,0,0
7054,11,,,,0,0,0,0,0
7054,12,,,,0,0,0,0,0
7054,13,,,,0,0,0,0,0
7054,14,,,,0,0,0,0,0
7054,15,,,,0,0,0,0,0
7055,11,,,,0,0,0,0,0
7055,12,,,,0,0,0,0,0
7055,13,,,,0,0,0,0,0
7055,14,,,,0,0,0,0,0
7055,15,,,,0,0,0,0,0
7056,11,,,,0,0,0,0,0
7056,12,,,,0,0,0,0,0
7056,13,,,,0,0,0,0,0
7056,14,,,,0,0,0,0,0
7056,15,,,,0,0,0,0,0
7057,11,,,,0,0,0,0,0
7057,12,,,,0,0,0,0,0
7057,13,,,,0,0,0,0,0
7057,14,,,,0,0,0,0,0
7057,15,,,,0,0,0,0,0
7058,11,,,,0,0,0,0,0
7058,12,,,,0,0,0,0,0
7058,13,,,,0,0,0,0,0
7058,14,,,,0,0,0,0,0
7058,15,,,,0,0,0,0,0
7059,11,,,,0,0,0,0,0
7059,12,,,,0,0,0,0,0
7059,13,,,,0,0,0,0,0
7059,14,,,,0,0,0,0,0
7059,15,,,,0,0,0,0,0
7060,11,,,,0,0,0,0,0
7060,12,,,,0,0,0,0,0
7060,13,,,,0,0,0,0,0
7060,14,,,,0,0,0,0,0
7060,15,,,,0,0,0,0,0
7061,11,,,,0,0,0,0,0
7061,12,,,,0,0,0,0,0
7061,13,,,,0,0,0,0,0
7061,14,,,,0,0,0,0,0
7061,15,,,,0,0,0,0,0
7062,11,,,,0,0,0,0,0
7062,12,,,,0,0,0,0,0
7062,13,,,,0,0,0,0,0
7062,14,,,,0,0,0,0,0
7062,15,,,,0,0,0,0,0
7063,11,,,,0,0,0,0,0
7063,12,,,,0,0,0,0,0
7063,13,,,,0,0,0,0,0
7063,14,,,,0,0,0,0,0
7063,15,,,,0,0,0,0,0
7064,11,,,,0,0,0,0,0
7064,12,,,,0,0,0,0,0
7064,13,,,,0,0,0,0,0
7064,14,,,,0,0,0,0,0
7064,15,,,,0,0,0,0,0
7065,11,,,,0,0,0,0,0
7065,12,,,,0,0,0,0,0
7065,13,,,,0,0,0,0,0
7065,14,,,,0,0,0,0,0
7065,15,,,,0,0,0,0,0
7066,11,,,,0,0,0,0,0
7066,12,,,,0,0,0,0,0
7066,13,,,,0,0,0,0,0
7066,14,,,,0,0,0,0,0
7066,15,,,,0,0,0,0,0
7067,11,,,,0,0,0,0,0
7067,12,,,,0,0,0,0,0
7067,13,,,,0,0,0,0,0
7067,14,,,,0,0,0,0,0
7067,15,,,,0,0,0,0,0
7068,11,,,,0,0,0,0,0
7068,12,,,,0,0,0,0,0
7068,13,,,,0,0,0,0,0
7068,14,,,,0,0,0,0,0
7068,15,,,,0,0,0,0,0
7069,11,,,,0,0,0,0,0
7069,12,,,,0,0,0,0,0
7069,13,,,,0,0,0,0,0
7069,14,,,,0,0,0,0,0
7069,15,,,,0,0,0,0,0
7070,11,,,,0,0,0,0,0
7070,12,,,,0,0,0,0,0
7070,13,,,,0,0,0,0,0
7070,14,,,,0,0,0,0,0
7070,15,,,,0,0,0,0,0
7071,11,,,,0,0,0,0,0
7071,12,,,,0,0,0,0,0
7071,13,,,,0,0,0,0,0
7071,14,,,,0,0,0,0,0
7071,15,,,,0,0,0,0,0
7072,11,,,,0,0,0,0,0
7072,12,,,,0,0,0,0,0
7072,13,,,,0,0,0,0,0
7072,14,,,,0,0,0,0,0
7072,15,,,,0,0,0,0,0
7073,11,,,,0,0,0,0,0
7073,12,,,,0,0,0,0,0
7073,13,,,,0,0,0,0,0
7073,14,,,,0,0,0,0,0
7073,15,,,,0,0,0,0,0
7074,11,,,,0,0,0,0,0
7074,12,,,,0,0,0,0,0
7074,13,,,,0,0,0,0,0
7074,14,,,,0,0,0,0,0
7074,15,,,,0,0,0,0,0
7075,11,,,,0,0,0,0,0
7075,12,,,,0,0,0,0,0
7075,13,,,,0,0,0,0,0
7075,14,,,,0,0,0,0,0
7075,15,,,,0,0,0,0,0
7076,11,,,,0,0,0,0,0
7076,12,,,,0,0,0,0,0
7076,13,,,,0,0,0,0,0
7076,14,,,,0,0,0,0,0
7076,15,,,,0,0,0,0,0
7077,11,,,,0,0,0,0,0
7077,12,,,,0,0,0,0,0
7077,13,,,,0,0,0,0,0
7077,14,,,,0,0,0,0,0
7077,15,,,,0,0,0,0,0
7078,11,,,,0,0,0,0,0
7078,12,,,,0,0,0,0,0
7078,13,,,,0,0,0,0,0
7078,14,,,,0,0,0,0,0
7078,15,,,,0,0,0,0,0
7079,11,,,,0,0,0,0,0
7079,12,,,,0,0,0,0,0
7079,13,,,,0,0,0,0,0
7079,14,,,,0,0,0,0,0
7079,15,,,,0,0,0,0,0
7080,11,,,,0,0,0,0,0
7080,12,,,,0,0,0,0,0
7080,13,,,,0,0,0,0,0
7080,14,,,,0,0,0,0,0
7080,15,,,,0,0,0,0,0
7081,11,,,,0,0,0,0,0
7081,12,,,,0,0,0,0,0
7081,13,,,,0,0,0,0,0
7081,14,,,,0,0,0,0,0
7081,15,,,,0,0,0,0,0
7082,11,,,,0,0,0,0,0
7082,12,,,,0,0,0,0,0
7082,13,,,,0,0,0,0,0
7082,14,,,,0,0,0,0,0
7082,15,,,,0,0,0,0,0
7083,11,,,,0,0,0,0,0
7083,12,,,,0,0,0,0,0
7083,13,,,,0,0,0,0,0
7083,14,,,,0,0,0,0,0
7083,15,,,,0,0,0,0,0
7084,11,,,,0,0,0,0,0
7084,12,,,,0,0,0,0,0
7084,13,,,,0,0,0,0,0
7084,14,,,,0,0,0,0,0
7084,15,,,,0,0,0,0,0
7085,11,,,,0,0,0,0,0
7085,12,,,,0,0,0,0,0
7085,13,,,,0,0,0,0,0
7085,14,,,,0,0,0,0,0
7085,15,,,,0,0,0,0,0
7086,11,,,,0,0,0,0,0
7086,12,,,,0,0,0,0,0
7086,13,,,,0,0,0,0,0
7086,14,,,,0,0,0,0,0
7086,15,,,,0,0,0,0,0
7087,11,,,,0,0,0,0,0
7087,12,,,,0,0,0,0,0
7087,13,,,,0,0,0,0,0
7087,14,,,,0,0,0,0,0
7087,15,,,,0,0,0,0,0
7088,11,,,,0,0,0,0,0
7088,12,,,,0,0,0,0,0
7088,13,,,,0,0,0,0,0
7088,14,,,,0,0,0,0,0
7088,15,,,,0,0,0,0,0
7089,11,,,,0,0,0,0,0
7089,12,,,,0,0,0,0,0
7089,13,,,,0,0,0,0,0
7089,14,,,,0,0,0,0,0
7089,15,,,,0,0,0,0,0
7090,11,,,,0,0,0,0,0
7090,12,,,,0,0,0,0,0
7090,13,,,,0,0,0,0,0
7090,14,,,,0,0,0,0,0
7090,15,,,,0,0,0,0,0
7091,11,,,,0,0,0,0,0
7091,12,,,,0,0,0,0,0
7091,13,,,,0,0,0,0,0
7091,14,,,,0,0,0,0,0
7091,15,,,,0,0,0,0,0
7092,11,,,,0,0,0,0,0
7092,12,,,,0,0,0,0,0
7092,13,,,,0,0,0,0,0
7092,14,,,,0,0,0,0,0
7092,15,,,,0,0,0,0,0
7093,11,,,,0,0,0,0,0
7093,12,,,,0,0,0,0,0
7093,13,,,,0,0,0,0,0
7093,14,,,,0,0,0,0,0
7093,15,,,,0,0,0,0,0
7094,11,,,,0,0,0,0,0
7094,12,,,,0,0,0,0,0
7094,13,,,,0,0,0,0,0
7094,14,,,,0,0,0,0,0
7094,15,,,,0,0,0,0,0
7095,11,,,,0,0,0,0,0
7095,12,,,,0,0,0,0,0
7095,13,,,,0,0,0,0,0
7095,14,,,,0,0,0,0,0
7095,15,,,,0,0,0,0,0
7096,11,,,,0,0,0,0,0
7096,12,,,,0,0,0,0,0
7096,13,,,,0,0,0,0,0
7096,14,,,,0,0,0,0,0
7096,15,,,,0,0,0,0,0
7097,11,,,,0,0,0,0,0
7097,12,,,,0,0,0,0,0
7097,13,,,,0,0,0,0,0
7097,14,,,,0,0,0,0,0
7097,15,,,,0,0,0,0,0
7098,11,,,,0,0,0,0,0
7098,12,,,,0,0,0,0,0
7098,13,,,,0,0,0,0,0
7098,14,,,,0,0,0,0,0
7098,15,,,,0,0,0,0,0
7099,11,,,,0,0,0,0,0
7099,12,,,,0,0,0,0,0
7099,13,,,,0,0,0,0,0
7099,14,,,,0,0,0,0,0
7099,15,,,,0,0,0,0,0
7100,11,,,,0,0,0,0,0
7100,12,,,,0,0,0,0,0
7100,13,,,,0,0,0,0,0
7100,14,,,,0,0,0,0,0
7100,15,,,,0,0,0,0,0
7101,11,,,,0,0,0,0,0
7101,12,,,,0,0,0,0,0
7101,13,,,,0,0,0,0,0
7101,14,,,,0,0,0,0,0
7101,15,,,,0,0,0,0,0
7102,11,,,,0,0,0,0,0
7102,12,,,,0,0,0,0,0
7102,13,,,,0,0,0,0,0
7102,14,,,,0,0,0,0,0
7102,15,,,,0,0,0,0,0
7103,11,,,,0,0,0,0,0
7103,12,,,,0,0,0,0,0
7103,13,,,,0,0,0,0,0
7103,14,,,,0,0,0,0,0
7103,15,,,,0,0,0,0,0
7104,11,,,,0,0,0,0,0
7104,12,,,,0,0,0,0,0
7104,13,,,,0,0,0,0,0
7104,14,,,,0,0,0,0,0
7104,15,,,,0,0,0,0,0
7105,11,,,,0,0,0,0,0
7105,12,,,,0,0,0,0,0
7105,13,,,,0,0,0,0,0
7105,14,,,,0,0,0,0,0
7105,15,,,,0,0,0,0,0
7106,11,,,,0,0,0,0,0
7106,12,,,,0,0,0,0,0
7106,13,,,,0,0,0,0,0
7106,14,,,,0,0,0,0,0
7106,15,,,,0,0,0,0,0
7107,11,,,,0,0,0,0,0
7107,12,,,,0,0,0,0,0
7107,13,,,,0,0,0,0,0
7107,14,,,,0,0,0,0,0
7107,15,,,,0,0,0,0,0
7108,11,,,,0,0,0,0,0
7108,12,,,,0,0,0,0,0
7108,13,,,,0,0,0,0,0
7108,14,,,,0,0,0,0,0
7108,15,,,,0,0,0,0,0
7109,11,,,,0,0,0,0,0
7109,12,,,,0,0,0,0,0
7109,13,,,,0,0,0,0,0
7109,14,,,,0,0,0,0,0
7109,15,,,,0,0,0,0,0
7110,11,,,,0,0,0,0,0
7110,12,,,,0,0,0,0,0
7110,13,,,,0,0,0,0,0
7110,14,,,,0,0,0,0,0
7110,15,,,,0,0,0,0,0
7111,11,,,,0,0,0,0,0
7111,12,,,,0,0,0,0,0
7111,13,,,,0,0,0,0,0
7111,14,,,,0,0,0,0,0
7111,15,,,,0,0,0,0,0
7112,11,,,,0,0,0,0,0
7112,12,,,,0,0,0,0,0
7112,13,,,,0,0,0,0,0
7112,14,,,,0,0,0,0,0
7112,15,,,,0,0,0,0,0
7113,11,,,,0,0,0,0,0
7113,12,,,,0,0,0,0,0
7113,13,,,,0,0,0,0,0
7113,14,,,,0,0,0,0,0
7113,15,,,,0,0,0,0,0
7114,11,,,,0,0,0,0,0
7114,12,,,,0,0,0,0,0
7114,13,,,,0,0,0,0,0
7114,14,,,,0,0,0,0,0
7114,15,,,,0,0,0,0,0
7115,11,,,,0,0,0,0,0
7115,12,,,,0,0,0,0,0
7115,13,,,,0,0,0,0,0
7115,14,,,,0,0,0,0,0
7115,15,,,,0,0,0,0,0
7116,11,,,,0,0,0,0,0
7116,12,,,,0,0,0,0,0
7116,13,,,,0,0,0,0,0
7116,14,,,,0,0,0,0,0
7116,15,,,,0,0,0,0,0
7117,11,,,,0,0,0,0,0
7117,12,,,,0,0,0,0,0
7117,13,,,,0,0,0,0,0
7117,14,,,,0,0,0,0,0
7117,15,,,,0,0,0,0,0
7118,11,,,,0,0,0,0,0
7118,12,,,,0,0,0,0,0
7118,13,,,,0,0,0,0,0
7118,14,,,,0,0,0,0,0
7118,15,,,,0,0,0,0,0
7119,11,,,,0,0,0,0,0
7119,12,,,,0,0,0,0,0
7119,13,,,,0,0,0,0,0
7119,14,,,,0,0,0,0,0
7119,15,,,,0,0,0,0,0
7120,11,,,,0,0,0,0,0
7120,12,,,,0,0,0,0,0
7120,13,,,,0,0,0,0,0
7120,14,,,,0,0,0,0,0
7120,15,,,,0,0,0,0,0
7121,11,,,,0,0,0,0,0
7121,12,,,,0,0,0,0,0
7121,13,,,,0,0,0,0,0
7121,14,,,,0,0,0,0,0
7121,15,,,,0,0,0,0,0
7122,11,,,,0,0,0,0,0
7122,12,,,,0,0,0,0,0
7122,13,,,,0,0,0,0,0
7122,14,,,,0,0,0,0,0
7122,15,,,,0,0,0,0,0
7123,11,,,,0,0,0,0,0
7123,12,,,,0,0,0,0,0
7123,13,,,,0,0,0,0,0
7123,14,,,,0,0,0,0,0
7123,15,,,,0,0,0,0,0
7124,11,,,,0,0,0,0,0
7124,12,,,,0,0,0,0,0
7124,13,,,,0,0,0,0,0
7124,14,,,,0,0,0,0,0
7124,15,,,,0,0,0,0,0
7125,11,,,,0,0,0,0,0
7125,12,,,,0,0,0,0,0
7125,13,,,,0,0,0,0,0
7125,14,,,,0,0,0,0,0
7125,15,,,,0,0,0,0,0
7126,11,,,,0,0,0,0,0
7126,12,,,,0,0,0,0,0
7126,13,,,,0,0,0,0,0
7126,14,,,,0,0,0,0,0
7126,15,,,,0,0,0,0,0
7127,11,,,,0,0,0,0,0
7127,12,,,,0,0,0,0,0
7127,13,,,,0,0,0,0,0
7127,14,,,,0,0,0,0,0
7127,15,,,,0,0,0,0,0
7128,11,,,,0,0,0,0,0
7128,12,,,,0,0,0,0,0
7128,13,,,,0,0,0,0,0
7128,14,,,,0,0,0,0,0
7128,15,,,,0,0,0,0,0
7129,11,,,,0,0,0,0,0
7129,12,,,,0,0,0,0,0
7129,13,,,,0,0,0,0,0
7129,14,,,,0,0,0,0,0
7129,15,,,,0,0,0,0,0
7130,11,,,,0,0,0,0,0
7130,12,,,,0,0,0,0,0
7130,13,,,,0,0,0,0,0
7130,14,,,,0,0,0,0,0
7130,15,,,,0,0,0,0,0
7131,11,,,,0,0,0,0,0
7131,12,,,,0,0,0,0,0
7131,13,,,,0,0,0,0,0
7131,14,,,,0,0,0,0,0
7131,15,,,,0,0,0,0,0
7132,11,,,,0,0,0,0,0
7132,12,,,,0,0,0,0,0
7132,13,,,,0,0,0,0,0
7132,14,,,,0,0,0,0,0
7132,15,,,,0,0,0,0,0
7133,11,,,,0,0,0,0,0
7133,12,,,,0,0,0,0,0
7133,13,,,,0,0,0,0,0
7133,14,,,,0,0,0,0,0
7133,15,,,,0,0,0,0,0
7134,11,,,,0,0,0,0,0
7134,12,,,,0,0,0,0,0
7134,13,,,,0,0,0,0,0
7134,14,,,,0,0,0,0,0
7134,15,,,,0,0,0,0,0
7135,11,,,,0,0,0,0,0
7135,12,,,,0,0,0,0,0
7135,13,,,,0,0,0,0,0
7135,14,,,,0,0,0,0,0
7135,15,,,,0,0,0,0,0
7136,11,,,,0,0,0,0,0
7136,12,,,,0,0,0,0,0
7136,13,,,,0,0,0,0,0
7136,14,,,,0,0,0,0,0
7136,15,,,,0,0,0,0,0
7137,11,,,,0,0,0,0,0
7137,12,,,,0,0,0,0,0
7137,13,,,,0,0,0,0,0
7137,14,,,,0,0,0,0,0
7137,15,,,,0,0,0,0,0
7138,11,,,,0,0,0,0,0
7138,12,,,,0,0,0,0,0
7138,13,,,,0,0,0,0,0
7138,14,,,,0,0,0,0,0
7138,15,,,,0,0,0,0,0
7139,11,,,,0,0,0,0,0
7139,12,,,,0,0,0,0,0
7139,13,,,,0,0,0,0,0
7139,14,,,,0,0,0,0,0
7139,15,,,,0,0,0,0,0
7140,11,,,,0,0,0,0,0
7140,12,,,,0,0,0,0,0
7140,13,,,,0,0,0,0,0
7140,14,,,,0,0,0,0,0
7140,15,,,,0,0,0,0,0
7141,11,,,,0,0,0,0,0
7141,12,,,,0,0,0,0,0
7141,13,,,,0,0,0,0,0
7141,14,,,,0,0,0,0,0
7141,15,,,,0,0,0,0,0
7142,11,,,,0,0,0,0,0
7142,12,,,,0,0,0,0,0
7142,13,,,,0,0,0,0,0
7142,14,,,,0,0,0,0,0
7142,15,,,,0,0,0,0,0
7143,11,,,,0,0,0,0,0
7143,12,,,,0,0,0,0,0
7143,13,,,,0,0,0,0,0
7143,14,,,,0,0,0,0,0
7143,15,,,,0,0,0,0,0
7144,11,,,,0,0,0,0,0
7144,12,,,,0,0,0,0,0
7144,13,,,,0,0,0,0,0
7144,14,,,,0,0,0,0,0
7144,15,,,,0,0,0,0,0
7145,11,,,,0,0,0,0,0
7145,12,,,,0,0,0,0,0
7145,13,,,,0,0,0,0,0
7145,14,,,,0,0,0,0,0
7145,15,,,,0,0,0,0,0
7146,11,,,,0,0,0,0,0
7146,12,,,,0,0,0,0,0
7146,13,,,,0,0,0,0,0
7146,14,,,,0,0,0,0,0
7146,15,,,,0,0,0,0,0
7147,11,,,,0,0,0,0,0
7147,12,,,,0,0,0,0,0
7147,13,,,,0,0,0,0,0
7147,14,,,,0,0,0,0,0
7147,15,,,,0,0,0,0,0
7148,11,,,,0,0,0,0,0
7148,12,,,,0,0,0,0,0
7148,13,,,,0,0,0,0,0
7148,14,,,,0,0,0,0,0
7148,15,,,,0,0,0,0,0
7149,11,,,,0,0,0,0,0
7149,12,,,,0,0,0,0,0
7149,13,,,,0,0,0,0,0
7149,14,,,,0,0,0,0,0
7149,15,,,,0,0,0,0,0
7150,11,,,,0,0,0,0,0
7150,12,,,,0,0,0,0,0
7150,13,,,,0,0,0,0,0
7150,14,,,,0,0,0,0,0
7150,15,,,,0,0,0,0,0
7151,11,,,,0,0,0,0,0
7151,12,,,,0,0,0,0,0
7151,13,,,,0,0,0,0,0
7151,14,,,,0,0,0,0,0
7151,15,,,,0,0,0,0,0
7152,11,,,,0,0,0,0,0
7152,12,,,,0,0,0,0,0
7152,13,,,,0,0,0,0,0
7152,14,,,,0,0,0,0,0
7152,15,,,,0,0,0,0,0
7153,11,,,,0,0,0,0,0
7153,12,,,,0,0,0,0,0
7153,13,,,,0,0,0,0,0
7153,14,,,,0,0,0,0,0
7153,15,,,,0,0,0,0,0
7154,11,,,,0,0,0,0,0
7154,12,,,,0,0,0,0,0
7154,13,,,,0,0,0,0,0
7154,14,,,,0,0,0,0,0
7154,15,,,,0,0,0,0,0
7155,11,,,,0,0,0,0,0
7155,12,,,,0,0,0,0,0
7155,13,,,,0,0,0,0,0
7155,14,,,,0,0,0,0,0
7155,15,,,,0,0,0,0,0
7156,11,,,,0,0,0,0,0
7156,12,,,,0,0,0,0,0
7156,13,,,,0,0,0,0,0
7156,14,,,,0,0,0,0,0
7156,15,,,,0,0,0,0,0
7157,11,,,,0,0,0,0,0
7157,12,,,,0,0,0,0,0
7157,13,,,,0,0,0,0,0
7157,14,,,,0,0,0,0,0
7157,15,,,,0,0,0,0,0
7158,11,,,,0,0,0,0,0
7158,12,,,,0,0,0,0,0
7158,13,,,,0,0,0,0,0
7158,14,,,,0,0,0,0,0
7158,15,,,,0,0,0,0,0
7159,11,,,,0,0,0,0,0
7159,12,,,,0,0,0,0,0
7159,13,,,,0,0,0,0,0
7159,14,,,,0,0,0,0,0
7159,15,,,,0,0,0,0,0
7160,11,,,,0,0,0,0,0
7160,12,,,,0,0,0,0,0
7160,13,,,,0,0,0,0,0
7160,14,,,,0,0,0,0,0
7160,15,,,,0,0,0,0,0
7161,11,,,,0,0,0,0,0
7161,12,,,,0,0,0,0,0
7161,13,,,,0,0,0,0,0
7161,14,,,,0,0,0,0,0
7161,15,,,,0,0,0,0,0
7162,11,,,,0,0,0,0,0
7162,12,,,,0,0,0,0,0
7162,13,,,,0,0,0,0,0
7162,14,,,,0,0,0,0,0
7162,15,,,,0,0,0,0,0
7163,11,,,,0,0,0,0,0
7163,12,,,,0,0,0,0,0
7163,13,,,,0,0,0,0,0
7163,14,,,,0,0,0,0,0
7163,15,,,,0,0,0,0,0
7164,11,,,,0,0,0,0,0
7164,12,,,,0,0,0,0,0
7164,13,,,,0,0,0,0,0
7164,14,,,,0,0,0,0,0
7164,15,,,,0,0,0,0,0
7165,11,,,,0,0,0,0,0
7165,12,,,,0,0,0,0,0
7165,13,,,,0,0,0,0,0
7165,14,,,,0,0,0,0,0
7165,15,,,,0,0,0,0,0
7166,11,,,,0,0,0,0,0
7166,12,,,,0,0,0,0,0
7166,13,,,,0,0,0,0,0
7166,14,,,,0,0,0,0,0
7166,15,,,,0,0,0,0,0
7167,11,,,,0,0,0,0,0
7167,12,,,,0,0,0,0,0
7167,13,,,,0,0,0,0,0
7167,14,,,,0,0,0,0,0
7167,15,,,,0,0,0,0,0
7168,11,,,,0,0,0,0,0
7168,12,,,,0,0,0,0,0
7168,13,,,,0,0,0,0,0
7168,14,,,,0,0,0,0,0
7168,15,,,,0,0,0,0,0
7169,11,,,,0,0,0,0,0
7169,12,,,,0,0,0,0,0
7169,13,,,,0,0,0,0,0
7169,14,,,,0,0,0,0,0
7169,15,,,,0,0,0,0,0
7170,11,,,,0,0,0,0,0
7170,12,,,,0,0,0,0,0
7170,13,,,,0,0,0,0,0
7170,14,,,,0,0,0,0,0
7170,15,,,,0,0,0,0,0
7171,11,,,,0,0,0,0,0
7171,12,,,,0,0,0,0,0
7171,13,,,,0,0,0,0,0
7171,14,,,,0,0,0,0,0
7171,15,,,,0,0,0,0,0
7172,11,,,,0,0,0,0,0
7172,12,,,,0,0,0,0,0
7172,13,,,,0,0,0,0,0
7172,14,,,,0,0,0,0,0
7172,15,,,,0,0,0,0,0
7173,11,,,,0,0,0,0,0
7173,12,,,,0,0,0,0,0
7173,13,,,,0,0,0,0,0
7173,14,,,,0,0,0,0,0
7173,15,,,,0,0,0,0,0
7174,11,,,,0,0,0,0,0
7174,12,,,,0,0,0,0,0
7174,13,,,,0,0,0,0,0
7174,14,,,,0,0,0,0,0
7174,15,,,,0,0,0,0,0
7175,11,,,,0,0,0,0,0
7175,12,,,,0,0,0,0,0
7175,13,,,,0,0,0,0,0
7175,14,,,,0,0,0,0,0
7175,15,,,,0,0,0,0,0
7176,11,,,,0,0,0,0,0
7176,12,,,,0,0,0,0,0
7176,13,,,,0,0,0,0,0
7176,14,,,,0,0,0,0,0
7176,15,,,,0,0,0,0,0
7177,11,,,,0,0,0,0,0
7177,12,,,,0,0,0,0,0
7177,13,,,,0,0,0,0,0
7177,14,,,,0,0,0,0,0
7177,15,,,,0,0,0,0,0
7178,11,,,,0,0,0,0,0
7178,12,,,,0,0,0,0,0
7178,13,,,,0,0,0,0,0
7178,14,,,,0,0,0,0,0
7178,15,,,,0,0,0,0,0
7179,11,,,,0,0,0,0,0
7179,12,,,,0,0,0,0,0
7179,13,,,,0,0,0,0,0
7179,14,,,,0,0,0,0,0
7179,15,,,,0,0,0,0,0
7180,11,,,,0,0,0,0,0
7180,12,,,,0,0,0,0,0
7180,13,,,,0,0,0,0,0
7180,14,,,,0,0,0,0,0
7180,15,,,,0,0,0,0,0
7181,11,,,,0,0,0,0,0
7181,12,,,,0,0,0,0,0
7181,13,,,,0,0,0,0,0
7181,14,,,,0,0,0,0,0
7181,15,,,,0,0,0,0,0
7182,11,,,,0,0,0,0,0
7182,12,,,,0,0,0,0,0
7182,13,,,,0,0,0,0,0
7182,14,,,,0,0,0,0,0
7182,15,,,,0,0,0,0,0
7183,11,,,,0,0,0,0,0
7183,12,,,,0,0,0,0,0
7183,13,,,,0,0,0,0,0
7183,14,,,,0,0,0,0,0
7183,15,,,,0,0,0,0,0
7184,11,,,,0,0,0,0,0
7184,12,,,,0,0,0,0,0
7184,13,,,,0,0,0,0,0
7184,14,,,,0,0,0,0,0
7184,15,,,,0,0,0,0,0
7185,11,,,,0,0,0,0,0
7185,12,,,,0,0,0,0,0
7185,13,,,,0,0,0,0,0
7185,14,,,,0,0,0,0,0
7185,15,,,,0,0,0,0,0
7186,11,,,,0,0,0,0,0
7186,12,,,,0,0,0,0,0
7186,13,,,,0,0,0,0,0
7186,14,,,,0,0,0,0,0
7186,15,,,,0,0,0,0,0
7187,11,,,,0,0,0,0,0
7187,12,,,,0,0,0,0,0
7187,13,,,,0,0,0,0,0
7187,14,,,,0,0,0,0,0
7187,15,,,,0,0,0,0,0
7188,11,,,,0,0,0,0,0
7188,12,,,,0,0,0,0,0
7188,13,,,,0,0,0,0,0
7188,14,,,,0,0,0,0,0
7188,15,,,,0,0,0,0,0
7189,11,,,,0,0,0,0,0
7189,12,,,,0,0,0,0,0
7189,13,,,,0,0,0,0,0
7189,14,,,,0,0,0,0,0
7189,15,,,,0,0,0,0,0
7190,11,,,,0,0,0,0,0
7190,12,,,,0,0,0,0,0
7190,13,,,,0,0,0,0,0
7190,14,,,,0,0,0,0,0
7190,15,,,,0,0,0,0,0
7191,11,,,,0,0,0,0,0
7191,12,,,,0,0,0,0,0
7191,13,,,,0,0,0,0,0
7191,14,,,,0,0,0,0,0
7191,15,,,,0,0,0,0,0
7192,11,,,,0,0,0,0,0
7192,12,,,,0,0,0,0,0
7192,13,,,,0,0,0,0,0
7192,14,,,,0,0,0,0,0
7192,15,,,,0,0,0,0,0
7193,11,,,,0,0,0,0,0
7193,12,,,,0,0,0,0,0
7193,13,,,,0,0,0,0,0
7193,14,,,,0,0,0,0,0
7193,15,,,,0,0,0,0,0
7194,11,,,,0,0,0,0,0
7194,12,,,,0,0,0,0,0
7194,13,,,,0,0,0,0,0
7194,14,,,,0,0,0,0,0
7194,15,,,,0,0,0,0,0
7195,11,,,,0,0,0,0,0
7195,12,,,,0,0,0,0,0
7195,13,,,,0,0,0,0,0
7195,14,,,,0,0,0,0,0
7195,15,,,,0,0,0,0,0
7196,11,,,,0,0,0,0,0
7196,12,,,,0,0,0,0,0
7196,13,,,,0,0,0,0,0
7196,14,,,,0,0,0,0,0
7196,15,,,,0,0,0,0,0
7197,11,,,,0,0,0,0,0
7197,12,,,,0,0,0,0,0
7197,13,,,,0,0,0,0,0
7197,14,,,,0,0,0,0,0
7197,15,,,,0,0,0,0,0
7198,11,,,,0,0,0,0,0
7198,12,,,,0,0,0,0,0
7198,13,,,,0,0,0,0,0
7198,14,,,,0,0,0,0,0
7198,15,,,,0,0,0,0,0
7199,11,,,,0,0,0,0,0
7199,12,,,,0,0,0,0,0
7199,13,,,,0,0,0,0,0
7199,14,,,,0,0,0,0,0
7199,15,,,,0,0,0,0,0
7200,11,,,,0,0,0,0,0
7200,12,,,,0,0,0,0,0
7200,13,,,,0,0,0,0,0
7200,14,,,,0,0,0,0,0
7200,15,,,,0,0,0,0,0
7201,11,,,,0,0,0,0,0
7201,12,,,,0,0,0,0,0
7201,13,,,,0,0,0,0,0
7201,14,,,,0,0,0,0,0
7201,15,,,,0,0,0,0,0
7202,11,,,,0,0,0,0,0
7202,12,,,,0,0,0,0,0
7202,13,,,,0,0,0,0,0
7202,14,,,,0,0,0,0,0
7202,15,,,,0,0,0,0,0
7203,11,,,,0,0,0,0,0
7203,12,,,,0,0,0,0,0
7203,13,,,,0,0,0,0,0
7203,14,,,,0,0,0,0,0
7203,15,,,,0,0,0,0,0
7204,11,,,,0,0,0,0,0
7204,12,,,,0,0,0,0,0
7204,13,,,,0,0,0,0,0
7204,14,,,,0,0,0,0,0
7204,15,,,,0,0,0,0,0
7205,11,,,,0,0,0,0,0
7205,12,,,,0,0,0,0,0
7205,13,,,,0,0,0,0,0
7205,14,,,,0,0,0,0,0
7205,15,,,,0,0,0,0,0
7206,11,,,,0,0,0,0,0
7206,12,,,,0,0,0,0,0
7206,13,,,,0,0,0,0,0
7206,14,,,,0,0,0,0,0
7206,15,,,,0,0,0,0,0
7207,11,,,,0,0,0,0,0
7207,12,,,,0,0,0,0,0
7207,13,,,,0,0,0,0,0
7207,14,,,,0,0,0,0,0
7207,15,,,,0,0,0,0,0
7208,11,,,,0,0,0,0,0
7208,12,,,,0,0,0,0,0
7208,13,,,,0,0,0,0,0
7208,14,,,,0,0,0,0,0
7208,15,,,,0,0,0,0,0
7209,11,,,,0,0,0,0,0
7209,12,,,,0,0,0,0,0
7209,13,,,,0,0,0,0,0
7209,14,,,,0,0,0,0,0
7209,15,,,,0,0,0,0,0
7210,11,,,,0,0,0,0,0
7210,12,,,,0,0,0,0,0
7210,13,,,,0,0,0,0,0
7210,14,,,,0,0,0,0,0
7210,15,,,,0,0,0,0,0
7211,11,,,,0,0,0,0,0
7211,12,,,,0,0,0,0,0
7211,13,,,,0,0,0,0,0
7211,14,,,,0,0,0,0,0
7211,15,,,,0,0,0,0,0
7212,11,,,,0,0,0,0,0
7212,12,,,,0,0,0,0,0
7212,13,,,,0,0,0,0,0
7212,14,,,,0,0,0,0,0
7212,15,,,,0,0,0,0,0
7213,11,,,,0,0,0,0,0
7213,12,,,,0,0,0,0,0
7213,13,,,,0,0,0,0,0
7213,14,,,,0,0,0,0,0
7213,15,,,,0,0,0,0,0
7214,11,,,,0,0,0,0,0
7214,12,,,,0,0,0,0,0
7214,13,,,,0,0,0,0,0
7214,14,,,,0,0,0,0,0
7214,15,,,,0,0,0,0,0
7215,11,,,,0,0,0,0,0
7215,12,,,,0,0,0,0,0
7215,13,,,,0,0,0,0,0
7215,14,,,,0,0,0,0,0
7215,15,,,,0,0,0,0,0
7216,11,,,,0,0,0,0,0
7216,12,,,,0,0,0,0,0
7216,13,,,,0,0,0,0,0
7216,14,,,,0,0,0,0,0
7216,15,,,,0,0,0,0,0
7217,11,,,,0,0,0,0,0
7217,12,,,,0,0,0,0,0
7217,13,,,,0,0,0,0,0
7217,14,,,,0,0,0,0,0
7217,15,,,,0,0,0,0,0
7218,11,,,,0,0,0,0,0
7218,12,,,,0,0,0,0,0
7218,13,,,,0,0,0,0,0
7218,14,,,,0,0,0,0,0
7218,15,,,,0,0,0,0,0
7219,11,,,,0,0,0,0,0
7219,12,,,,0,0,0,0,0
7219,13,,,,0,0,0,0,0
7219,14,,,,0,0,0,0,0
7219,15,,,,0,0,0,0,0
7220,11,,,,0,0,0,0,0
7220,12,,,,0,0,0,0,0
7220,13,,,,0,0,0,0,0
7220,14,,,,0,0,0,0,0
7220,15,,,,0,0,0,0,0
7221,11,,,,0,0,0,0,0
7221,12,,,,0,0,0,0,0
7221,13,,,,0,0,0,0,0
7221,14,,,,0,0,0,0,0
7221,15,,,,0,0,0,0,0
7222,11,,,,0,0,0,0,0
7222,12,,,,0,0,0,0,0
7222,13,,,,0,0,0,0,0
7222,14,,,,0,0,0,0,0
7222,15,,,,0,0,0,0,0
7223,11,,,,0,0,0,0,0
7223,12,,,,0,0,0,0,0
7223,13,,,,0,0,0,0,0
7223,14,,,,0,0,0,0,0
7223,15,,,,0,0,0,0,0
7224,11,,,,0,0,0,0,0
7224,12,,,,0,0,0,0,0
7224,13,,,,0,0,0,0,0
7224,14,,,,0,0,0,0,0
7224,15,,,,0,0,0,0,0
7225,11,,,,0,0,0,0,0
7225,12,,,,0,0,0,0,0
7225,13,,,,0,0,0,0,0
7225,14,,,,0,0,0,0,0
7225,15,,,,0,0,0,0,0
7226,11,,,,0,0,0,0,0
7226,12,,,,0,0,0,0,0
7226,13,,,,0,0,0,0,0
7226,14,,,,0,0,0,0,0
7226,15,,,,0,0,0,0,0
7227,11,,,,0,0,0,0,0
7227,12,,,,0,0,0,0,0
7227,13,,,,0,0,0,0,0
7227,14,,,,0,0,0,0,0
7227,15,,,,0,0,0,0,0
7228,11,,,,0,0,0,0,0
7228,12,,,,0,0,0,0,0
7228,13,,,,0,0,0,0,0
7228,14,,,,0,0,0,0,0
7228,15,,,,0,0,0,0,0
7229,11,,,,0,0,0,0,0
7229,12,,,,0,0,0,0,0
7229,13,,,,0,0,0,0,0
7229,14,,,,0,0,0,0,0
7229,15,,,,0,0,0,0,0
7230,11,,,,0,0,0,0,0
7230,12,,,,0,0,0,0,0
7230,13,,,,0,0,0,0,0
7230,14,,,,0,0,0,0,0
7230,15,,,,0,0,0,0,0
7231,11,,,,0,0,0,0,0
7231,12,,,,0,0,0,0,0
7231,13,,,,0,0,0,0,0
7231,14,,,,0,0,0,0,0
7231,15,,,,0,0,0,0,0
7232,11,,,,0,0,0,0,0
7232,12,,,,0,0,0,0,0
7232,13,,,,0,0,0,0,0
7232,14,,,,0,0,0,0,0
7232,15,,,,0,0,0,0,0
7233,11,,,,0,0,0,0,0
7233,12,,,,0,0,0,0,0
7233,13,,,,0,0,0,0,0
7233,14,,,,0,0,0,0,0
7233,15,,,,0,0,0,0,0
7234,11,,,,0,0,0,0,0
7234,12,,,,0,0,0,0,0
7234,13,,,,0,0,0,0,0
7234,14,,,,0,0,0,0,0
7234,15,,,,0,0,0,0,0
7235,11,,,,0,0,0,0,0
7235,12,,,,0,0,0,0,0
7235,13,,,,0,0,0,0,0
7235,14,,,,0,0,0,0,0
7235,15,,,,0,0,0,0,0
7236,11,,,,0,0,0,0,0
7236,12,,,,0,0,0,0,0
7236,13,,,,0,0,0,0,0
7236,14,,,,0,0,0,0,0
7236,15,,,,0,0,0,0,0
7237,11,,,,0,0,0,0,0
7237,12,,,,0,0,0,0,0
7237,13,,,,0,0,0,0,0
7237,14,,,,0,0,0,0,0
7237,15,,,,0,0,0,0,0
7238,11,,,,0,0,0,0,0
7238,12,,,,0,0,0,0,0
7238,13,,,,0,0,0,0,0
7238,14,,,,0,0,0,0,0
7238,15,,,,0,0,0,0,0
7239,11,,,,0,0,0,0,0
7239,12,,,,0,0,0,0,0
7239,13,,,,0,0,0,0,0
7239,14,,,,0,0,0,0,0
7239,15,,,,0,0,0,0,0
7240,11,,,,0,0,0,0,0
7240,12,,,,0,0,0,0,0
7240,13,,,,0,0,0,0,0
7240,14,,,,0,0,0,0,0
7240,15,,,,0,0,0,0,0
7241,11,,,,0,0,0,0,0
7241,12,,,,0,0,0,0,0
7241,13,,,,0,0,0,0,0
7241,14,,,,0,0,0,0,0
7241,15,,,,0,0,0,0,0
7242,11,,,,0,0,0,0,0
7242,12,,,,0,0,0,0,0
7242,13,,,,0,0,0,0,0
7242,14,,,,0,0,0,0,0
7242,15,,,,0,0,0,0,0
7243,11,,,,0,0,0,0,0
7243,12,,,,0,0,0,0,0
7243,13,,,,0,0,0,0,0
7243,14,,,,0,0,0,0,0
7243,15,,,,0,0,0,0,0
7244,11,,,,0,0,0,0,0
7244,12,,,,0,0,0,0,0
7244,13,,,,0,0,0,0,0
7244,14,,,,0,0,0,0,0
7244,15,,,,0,0,0,0,0
7245,11,,,,0,0,0,0,0
7245,12,,,,0,0,0,0,0
7245,13,,,,0,0,0,0,0
7245,14,,,,0,0,0,0,0
7245,15,,,,0,0,0,0,0
7246,11,,,,0,0,0,0,0
7246,12,,,,0,0,0,0,0
7246,13,,,,0,0,0,0,0
7246,14,,,,0,0,0,0,0
7246,15,,,,0,0,0,0,0
7247,11,,,,0,0,0,0,0
7247,12,,,,0,0,0,0,0
7247,13,,,,0,0,0,0,0
7247,14,,,,0,0,0,0,0
7247,15,,,,0,0,0,0,0
7248,11,,,,0,0,0,0,0
7248,12,,,,0,0,0,0,0
7248,13,,,,0,0,0,0,0
7248,14,,,,0,0,0,0,0
7248,15,,,,0,0,0,0,0
7249,11,,,,0,0,0,0,0
7249,12,,,,0,0,0,0,0
7249,13,,,,0,0,0,0,0
7249,14,,,,0,0,0,0,0
7249,15,,,,0,0,0,0,0
7250,11,,,,0,0,0,0,0
7250,12,,,,0,0,0,0,0
7250,13,,,,0,0,0,0,0
7250,14,,,,0,0,0,0,0
7250,15,,,,0,0,0,0,0
7251,11,,,,0,0,0,0,0
7251,12,,,,0,0,0,0,0
7251,13,,,,0,0,0,0,0
7251,14,,,,0,0,0,0,0
7251,15,,,,0,0,0,0,0
7252,11,,,,0,0,0,0,0
7252,12,,,,0,0,0,0,0
7252,13,,,,0,0,0,0,0
7252,14,,,,0,0,0,0,0
7252,15,,,,0,0,0,0,0
7253,11,,,,0,0,0,0,0
7253,12,,,,0,0,0,0,0
7253,13,,,,0,0,0,0,0
7253,14,,,,0,0,0,0,0
7253,15,,,,0,0,0,0,0
7254,11,,,,0,0,0,0,0
7254,12,,,,0,0,0,0,0
7254,13,,,,0,0,0,0,0
7254,14,,,,0,0,0,0,0
7254,15,,,,0,0,0,0,0
7255,11,,,,0,0,0,0,0
7255,12,,,,0,0,0,0,0
7255,13,,,,0,0,0,0,0
7255,14,,,,0,0,0,0,0
7255,15,,,,0,0,0,0,0
7256,11,,,,0,0,0,0,0
7256,12,,,,0,0,0,0,0
7256,13,,,,0,0,0,0,0
7256,14,,,,0,0,0,0,0
7256,15,,,,0,0,0,0,0
7257,11,,,,0,0,0,0,0
7257,12,,,,0,0,0,0,0
7257,13,,,,0,0,0,0,0
7257,14,,,,0,0,0,0,0
7257,15,,,,0,0,0,0,0
7258,11,,,,0,0,0,0,0
7258,12,,,,0,0,0,0,0
7258,13,,,,0,0,0,0,0
7258,14,,,,0,0,0,0,0
7258,15,,,,0,0,0,0,0
7259,11,,,,0,0,0,0,0
7259,12,,,,0,0,0,0,0
7259,13,,,,0,0,0,0,0
7259,14,,,,0,0,0,0,0
7259,15,,,,0,0,0,0,0
7260,11,,,,0,0,0,0,0
7260,12,,,,0,0,0,0,0
7260,13,,,,0,0,0,0,0
7260,14,,,,0,0,0,0,0
7260,15,,,,0,0,0,0,0
7261,11,,,,0,0,0,0,0
7261,12,,,,0,0,0,0,0
7261,13,,,,0,0,0,0,0
7261,14,,,,0,0,0,0,0
7261,15,,,,0,0,0,0,0
7262,11,,,,0,0,0,0,0
7262,12,,,,0,0,0,0,0
7262,13,,,,0,0,0,0,0
7262,14,,,,0,0,0,0,0
7262,15,,,,0,0,0,0,0
7263,11,,,,0,0,0,0,0
7263,12,,,,0,0,0,0,0
7263,13,,,,0,0,0,0,0
7263,14,,,,0,0,0,0,0
7263,15,,,,0,0,0,0,0
7264,11,,,,0,0,0,0,0
7264,12,,,,0,0,0,0,0
7264,13,,,,0,0,0,0,0
7264,14,,,,0,0,0,0,0
7264,15,,,,0,0,0,0,0
7265,11,,,,0,0,0,0,0
7265,12,,,,0,0,0,0,0
7265,13,,,,0,0,0,0,0
7265,14,,,,0,0,0,0,0
7265,15,,,,0,0,0,0,0
7266,11,,,,0,0,0,0,0
7266,12,,,,0,0,0,0,0
7266,13,,,,0,0,0,0,0
7266,14,,,,0,0,0,0,0
7266,15,,,,0,0,0,0,0
7267,11,,,,0,0,0,0,0
7267,12,,,,0,0,0,0,0
7267,13,,,,0,0,0,0,0
7267,14,,,,0,0,0,0,0
7267,15,,,,0,0,0,0,0
7268,11,,,,0,0,0,0,0
7268,12,,,,0,0,0,0,0
7268,13,,,,0,0,0,0,0
7268,14,,,,0,0,0,0,0
7268,15,,,,0,0,0,0,0
7269,11,,,,0,0,0,0,0
7269,12,,,,0,0,0,0,0
7269,13,,,,0,0,0,0,0
7269,14,,,,0,0,0,0,0
7269,15,,,,0,0,0,0,0
7270,11,,,,0,0,0,0,0
7270,12,,,,0,0,0,0,0
7270,13,,,,0,0,0,0,0
7270,14,,,,0,0,0,0,0
7270,15,,,,0,0,0,0,0
7271,11,,,,0,0,0,0,0
7271,12,,,,0,0,0,0,0
7271,13,,,,0,0,0,0,0
7271,14,,,,0,0,0,0,0
7271,15,,,,0,0,0,0,0
7272,11,,,,0,0,0,0,0
7272,12,,,,0,0,0,0,0
7272,13,,,,0,0,0,0,0
7272,14,,,,0,0,0,0,0
7272,15,,,,0,0,0,0,0
7273,11,,,,0,0,0,0,0
7273,12,,,,0,0,0,0,0
7273,13,,,,0,0,0,0,0
7273,14,,,,0,0,0,0,0
7273,15,,,,0,0,0,0,0
7274,11,,,,0,0,0,0,0
7274,12,,,,0,0,0,0,0
7274,13,,,,0,0,0,0,0
7274,14,,,,0,0,0,0,0
7274,15,,,,0,0,0,0,0
7275,11,,,,0,0,0,0,0
7275,12,,,,0,0,0,0,0
7275,13,,,,0,0,0,0,0
7275,14,,,,0,0,0,0,0
7275,15,,,,0,0,0,0,0
7276,11,,,,0,0,0,0,0
7276,12,,,,0,0,0,0,0
7276,13,,,,0,0,0,0,0
7276,14,,,,0,0,0,0,0
7276,15,,,,0,0,0,0,0
7277,11,,,,0,0,0,0,0
7277,12,,,,0,0,0,0,0
7277,13,,,,0,0,0,0,0
7277,14,,,,0,0,0,0,0
7277,15,,,,0,0,0,0,0
7278,11,,,,0,0,0,0,0
7278,12,,,,0,0,0,0,0
7278,13,,,,0,0,0,0,0
7278,14,,,,0,0,0,0,0
7278,15,,,,0,0,0,0,0
7279,11,,,,0,0,0,0,0
7279,12,,,,0,0,0,0,0
7279,13,,,,0,0,0,0,0
7279,14,,,,0,0,0,0,0
7279,15,,,,0,0,0,0,0
7280,11,,,,0,0,0,0,0
7280,12,,,,0,0,0,0,0
7280,13,,,,0,0,0,0,0
7280,14,,,,0,0,0,0,0
7280,15,,,,0,0,0,0,0
7281,11,,,,0,0,0,0,0
7281,12,,,,0,0,0,0,0
7281,13,,,,0,0,0,0,0
7281,14,,,,0,0,0,0,0
7281,15,,,,0,0,0,0,0
7282,11,,,,0,0,0,0,0
7282,12,,,,0,0,0,0,0
7282,13,,,,0,0,0,0,0
7282,14,,,,0,0,0,0,0
7282,15,,,,0,0,0,0,0
7283,11,,,,0,0,0,0,0
7283,12,,,,0,0,0,0,0
7283,13,,,,0,0,0,0,0
7283,14,,,,0,0,0,0,0
7283,15,,,,0,0,0,0,0
7284,11,,,,0,0,0,0,0
7284,12,,,,0,0,0,0,0
7284,13,,,,0,0,0,0,0
7284,14,,,,0,0,0,0,0
7284,15,,,,0,0,0,0,0
7285,11,,,,0,0,0,0,0
7285,12,,,,0,0,0,0,0
7285,13,,,,0,0,0,0,0
7285,14,,,,0,0,0,0,0
7285,15,,,,0,0,0,0,0
7286,11,,,,0,0,0,0,0
7286,12,,,,0,0,0,0,0
7286,13,,,,0,0,0,0,0
7286,14,,,,0,0,0,0,0
7286,15,,,,0,0,0,0,0
7287,11,,,,0,0,0,0,0
7287,12,,,,0,0,0,0,0
7287,13,,,,0,0,0,0,0
7287,14,,,,0,0,0,0,0
7287,15,,,,0,0,0,0,0
7288,11,,,,0,0,0,0,0
7288,12,,,,0,0,0,0,0
7288,13,,,,0,0,0,0,0
7288,14,,,,0,0,0,0,0
7288,15,,,,0,0,0,0,0
7289,11,,,,0,0,0,0,0
7289,12,,,,0,0,0,0,0
7289,13,,,,0,0,0,0,0
7289,14,,,,0,0,0,0,0
7289,15,,,,0,0,0,0,0
7290,11,,,,0,0,0,0,0
7290,12,,,,0,0,0,0,0
7290,13,,,,0,0,0,0,0
7290,14,,,,0,0,0,0,0
7290,15,,,,0,0,0,0,0
7291,11,,,,0,0,0,0,0
7291,12,,,,0,0,0,0,0
7291,13,,,,0,0,0,0,0
7291,14,,,,0,0,0,0,0
7291,15,,,,0,0,0,0,0
7292,11,,,,0,0,0,0,0
7292,12,,,,0,0,0,0,0
7292,13,,,,0,0,0,0,0
7292,14,,,,0,0,0,0,0
7292,15,,,,0,0,0,0,0
7293,11,,,,0,0,0,0,0
7293,12,,,,0,0,0,0,0
7293,13,,,,0,0,0,0,0
7293,14,,,,0,0,0,0,0
7293,15,,,,0,0,0,0,0
7294,11,,,,0,0,0,0,0
7294,12,,,,0,0,0,0,0
7294,13,,,,0,0,0,0,0
7294,14,,,,0,0,0,0,0
7294,15,,,,0,0,0,0,0
7295,11,,,,0,0,0,0,0
7295,12,,,,0,0,0,0,0
7295,13,,,,0,0,0,0,0
7295,14,,,,0,0,0,0,0
7295,15,,,,0,0,0,0,0
7296,11,,,,0,0,0,0,0
7296,12,,,,0,0,0,0,0
7296,13,,,,0,0,0,0,0
7296,14,,,,0,0,0,0,0
7296,15,,,,0,0,0,0,0
7297,11,,,,0,0,0,0,0
7297,12,,,,0,0,0,0,0
7297,13,,,,0,0,0,0,0
7297,14,,,,0,0,0,0,0
7297,15,,,,0,0,0,0,0
7298,11,,,,0,0,0,0,0
7298,12,,,,0,0,0,0,0
7298,13,,,,0,0,0,0,0
7298,14,,,,0,0,0,0,0
7298,15,,,,0,0,0,0,0
7299,11,,,,0,0,0,0,0
7299,12,,,,0,0,0,0,0
7299,13,,,,0,0,0,0,0
7299,14,,,,0,0,0,0,0
7299,15,,,,0,0,0,0,0
7300,11,,,,0,0,0,0,0
7300,12,,,,0,0,0,0,0
7300,13,,,,0,0,0,0,0
7300,14,,,,0,0,0,0,0
7300,15,,,,0,0,0,0,0
7301,11,,,,0,0,0,0,0
7301,12,,,,0,0,0,0,0
7301,13,,,,0,0,0,0,0
7301,14,,,,0,0,0,0,0
7301,15,,,,0,0,0,0,0
7302,11,,,,0,0,0,0,0
7302,12,,,,0,0,0,0,0
7302,13,,,,0,0,0,0,0
7302,14,,,,0,0,0,0,0
7302,15,,,,0,0,0,0,0
7303,11,,,,0,0,0,0,0
7303,12,,,,0,0,0,0,0
7303,13,,,,0,0,0,0,0
7303,14,,,,0,0,0,0,0
7303,15,,,,0,0,0,0,0
7304,11,,,,0,0,0,0,0
7304,12,,,,0,0,0,0,0
7304,13,,,,0,0,0,0,0
7304,14,,,,0,0,0,0,0
7304,15,,,,0,0,0,0,0
7305,11,,,,0,0,0,0,0
7305,12,,,,0,0,0,0,0
7305,13,,,,0,0,0,0,0
7305,14,,,,0,0,0,0,0
7305,15,,,,0,0,0,0,0
7306,11,,,,0,0,0,0,0
7306,12,,,,0,0,0,0,0
7306,13,,,,0,0,0,0,0
7306,14,,,,0,0,0,0,0
7306,15,,,,0,0,0,0,0
7307,11,,,,0,0,0,0,0
7307,12,,,,0,0,0,0,0
7307,13,,,,0,0,0,0,0
7307,14,,,,0,0,0,0,0
7307,15,,,,0,0,0,0,0
7308,11,,,,0,0,0,0,0
7308,12,,,,0,0,0,0,0
7308,13,,,,0,0,0,0,0
7308,14,,,,0,0,0,0,0
7308,15,,,,0,0,0,0,0
7309,11,,,,0,0,0,0,0
7309,12,,,,0,0,0,0,0
7309,13,,,,0,0,0,0,0
7309,14,,,,0,0,0,0,0
7309,15,,,,0,0,0,0,0
7310,11,,,,0,0,0,0,0
7310,12,,,,0,0,0,0,0
7310,13,,,,0,0,0,0,0
7310,14,,,,0,0,0,0,0
7310,15,,,,0,0,0,0,0
7311,11,,,,0,0,0,0,0
7311,12,,,,0,0,0,0,0
7311,13,,,,0,0,0,0,0
7311,14,,,,0,0,0,0,0
7311,15,,,,0,0,0,0,0
7312,11,,,,0,0,0,0,0
7312,12,,,,0,0,0,0,0
7312,13,,,,0,0,0,0,0
7312,14,,,,0,0,0,0,0
7312,15,,,,0,0,0,0,0
7313,11,,,,0,0,0,0,0
7313,12,,,,0,0,0,0,0
7313,13,,,,0,0,0,0,0
7313,14,,,,0,0,0,0,0
7313,15,,,,0,0,0,0,0
7314,11,,,,0,0,0,0,0
7314,12,,,,0,0,0,0,0
7314,13,,,,0,0,0,0,0
7314,14,,,,0,0,0,0,0
7314,15,,,,0,0,0,0,0
7315,11,,,,0,0,0,0,0
7315,12,,,,0,0,0,0,0
7315,13,,,,0,0,0,0,0
7315,14,,,,0,0,0,0,0
7315,15,,,,0,0,0,0,0
7316,11,,,,0,0,0,0,0
7316,12,,,,0,0,0,0,0
7316,13,,,,0,0,0,0,0
7316,14,,,,0,0,0,0,0
7316,15,,,,0,0,0,0,0
7317,11,,,,0,0,0,0,0
7317,12,,,,0,0,0,0,0
7317,13,,,,0,0,0,0,0
7317,14,,,,0,0,0,0,0
7317,15,,,,0,0,0,0,0
7318,11,,,,0,0,0,0,0
7318,12,,,,0,0,0,0,0
7318,13,,,,0,0,0,0,0
7318,14,,,,0,0,0,0,0
7318,15,,,,0,0,0,0,0
7319,11,,,,0,0,0,0,0
7319,12,,,,0,0,0,0,0
7319,13,,,,0,0,0,0,0
7319,14,,,,0,0,0,0,0
7319,15,,,,0,0,0,0,0
7320,11,,,,0,0,0,0,0
7320,12,,,,0,0,0,0,0
7320,13,,,,0,0,0,0,0
7320,14,,,,0,0,0,0,0
7320,15,,,,0,0,0,0,0
7321,11,,,,0,0,0,0,0
7321,12,,,,0,0,0,0,0
7321,13,,,,0,0,0,0,0
7321,14,,,,0,0,0,0,0
7321,15,,,,0,0,0,0,0
7322,11,,,,0,0,0,0,0
7322,12,,,,0,0,0,0,0
7322,13,,,,0,0,0,0,0
7322,14,,,,0,0,0,0,0
7322,15,,,,0,0,0,0,0
7323,11,,,,0,0,0,0,0
7323,12,,,,0,0,0,0,0
7323,13,,,,0,0,0,0,0
7323,14,,,,0,0,0,0,0
7323,15,,,,0,0,0,0,0
7324,11,,,,0,0,0,0,0
7324,12,,,,0,0,0,0,0
7324,13,,,,0,0,0,0,0
7324,14,,,,0,0,0,0,0
7324,15,,,,0,0,0,0,0
7325,11,,,,0,0,0,0,0
7325,12,,,,0,0,0,0,0
7325,13,,,,0,0,0,0,0
7325,14,,,,0,0,0,0,0
7325,15,,,,0,0,0,0,0
7326,11,,,,0,0,0,0,0
7326,12,,,,0,0,0,0,0
7326,13,,,,0,0,0,0,0
7326,14,,,,0,0,0,0,0
7326,15,,,,0,0,0,0,0
7327,11,,,,0,0,0,0,0
7327,12,,,,0,0,0,0,0
7327,13,,,,0,0,0,0,0
7327,14,,,,0,0,0,0,0
7327,15,,,,0,0,0,0,0
7328,11,,,,0,0,0,0,0
7328,12,,,,0,0,0,0,0
7328,13,,,,0,0,0,0,0
7328,14,,,,0,0,0,0,0
7328,15,,,,0,0,0,0,0
7329,11,,,,0,0,0,0,0
7329,12,,,,0,0,0,0,0
7329,13,,,,0,0,0,0,0
7329,14,,,,0,0,0,0,0
7329,15,,,,0,0,0,0,0
7330,11,,,,0,0,0,0,0
7330,12,,,,0,0,0,0,0
7330,13,,,,0,0,0,0,0
7330,14,,,,0,0,0,0,0
7330,15,,,,0,0,0,0,0
7331,11,,,,0,0,0,0,0
7331,12,,,,0,0,0,0,0
7331,13,,,,0,0,0,0,0
7331,14,,,,0,0,0,0,0
7331,15,,,,0,0,0,0,0
7332,11,,,,0,0,0,0,0
7332,12,,,,0,0,0,0,0
7332,13,,,,0,0,0,0,0
7332,14,,,,0,0,0,0,0
7332,15,,,,0,0,0,0,0
7333,11,,,,0,0,0,0,0
7333,12,,,,0,0,0,0,0
7333,13,,,,0,0,0,0,0
7333,14,,,,0,0,0,0,0
7333,15,,,,0,0,0,0,0
7334,11,,,,0,0,0,0,0
7334,12,,,,0,0,0,0,0
7334,13,,,,0,0,0,0,0
7334,14,,,,0,0,0,0,0
7334,15,,,,0,0,0,0,0
7335,11,,,,0,0,0,0,0
7335,12,,,,0,0,0,0,0
7335,13,,,,0,0,0,0,0
7335,14,,,,0,0,0,0,0
7335,15,,,,0,0,0,0,0
7336,11,,,,0,0,0,0,0
7336,12,,,,0,0,0,0,0
7336,13,,,,0,0,0,0,0
7336,14,,,,0,0,0,0,0
7336,15,,,,0,0,0,0,0
7337,11,,,,0,0,0,0,0
7337,12,,,,0,0,0,0,0
7337,13,,,,0,0,0,0,0
7337,14,,,,0,0,0,0,0
7337,15,,,,0,0,0,0,0
7338,11,,,,0,0,0,0,0
7338,12,,,,0,0,0,0,0
7338,13,,,,0,0,0,0,0
7338,14,,,,0,0,0,0,0
7338,15,,,,0,0,0,0,0
7339,11,,,,0,0,0,0,0
7339,12,,,,0,0,0,0,0
7339,13,,,,0,0,0,0,0
7339,14,,,,0,0,0,0,0
7339,15,,,,0,0,0,0,0
7340,11,,,,0,0,0,0,0
7340,12,,,,0,0,0,0,0
7340,13,,,,0,0,0,0,0
7340,14,,,,0,0,0,0,0
7340,15,,,,0,0,0,0,0
7341,11,,,,0,0,0,0,0
7341,12,,,,0,0,0,0,0
7341,13,,,,0,0,0,0,0
7341,14,,,,0,0,0,0,0
7341,15,,,,0,0,0,0,0
7342,11,,,,0,0,0,0,0
7342,12,,,,0,0,0,0,0
7342,13,,,,0,0,0,0,0
7342,14,,,,0,0,0,0,0
7342,15,,,,0,0,0,0,0
7343,11,,,,0,0,0,0,0
7343,12,,,,0,0,0,0,0
7343,13,,,,0,0,0,0,0
7343,14,,,,0,0,0,0,0
7343,15,,,,0,0,0,0,0
7344,11,,,,0,0,0,0,0
7344,12,,,,0,0,0,0,0
7344,13,,,,0,0,0,0,0
7344,14,,,,0,0,0,0,0
7344,15,,,,0,0,0,0,0
7345,11,,,,0,0,0,0,0
7345,12,,,,0,0,0,0,0
7345,13,,,,0,0,0,0,0
7345,14,,,,0,0,0,0,0
7345,15,,,,0,0,0,0,0
7346,11,,,,0,0,0,0,0
7346,12,,,,0,0,0,0,0
7346,13,,,,0,0,0,0,0
7346,14,,,,0,0,0,0,0
7346,15,,,,0,0,0,0,0
7347,11,,,,0,0,0,0,0
7347,12,,,,0,0,0,0,0
7347,13,,,,0,0,0,0,0
7347,14,,,,0,0,0,0,0
7347,15,,,,0,0,0,0,0
7348,11,,,,0,0,0,0,0
7348,12,,,,0,0,0,0,0
7348,13,,,,0,0,0,0,0
7348,14,,,,0,0,0,0,0
7348,15,,,,0,0,0,0,0
7349,11,,,,0,0,0,0,0
7349,12,,,,0,0,0,0,0
7349,13,,,,0,0,0,0,0
7349,14,,,,0,0,0,0,0
7349,15,,,,0,0,0,0,0
7350,11,,,,0,0,0,0,0
7350,12,,,,0,0,0,0,0
7350,13,,,,0,0,0,0,0
7350,14,,,,0,0,0,0,0
7350,15,,,,0,0,0,0,0
7351,11,,,,0,0,0,0,0
7351,12,,,,0,0,0,0,0
7351,13,,,,0,0,0,0,0
7351,14,,,,0,0,0,0,0
7351,15,,,,0,0,0,0,0
7352,11,,,,0,0,0,0,0
7352,12,,,,0,0,0,0,0
7352,13,,,,0,0,0,0,0
7352,14,,,,0,0,0,0,0
7352,15,,,,0,0,0,0,0
7353,11,,,,0,0,0,0,0
7353,12,,,,0,0,0,0,0
7353,13,,,,0,0,0,0,0
7353,14,,,,0,0,0,0,0
7353,15,,,,0,0,0,0,0
7354,11,,,,0,0,0,0,0
7354,12,,,,0,0,0,0,0
7354,13,,,,0,0,0,0,0
7354,14,,,,0,0,0,0,0
7354,15,,,,0,0,0,0,0
7355,11,,,,0,0,0,0,0
7355,12,,,,0,0,0,0,0
7355,13,,,,0,0,0,0,0
7355,14,,,,0,0,0,0,0
7355,15,,,,0,0,0,0,0
7356,11,,,,0,0,0,0,0
7356,12,,,,0,0,0,0,0
7356,13,,,,0,0,0,0,0
7356,14,,,,0,0,0,0,0
7356,15,,,,0,0,0,0,0
7357,11,,,,0,0,0,0,0
7357,12,,,,0,0,0,0,0
7357,13,,,,0,0,0,0,0
7357,14,,,,0,0,0,0,0
7357,15,,,,0,0,0,0,0
7358,11,,,,0,0,0,0,0
7358,12,,,,0,0,0,0,0
7358,13,,,,0,0,0,0,0
7358,14,,,,0,0,0,0,0
7358,15,,,,0,0,0,0,0
7359,11,,,,0,0,0,0,0
7359,12,,,,0,0,0,0,0
7359,13,,,,0,0,0,0,0
7359,14,,,,0,0,0,0,0
7359,15,,,,0,0,0,0,0
7360,11,,,,0,0,0,0,0
7360,12,,,,0,0,0,0,0
7360,13,,,,0,0,0,0,0
7360,14,,,,0,0,0,0,0
7360,15,,,,0,0,0,0,0
7361,11,,,,0,0,0,0,0
7361,12,,,,0,0,0,0,0
7361,13,,,,0,0,0,0,0
7361,14,,,,0,0,0,0,0
7361,15,,,,0,0,0,0,0
7362,11,,,,0,0,0,0,0
7362,12,,,,0,0,0,0,0
7362,13,,,,0,0,0,0,0
7362,14,,,,0,0,0,0,0
7362,15,,,,0,0,0,0,0
7363,11,,,,0,0,0,0,0
7363,12,,,,0,0,0,0,0
7363,13,,,,0,0,0,0,0
7363,14,,,,0,0,0,0,0
7363,15,,,,0,0,0,0,0
7364,11,,,,0,0,0,0,0
7364,12,,,,0,0,0,0,0
7364,13,,,,0,0,0,0,0
7364,14,,,,0,0,0,0,0
7364,15,,,,0,0,0,0,0
7365,11,,,,0,0,0,0,0
7365,12,,,,0,0,0,0,0
7365,13,,,,0,0,0,0,0
7365,14,,,,0,0,0,0,0
7365,15,,,,0,0,0,0,0
7366,11,,,,0,0,0,0,0
7366,12,,,,0,0,0,0,0
7366,13,,,,0,0,0,0,0
7366,14,,,,0,0,0,0,0
7366,15,,,,0,0,0,0,0
7367,11,,,,0,0,0,0,0
7367,12,,,,0,0,0,0,0
7367,13,,,,0,0,0,0,0
7367,14,,,,0,0,0,0,0
7367,15,,,,0,0,0,0,0
7368,11,,,,0,0,0,0,0
7368,12,,,,0,0,0,0,0
7368,13,,,,0,0,0,0,0
7368,14,,,,0,0,0,0,0
7368,15,,,,0,0,0,0,0
7369,11,,,,0,0,0,0,0
7369,12,,,,0,0,0,0,0
7369,13,,,,0,0,0,0,0
7369,14,,,,0,0,0,0,0
7369,15,,,,0,0,0,0,0
7370,11,,,,0,0,0,0,0
7370,12,,,,0,0,0,0,0
7370,13,,,,0,0,0,0,0
7370,14,,,,0,0,0,0,0
7370,15,,,,0,0,0,0,0
7371,11,,,,0,0,0,0,0
7371,12,,,,0,0,0,0,0
7371,13,,,,0,0,0,0,0
7371,14,,,,0,0,0,0,0
7371,15,,,,0,0,0,0,0
7372,11,,,,0,0,0,0,0
7372,12,,,,0,0,0,0,0
7372,13,,,,0,0,0,0,0
7372,14,,,,0,0,0,0,0
7372,15,,,,0,0,0,0,0
7373,11,,,,0,0,0,0,0
7373,12,,,,0,0,0,0,0
7373,13,,,,0,0,0,0,0
7373,14,,,,0,0,0,0,0
7373,15,,,,0,0,0,0,0
7374,11,,,,0,0,0,0,0
7374,12,,,,0,0,0,0,0
7374,13,,,,0,0,0,0,0
7374,14,,,,0,0,0,0,0
7374,15,,,,0,0,0,0,0
7375,11,,,,0,0,0,0,0
7375,12,,,,0,0,0,0,0
7375,13,,,,0,0,0,0,0
7375,14,,,,0,0,0,0,0
7375,15,,,,0,0,0,0,0
7376,11,,,,0,0,0,0,0
7376,12,,,,0,0,0,0,0
7376,13,,,,0,0,0,0,0
7376,14,,,,0,0,0,0,0
7376,15,,,,0,0,0,0,0
7377,11,,,,0,0,0,0,0
7377,12,,,,0,0,0,0,0
7377,13,,,,0,0,0,0,0
7377,14,,,,0,0,0,0,0
7377,15,,,,0,0,0,0,0
7378,11,,,,0,0,0,0,0
7378,12,,,,0,0,0,0,0
7378,13,,,,0,0,0,0,0
7378,14,,,,0,0,0,0,0
7378,15,,,,0,0,0,0,0
7379,11,,,,0,0,0,0,0
7379,12,,,,0,0,0,0,0
7379,13,,,,0,0,0,0,0
7379,14,,,,0,0,0,0,0
7379,15,,,,0,0,0,0,0
7380,11,,,,0,0,0,0,0
7380,12,,,,0,0,0,0,0
7380,13,,,,0,0,0,0,0
7380,14,,,,0,0,0,0,0
7380,15,,,,0,0,0,0,0
7381,11,,,,0,0,0,0,0
7381,12,,,,0,0,0,0,0
7381,13,,,,0,0,0,0,0
7381,14,,,,0,0,0,0,0
7381,15,,,,0,0,0,0,0
7382,11,,,,0,0,0,0,0
7382,12,,,,0,0,0,0,0
7382,13,,,,0,0,0,0,0
7382,14,,,,0,0,0,0,0
7382,15,,,,0,0,0,0,0
7383,11,,,,0,0,0,0,0
7383,12,,,,0,0,0,0,0
7383,13,,,,0,0,0,0,0
7383,14,,,,0,0,0,0,0
7383,15,,,,0,0,0,0,0
7384,11,,,,0,0,0,0,0
7384,12,,,,0,0,0,0,0
7384,13,,,,0,0,0,0,0
7384,14,,,,0,0,0,0,0
7384,15,,,,0,0,0,0,0
7385,11,,,,0,0,0,0,0
7385,12,,,,0,0,0,0,0
7385,13,,,,0,0,0,0,0
7385,14,,,,0,0,0,0,0
7385,15,,,,0,0,0,0,0
7386,11,,,,0,0,0,0,0
7386,12,,,,0,0,0,0,0
7386,13,,,,0,0,0,0,0
7386,14,,,,0,0,0,0,0
7386,15,,,,0,0,0,0,0
7387,11,,,,0,0,0,0,0
7387,12,,,,0,0,0,0,0
7387,13,,,,0,0,0,0,0
7387,14,,,,0,0,0,0,0
7387,15,,,,0,0,0,0,0
7388,11,,,,0,0,0,0,0
7388,12,,,,0,0,0,0,0
7388,13,,,,0,0,0,0,0
7388,14,,,,0,0,0,0,0
7388,15,,,,0,0,0,0,0
7389,11,,,,0,0,0,0,0
7389,12,,,,0,0,0,0,0
7389,13,,,,0,0,0,0,0
7389,14,,,,0,0,0,0,0
7389,15,,,,0,0,0,0,0
7390,11,,,,0,0,0,0,0
7390,12,,,,0,0,0,0,0
7390,13,,,,0,0,0,0,0
7390,14,,,,0,0,0,0,0
7390,15,,,,0,0,0,0,0
7391,11,,,,0,0,0,0,0
7391,12,,,,0,0,0,0,0
7391,13,,,,0,0,0,0,0
7391,14,,,,0,0,0,0,0
7391,15,,,,0,0,0,0,0
7392,11,,,,0,0,0,0,0
7392,12,,,,0,0,0,0,0
7392,13,,,,0,0,0,0,0
7392,14,,,,0,0,0,0,0
7392,15,,,,0,0,0,0,0
7393,11,,,,0,0,0,0,0
7393,12,,,,0,0,0,0,0
7393,13,,,,0,0,0,0,0
7393,14,,,,0,0,0,0,0
7393,15,,,,0,0,0,0,0
7394,11,,,,0,0,0,0,0
7394,12,,,,0,0,0,0,0
7394,13,,,,0,0,0,0,0
7394,14,,,,0,0,0,0,0
7394,15,,,,0,0,0,0,0
7395,11,,,,0,0,0,0,0
7395,12,,,,0,0,0,0,0
7395,13,,,,0,0,0,0,0
7395,14,,,,0,0,0,0,0
7395,15,,,,0,0,0,0,0
7396,11,,,,0,0,0,0,0
7396,12,,,,0,0,0,0,0
7396,13,,,,0,0,0,0,0
7396,14,,,,0,0,0,0,0
7396,15,,,,0,0,0,0,0
7397,11,,,,0,0,0,0,0
7397,12,,,,0,0,0,0,0
7397,13,,,,0,0,0,0,0
7397,14,,,,0,0,0,0,0
7397,15,,,,0,0,0,0,0
7398,11,,,,0,0,0,0,0
7398,12,,,,0,0,0,0,0
7398,13,,,,0,0,0,0,0
7398,14,,,,0,0,0,0,0
7398,15,,,,0,0,0,0,0
7399,11,,,,0,0,0,0,0
7399,12,,,,0,0,0,0,0
7399,13,,,,0,0,0,0,0
7399,14,,,,0,0,0,0,0
7399,15,,,,0,0,0,0,0
7400,11,,,,0,0,0,0,0
7400,12,,,,0,0,0,0,0
7400,13,,,,0,0,0,0,0
7400,14,,,,0,0,0,0,0
7400,15,,,,0,0,0,0,0
7401,11,,,,0,0,0,0,0
7401,12,,,,0,0,0,0,0
7401,13,,,,0,0,0,0,0
7401,14,,,,0,0,0,0,0
7401,15,,,,0,0,0,0,0
7402,11,,,,0,0,0,0,0
7402,12,,,,0,0,0,0,0
7402,13,,,,0,0,0,0,0
7402,14,,,,0,0,0,0,0
7402,15,,,,0,0,0,0,0
7403,11,,,,0,0,0,0,0
7403,12,,,,0,0,0,0,0
7403,13,,,,0,0,0,0,0
7403,14,,,,0,0,0,0,0
7403,15,,,,0,0,0,0,0
7404,11,,,,0,0,0,0,0
7404,12,,,,0,0,0,0,0
7404,13,,,,0,0,0,0,0
7404,14,,,,0,0,0,0,0
7404,15,,,,0,0,0,0,0
7405,11,,,,0,0,0,0,0
7405,12,,,,0,0,0,0,0
7405,13,,,,0,0,0,0,0
7405,14,,,,0,0,0,0,0
7405,15,,,,0,0,0,0,0
7406,11,,,,0,0,0,0,0
7406,12,,,,0,0,0,0,0
7406,13,,,,0,0,0,0,0
7406,14,,,,0,0,0,0,0
7406,15,,,,0,0,0,0,0
7407,11,,,,0,0,0,0,0
7407,12,,,,0,0,0,0,0
7407,13,,,,0,0,0,0,0
7407,14,,,,0,0,0,0,0
7407,15,,,,0,0,0,0,0
7408,11,,,,0,0,0,0,0
7408,12,,,,0,0,0,0,0
7408,13,,,,0,0,0,0,0
7408,14,,,,0,0,0,0,0
7408,15,,,,0,0,0,0,0
7409,11,,,,0,0,0,0,0
7409,12,,,,0,0,0,0,0
7409,13,,,,0,0,0,0,0
7409,14,,,,0,0,0,0,0
7409,15,,,,0,0,0,0,0
7410,11,,,,0,0,0,0,0
7410,12,,,,0,0,0,0,0
7410,13,,,,0,0,0,0,0
7410,14,,,,0,0,0,0,0
7410,15,,,,0,0,0,0,0
7411,11,,,,0,0,0,0,0
7411,12,,,,0,0,0,0,0
7411,13,,,,0,0,0,0,0
7411,14,,,,0,0,0,0,0
7411,15,,,,0,0,0,0,0
7412,11,,,,0,0,0,0,0
7412,12,,,,0,0,0,0,0
7412,13,,,,0,0,0,0,0
7412,14,,,,0,0,0,0,0
7412,15,,,,0,0,0,0,0
7413,11,,,,0,0,0,0,0
7413,12,,,,0,0,0,0,0
7413,13,,,,0,0,0,0,0
7413,14,,,,0,0,0,0,0
7413,15,,,,0,0,0,0,0
7414,11,,,,0,0,0,0,0
7414,12,,,,0,0,0,0,0
7414,13,,,,0,0,0,0,0
7414,14,,,,0,0,0,0,0
7414,15,,,,0,0,0,0,0
7415,11,,,,0,0,0,0,0
7415,12,,,,0,0,0,0,0
7415,13,,,,0,0,0,0,0
7415,14,,,,0,0,0,0,0
7415,15,,,,0,0,0,0,0
7416,11,,,,0,0,0,0,0
7416,12,,,,0,0,0,0,0
7416,13,,,,0,0,0,0,0
7416,14,,,,0,0,0,0,0
7416,15,,,,0,0,0,0,0
7417,11,,,,0,0,0,0,0
7417,12,,,,0,0,0,0,0
7417,13,,,,0,0,0,0,0
7417,14,,,,0,0,0,0,0
7417,15,,,,0,0,0,0,0
7418,11,,,,0,0,0,0,0
7418,12,,,,0,0,0,0,0
7418,13,,,,0,0,0,0,0
7418,14,,,,0,0,0,0,0
7418,15,,,,0,0,0,0,0
7419,11,,,,0,0,0,0,0
7419,12,,,,0,0,0,0,0
7419,13,,,,0,0,0,0,0
7419,14,,,,0,0,0,0,0
7419,15,,,,0,0,0,0,0
7420,11,,,,0,0,0,0,0
7420,12,,,,0,0,0,0,0
7420,13,,,,0,0,0,0,0
7420,14,,,,0,0,0,0,0
7420,15,,,,0,0,0,0,0
7421,11,,,,0,0,0,0,0
7421,12,,,,0,0,0,0,0
7421,13,,,,0,0,0,0,0
7421,14,,,,0,0,0,0,0
7421,15,,,,0,0,0,0,0
7422,11,,,,0,0,0,0,0
7422,12,,,,0,0,0,0,0
7422,13,,,,0,0,0,0,0
7422,14,,,,0,0,0,0,0
7422,15,,,,0,0,0,0,0
7423,11,,,,0,0,0,0,0
7423,12,,,,0,0,0,0,0
7423,13,,,,0,0,0,0,0
7423,14,,,,0,0,0,0,0
7423,15,,,,0,0,0,0,0
7424,11,,,,0,0,0,0,0
7424,12,,,,0,0,0,0,0
7424,13,,,,0,0,0,0,0
7424,14,,,,0,0,0,0,0
7424,15,,,,0,0,0,0,0
7425,11,,,,0,0,0,0,0
7425,12,,,,0,0,0,0,0
7425,13,,,,0,0,0,0,0
7425,14,,,,0,0,0,0,0
7425,15,,,,0,0,0,0,0
7426,11,,,,0,0,0,0,0
7426,12,,,,0,0,0,0,0
7426,13,,,,0,0,0,0,0
7426,14,,,,0,0,0,0,0
7426,15,,,,0,0,0,0,0
7427,11,,,,0,0,0,0,0
7427,12,,,,0,0,0,0,0
7427,13,,,,0,0,0,0,0
7427,14,,,,0,0,0,0,0
7427,15,,,,0,0,0,0,0
7428,11,,,,0,0,0,0,0
7428,12,,,,0,0,0,0,0
7428,13,,,,0,0,0,0,0
7428,14,,,,0,0,0,0,0
7428,15,,,,0,0,0,0,0
7429,11,,,,0,0,0,0,0
7429,12,,,,0,0,0,0,0
7429,13,,,,0,0,0,0,0
7429,14,,,,0,0,0,0,0
7429,15,,,,0,0,0,0,0
7430,11,,,,0,0,0,0,0
7430,12,,,,0,0,0,0,0
7430,13,,,,0,0,0,0,0
7430,14,,,,0,0,0,0,0
7430,15,,,,0,0,0,0,0
7431,11,,,,0,0,0,0,0
7431,12,,,,0,0,0,0,0
7431,13,,,,0,0,0,0,0
7431,14,,,,0,0,0,0,0
7431,15,,,,0,0,0,0,0
7432,11,,,,0,0,0,0,0
7432,12,,,,0,0,0,0,0
7432,13,,,,0,0,0,0,0
7432,14,,,,0,0,0,0,0
7432,15,,,,0,0,0,0,0
7433,11,,,,0,0,0,0,0
7433,12,,,,0,0,0,0,0
7433,13,,,,0,0,0,0,0
7433,14,,,,0,0,0,0,0
7433,15,,,,0,0,0,0,0
7434,11,,,,0,0,0,0,0
7434,12,,,,0,0,0,0,0
7434,13,,,,0,0,0,0,0
7434,14,,,,0,0,0,0,0
7434,15,,,,0,0,0,0,0
7435,11,,,,0,0,0,0,0
7435,12,,,,0,0,0,0,0
7435,13,,,,0,0,0,0,0
7435,14,,,,0,0,0,0,0
7435,15,,,,0,0,0,0,0
7436,11,,,,0,0,0,0,0
7436,12,,,,0,0,0,0,0
7436,13,,,,0,0,0,0,0
7436,14,,,,0,0,0,0,0
7436,15,,,,0,0,0,0,0
7437,11,,,,0,0,0,0,0
7437,12,,,,0,0,0,0,0
7437,13,,,,0,0,0,0,0
7437,14,,,,0,0,0,0,0
7437,15,,,,0,0,0,0,0
7438,11,,,,0,0,0,0,0
7438,12,,,,0,0,0,0,0
7438,13,,,,0,0,0,0,0
7438,14,,,,0,0,0,0,0
7438,15,,,,0,0,0,0,0
7439,11,,,,0,0,0,0,0
7439,12,,,,0,0,0,0,0
7439,13,,,,0,0,0,0,0
7439,14,,,,0,0,0,0,0
7439,15,,,,0,0,0,0,0
7440,11,,,,0,0,0,0,0
7440,12,,,,0,0,0,0,0
7440,13,,,,0,0,0,0,0
7440,14,,,,0,0,0,0,0
7440,15,,,,0,0,0,0,0
7441,11,,,,0,0,0,0,0
7441,12,,,,0,0,0,0,0
7441,13,,,,0,0,0,0,0
7441,14,,,,0,0,0,0,0
7441,15,,,,0,0,0,0,0
7442,11,,,,0,0,0,0,0
7442,12,,,,0,0,0,0,0
7442,13,,,,0,0,0,0,0
7442,14,,,,0,0,0,0,0
7442,15,,,,0,0,0,0,0
7443,11,,,,0,0,0,0,0
7443,12,,,,0,0,0,0,0
7443,13,,,,0,0,0,0,0
7443,14,,,,0,0,0,0,0
7443,15,,,,0,0,0,0,0
7444,11,,,,0,0,0,0,0
7444,12,,,,0,0,0,0,0
7444,13,,,,0,0,0,0,0
7444,14,,,,0,0,0,0,0
7444,15,,,,0,0,0,0,0
7445,11,,,,0,0,0,0,0
7445,12,,,,0,0,0,0,0
7445,13,,,,0,0,0,0,0
7445,14,,,,0,0,0,0,0
7445,15,,,,0,0,0,0,0
7446,11,,,,0,0,0,0,0
7446,12,,,,0,0,0,0,0
7446,13,,,,0,0,0,0,0
7446,14,,,,0,0,0,0,0
7446,15,,,,0,0,0,0,0
7447,11,,,,0,0,0,0,0
7447,12,,,,0,0,0,0,0
7447,13,,,,0,0,0,0,0
7447,14,,,,0,0,0,0,0
7447,15,,,,0,0,0,0,0
7448,11,,,,0,0,0,0,0
7448,12,,,,0,0,0,0,0
7448,13,,,,0,0,0,0,0
7448,14,,,,0,0,0,0,0
7448,15,,,,0,0,0,0,0
7449,11,,,,0,0,0,0,0
7449,12,,,,0,0,0,0,0
7449,13,,,,0,0,0,0,0
7449,14,,,,0,0,0,0,0
7449,15,,,,0,0,0,0,0
7450,11,,,,0,0,0,0,0
7450,12,,,,0,0,0,0,0
7450,13,,,,0,0,0,0,0
7450,14,,,,0,0,0,0,0
7450,15,,,,0,0,0,0,0
7451,11,,,,0,0,0,0,0
7451,12,,,,0,0,0,0,0
7451,13,,,,0,0,0,0,0
7451,14,,,,0,0,0,0,0
7451,15,,,,0,0,0,0,0
7452,11,,,,0,0,0,0,0
7452,12,,,,0,0,0,0,0
7452,13,,,,0,0,0,0,0
7452,14,,,,0,0,0,0,0
7452,15,,,,0,0,0,0,0
7453,11,,,,0,0,0,0,0
7453,12,,,,0,0,0,0,0
7453,13,,,,0,0,0,0,0
7453,14,,,,0,0,0,0,0
7453,15,,,,0,0,0,0,0
7454,11,,,,0,0,0,0,0
7454,12,,,,0,0,0,0,0
7454,13,,,,0,0,0,0,0
7454,14,,,,0,0,0,0,0
7454,15,,,,0,0,0,0,0
7455,11,,,,0,0,0,0,0
7455,12,,,,0,0,0,0,0
7455,13,,,,0,0,0,0,0
7455,14,,,,0,0,0,0,0
7455,15,,,,0,0,0,0,0
7456,11,,,,0,0,0,0,0
7456,12,,,,0,0,0,0,0
7456,13,,,,0,0,0,0,0
7456,14,,,,0,0,0,0,0
7456,15,,,,0,0,0,0,0
7457,11,,,,0,0,0,0,0
7457,12,,,,0,0,0,0,0
7457,13,,,,0,0,0,0,0
7457,14,,,,0,0,0,0,0
7457,15,,,,0,0,0,0,0
7458,11,,,,0,0,0,0,0
7458,12,,,,0,0,0,0,0
7458,13,,,,0,0,0,0,0
7458,14,,,,0,0,0,0,0
7458,15,,,,0,0,0,0,0
7459,11,,,,0,0,0,0,0
7459,12,,,,0,0,0,0,0
7459,13,,,,0,0,0,0,0
7459,14,,,,0,0,0,0,0
7459,15,,,,0,0,0,0,0
7460,11,,,,0,0,0,0,0
7460,12,,,,0,0,0,0,0
7460,13,,,,0,0,0,0,0
7460,14,,,,0,0,0,0,0
7460,15,,,,0,0,0,0,0
7461,11,,,,0,0,0,0,0
7461,12,,,,0,0,0,0,0
7461,13,,,,0,0,0,0,0
7461,14,,,,0,0,0,0,0
7461,15,,,,0,0,0,0,0
7462,11,,,,0,0,0,0,0
7462,12,,,,0,0,0,0,0
7462,13,,,,0,0,0,0,0
7462,14,,,,0,0,0,0,0
7462,15,,,,0,0,0,0,0
7463,11,,,,0,0,0,0,0
7463,12,,,,0,0,0,0,0
7463,13,,,,0,0,0,0,0
7463,14,,,,0,0,0,0,0
7463,15,,,,0,0,0,0,0
7464,11,,,,0,0,0,0,0
7464,12,,,,0,0,0,0,0
7464,13,,,,0,0,0,0,0
7464,14,,,,0,0,0,0,0
7464,15,,,,0,0,0,0,0
7465,11,,,,0,0,0,0,0
7465,12,,,,0,0,0,0,0
7465,13,,,,0,0,0,0,0
7465,14,,,,0,0,0,0,0
7465,15,,,,0,0,0,0,0
7466,11,,,,0,0,0,0,0
7466,12,,,,0,0,0,0,0
7466,13,,,,0,0,0,0,0
7466,14,,,,0,0,0,0,0
7466,15,,,,0,0,0,0,0
7467,11,,,,0,0,0,0,0
7467,12,,,,0,0,0,0,0
7467,13,,,,0,0,0,0,0
7467,14,,,,0,0,0,0,0
7467,15,,,,0,0,0,0,0
7468,11,,,,0,0,0,0,0
7468,12,,,,0,0,0,0,0
7468,13,,,,0,0,0,0,0
7468,14,,,,0,0,0,0,0
7468,15,,,,0,0,0,0,0
7469,11,,,,0,0,0,0,0
7469,12,,,,0,0,0,0,0
7469,13,,,,0,0,0,0,0
7469,14,,,,0,0,0,0,0
7469,15,,,,0,0,0,0,0
7470,11,,,,0,0,0,0,0
7470,12,,,,0,0,0,0,0
7470,13,,,,0,0,0,0,0
7470,14,,,,0,0,0,0,0
7470,15,,,,0,0,0,0,0
7471,11,,,,0,0,0,0,0
7471,12,,,,0,0,0,0,0
7471,13,,,,0,0,0,0,0
7471,14,,,,0,0,0,0,0
7471,15,,,,0,0,0,0,0
7472,11,,,,0,0,0,0,0
7472,12,,,,0,0,0,0,0
7472,13,,,,0,0,0,0,0
7472,14,,,,0,0,0,0,0
7472,15,,,,0,0,0,0,0
7473,11,,,,0,0,0,0,0
7473,12,,,,0,0,0,0,0
7473,13,,,,0,0,0,0,0
7473,14,,,,0,0,0,0,0
7473,15,,,,0,0,0,0,0
7474,11,,,,0,0,0,0,0
7474,12,,,,0,0,0,0,0
7474,13,,,,0,0,0,0,0
7474,14,,,,0,0,0,0,0
7474,15,,,,0,0,0,0,0
7475,11,,,,0,0,0,0,0
7475,12,,,,0,0,0,0,0
7475,13,,,,0,0,0,0,0
7475,14,,,,0,0,0,0,0
7475,15,,,,0,0,0,0,0
7476,11,,,,0,0,0,0,0
7476,12,,,,0,0,0,0,0
7476,13,,,,0,0,0,0,0
7476,14,,,,0,0,0,0,0
7476,15,,,,0,0,0,0,0
7477,11,,,,0,0,0,0,0
7477,12,,,,0,0,0,0,0
7477,13,,,,0,0,0,0,0
7477,14,,,,0,0,0,0,0
7477,15,,,,0,0,0,0,0
7478,11,,,,0,0,0,0,0
7478,12,,,,0,0,0,0,0
7478,13,,,,0,0,0,0,0
7478,14,,,,0,0,0,0,0
7478,15,,,,0,0,0,0,0
7479,11,,,,0,0,0,0,0
7479,12,,,,0,0,0,0,0
7479,13,,,,0,0,0,0,0
7479,14,,,,0,0,0,0,0
7479,15,,,,0,0,0,0,0
7480,11,,,,0,0,0,0,0
7480,12,,,,0,0,0,0,0
7480,13,,,,0,0,0,0,0
7480,14,,,,0,0,0,0,0
7480,15,,,,0,0,0,0,0
7481,11,,,,0,0,0,0,0
7481,12,,,,0,0,0,0,0
7481,13,,,,0,0,0,0,0
7481,14,,,,0,0,0,0,0
7481,15,,,,0,0,0,0,0
7482,11,,,,0,0,0,0,0
7482,12,,,,0,0,0,0,0
7482,13,,,,0,0,0,0,0
7482,14,,,,0,0,0,0,0
7482,15,,,,0,0,0,0,0
7483,11,,,,0,0,0,0,0
7483,12,,,,0,0,0,0,0
7483,13,,,,0,0,0,0,0
7483,14,,,,0,0,0,0,0
7483,15,,,,0,0,0,0,0
7484,11,,,,0,0,0,0,0
7484,12,,,,0,0,0,0,0
7484,13,,,,0,0,0,0,0
7484,14,,,,0,0,0,0,0
7484,15,,,,0,0,0,0,0
7485,11,,,,0,0,0,0,0
7485,12,,,,0,0,0,0,0
7485,13,,,,0,0,0,0,0
7485,14,,,,0,0,0,0,0
7485,15,,,,0,0,0,0,0
7486,11,,,,0,0,0,0,0
7486,12,,,,0,0,0,0,0
7486,13,,,,0,0,0,0,0
7486,14,,,,0,0,0,0,0
7486,15,,,,0,0,0,0,0
7487,11,,,,0,0,0,0,0
7487,12,,,,0,0,0,0,0
7487,13,,,,0,0,0,0,0
7487,14,,,,0,0,0,0,0
7487,15,,,,0,0,0,0,0
7488,11,,,,0,0,0,0,0
7488,12,,,,0,0,0,0,0
7488,13,,,,0,0,0,0,0
7488,14,,,,0,0,0,0,0
7488,15,,,,0,0,0,0,0
7489,11,,,,0,0,0,0,0
7489,12,,,,0,0,0,0,0
7489,13,,,,0,0,0,0,0
7489,14,,,,0,0,0,0,0
7489,15,,,,0,0,0,0,0
7490,11,,,,0,0,0,0,0
7490,12,,,,0,0,0,0,0
7490,13,,,,0,0,0,0,0
7490,14,,,,0,0,0,0,0
7490,15,,,,0,0,0,0,0
7491,11,,,,0,0,0,0,0
7491,12,,,,0,0,0,0,0
7491,13,,,,0,0,0,0,0
7491,14,,,,0,0,0,0,0
7491,15,,,,0,0,0,0,0
7492,11,,,,0,0,0,0,0
7492,12,,,,0,0,0,0,0
7492,13,,,,0,0,0,0,0
7492,14,,,,0,0,0,0,0
7492,15,,,,0,0,0,0,0
7493,11,,,,0,0,0,0,0
7493,12,,,,0,0,0,0,0
7493,13,,,,0,0,0,0,0
7493,14,,,,0,0,0,0,0
7493,15,,,,0,0,0,0,0
7494,11,,,,0,0,0,0,0
7494,12,,,,0,0,0,0,0
7494,13,,,,0,0,0,0,0
7494,14,,,,0,0,0,0,0
7494,15,,,,0,0,0,0,0
7495,11,,,,0,0,0,0,0
7495,12,,,,0,0,0,0,0
7495,13,,,,0,0,0,0,0
7495,14,,,,0,0,0,0,0
7495,15,,,,0,0,0,0,0
7496,11,,,,0,0,0,0,0
7496,12,,,,0,0,0,0,0
7496,13,,,,0,0,0,0,0
7496,14,,,,0,0,0,0,0
7496,15,,,,0,0,0,0,0
7497,11,,,,0,0,0,0,0
7497,12,,,,0,0,0,0,0
7497,13,,,,0,0,0,0,0
7497,14,,,,0,0,0,0,0
7497,15,,,,0,0,0,0,0
7498,11,,,,0,0,0,0,0
7498,12,,,,0,0,0,0,0
7498,13,,,,0,0,0,0,0
7498,14,,,,0,0,0,0,0
7498,15,,,,0,0,0,0,0
7499,11,,,,0,0,0,0,0
7499,12,,,,0,0,0,0,0
7499,13,,,,0,0,0,0,0
7499,14,,,,0,0,0,0,0
7499,15,,,,0,0,0,0,0
7500,11,,,,0,0,0,0,0
7500,12,,,,0,0,0,0,0
7500,13,,,,0,0,0,0,0
7500,14,,,,0,0,0,0,0
7500,15,,,,0,0,0,0,0
7501,11,,,,0,0,0,0,0
7501,12,,,,0,0,0,0,0
7501,13,,,,0,0,0,0,0
7501,14,,,,0,0,0,0,0
7501,15,,,,0,0,0,0,0
7502,11,,,,0,0,0,0,0
7502,12,,,,0,0,0,0,0
7502,13,,,,0,0,0,0,0
7502,14,,,,0,0,0,0,0
7502,15,,,,0,0,0,0,0
7503,11,,,,0,0,0,0,0
7503,12,,,,0,0,0,0,0
7503,13,,,,0,0,0,0,0
7503,14,,,,0,0,0,0,0
7503,15,,,,0,0,0,0,0
7504,11,,,,0,0,0,0,0
7504,12,,,,0,0,0,0,0
7504,13,,,,0,0,0,0,0
7504,14,,,,0,0,0,0,0
7504,15,,,,0,0,0,0,0
7505,11,,,,0,0,0,0,0
7505,12,,,,0,0,0,0,0
7505,13,,,,0,0,0,0,0
7505,14,,,,0,0,0,0,0
7505,15,,,,0,0,0,0,0
7506,11,,,,0,0,0,0,0
7506,12,,,,0,0,0,0,0
7506,13,,,,0,0,0,0,0
7506,14,,,,0,0,0,0,0
7506,15,,,,0,0,0,0,0
7507,11,,,,0,0,0,0,0
7507,12,,,,0,0,0,0,0
7507,13,,,,0,0,0,0,0
7507,14,,,,0,0,0,0,0
7507,15,,,,0,0,0,0,0
7508,11,,,,0,0,0,0,0
7508,12,,,,0,0,0,0,0
7508,13,,,,0,0,0,0,0
7508,14,,,,0,0,0,0,0
7508,15,,,,0,0,0,0,0
7509,11,,,,0,0,0,0,0
7509,12,,,,0,0,0,0,0
7509,13,,,,0,0,0,0,0
7509,14,,,,0,0,0,0,0
7509,15,,,,0,0,0,0,0
7510,11,,,,0,0,0,0,0
7510,12,,,,0,0,0,0,0
7510,13,,,,0,0,0,0,0
7510,14,,,,0,0,0,0,0
7510,15,,,,0,0,0,0,0
7511,11,,,,0,0,0,0,0
7511,12,,,,0,0,0,0,0
7511,13,,,,0,0,0,0,0
7511,14,,,,0,0,0,0,0
7511,15,,,,0,0,0,0,0
7512,11,,,,0,0,0,0,0
7512,12,,,,0,0,0,0,0
7512,13,,,,0,0,0,0,0
7512,14,,,,0,0,0,0,0
7512,15,,,,0,0,0,0,0
7513,11,,,,0,0,0,0,0
7513,12,,,,0,0,0,0,0
7513,13,,,,0,0,0,0,0
7513,14,,,,0,0,0,0,0
7513,15,,,,0,0,0,0,0
7514,11,,,,0,0,0,0,0
7514,12,,,,0,0,0,0,0
7514,13,,,,0,0,0,0,0
7514,14,,,,0,0,0,0,0
7514,15,,,,0,0,0,0,0
7515,11,,,,0,0,0,0,0
7515,12,,,,0,0,0,0,0
7515,13,,,,0,0,0,0,0
7515,14,,,,0,0,0,0,0
7515,15,,,,0,0,0,0,0
7516,11,,,,0,0,0,0,0
7516,12,,,,0,0,0,0,0
7516,13,,,,0,0,0,0,0
7516,14,,,,0,0,0,0,0
7516,15,,,,0,0,0,0,0
7517,11,,,,0,0,0,0,0
7517,12,,,,0,0,0,0,0
7517,13,,,,0,0,0,0,0
7517,14,,,,0,0,0,0,0
7517,15,,,,0,0,0,0,0
7518,11,,,,0,0,0,0,0
7518,12,,,,0,0,0,0,0
7518,13,,,,0,0,0,0,0
7518,14,,,,0,0,0,0,0
7518,15,,,,0,0,0,0,0
7519,11,,,,0,0,0,0,0
7519,12,,,,0,0,0,0,0
7519,13,,,,0,0,0,0,0
7519,14,,,,0,0,0,0,0
7519,15,,,,0,0,0,0,0
7520,11,,,,0,0,0,0,0
7520,12,,,,0,0,0,0,0
7520,13,,,,0,0,0,0,0
7520,14,,,,0,0,0,0,0
7520,15,,,,0,0,0,0,0
7521,11,,,,0,0,0,0,0
7521,12,,,,0,0,0,0,0
7521,13,,,,0,0,0,0,0
7521,14,,,,0,0,0,0,0
7521,15,,,,0,0,0,0,0
7522,11,,,,0,0,0,0,0
7522,12,,,,0,0,0,0,0
7522,13,,,,0,0,0,0,0
7522,14,,,,0,0,0,0,0
7522,15,,,,0,0,0,0,0
7523,11,,,,0,0,0,0,0
7523,12,,,,0,0,0,0,0
7523,13,,,,0,0,0,0,0
7523,14,,,,0,0,0,0,0
7523,15,,,,0,0,0,0,0
7524,11,,,,0,0,0,0,0
7524,12,,,,0,0,0,0,0
7524,13,,,,0,0,0,0,0
7524,14,,,,0,0,0,0,0
7524,15,,,,0,0,0,0,0
7525,11,,,,0,0,0,0,0
7525,12,,,,0,0,0,0,0
7525,13,,,,0,0,0,0,0
7525,14,,,,0,0,0,0,0
7525,15,,,,0,0,0,0,0
7526,11,,,,0,0,0,0,0
7526,12,,,,0,0,0,0,0
7526,13,,,,0,0,0,0,0
7526,14,,,,0,0,0,0,0
7526,15,,,,0,0,0,0,0
7527,11,,,,0,0,0,0,0
7527,12,,,,0,0,0,0,0
7527,13,,,,0,0,0,0,0
7527,14,,,,0,0,0,0,0
7527,15,,,,0,0,0,0,0
7528,11,,,,0,0,0,0,0
7528,12,,,,0,0,0,0,0
7528,13,,,,0,0,0,0,0
7528,14,,,,0,0,0,0,0
7528,15,,,,0,0,0,0,0
7529,11,,,,0,0,0,0,0
7529,12,,,,0,0,0,0,0
7529,13,,,,0,0,0,0,0
7529,14,,,,0,0,0,0,0
7529,15,,,,0,0,0,0,0
7530,11,,,,0,0,0,0,0
7530,12,,,,0,0,0,0,0
7530,13,,,,0,0,0,0,0
7530,14,,,,0,0,0,0,0
7530,15,,,,0,0,0,0,0
7531,11,,,,0,0,0,0,0
7531,12,,,,0,0,0,0,0
7531,13,,,,0,0,0,0,0
7531,14,,,,0,0,0,0,0
7531,15,,,,0,0,0,0,0
7532,11,,,,0,0,0,0,0
7532,12,,,,0,0,0,0,0
7532,13,,,,0,0,0,0,0
7532,14,,,,0,0,0,0,0
7532,15,,,,0,0,0,0,0
7533,11,,,,0,0,0,0,0
7533,12,,,,0,0,0,0,0
7533,13,,,,0,0,0,0,0
7533,14,,,,0,0,0,0,0
7533,15,,,,0,0,0,0,0
7534,11,,,,0,0,0,0,0
7534,12,,,,0,0,0,0,0
7534,13,,,,0,0,0,0,0
7534,14,,,,0,0,0,0,0
7534,15,,,,0,0,0,0,0
7535,11,,,,0,0,0,0,0
7535,12,,,,0,0,0,0,0
7535,13,,,,0,0,0,0,0
7535,14,,,,0,0,0,0,0
7535,15,,,,0,0,0,0,0
7536,11,,,,0,0,0,0,0
7536,12,,,,0,0,0,0,0
7536,13,,,,0,0,0,0,0
7536,14,,,,0,0,0,0,0
7536,15,,,,0,0,0,0,0
7537,11,,,,0,0,0,0,0
7537,12,,,,0,0,0,0,0
7537,13,,,,0,0,0,0,0
7537,14,,,,0,0,0,0,0
7537,15,,,,0,0,0,0,0
7538,11,,,,0,0,0,0,0
7538,12,,,,0,0,0,0,0
7538,13,,,,0,0,0,0,0
7538,14,,,,0,0,0,0,0
7538,15,,,,0,0,0,0,0
7539,11,,,,0,0,0,0,0
7539,12,,,,0,0,0,0,0
7539,13,,,,0,0,0,0,0
7539,14,,,,0,0,0,0,0
7539,15,,,,0,0,0,0,0
7540,11,,,,0,0,0,0,0
7540,12,,,,0,0,0,0,0
7540,13,,,,0,0,0,0,0
7540,14,,,,0,0,0,0,0
7540,15,,,,0,0,0,0,0
7541,11,,,,0,0,0,0,0
7541,12,,,,0,0,0,0,0
7541,13,,,,0,0,0,0,0
7541,14,,,,0,0,0,0,0
7541,15,,,,0,0,0,0,0
7542,11,,,,0,0,0,0,0
7542,12,,,,0,0,0,0,0
7542,13,,,,0,0,0,0,0
7542,14,,,,0,0,0,0,0
7542,15,,,,0,0,0,0,0
7543,11,,,,0,0,0,0,0
7543,12,,,,0,0,0,0,0
7543,13,,,,0,0,0,0,0
7543,14,,,,0,0,0,0,0
7543,15,,,,0,0,0,0,0
7544,11,,,,0,0,0,0,0
7544,12,,,,0,0,0,0,0
7544,13,,,,0,0,0,0,0
7544,14,,,,0,0,0,0,0
7544,15,,,,0,0,0,0,0
7545,11,,,,0,0,0,0,0
7545,12,,,,0,0,0,0,0
7545,13,,,,0,0,0,0,0
7545,14,,,,0,0,0,0,0
7545,15,,,,0,0,0,0,0
7546,11,,,,0,0,0,0,0
7546,12,,,,0,0,0,0,0
7546,13,,,,0,0,0,0,0
7546,14,,,,0,0,0,0,0
7546,15,,,,0,0,0,0,0
7547,11,,,,0,0,0,0,0
7547,12,,,,0,0,0,0,0
7547,13,,,,0,0,0,0,0
7547,14,,,,0,0,0,0,0
7547,15,,,,0,0,0,0,0
7548,11,,,,0,0,0,0,0
7548,12,,,,0,0,0,0,0
7548,13,,,,0,0,0,0,0
7548,14,,,,0,0,0,0,0
7548,15,,,,0,0,0,0,0
7549,11,,,,0,0,0,0,0
7549,12,,,,0,0,0,0,0
7549,13,,,,0,0,0,0,0
7549,14,,,,0,0,0,0,0
7549,15,,,,0,0,0,0,0
7550,11,,,,0,0,0,0,0
7550,12,,,,0,0,0,0,0
7550,13,,,,0,0,0,0,0
7550,14,,,,0,0,0,0,0
7550,15,,,,0,0,0,0,0
7551,11,,,,0,0,0,0,0
7551,12,,,,0,0,0,0,0
7551,13,,,,0,0,0,0,0
7551,14,,,,0,0,0,0,0
7551,15,,,,0,0,0,0,0
7552,11,,,,0,0,0,0,0
7552,12,,,,0,0,0,0,0
7552,13,,,,0,0,0,0,0
7552,14,,,,0,0,0,0,0
7552,15,,,,0,0,0,0,0
7553,11,,,,0,0,0,0,0
7553,12,,,,0,0,0,0,0
7553,13,,,,0,0,0,0,0
7553,14,,,,0,0,0,0,0
7553,15,,,,0,0,0,0,0
7554,11,,,,0,0,0,0,0
7554,12,,,,0,0,0,0,0
7554,13,,,,0,0,0,0,0
7554,14,,,,0,0,0,0,0
7554,15,,,,0,0,0,0,0
7555,11,,,,0,0,0,0,0
7555,12,,,,0,0,0,0,0
7555,13,,,,0,0,0,0,0
7555,14,,,,0,0,0,0,0
7555,15,,,,0,0,0,0,0
7556,11,,,,0,0,0,0,0
7556,12,,,,0,0,0,0,0
7556,13,,,,0,0,0,0,0
7556,14,,,,0,0,0,0,0
7556,15,,,,0,0,0,0,0
7557,11,,,,0,0,0,0,0
7557,12,,,,0,0,0,0,0
7557,13,,,,0,0,0,0,0
7557,14,,,,0,0,0,0,0
7557,15,,,,0,0,0,0,0
7558,11,,,,0,0,0,0,0
7558,12,,,,0,0,0,0,0
7558,13,,,,0,0,0,0,0
7558,14,,,,0,0,0,0,0
7558,15,,,,0,0,0,0,0
7559,11,,,,0,0,0,0,0
7559,12,,,,0,0,0,0,0
7559,13,,,,0,0,0,0,0
7559,14,,,,0,0,0,0,0
7559,15,,,,0,0,0,0,0
7560,11,,,,0,0,0,0,0
7560,12,,,,0,0,0,0,0
7560,13,,,,0,0,0,0,0
7560,14,,,,0,0,0,0,0
7560,15,,,,0,0,0,0,0
7561,11,,,,0,0,0,0,0
7561,12,,,,0,0,0,0,0
7561,13,,,,0,0,0,0,0
7561,14,,,,0,0,0,0,0
7561,15,,,,0,0,0,0,0
7562,11,,,,0,0,0,0,0
7562,12,,,,0,0,0,0,0
7562,13,,,,0,0,0,0,0
7562,14,,,,0,0,0,0,0
7562,15,,,,0,0,0,0,0
7563,11,,,,0,0,0,0,0
7563,12,,,,0,0,0,0,0
7563,13,,,,0,0,0,0,0
7563,14,,,,0,0,0,0,0
7563,15,,,,0,0,0,0,0
7564,11,,,,0,0,0,0,0
7564,12,,,,0,0,0,0,0
7564,13,,,,0,0,0,0,0
7564,14,,,,0,0,0,0,0
7564,15,,,,0,0,0,0,0
7565,11,,,,0,0,0,0,0
7565,12,,,,0,0,0,0,0
7565,13,,,,0,0,0,0,0
7565,14,,,,0,0,0,0,0
7565,15,,,,0,0,0,0,0
7566,11,,,,0,0,0,0,0
7566,12,,,,0,0,0,0,0
7566,13,,,,0,0,0,0,0
7566,14,,,,0,0,0,0,0
7566,15,,,,0,0,0,0,0
7567,11,,,,0,0,0,0,0
7567,12,,,,0,0,0,0,0
7567,13,,,,0,0,0,0,0
7567,14,,,,0,0,0,0,0
7567,15,,,,0,0,0,0,0
7568,11,,,,0,0,0,0,0
7568,12,,,,0,0,0,0,0
7568,13,,,,0,0,0,0,0
7568,14,,,,0,0,0,0,0
7568,15,,,,0,0,0,0,0
7569,11,,,,0,0,0,0,0
7569,12,,,,0,0,0,0,0
7569,13,,,,0,0,0,0,0
7569,14,,,,0,0,0,0,0
7569,15,,,,0,0,0,0,0
7570,11,,,,0,0,0,0,0
7570,12,,,,0,0,0,0,0
7570,13,,,,0,0,0,0,0
7570,14,,,,0,0,0,0,0
7570,15,,,,0,0,0,0,0
7571,11,,,,0,0,0,0,0
7571,12,,,,0,0,0,0,0
7571,13,,,,0,0,0,0,0
7571,14,,,,0,0,0,0,0
7571,15,,,,0,0,0,0,0
7572,11,,,,0,0,0,0,0
7572,12,,,,0,0,0,0,0
7572,13,,,,0,0,0,0,0
7572,14,,,,0,0,0,0,0
7572,15,,,,0,0,0,0,0
7573,11,,,,0,0,0,0,0
7573,12,,,,0,0,0,0,0
7573,13,,,,0,0,0,0,0
7573,14,,,,0,0,0,0,0
7573,15,,,,0,0,0,0,0
7574,11,,,,0,0,0,0,0
7574,12,,,,0,0,0,0,0
7574,13,,,,0,0,0,0,0
7574,14,,,,0,0,0,0,0
7574,15,,,,0,0,0,0,0
7575,11,,,,0,0,0,0,0
7575,12,,,,0,0,0,0,0
7575,13,,,,0,0,0,0,0
7575,14,,,,0,0,0,0,0
7575,15,,,,0,0,0,0,0
7576,11,,,,0,0,0,0,0
7576,12,,,,0,0,0,0,0
7576,13,,,,0,0,0,0,0
7576,14,,,,0,0,0,0,0
7576,15,,,,0,0,0,0,0
7577,11,,,,0,0,0,0,0
7577,12,,,,0,0,0,0,0
7577,13,,,,0,0,0,0,0
7577,14,,,,0,0,0,0,0
7577,15,,,,0,0,0,0,0
7578,11,,,,0,0,0,0,0
7578,12,,,,0,0,0,0,0
7578,13,,,,0,0,0,0,0
7578,14,,,,0,0,0,0,0
7578,15,,,,0,0,0,0,0
7579,11,,,,0,0,0,0,0
7579,12,,,,0,0,0,0,0
7579,13,,,,0,0,0,0,0
7579,14,,,,0,0,0,0,0
7579,15,,,,0,0,0,0,0
7580,11,,,,0,0,0,0,0
7580,12,,,,0,0,0,0,0
7580,13,,,,0,0,0,0,0
7580,14,,,,0,0,0,0,0
7580,15,,,,0,0,0,0,0
7581,11,,,,0,0,0,0,0
7581,12,,,,0,0,0,0,0
7581,13,,,,0,0,0,0,0
7581,14,,,,0,0,0,0,0
7581,15,,,,0,0,0,0,0
7582,11,,,,0,0,0,0,0
7582,12,,,,0,0,0,0,0
7582,13,,,,0,0,0,0,0
7582,14,,,,0,0,0,0,0
7582,15,,,,0,0,0,0,0
7583,11,,,,0,0,0,0,0
7583,12,,,,0,0,0,0,0
7583,13,,,,0,0,0,0,0
7583,14,,,,0,0,0,0,0
7583,15,,,,0,0,0,0,0
7584,11,,,,0,0,0,0,0
7584,12,,,,0,0,0,0,0
7584,13,,,,0,0,0,0,0
7584,14,,,,0,0,0,0,0
7584,15,,,,0,0,0,0,0
7585,11,,,,0,0,0,0,0
7585,12,,,,0,0,0,0,0
7585,13,,,,0,0,0,0,0
7585,14,,,,0,0,0,0,0
7585,15,,,,0,0,0,0,0
7586,11,,,,0,0,0,0,0
7586,12,,,,0,0,0,0,0
7586,13,,,,0,0,0,0,0
7586,14,,,,0,0,0,0,0
7586,15,,,,0,0,0,0,0
7587,11,,,,0,0,0,0,0
7587,12,,,,0,0,0,0,0
7587,13,,,,0,0,0,0,0
7587,14,,,,0,0,0,0,0
7587,15,,,,0,0,0,0,0
7588,11,,,,0,0,0,0,0
7588,12,,,,0,0,0,0,0
7588,13,,,,0,0,0,0,0
7588,14,,,,0,0,0,0,0
7588,15,,,,0,0,0,0,0
7589,11,,,,0,0,0,0,0
7589,12,,,,0,0,0,0,0
7589,13,,,,0,0,0,0,0
7589,14,,,,0,0,0,0,0
7589,15,,,,0,0,0,0,0
7590,11,,,,0,0,0,0,0
7590,12,,,,0,0,0,0,0
7590,13,,,,0,0,0,0,0
7590,14,,,,0,0,0,0,0
7590,15,,,,0,0,0,0,0
7591,11,,,,0,0,0,0,0
7591,12,,,,0,0,0,0,0
7591,13,,,,0,0,0,0,0
7591,14,,,,0,0,0,0,0
7591,15,,,,0,0,0,0,0
7592,11,,,,0,0,0,0,0
7592,12,,,,0,0,0,0,0
7592,13,,,,0,0,0,0,0
7592,14,,,,0,0,0,0,0
7592,15,,,,0,0,0,0,0
7593,11,,,,0,0,0,0,0
7593,12,,,,0,0,0,0,0
7593,13,,,,0,0,0,0,0
7593,14,,,,0,0,0,0,0
7593,15,,,,0,0,0,0,0
7594,11,,,,0,0,0,0,0
7594,12,,,,0,0,0,0,0
7594,13,,,,0,0,0,0,0
7594,14,,,,0,0,0,0,0
7594,15,,,,0,0,0,0,0
7595,11,,,,0,0,0,0,0
7595,12,,,,0,0,0,0,0
7595,13,,,,0,0,0,0,0
7595,14,,,,0,0,0,0,0
7595,15,,,,0,0,0,0,0
7596,11,,,,0,0,0,0,0
7596,12,,,,0,0,0,0,0
7596,13,,,,0,0,0,0,0
7596,14,,,,0,0,0,0,0
7596,15,,,,0,0,0,0,0
7597,11,,,,0,0,0,0,0
7597,12,,,,0,0,0,0,0
7597,13,,,,0,0,0,0,0
7597,14,,,,0,0,0,0,0
7597,15,,,,0,0,0,0,0
7598,11,,,,0,0,0,0,0
7598,12,,,,0,0,0,0,0
7598,13,,,,0,0,0,0,0
7598,14,,,,0,0,0,0,0
7598,15,,,,0,0,0,0,0
7599,11,,,,0,0,0,0,0
7599,12,,,,0,0,0,0,0
7599,13,,,,0,0,0,0,0
7599,14,,,,0,0,0,0,0
7599,15,,,,0,0,0,0,0
7600,11,,,,0,0,0,0,0
7600,12,,,,0,0,0,0,0
7600,13,,,,0,0,0,0,0
7600,14,,,,0,0,0,0,0
7600,15,,,,0,0,0,0,0
7601,11,,,,0,0,0,0,0
7601,12,,,,0,0,0,0,0
7601,13,,,,0,0,0,0,0
7601,14,,,,0,0,0,0,0
7601,15,,,,0,0,0,0,0
7602,11,,,,0,0,0,0,0
7602,12,,,,0,0,0,0,0
7602,13,,,,0,0,0,0,0
7602,14,,,,0,0,0,0,0
7602,15,,,,0,0,0,0,0
7603,11,,,,0,0,0,0,0
7603,12,,,,0,0,0,0,0
7603,13,,,,0,0,0,0,0
7603,14,,,,0,0,0,0,0
7603,15,,,,0,0,0,0,0
7604,11,,,,0,0,0,0,0
7604,12,,,,0,0,0,0,0
7604,13,,,,0,0,0,0,0
7604,14,,,,0,0,0,0,0
7604,15,,,,0,0,0,0,0
7605,11,,,,0,0,0,0,0
7605,12,,,,0,0,0,0,0
7605,13,,,,0,0,0,0,0
7605,14,,,,0,0,0,0,0
7605,15,,,,0,0,0,0,0
7606,11,,,,0,0,0,0,0
7606,12,,,,0,0,0,0,0
7606,13,,,,0,0,0,0,0
7606,14,,,,0,0,0,0,0
7606,15,,,,0,0,0,0,0
7607,11,,,,0,0,0,0,0
7607,12,,,,0,0,0,0,0
7607,13,,,,0,0,0,0,0
7607,14,,,,0,0,0,0,0
7607,15,,,,0,0,0,0,0
7608,11,,,,0,0,0,0,0
7608,12,,,,0,0,0,0,0
7608,13,,,,0,0,0,0,0
7608,14,,,,0,0,0,0,0
7608,15,,,,0,0,0,0,0
7609,11,,,,0,0,0,0,0
7609,12,,,,0,0,0,0,0
7609,13,,,,0,0,0,0,0
7609,14,,,,0,0,0,0,0
7609,15,,,,0,0,0,0,0
7610,11,,,,0,0,0,0,0
7610,12,,,,0,0,0,0,0
7610,13,,,,0,0,0,0,0
7610,14,,,,0,0,0,0,0
7610,15,,,,0,0,0,0,0
7611,11,,,,0,0,0,0,0
7611,12,,,,0,0,0,0,0
7611,13,,,,0,0,0,0,0
7611,14,,,,0,0,0,0,0
7611,15,,,,0,0,0,0,0
7612,11,,,,0,0,0,0,0
7612,12,,,,0,0,0,0,0
7612,13,,,,0,0,0,0,0
7612,14,,,,0,0,0,0,0
7612,15,,,,0,0,0,0,0
7613,11,,,,0,0,0,0,0
7613,12,,,,0,0,0,0,0
7613,13,,,,0,0,0,0,0
7613,14,,,,0,0,0,0,0
7613,15,,,,0,0,0,0,0
7614,11,,,,0,0,0,0,0
7614,12,,,,0,0,0,0,0
7614,13,,,,0,0,0,0,0
7614,14,,,,0,0,0,0,0
7614,15,,,,0,0,0,0,0
7615,11,,,,0,0,0,0,0
7615,12,,,,0,0,0,0,0
7615,13,,,,0,0,0,0,0
7615,14,,,,0,0,0,0,0
7615,15,,,,0,0,0,0,0
7616,11,,,,0,0,0,0,0
7616,12,,,,0,0,0,0,0
7616,13,,,,0,0,0,0,0
7616,14,,,,0,0,0,0,0
7616,15,,,,0,0,0,0,0
7617,11,,,,0,0,0,0,0
7617,12,,,,0,0,0,0,0
7617,13,,,,0,0,0,0,0
7617,14,,,,0,0,0,0,0
7617,15,,,,0,0,0,0,0
7618,11,,,,0,0,0,0,0
7618,12,,,,0,0,0,0,0
7618,13,,,,0,0,0,0,0
7618,14,,,,0,0,0,0,0
7618,15,,,,0,0,0,0,0
7619,11,,,,0,0,0,0,0
7619,12,,,,0,0,0,0,0
7619,13,,,,0,0,0,0,0
7619,14,,,,0,0,0,0,0
7619,15,,,,0,0,0,0,0
7620,11,,,,0,0,0,0,0
7620,12,,,,0,0,0,0,0
7620,13,,,,0,0,0,0,0
7620,14,,,,0,0,0,0,0
7620,15,,,,0,0,0,0,0
7621,11,,,,0,0,0,0,0
7621,12,,,,0,0,0,0,0
7621,13,,,,0,0,0,0,0
7621,14,,,,0,0,0,0,0
7621,15,,,,0,0,0,0,0
7622,11,,,,0,0,0,0,0
7622,12,,,,0,0,0,0,0
7622,13,,,,0,0,0,0,0
7622,14,,,,0,0,0,0,0
7622,15,,,,0,0,0,0,0
7623,11,,,,0,0,0,0,0
7623,12,,,,0,0,0,0,0
7623,13,,,,0,0,0,0,0
7623,14,,,,0,0,0,0,0
7623,15,,,,0,0,0,0,0
7624,11,,,,0,0,0,0,0
7624,12,,,,0,0,0,0,0
7624,13,,,,0,0,0,0,0
7624,14,,,,0,0,0,0,0
7624,15,,,,0,0,0,0,0
7625,11,,,,0,0,0,0,0
7625,12,,,,0,0,0,0,0
7625,13,,,,0,0,0,0,0
7625,14,,,,0,0,0,0,0
7625,15,,,,0,0,0,0,0
7626,11,,,,0,0,0,0,0
7626,12,,,,0,0,0,0,0
7626,13,,,,0,0,0,0,0
7626,14,,,,0,0,0,0,0
7626,15,,,,0,0,0,0,0
7627,11,,,,0,0,0,0,0
7627,12,,,,0,0,0,0,0
7627,13,,,,0,0,0,0,0
7627,14,,,,0,0,0,0,0
7627,15,,,,0,0,0,0,0
7628,11,,,,0,0,0,0,0
7628,12,,,,0,0,0,0,0
7628,13,,,,0,0,0,0,0
7628,14,,,,0,0,0,0,0
7628,15,,,,0,0,0,0,0
7629,11,,,,0,0,0,0,0
7629,12,,,,0,0,0,0,0
7629,13,,,,0,0,0,0,0
7629,14,,,,0,0,0,0,0
7629,15,,,,0,0,0,0,0
7630,11,,,,0,0,0,0,0
7630,12,,,,0,0,0,0,0
7630,13,,,,0,0,0,0,0
7630,14,,,,0,0,0,0,0
7630,15,,,,0,0,0,0,0
7631,11,,,,0,0,0,0,0
7631,12,,,,0,0,0,0,0
7631,13,,,,0,0,0,0,0
7631,14,,,,0,0,0,0,0
7631,15,,,,0,0,0,0,0
7632,11,,,,0,0,0,0,0
7632,12,,,,0,0,0,0,0
7632,13,,,,0,0,0,0,0
7632,14,,,,0,0,0,0,0
7632,15,,,,0,0,0,0,0
7633,11,,,,0,0,0,0,0
7633,12,,,,0,0,0,0,0
7633,13,,,,0,0,0,0,0
7633,14,,,,0,0,0,0,0
7633,15,,,,0,0,0,0,0
7634,11,,,,0,0,0,0,0
7634,12,,,,0,0,0,0,0
7634,13,,,,0,0,0,0,0
7634,14,,,,0,0,0,0,0
7634,15,,,,0,0,0,0,0
7635,11,,,,0,0,0,0,0
7635,12,,,,0,0,0,0,0
7635,13,,,,0,0,0,0,0
7635,14,,,,0,0,0,0,0
7635,15,,,,0,0,0,0,0
7636,11,,,,0,0,0,0,0
7636,12,,,,0,0,0,0,0
7636,13,,,,0,0,0,0,0
7636,14,,,,0,0,0,0,0
7636,15,,,,0,0,0,0,0
7637,11,,,,0,0,0,0,0
7637,12,,,,0,0,0,0,0
7637,13,,,,0,0,0,0,0
7637,14,,,,0,0,0,0,0
7637,15,,,,0,0,0,0,0
7638,11,,,,0,0,0,0,0
7638,12,,,,0,0,0,0,0
7638,13,,,,0,0,0,0,0
7638,14,,,,0,0,0,0,0
7638,15,,,,0,0,0,0,0
7639,11,,,,0,0,0,0,0
7639,12,,,,0,0,0,0,0
7639,13,,,,0,0,0,0,0
7639,14,,,,0,0,0,0,0
7639,15,,,,0,0,0,0,0
7640,11,,,,0,0,0,0,0
7640,12,,,,0,0,0,0,0
7640,13,,,,0,0,0,0,0
7640,14,,,,0,0,0,0,0
7640,15,,,,0,0,0,0,0
7641,11,,,,0,0,0,0,0
7641,12,,,,0,0,0,0,0
7641,13,,,,0,0,0,0,0
7641,14,,,,0,0,0,0,0
7641,15,,,,0,0,0,0,0
7642,11,,,,0,0,0,0,0
7642,12,,,,0,0,0,0,0
7642,13,,,,0,0,0,0,0
7642,14,,,,0,0,0,0,0
7642,15,,,,0,0,0,0,0
7643,11,,,,0,0,0,0,0
7643,12,,,,0,0,0,0,0
7643,13,,,,0,0,0,0,0
7643,14,,,,0,0,0,0,0
7643,15,,,,0,0,0,0,0
7644,11,,,,0,0,0,0,0
7644,12,,,,0,0,0,0,0
7644,13,,,,0,0,0,0,0
7644,14,,,,0,0,0,0,0
7644,15,,,,0,0,0,0,0
7645,11,,,,0,0,0,0,0
7645,12,,,,0,0,0,0,0
7645,13,,,,0,0,0,0,0
7645,14,,,,0,0,0,0,0
7645,15,,,,0,0,0,0,0
7646,11,,,,0,0,0,0,0
7646,12,,,,0,0,0,0,0
7646,13,,,,0,0,0,0,0
7646,14,,,,0,0,0,0,0
7646,15,,,,0,0,0,0,0
7647,11,,,,0,0,0,0,0
7647,12,,,,0,0,0,0,0
7647,13,,,,0,0,0,0,0
7647,14,,,,0,0,0,0,0
7647,15,,,,0,0,0,0,0
7648,11,,,,0,0,0,0,0
7648,12,,,,0,0,0,0,0
7648,13,,,,0,0,0,0,0
7648,14,,,,0,0,0,0,0
7648,15,,,,0,0,0,0,0
7649,11,,,,0,0,0,0,0
7649,12,,,,0,0,0,0,0
7649,13,,,,0,0,0,0,0
7649,14,,,,0,0,0,0,0
7649,15,,,,0,0,0,0,0
7650,11,,,,0,0,0,0,0
7650,12,,,,0,0,0,0,0
7650,13,,,,0,0,0,0,0
7650,14,,,,0,0,0,0,0
7650,15,,,,0,0,0,0,0
7651,11,,,,0,0,0,0,0
7651,12,,,,0,0,0,0,0
7651,13,,,,0,0,0,0,0
7651,14,,,,0,0,0,0,0
7651,15,,,,0,0,0,0,0
7652,11,,,,0,0,0,0,0
7652,12,,,,0,0,0,0,0
7652,13,,,,0,0,0,0,0
7652,14,,,,0,0,0,0,0
7652,15,,,,0,0,0,0,0
7653,11,,,,0,0,0,0,0
7653,12,,,,0,0,0,0,0
7653,13,,,,0,0,0,0,0
7653,14,,,,0,0,0,0,0
7653,15,,,,0,0,0,0,0
7654,11,,,,0,0,0,0,0
7654,12,,,,0,0,0,0,0
7654,13,,,,0,0,0,0,0
7654,14,,,,0,0,0,0,0
7654,15,,,,0,0,0,0,0
7655,11,,,,0,0,0,0,0
7655,12,,,,0,0,0,0,0
7655,13,,,,0,0,0,0,0
7655,14,,,,0,0,0,0,0
7655,15,,,,0,0,0,0,0
7656,11,,,,0,0,0,0,0
7656,12,,,,0,0,0,0,0
7656,13,,,,0,0,0,0,0
7656,14,,,,0,0,0,0,0
7656,15,,,,0,0,0,0,0
7657,11,,,,0,0,0,0,0
7657,12,,,,0,0,0,0,0
7657,13,,,,0,0,0,0,0
7657,14,,,,0,0,0,0,0
7657,15,,,,0,0,0,0,0
7658,11,,,,0,0,0,0,0
7658,12,,,,0,0,0,0,0
7658,13,,,,0,0,0,0,0
7658,14,,,,0,0,0,0,0
7658,15,,,,0,0,0,0,0
7659,11,,,,0,0,0,0,0
7659,12,,,,0,0,0,0,0
7659,13,,,,0,0,0,0,0
7659,14,,,,0,0,0,0,0
7659,15,,,,0,0,0,0,0
7660,11,,,,0,0,0,0,0
7660,12,,,,0,0,0,0,0
7660,13,,,,0,0,0,0,0
7660,14,,,,0,0,0,0,0
7660,15,,,,0,0,0,0,0
7661,11,,,,0,0,0,0,0
7661,12,,,,0,0,0,0,0
7661,13,,,,0,0,0,0,0
7661,14,,,,0,0,0,0,0
7661,15,,,,0,0,0,0,0
7662,11,,,,0,0,0,0,0
7662,12,,,,0,0,0,0,0
7662,13,,,,0,0,0,0,0
7662,14,,,,0,0,0,0,0
7662,15,,,,0,0,0,0,0
7663,11,,,,0,0,0,0,0
7663,12,,,,0,0,0,0,0
7663,13,,,,0,0,0,0,0
7663,14,,,,0,0,0,0,0
7663,15,,,,0,0,0,0,0
7664,11,,,,0,0,0,0,0
7664,12,,,,0,0,0,0,0
7664,13,,,,0,0,0,0,0
7664,14,,,,0,0,0,0,0
7664,15,,,,0,0,0,0,0
7665,11,,,,0,0,0,0,0
7665,12,,,,0,0,0,0,0
7665,13,,,,0,0,0,0,0
7665,14,,,,0,0,0,0,0
7665,15,,,,0,0,0,0,0
7666,11,,,,0,0,0,0,0
7666,12,,,,0,0,0,0,0
7666,13,,,,0,0,0,0,0
7666,14,,,,0,0,0,0,0
7666,15,,,,0,0,0,0,0
7667,11,,,,0,0,0,0,0
7667,12,,,,0,0,0,0,0
7667,13,,,,0,0,0,0,0
7667,14,,,,0,0,0,0,0
7667,15,,,,0,0,0,0,0
7668,11,,,,0,0,0,0,0
7668,12,,,,0,0,0,0,0
7668,13,,,,0,0,0,0,0
7668,14,,,,0,0,0,0,0
7668,15,,,,0,0,0,0,0
7669,11,,,,0,0,0,0,0
7669,12,,,,0,0,0,0,0
7669,13,,,,0,0,0,0,0
7669,14,,,,0,0,0,0,0
7669,15,,,,0,0,0,0,0
7670,11,,,,0,0,0,0,0
7670,12,,,,0,0,0,0,0
7670,13,,,,0,0,0,0,0
7670,14,,,,0,0,0,0,0
7670,15,,,,0,0,0,0,0
7671,11,,,,0,0,0,0,0
7671,12,,,,0,0,0,0,0
7671,13,,,,0,0,0,0,0
7671,14,,,,0,0,0,0,0
7671,15,,,,0,0,0,0,0
7672,11,,,,0,0,0,0,0
7672,12,,,,0,0,0,0,0
7672,13,,,,0,0,0,0,0
7672,14,,,,0,0,0,0,0
7672,15,,,,0,0,0,0,0
7673,11,,,,0,0,0,0,0
7673,12,,,,0,0,0,0,0
7673,13,,,,0,0,0,0,0
7673,14,,,,0,0,0,0,0
7673,15,,,,0,0,0,0,0
7674,11,,,,0,0,0,0,0
7674,12,,,,0,0,0,0,0
7674,13,,,,0,0,0,0,0
7674,14,,,,0,0,0,0,0
7674,15,,,,0,0,0,0,0
7675,11,,,,0,0,0,0,0
7675,12,,,,0,0,0,0,0
7675,13,,,,0,0,0,0,0
7675,14,,,,0,0,0,0,0
7675,15,,,,0,0,0,0,0
7676,11,,,,0,0,0,0,0
7676,12,,,,0,0,0,0,0
7676,13,,,,0,0,0,0,0
7676,14,,,,0,0,0,0,0
7676,15,,,,0,0,0,0,0
7677,11,,,,0,0,0,0,0
7677,12,,,,0,0,0,0,0
7677,13,,,,0,0,0,0,0
7677,14,,,,0,0,0,0,0
7677,15,,,,0,0,0,0,0
7678,11,,,,0,0,0,0,0
7678,12,,,,0,0,0,0,0
7678,13,,,,0,0,0,0,0
7678,14,,,,0,0,0,0,0
7678,15,,,,0,0,0,0,0
7679,11,,,,0,0,0,0,0
7679,12,,,,0,0,0,0,0
7679,13,,,,0,0,0,0,0
7679,14,,,,0,0,0,0,0
7679,15,,,,0,0,0,0,0
7680,11,,,,0,0,0,0,0
7680,12,,,,0,0,0,0,0
7680,13,,,,0,0,0,0,0
7680,14,,,,0,0,0,0,0
7680,15,,,,0,0,0,0,0
7681,11,,,,0,0,0,0,0
7681,12,,,,0,0,0,0,0
7681,13,,,,0,0,0,0,0
7681,14,,,,0,0,0,0,0
7681,15,,,,0,0,0,0,0
7682,11,,,,0,0,0,0,0
7682,12,,,,0,0,0,0,0
7682,13,,,,0,0,0,0,0
7682,14,,,,0,0,0,0,0
7682,15,,,,0,0,0,0,0
7683,11,,,,0,0,0,0,0
7683,12,,,,0,0,0,0,0
7683,13,,,,0,0,0,0,0
7683,14,,,,0,0,0,0,0
7683,15,,,,0,0,0,0,0
7684,11,,,,0,0,0,0,0
7684,12,,,,0,0,0,0,0
7684,13,,,,0,0,0,0,0
7684,14,,,,0,0,0,0,0
7684,15,,,,0,0,0,0,0
7685,11,,,,0,0,0,0,0
7685,12,,,,0,0,0,0,0
7685,13,,,,0,0,0,0,0
7685,14,,,,0,0,0,0,0
7685,15,,,,0,0,0,0,0
7686,11,,,,0,0,0,0,0
7686,12,,,,0,0,0,0,0
7686,13,,,,0,0,0,0,0
7686,14,,,,0,0,0,0,0
7686,15,,,,0,0,0,0,0
7687,11,,,,0,0,0,0,0
7687,12,,,,0,0,0,0,0
7687,13,,,,0,0,0,0,0
7687,14,,,,0,0,0,0,0
7687,15,,,,0,0,0,0,0
7688,11,,,,0,0,0,0,0
7688,12,,,,0,0,0,0,0
7688,13,,,,0,0,0,0,0
7688,14,,,,0,0,0,0,0
7688,15,,,,0,0,0,0,0
7689,11,,,,0,0,0,0,0
7689,12,,,,0,0,0,0,0
7689,13,,,,0,0,0,0,0
7689,14,,,,0,0,0,0,0
7689,15,,,,0,0,0,0,0
7690,11,,,,0,0,0,0,0
7690,12,,,,0,0,0,0,0
7690,13,,,,0,0,0,0,0
7690,14,,,,0,0,0,0,0
7690,15,,,,0,0,0,0,0
7691,11,,,,0,0,0,0,0
7691,12,,,,0,0,0,0,0
7691,13,,,,0,0,0,0,0
7691,14,,,,0,0,0,0,0
7691,15,,,,0,0,0,0,0
7692,11,,,,0,0,0,0,0
7692,12,,,,0,0,0,0,0
7692,13,,,,0,0,0,0,0
7692,14,,,,0,0,0,0,0
7692,15,,,,0,0,0,0,0
7693,11,,,,0,0,0,0,0
7693,12,,,,0,0,0,0,0
7693,13,,,,0,0,0,0,0
7693,14,,,,0,0,0,0,0
7693,15,,,,0,0,0,0,0
7694,11,,,,0,0,0,0,0
7694,12,,,,0,0,0,0,0
7694,13,,,,0,0,0,0,0
7694,14,,,,0,0,0,0,0
7694,15,,,,0,0,0,0,0
7695,11,,,,0,0,0,0,0
7695,12,,,,0,0,0,0,0
7695,13,,,,0,0,0,0,0
7695,14,,,,0,0,0,0,0
7695,15,,,,0,0,0,0,0
7696,11,,,,0,0,0,0,0
7696,12,,,,0,0,0,0,0
7696,13,,,,0,0,0,0,0
7696,14,,,,0,0,0,0,0
7696,15,,,,0,0,0,0,0
7697,11,,,,0,0,0,0,0
7697,12,,,,0,0,0,0,0
7697,13,,,,0,0,0,0,0
7697,14,,,,0,0,0,0,0
7697,15,,,,0,0,0,0,0
7698,11,,,,0,0,0,0,0
7698,12,,,,0,0,0,0,0
7698,13,,,,0,0,0,0,0
7698,14,,,,0,0,0,0,0
7698,15,,,,0,0,0,0,0
7699,11,,,,0,0,0,0,0
7699,12,,,,0,0,0,0,0
7699,13,,,,0,0,0,0,0
7699,14,,,,0,0,0,0,0
7699,15,,,,0,0,0,0,0
7700,11,,,,0,0,0,0,0
7700,12,,,,0,0,0,0,0
7700,13,,,,0,0,0,0,0
7700,14,,,,0,0,0,0,0
7700,15,,,,0,0,0,0,0
7701,11,,,,0,0,0,0,0
7701,12,,,,0,0,0,0,0
7701,13,,,,0,0,0,0,0
7701,14,,,,0,0,0,0,0
7701,15,,,,0,0,0,0,0
7702,11,,,,0,0,0,0,0
7702,12,,,,0,0,0,0,0
7702,13,,,,0,0,0,0,0
7702,14,,,,0,0,0,0,0
7702,15,,,,0,0,0,0,0
7703,11,,,,0,0,0,0,0
7703,12,,,,0,0,0,0,0
7703,13,,,,0,0,0,0,0
7703,14,,,,0,0,0,0,0
7703,15,,,,0,0,0,0,0
7704,11,,,,0,0,0,0,0
7704,12,,,,0,0,0,0,0
7704,13,,,,0,0,0,0,0
7704,14,,,,0,0,0,0,0
7704,15,,,,0,0,0,0,0
7705,11,,,,0,0,0,0,0
7705,12,,,,0,0,0,0,0
7705,13,,,,0,0,0,0,0
7705,14,,,,0,0,0,0,0
7705,15,,,,0,0,0,0,0
7706,11,,,,0,0,0,0,0
7706,12,,,,0,0,0,0,0
7706,13,,,,0,0,0,0,0
7706,14,,,,0,0,0,0,0
7706,15,,,,0,0,0,0,0
7707,11,,,,0,0,0,0,0
7707,12,,,,0,0,0,0,0
7707,13,,,,0,0,0,0,0
7707,14,,,,0,0,0,0,0
7707,15,,,,0,0,0,0,0
7708,11,,,,0,0,0,0,0
7708,12,,,,0,0,0,0,0
7708,13,,,,0,0,0,0,0
7708,14,,,,0,0,0,0,0
7708,15,,,,0,0,0,0,0
7709,11,,,,0,0,0,0,0
7709,12,,,,0,0,0,0,0
7709,13,,,,0,0,0,0,0
7709,14,,,,0,0,0,0,0
7709,15,,,,0,0,0,0,0
7710,11,,,,0,0,0,0,0
7710,12,,,,0,0,0,0,0
7710,13,,,,0,0,0,0,0
7710,14,,,,0,0,0,0,0
7710,15,,,,0,0,0,0,0
7711,11,,,,0,0,0,0,0
7711,12,,,,0,0,0,0,0
7711,13,,,,0,0,0,0,0
7711,14,,,,0,0,0,0,0
7711,15,,,,0,0,0,0,0
7712,11,,,,0,0,0,0,0
7712,12,,,,0,0,0,0,0
7712,13,,,,0,0,0,0,0
7712,14,,,,0,0,0,0,0
7712,15,,,,0,0,0,0,0
7713,11,,,,0,0,0,0,0
7713,12,,,,0,0,0,0,0
7713,13,,,,0,0,0,0,0
7713,14,,,,0,0,0,0,0
7713,15,,,,0,0,0,0,0
7714,11,,,,0,0,0,0,0
7714,12,,,,0,0,0,0,0
7714,13,,,,0,0,0,0,0
7714,14,,,,0,0,0,0,0
7714,15,,,,0,0,0,0,0
7715,11,,,,0,0,0,0,0
7715,12,,,,0,0,0,0,0
7715,13,,,,0,0,0,0,0
7715,14,,,,0,0,0,0,0
7715,15,,,,0,0,0,0,0
7716,11,,,,0,0,0,0,0
7716,12,,,,0,0,0,0,0
7716,13,,,,0,0,0,0,0
7716,14,,,,0,0,0,0,0
7716,15,,,,0,0,0,0,0
7717,11,,,,0,0,0,0,0
7717,12,,,,0,0,0,0,0
7717,13,,,,0,0,0,0,0
7717,14,,,,0,0,0,0,0
7717,15,,,,0,0,0,0,0
7718,11,,,,0,0,0,0,0
7718,12,,,,0,0,0,0,0
7718,13,,,,0,0,0,0,0
7718,14,,,,0,0,0,0,0
7718,15,,,,0,0,0,0,0
7719,11,,,,0,0,0,0,0
7719,12,,,,0,0,0,0,0
7719,13,,,,0,0,0,0,0
7719,14,,,,0,0,0,0,0
7719,15,,,,0,0,0,0,0
7720,11,,,,0,0,0,0,0
7720,12,,,,0,0,0,0,0
7720,13,,,,0,0,0,0,0
7720,14,,,,0,0,0,0,0
7720,15,,,,0,0,0,0,0
7721,11,,,,0,0,0,0,0
7721,12,,,,0,0,0,0,0
7721,13,,,,0,0,0,0,0
7721,14,,,,0,0,0,0,0
7721,15,,,,0,0,0,0,0
7722,11,,,,0,0,0,0,0
7722,12,,,,0,0,0,0,0
7722,13,,,,0,0,0,0,0
7722,14,,,,0,0,0,0,0
7722,15,,,,0,0,0,0,0
7723,11,,,,0,0,0,0,0
7723,12,,,,0,0,0,0,0
7723,13,,,,0,0,0,0,0
7723,14,,,,0,0,0,0,0
7723,15,,,,0,0,0,0,0
7724,11,,,,0,0,0,0,0
7724,12,,,,0,0,0,0,0
7724,13,,,,0,0,0,0,0
7724,14,,,,0,0,0,0,0
7724,15,,,,0,0,0,0,0
7725,11,,,,0,0,0,0,0
7725,12,,,,0,0,0,0,0
7725,13,,,,0,0,0,0,0
7725,14,,,,0,0,0,0,0
7725,15,,,,0,0,0,0,0
7726,11,,,,0,0,0,0,0
7726,12,,,,0,0,0,0,0
7726,13,,,,0,0,0,0,0
7726,14,,,,0,0,0,0,0
7726,15,,,,0,0,0,0,0
7727,11,,,,0,0,0,0,0
7727,12,,,,0,0,0,0,0
7727,13,,,,0,0,0,0,0
7727,14,,,,0,0,0,0,0
7727,15,,,,0,0,0,0,0
7728,11,,,,0,0,0,0,0
7728,12,,,,0,0,0,0,0
7728,13,,,,0,0,0,0,0
7728,14,,,,0,0,0,0,0
7728,15,,,,0,0,0,0,0
7729,11,,,,0,0,0,0,0
7729,12,,,,0,0,0,0,0
7729,13,,,,0,0,0,0,0
7729,14,,,,0,0,0,0,0
7729,15,,,,0,0,0,0,0
7730,11,,,,0,0,0,0,0
7730,12,,,,0,0,0,0,0
7730,13,,,,0,0,0,0,0
7730,14,,,,0,0,0,0,0
7730,15,,,,0,0,0,0,0
7731,11,,,,0,0,0,0,0
7731,12,,,,0,0,0,0,0
7731,13,,,,0,0,0,0,0
7731,14,,,,0,0,0,0,0
7731,15,,,,0,0,0,0,0
7732,11,,,,0,0,0,0,0
7732,12,,,,0,0,0,0,0
7732,13,,,,0,0,0,0,0
7732,14,,,,0,0,0,0,0
7732,15,,,,0,0,0,0,0
7733,11,,,,0,0,0,0,0
7733,12,,,,0,0,0,0,0
7733,13,,,,0,0,0,0,0
7733,14,,,,0,0,0,0,0
7733,15,,,,0,0,0,0,0
7734,11,,,,0,0,0,0,0
7734,12,,,,0,0,0,0,0
7734,13,,,,0,0,0,0,0
7734,14,,,,0,0,0,0,0
7734,15,,,,0,0,0,0,0
7735,11,,,,0,0,0,0,0
7735,12,,,,0,0,0,0,0
7735,13,,,,0,0,0,0,0
7735,14,,,,0,0,0,0,0
7735,15,,,,0,0,0,0,0
7736,11,,,,0,0,0,0,0
7736,12,,,,0,0,0,0,0
7736,13,,,,0,0,0,0,0
7736,14,,,,0,0,0,0,0
7736,15,,,,0,0,0,0,0
7737,11,,,,0,0,0,0,0
7737,12,,,,0,0,0,0,0
7737,13,,,,0,0,0,0,0
7737,14,,,,0,0,0,0,0
7737,15,,,,0,0,0,0,0
7738,11,,,,0,0,0,0,0
7738,12,,,,0,0,0,0,0
7738,13,,,,0,0,0,0,0
7738,14,,,,0,0,0,0,0
7738,15,,,,0,0,0,0,0
7739,11,,,,0,0,0,0,0
7739,12,,,,0,0,0,0,0
7739,13,,,,0,0,0,0,0
7739,14,,,,0,0,0,0,0
7739,15,,,,0,0,0,0,0
7740,11,,,,0,0,0,0,0
7740,12,,,,0,0,0,0,0
7740,13,,,,0,0,0,0,0
7740,14,,,,0,0,0,0,0
7740,15,,,,0,0,0,0,0
7741,11,,,,0,0,0,0,0
7741,12,,,,0,0,0,0,0
7741,13,,,,0,0,0,0,0
7741,14,,,,0,0,0,0,0
7741,15,,,,0,0,0,0,0
7742,11,,,,0,0,0,0,0
7742,12,,,,0,0,0,0,0
7742,13,,,,0,0,0,0,0
7742,14,,,,0,0,0,0,0
7742,15,,,,0,0,0,0,0
7743,11,,,,0,0,0,0,0
7743,12,,,,0,0,0,0,0
7743,13,,,,0,0,0,0,0
7743,14,,,,0,0,0,0,0
7743,15,,,,0,0,0,0,0
7744,11,,,,0,0,0,0,0
7744,12,,,,0,0,0,0,0
7744,13,,,,0,0,0,0,0
7744,14,,,,0,0,0,0,0
7744,15,,,,0,0,0,0,0
7745,11,,,,0,0,0,0,0
7745,12,,,,0,0,0,0,0
7745,13,,,,0,0,0,0,0
7745,14,,,,0,0,0,0,0
7745,15,,,,0,0,0,0,0
7746,11,,,,0,0,0,0,0
7746,12,,,,0,0,0,0,0
7746,13,,,,0,0,0,0,0
7746,14,,,,0,0,0,0,0
7746,15,,,,0,0,0,0,0
7747,11,,,,0,0,0,0,0
7747,12,,,,0,0,0,0,0
7747,13,,,,0,0,0,0,0
7747,14,,,,0,0,0,0,0
7747,15,,,,0,0,0,0,0
7748,11,,,,0,0,0,0,0
7748,12,,,,0,0,0,0,0
7748,13,,,,0,0,0,0,0
7748,14,,,,0,0,0,0,0
7748,15,,,,0,0,0,0,0
7749,11,,,,0,0,0,0,0
7749,12,,,,0,0,0,0,0
7749,13,,,,0,0,0,0,0
7749,14,,,,0,0,0,0,0
7749,15,,,,0,0,0,0,0
7750,11,,,,0,0,0,0,0
7750,12,,,,0,0,0,0,0
7750,13,,,,0,0,0,0,0
7750,14,,,,0,0,0,0,0
7750,15,,,,0,0,0,0,0
7751,11,,,,0,0,0,0,0
7751,12,,,,0,0,0,0,0
7751,13,,,,0,0,0,0,0
7751,14,,,,0,0,0,0,0
7751,15,,,,0,0,0,0,0
7752,11,,,,0,0,0,0,0
7752,12,,,,0,0,0,0,0
7752,13,,,,0,0,0,0,0
7752,14,,,,0,0,0,0,0
7752,15,,,,0,0,0,0,0
7753,11,,,,0,0,0,0,0
7753,12,,,,0,0,0,0,0
7753,13,,,,0,0,0,0,0
7753,14,,,,0,0,0,0,0
7753,15,,,,0,0,0,0,0
7754,11,,,,0,0,0,0,0
7754,12,,,,0,0,0,0,0
7754,13,,,,0,0,0,0,0
7754,14,,,,0,0,0,0,0
7754,15,,,,0,0,0,0,0
7755,11,,,,0,0,0,0,0
7755,12,,,,0,0,0,0,0
7755,13,,,,0,0,0,0,0
7755,14,,,,0,0,0,0,0
7755,15,,,,0,0,0,0,0
7756,11,,,,0,0,0,0,0
7756,12,,,,0,0,0,0,0
7756,13,,,,0,0,0,0,0
7756,14,,,,0,0,0,0,0
7756,15,,,,0,0,0,0,0
7757,11,,,,0,0,0,0,0
7757,12,,,,0,0,0,0,0
7757,13,,,,0,0,0,0,0
7757,14,,,,0,0,0,0,0
7757,15,,,,0,0,0,0,0
7758,11,,,,0,0,0,0,0
7758,12,,,,0,0,0,0,0
7758,13,,,,0,0,0,0,0
7758,14,,,,0,0,0,0,0
7758,15,,,,0,0,0,0,0
7759,11,,,,0,0,0,0,0
7759,12,,,,0,0,0,0,0
7759,13,,,,0,0,0,0,0
7759,14,,,,0,0,0,0,0
7759,15,,,,0,0,0,0,0
7760,11,,,,0,0,0,0,0
7760,12,,,,0,0,0,0,0
7760,13,,,,0,0,0,0,0
7760,14,,,,0,0,0,0,0
7760,15,,,,0,0,0,0,0
7761,11,,,,0,0,0,0,0
7761,12,,,,0,0,0,0,0
7761,13,,,,0,0,0,0,0
7761,14,,,,0,0,0,0,0
7761,15,,,,0,0,0,0,0
7762,11,,,,0,0,0,0,0
7762,12,,,,0,0,0,0,0
7762,13,,,,0,0,0,0,0
7762,14,,,,0,0,0,0,0
7762,15,,,,0,0,0,0,0
7763,11,,,,0,0,0,0,0
7763,12,,,,0,0,0,0,0
7763,13,,,,0,0,0,0,0
7763,14,,,,0,0,0,0,0
7763,15,,,,0,0,0,0,0
7764,11,,,,0,0,0,0,0
7764,12,,,,0,0,0,0,0
7764,13,,,,0,0,0,0,0
7764,14,,,,0,0,0,0,0
7764,15,,,,0,0,0,0,0
7765,11,,,,0,0,0,0,0
7765,12,,,,0,0,0,0,0
7765,13,,,,0,0,0,0,0
7765,14,,,,0,0,0,0,0
7765,15,,,,0,0,0,0,0
7766,11,,,,0,0,0,0,0
7766,12,,,,0,0,0,0,0
7766,13,,,,0,0,0,0,0
7766,14,,,,0,0,0,0,0
7766,15,,,,0,0,0,0,0
7767,11,,,,0,0,0,0,0
7767,12,,,,0,0,0,0,0
7767,13,,,,0,0,0,0,0
7767,14,,,,0,0,0,0,0
7767,15,,,,0,0,0,0,0
7768,11,,,,0,0,0,0,0
7768,12,,,,0,0,0,0,0
7768,13,,,,0,0,0,0,0
7768,14,,,,0,0,0,0,0
7768,15,,,,0,0,0,0,0
7769,11,,,,0,0,0,0,0
7769,12,,,,0,0,0,0,0
7769,13,,,,0,0,0,0,0
7769,14,,,,0,0,0,0,0
7769,15,,,,0,0,0,0,0
7770,11,,,,0,0,0,0,0
7770,12,,,,0,0,0,0,0
7770,13,,,,0,0,0,0,0
7770,14,,,,0,0,0,0,0
7770,15,,,,0,0,0,0,0
7771,11,,,,0,0,0,0,0
7771,12,,,,0,0,0,0,0
7771,13,,,,0,0,0,0,0
7771,14,,,,0,0,0,0,0
7771,15,,,,0,0,0,0,0
7772,11,,,,0,0,0,0,0
7772,12,,,,0,0,0,0,0
7772,13,,,,0,0,0,0,0
7772,14,,,,0,0,0,0,0
7772,15,,,,0,0,0,0,0
7773,11,,,,0,0,0,0,0
7773,12,,,,0,0,0,0,0
7773,13,,,,0,0,0,0,0
7773,14,,,,0,0,0,0,0
7773,15,,,,0,0,0,0,0
7774,11,,,,0,0,0,0,0
7774,12,,,,0,0,0,0,0
7774,13,,,,0,0,0,0,0
7774,14,,,,0,0,0,0,0
7774,15,,,,0,0,0,0,0
7775,11,,,,0,0,0,0,0
7775,12,,,,0,0,0,0,0
7775,13,,,,0,0,0,0,0
7775,14,,,,0,0,0,0,0
7775,15,,,,0,0,0,0,0
7776,11,,,,0,0,0,0,0
7776,12,,,,0,0,0,0,0
7776,13,,,,0,0,0,0,0
7776,14,,,,0,0,0,0,0
7776,15,,,,0,0,0,0,0
7777,11,,,,0,0,0,0,0
7777,12,,,,0,0,0,0,0
7777,13,,,,0,0,0,0,0
7777,14,,,,0,0,0,0,0
7777,15,,,,0,0,0,0,0
7778,11,,,,0,0,0,0,0
7778,12,,,,0,0,0,0,0
7778,13,,,,0,0,0,0,0
7778,14,,,,0,0,0,0,0
7778,15,,,,0,0,0,0,0
7779,11,,,,0,0,0,0,0
7779,12,,,,0,0,0,0,0
7779,13,,,,0,0,0,0,0
7779,14,,,,0,0,0,0,0
7779,15,,,,0,0,0,0,0
7780,11,,,,0,0,0,0,0
7780,12,,,,0,0,0,0,0
7780,13,,,,0,0,0,0,0
7780,14,,,,0,0,0,0,0
7780,15,,,,0,0,0,0,0
7781,11,,,,0,0,0,0,0
7781,12,,,,0,0,0,0,0
7781,13,,,,0,0,0,0,0
7781,14,,,,0,0,0,0,0
7781,15,,,,0,0,0,0,0
7782,11,,,,0,0,0,0,0
7782,12,,,,0,0,0,0,0
7782,13,,,,0,0,0,0,0
7782,14,,,,0,0,0,0,0
7782,15,,,,0,0,0,0,0
7783,11,,,,0,0,0,0,0
7783,12,,,,0,0,0,0,0
7783,13,,,,0,0,0,0,0
7783,14,,,,0,0,0,0,0
7783,15,,,,0,0,0,0,0
7784,11,,,,0,0,0,0,0
7784,12,,,,0,0,0,0,0
7784,13,,,,0,0,0,0,0
7784,14,,,,0,0,0,0,0
7784,15,,,,0,0,0,0,0
7785,11,,,,0,0,0,0,0
7785,12,,,,0,0,0,0,0
7785,13,,,,0,0,0,0,0
7785,14,,,,0,0,0,0,0
7785,15,,,,0,0,0,0,0
7786,11,,,,0,0,0,0,0
7786,12,,,,0,0,0,0,0
7786,13,,,,0,0,0,0,0
7786,14,,,,0,0,0,0,0
7786,15,,,,0,0,0,0,0
7787,11,,,,0,0,0,0,0
7787,12,,,,0,0,0,0,0
7787,13,,,,0,0,0,0,0
7787,14,,,,0,0,0,0,0
7787,15,,,,0,0,0,0,0
7788,11,,,,0,0,0,0,0
7788,12,,,,0,0,0,0,0
7788,13,,,,0,0,0,0,0
7788,14,,,,0,0,0,0,0
7788,15,,,,0,0,0,0,0
7789,11,,,,0,0,0,0,0
7789,12,,,,0,0,0,0,0
7789,13,,,,0,0,0,0,0
7789,14,,,,0,0,0,0,0
7789,15,,,,0,0,0,0,0
7790,11,,,,0,0,0,0,0
7790,12,,,,0,0,0,0,0
7790,13,,,,0,0,0,0,0
7790,14,,,,0,0,0,0,0
7790,15,,,,0,0,0,0,0
7791,11,,,,0,0,0,0,0
7791,12,,,,0,0,0,0,0
7791,13,,,,0,0,0,0,0
7791,14,,,,0,0,0,0,0
7791,15,,,,0,0,0,0,0
7792,11,,,,0,0,0,0,0
7792,12,,,,0,0,0,0,0
7792,13,,,,0,0,0,0,0
7792,14,,,,0,0,0,0,0
7792,15,,,,0,0,0,0,0
7793,11,,,,0,0,0,0,0
7793,12,,,,0,0,0,0,0
7793,13,,,,0,0,0,0,0
7793,14,,,,0,0,0,0,0
7793,15,,,,0,0,0,0,0
7794,11,,,,0,0,0,0,0
7794,12,,,,0,0,0,0,0
7794,13,,,,0,0,0,0,0
7794,14,,,,0,0,0,0,0
7794,15,,,,0,0,0,0,0
7795,11,,,,0,0,0,0,0
7795,12,,,,0,0,0,0,0
7795,13,,,,0,0,0,0,0
7795,14,,,,0,0,0,0,0
7795,15,,,,0,0,0,0,0
7796,11,,,,0,0,0,0,0
7796,12,,,,0,0,0,0,0
7796,13,,,,0,0,0,0,0
7796,14,,,,0,0,0,0,0
7796,15,,,,0,0,0,0,0
7797,11,,,,0,0,0,0,0
7797,12,,,,0,0,0,0,0
7797,13,,,,0,0,0,0,0
7797,14,,,,0,0,0,0,0
7797,15,,,,0,0,0,0,0
7798,11,,,,0,0,0,0,0
7798,12,,,,0,0,0,0,0
7798,13,,,,0,0,0,0,0
7798,14,,,,0,0,0,0,0
7798,15,,,,0,0,0,0,0
7799,11,,,,0,0,0,0,0
7799,12,,,,0,0,0,0,0
7799,13,,,,0,0,0,0,0
7799,14,,,,0,0,0,0,0
7799,15,,,,0,0,0,0,0
7800,11,,,,0,0,0,0,0
7800,12,,,,0,0,0,0,0
7800,13,,,,0,0,0,0,0
7800,14,,,,0,0,0,0,0
7800,15,,,,0,0,0,0,0
7801,11,,,,0,0,0,0,0
7801,12,,,,0,0,0,0,0
7801,13,,,,0,0,0,0,0
7801,14,,,,0,0,0,0,0
7801,15,,,,0,0,0,0,0
7802,11,,,,0,0,0,0,0
7802,12,,,,0,0,0,0,0
7802,13,,,,0,0,0,0,0
7802,14,,,,0,0,0,0,0
7802,15,,,,0,0,0,0,0
7803,11,,,,0,0,0,0,0
7803,12,,,,0,0,0,0,0
7803,13,,,,0,0,0,0,0
7803,14,,,,0,0,0,0,0
7803,15,,,,0,0,0,0,0
7804,11,,,,0,0,0,0,0
7804,12,,,,0,0,0,0,0
7804,13,,,,0,0,0,0,0
7804,14,,,,0,0,0,0,0
7804,15,,,,0,0,0,0,0
7805,11,,,,0,0,0,0,0
7805,12,,,,0,0,0,0,0
7805,13,,,,0,0,0,0,0
7805,14,,,,0,0,0,0,0
7805,15,,,,0,0,0,0,0
7806,11,,,,0,0,0,0,0
7806,12,,,,0,0,0,0,0
7806,13,,,,0,0,0,0,0
7806,14,,,,0,0,0,0,0
7806,15,,,,0,0,0,0,0
7807,11,,,,0,0,0,0,0
7807,12,,,,0,0,0,0,0
7807,13,,,,0,0,0,0,0
7807,14,,,,0,0,0,0,0
7807,15,,,,0,0,0,0,0
7808,11,,,,0,0,0,0,0
7808,12,,,,0,0,0,0,0
7808,13,,,,0,0,0,0,0
7808,14,,,,0,0,0,0,0
7808,15,,,,0,0,0,0,0
7809,11,,,,0,0,0,0,0
7809,12,,,,0,0,0,0,0
7809,13,,,,0,0,0,0,0
7809,14,,,,0,0,0,0,0
7809,15,,,,0,0,0,0,0
7810,11,,,,0,0,0,0,0
7810,12,,,,0,0,0,0,0
7810,13,,,,0,0,0,0,0
7810,14,,,,0,0,0,0,0
7810,15,,,,0,0,0,0,0
7811,11,,,,0,0,0,0,0
7811,12,,,,0,0,0,0,0
7811,13,,,,0,0,0,0,0
7811,14,,,,0,0,0,0,0
7811,15,,,,0,0,0,0,0
7812,11,,,,0,0,0,0,0
7812,12,,,,0,0,0,0,0
7812,13,,,,0,0,0,0,0
7812,14,,,,0,0,0,0,0
7812,15,,,,0,0,0,0,0
7813,11,,,,0,0,0,0,0
7813,12,,,,0,0,0,0,0
7813,13,,,,0,0,0,0,0
7813,14,,,,0,0,0,0,0
7813,15,,,,0,0,0,0,0
7814,11,,,,0,0,0,0,0
7814,12,,,,0,0,0,0,0
7814,13,,,,0,0,0,0,0
7814,14,,,,0,0,0,0,0
7814,15,,,,0,0,0,0,0
7815,11,,,,0,0,0,0,0
7815,12,,,,0,0,0,0,0
7815,13,,,,0,0,0,0,0
7815,14,,,,0,0,0,0,0
7815,15,,,,0,0,0,0,0
7816,11,,,,0,0,0,0,0
7816,12,,,,0,0,0,0,0
7816,13,,,,0,0,0,0,0
7816,14,,,,0,0,0,0,0
7816,15,,,,0,0,0,0,0
7817,11,,,,0,0,0,0,0
7817,12,,,,0,0,0,0,0
7817,13,,,,0,0,0,0,0
7817,14,,,,0,0,0,0,0
7817,15,,,,0,0,0,0,0
7818,11,,,,0,0,0,0,0
7818,12,,,,0,0,0,0,0
7818,13,,,,0,0,0,0,0
7818,14,,,,0,0,0,0,0
7818,15,,,,0,0,0,0,0
7819,11,,,,0,0,0,0,0
7819,12,,,,0,0,0,0,0
7819,13,,,,0,0,0,0,0
7819,14,,,,0,0,0,0,0
7819,15,,,,0,0,0,0,0
7820,11,,,,0,0,0,0,0
7820,12,,,,0,0,0,0,0
7820,13,,,,0,0,0,0,0
7820,14,,,,0,0,0,0,0
7820,15,,,,0,0,0,0,0
7821,11,,,,0,0,0,0,0
7821,12,,,,0,0,0,0,0
7821,13,,,,0,0,0,0,0
7821,14,,,,0,0,0,0,0
7821,15,,,,0,0,0,0,0
7822,11,,,,0,0,0,0,0
7822,12,,,,0,0,0,0,0
7822,13,,,,0,0,0,0,0
7822,14,,,,0,0,0,0,0
7822,15,,,,0,0,0,0,0
7823,11,,,,0,0,0,0,0
7823,12,,,,0,0,0,0,0
7823,13,,,,0,0,0,0,0
7823,14,,,,0,0,0,0,0
7823,15,,,,0,0,0,0,0
7824,11,,,,0,0,0,0,0
7824,12,,,,0,0,0,0,0
7824,13,,,,0,0,0,0,0
7824,14,,,,0,0,0,0,0
7824,15,,,,0,0,0,0,0
7825,11,,,,0,0,0,0,0
7825,12,,,,0,0,0,0,0
7825,13,,,,0,0,0,0,0
7825,14,,,,0,0,0,0,0
7825,15,,,,0,0,0,0,0
7826,11,,,,0,0,0,0,0
7826,12,,,,0,0,0,0,0
7826,13,,,,0,0,0,0,0
7826,14,,,,0,0,0,0,0
7826,15,,,,0,0,0,0,0
7827,11,,,,0,0,0,0,0
7827,12,,,,0,0,0,0,0
7827,13,,,,0,0,0,0,0
7827,14,,,,0,0,0,0,0
7827,15,,,,0,0,0,0,0
7828,11,,,,0,0,0,0,0
7828,12,,,,0,0,0,0,0
7828,13,,,,0,0,0,0,0
7828,14,,,,0,0,0,0,0
7828,15,,,,0,0,0,0,0
7829,11,,,,0,0,0,0,0
7829,12,,,,0,0,0,0,0
7829,13,,,,0,0,0,0,0
7829,14,,,,0,0,0,0,0
7829,15,,,,0,0,0,0,0
7830,11,,,,0,0,0,0,0
7830,12,,,,0,0,0,0,0
7830,13,,,,0,0,0,0,0
7830,14,,,,0,0,0,0,0
7830,15,,,,0,0,0,0,0
7831,11,,,,0,0,0,0,0
7831,12,,,,0,0,0,0,0
7831,13,,,,0,0,0,0,0
7831,14,,,,0,0,0,0,0
7831,15,,,,0,0,0,0,0
7832,11,,,,0,0,0,0,0
7832,12,,,,0,0,0,0,0
7832,13,,,,0,0,0,0,0
7832,14,,,,0,0,0,0,0
7832,15,,,,0,0,0,0,0
7833,11,,,,0,0,0,0,0
7833,12,,,,0,0,0,0,0
7833,13,,,,0,0,0,0,0
7833,14,,,,0,0,0,0,0
7833,15,,,,0,0,0,0,0
7834,11,,,,0,0,0,0,0
7834,12,,,,0,0,0,0,0
7834,13,,,,0,0,0,0,0
7834,14,,,,0,0,0,0,0
7834,15,,,,0,0,0,0,0
7835,11,,,,0,0,0,0,0
7835,12,,,,0,0,0,0,0
7835,13,,,,0,0,0,0,0
7835,14,,,,0,0,0,0,0
7835,15,,,,0,0,0,0,0
7836,11,,,,0,0,0,0,0
7836,12,,,,0,0,0,0,0
7836,13,,,,0,0,0,0,0
7836,14,,,,0,0,0,0,0
7836,15,,,,0,0,0,0,0
7837,11,,,,0,0,0,0,0
7837,12,,,,0,0,0,0,0
7837,13,,,,0,0,0,0,0
7837,14,,,,0,0,0,0,0
7837,15,,,,0,0,0,0,0
7838,11,,,,0,0,0,0,0
7838,12,,,,0,0,0,0,0
7838,13,,,,0,0,0,0,0
7838,14,,,,0,0,0,0,0
7838,15,,,,0,0,0,0,0
7839,11,,,,0,0,0,0,0
7839,12,,,,0,0,0,0,0
7839,13,,,,0,0,0,0,0
7839,14,,,,0,0,0,0,0
7839,15,,,,0,0,0,0,0
7840,11,,,,0,0,0,0,0
7840,12,,,,0,0,0,0,0
7840,13,,,,0,0,0,0,0
7840,14,,,,0,0,0,0,0
7840,15,,,,0,0,0,0,0
7841,11,,,,0,0,0,0,0
7841,12,,,,0,0,0,0,0
7841,13,,,,0,0,0,0,0
7841,14,,,,0,0,0,0,0
7841,15,,,,0,0,0,0,0
7842,11,,,,0,0,0,0,0
7842,12,,,,0,0,0,0,0
7842,13,,,,0,0,0,0,0
7842,14,,,,0,0,0,0,0
7842,15,,,,0,0,0,0,0
7843,11,,,,0,0,0,0,0
7843,12,,,,0,0,0,0,0
7843,13,,,,0,0,0,0,0
7843,14,,,,0,0,0,0,0
7843,15,,,,0,0,0,0,0
7844,11,,,,0,0,0,0,0
7844,12,,,,0,0,0,0,0
7844,13,,,,0,0,0,0,0
7844,14,,,,0,0,0,0,0
7844,15,,,,0,0,0,0,0
7845,11,,,,0,0,0,0,0
7845,12,,,,0,0,0,0,0
7845,13,,,,0,0,0,0,0
7845,14,,,,0,0,0,0,0
7845,15,,,,0,0,0,0,0
7846,11,,,,0,0,0,0,0
7846,12,,,,0,0,0,0,0
7846,13,,,,0,0,0,0,0
7846,14,,,,0,0,0,0,0
7846,15,,,,0,0,0,0,0
7847,11,,,,0,0,0,0,0
7847,12,,,,0,0,0,0,0
7847,13,,,,0,0,0,0,0
7847,14,,,,0,0,0,0,0
7847,15,,,,0,0,0,0,0
7848,11,,,,0,0,0,0,0
7848,12,,,,0,0,0,0,0
7848,13,,,,0,0,0,0,0
7848,14,,,,0,0,0,0,0
7848,15,,,,0,0,0,0,0
7849,11,,,,0,0,0,0,0
7849,12,,,,0,0,0,0,0
7849,13,,,,0,0,0,0,0
7849,14,,,,0,0,0,0,0
7849,15,,,,0,0,0,0,0
7850,11,,,,0,0,0,0,0
7850,12,,,,0,0,0,0,0
7850,13,,,,0,0,0,0,0
7850,14,,,,0,0,0,0,0
7850,15,,,,0,0,0,0,0
7851,11,,,,0,0,0,0,0
7851,12,,,,0,0,0,0,0
7851,13,,,,0,0,0,0,0
7851,14,,,,0,0,0,0,0
7851,15,,,,0,0,0,0,0
7852,11,,,,0,0,0,0,0
7852,12,,,,0,0,0,0,0
7852,13,,,,0,0,0,0,0
7852,14,,,,0,0,0,0,0
7852,15,,,,0,0,0,0,0
7853,11,,,,0,0,0,0,0
7853,12,,,,0,0,0,0,0
7853,13,,,,0,0,0,0,0
7853,14,,,,0,0,0,0,0
7853,15,,,,0,0,0,0,0
7854,11,,,,0,0,0,0,0
7854,12,,,,0,0,0,0,0
7854,13,,,,0,0,0,0,0
7854,14,,,,0,0,0,0,0
7854,15,,,,0,0,0,0,0
7855,11,,,,0,0,0,0,0
7855,12,,,,0,0,0,0,0
7855,13,,,,0,0,0,0,0
7855,14,,,,0,0,0,0,0
7855,15,,,,0,0,0,0,0
7856,11,,,,0,0,0,0,0
7856,12,,,,0,0,0,0,0
7856,13,,,,0,0,0,0,0
7856,14,,,,0,0,0,0,0
7856,15,,,,0,0,0,0,0
7857,11,,,,0,0,0,0,0
7857,12,,,,0,0,0,0,0
7857,13,,,,0,0,0,0,0
7857,14,,,,0,0,0,0,0
7857,15,,,,0,0,0,0,0
7858,11,,,,0,0,0,0,0
7858,12,,,,0,0,0,0,0
7858,13,,,,0,0,0,0,0
7858,14,,,,0,0,0,0,0
7858,15,,,,0,0,0,0,0
7859,11,,,,0,0,0,0,0
7859,12,,,,0,0,0,0,0
7859,13,,,,0,0,0,0,0
7859,14,,,,0,0,0,0,0
7859,15,,,,0,0,0,0,0
7860,11,,,,0,0,0,0,0
7860,12,,,,0,0,0,0,0
7860,13,,,,0,0,0,0,0
7860,14,,,,0,0,0,0,0
7860,15,,,,0,0,0,0,0
7861,11,,,,0,0,0,0,0
7861,12,,,,0,0,0,0,0
7861,13,,,,0,0,0,0,0
7861,14,,,,0,0,0,0,0
7861,15,,,,0,0,0,0,0
7862,11,,,,0,0,0,0,0
7862,12,,,,0,0,0,0,0
7862,13,,,,0,0,0,0,0
7862,14,,,,0,0,0,0,0
7862,15,,,,0,0,0,0,0
7863,11,,,,0,0,0,0,0
7863,12,,,,0,0,0,0,0
7863,13,,,,0,0,0,0,0
7863,14,,,,0,0,0,0,0
7863,15,,,,0,0,0,0,0
7864,11,,,,0,0,0,0,0
7864,12,,,,0,0,0,0,0
7864,13,,,,0,0,0,0,0
7864,14,,,,0,0,0,0,0
7864,15,,,,0,0,0,0,0
7865,11,,,,0,0,0,0,0
7865,12,,,,0,0,0,0,0
7865,13,,,,0,0,0,0,0
7865,14,,,,0,0,0,0,0
7865,15,,,,0,0,0,0,0
7866,11,,,,0,0,0,0,0
7866,12,,,,0,0,0,0,0
7866,13,,,,0,0,0,0,0
7866,14,,,,0,0,0,0,0
7866,15,,,,0,0,0,0,0
7867,11,,,,0,0,0,0,0
7867,12,,,,0,0,0,0,0
7867,13,,,,0,0,0,0,0
7867,14,,,,0,0,0,0,0
7867,15,,,,0,0,0,0,0
7868,11,,,,0,0,0,0,0
7868,12,,,,0,0,0,0,0
7868,13,,,,0,0,0,0,0
7868,14,,,,0,0,0,0,0
7868,15,,,,0,0,0,0,0
7869,11,,,,0,0,0,0,0
7869,12,,,,0,0,0,0,0
7869,13,,,,0,0,0,0,0
7869,14,,,,0,0,0,0,0
7869,15,,,,0,0,0,0,0
7870,11,,,,0,0,0,0,0
7870,12,,,,0,0,0,0,0
7870,13,,,,0,0,0,0,0
7870,14,,,,0,0,0,0,0
7870,15,,,,0,0,0,0,0
7871,11,,,,0,0,0,0,0
7871,12,,,,0,0,0,0,0
7871,13,,,,0,0,0,0,0
7871,14,,,,0,0,0,0,0
7871,15,,,,0,0,0,0,0
7872,11,,,,0,0,0,0,0
7872,12,,,,0,0,0,0,0
7872,13,,,,0,0,0,0,0
7872,14,,,,0,0,0,0,0
7872,15,,,,0,0,0,0,0
7873,11,,,,0,0,0,0,0
7873,12,,,,0,0,0,0,0
7873,13,,,,0,0,0,0,0
7873,14,,,,0,0,0,0,0
7873,15,,,,0,0,0,0,0
7874,11,,,,0,0,0,0,0
7874,12,,,,0,0,0,0,0
7874,13,,,,0,0,0,0,0
7874,14,,,,0,0,0,0,0
7874,15,,,,0,0,0,0,0
7875,11,,,,0,0,0,0,0
7875,12,,,,0,0,0,0,0
7875,13,,,,0,0,0,0,0
7875,14,,,,0,0,0,0,0
7875,15,,,,0,0,0,0,0
7876,11,,,,0,0,0,0,0
7876,12,,,,0,0,0,0,0
7876,13,,,,0,0,0,0,0
7876,14,,,,0,0,0,0,0
7876,15,,,,0,0,0,0,0
7877,11,,,,0,0,0,0,0
7877,12,,,,0,0,0,0,0
7877,13,,,,0,0,0,0,0
7877,14,,,,0,0,0,0,0
7877,15,,,,0,0,0,0,0
7878,11,,,,0,0,0,0,0
7878,12,,,,0,0,0,0,0
7878,13,,,,0,0,0,0,0
7878,14,,,,0,0,0,0,0
7878,15,,,,0,0,0,0,0
7879,11,,,,0,0,0,0,0
7879,12,,,,0,0,0,0,0
7879,13,,,,0,0,0,0,0
7879,14,,,,0,0,0,0,0
7879,15,,,,0,0,0,0,0
7880,11,,,,0,0,0,0,0
7880,12,,,,0,0,0,0,0
7880,13,,,,0,0,0,0,0
7880,14,,,,0,0,0,0,0
7880,15,,,,0,0,0,0,0
7881,11,,,,0,0,0,0,0
7881,12,,,,0,0,0,0,0
7881,13,,,,0,0,0,0,0
7881,14,,,,0,0,0,0,0
7881,15,,,,0,0,0,0,0
7882,11,,,,0,0,0,0,0
7882,12,,,,0,0,0,0,0
7882,13,,,,0,0,0,0,0
7882,14,,,,0,0,0,0,0
7882,15,,,,0,0,0,0,0
7883,11,,,,0,0,0,0,0
7883,12,,,,0,0,0,0,0
7883,13,,,,0,0,0,0,0
7883,14,,,,0,0,0,0,0
7883,15,,,,0,0,0,0,0
7884,11,,,,0,0,0,0,0
7884,12,,,,0,0,0,0,0
7884,13,,,,0,0,0,0,0
7884,14,,,,0,0,0,0,0
7884,15,,,,0,0,0,0,0
7885,11,,,,0,0,0,0,0
7885,12,,,,0,0,0,0,0
7885,13,,,,0,0,0,0,0
7885,14,,,,0,0,0,0,0
7885,15,,,,0,0,0,0,0
7886,11,,,,0,0,0,0,0
7886,12,,,,0,0,0,0,0
7886,13,,,,0,0,0,0,0
7886,14,,,,0,0,0,0,0
7886,15,,,,0,0,0,0,0
7887,11,,,,0,0,0,0,0
7887,12,,,,0,0,0,0,0
7887,13,,,,0,0,0,0,0
7887,14,,,,0,0,0,0,0
7887,15,,,,0,0,0,0,0
7888,11,,,,0,0,0,0,0
7888,12,,,,0,0,0,0,0
7888,13,,,,0,0,0,0,0
7888,14,,,,0,0,0,0,0
7888,15,,,,0,0,0,0,0
7889,11,,,,0,0,0,0,0
7889,12,,,,0,0,0,0,0
7889,13,,,,0,0,0,0,0
7889,14,,,,0,0,0,0,0
7889,15,,,,0,0,0,0,0
7890,11,,,,0,0,0,0,0
7890,12,,,,0,0,0,0,0
7890,13,,,,0,0,0,0,0
7890,14,,,,0,0,0,0,0
7890,15,,,,0,0,0,0,0
7891,11,,,,0,0,0,0,0
7891,12,,,,0,0,0,0,0
7891,13,,,,0,0,0,0,0
7891,14,,,,0,0,0,0,0
7891,15,,,,0,0,0,0,0
7892,11,,,,0,0,0,0,0
7892,12,,,,0,0,0,0,0
7892,13,,,,0,0,0,0,0
7892,14,,,,0,0,0,0,0
7892,15,,,,0,0,0,0,0
7893,11,,,,0,0,0,0,0
7893,12,,,,0,0,0,0,0
7893,13,,,,0,0,0,0,0
7893,14,,,,0,0,0,0,0
7893,15,,,,0,0,0,0,0
7894,11,,,,0,0,0,0,0
7894,12,,,,0,0,0,0,0
7894,13,,,,0,0,0,0,0
7894,14,,,,0,0,0,0,0
7894,15,,,,0,0,0,0,0
7895,11,,,,0,0,0,0,0
7895,12,,,,0,0,0,0,0
7895,13,,,,0,0,0,0,0
7895,14,,,,0,0,0,0,0
7895,15,,,,0,0,0,0,0
7896,11,,,,0,0,0,0,0
7896,12,,,,0,0,0,0,0
7896,13,,,,0,0,0,0,0
7896,14,,,,0,0,0,0,0
7896,15,,,,0,0,0,0,0
7897,11,,,,0,0,0,0,0
7897,12,,,,0,0,0,0,0
7897,13,,,,0,0,0,0,0
7897,14,,,,0,0,0,0,0
7897,15,,,,0,0,0,0,0
7898,11,,,,0,0,0,0,0
7898,12,,,,0,0,0,0,0
7898,13,,,,0,0,0,0,0
7898,14,,,,0,0,0,0,0
7898,15,,,,0,0,0,0,0
7899,11,,,,0,0,0,0,0
7899,12,,,,0,0,0,0,0
7899,13,,,,0,0,0,0,0
7899,14,,,,0,0,0,0,0
7899,15,,,,0,0,0,0,0
7900,11,,,,0,0,0,0,0
7900,12,,,,0,0,0,0,0
7900,13,,,,0,0,0,0,0
7900,14,,,,0,0,0,0,0
7900,15,,,,0,0,0,0,0
7901,11,,,,0,0,0,0,0
7901,12,,,,0,0,0,0,0
7901,13,,,,0,0,0,0,0
7901,14,,,,0,0,0,0,0
7901,15,,,,0,0,0,0,0
7902,11,,,,0,0,0,0,0
7902,12,,,,0,0,0,0,0
7902,13,,,,0,0,0,0,0
7902,14,,,,0,0,0,0,0
7902,15,,,,0,0,0,0,0
7903,11,,,,0,0,0,0,0
7903,12,,,,0,0,0,0,0
7903,13,,,,0,0,0,0,0
7903,14,,,,0,0,0,0,0
7903,15,,,,0,0,0,0,0
7904,11,,,,0,0,0,0,0
7904,12,,,,0,0,0,0,0
7904,13,,,,0,0,0,0,0
7904,14,,,,0,0,0,0,0
7904,15,,,,0,0,0,0,0
7905,11,,,,0,0,0,0,0
7905,12,,,,0,0,0,0,0
7905,13,,,,0,0,0,0,0
7905,14,,,,0,0,0,0,0
7905,15,,,,0,0,0,0,0
7906,11,,,,0,0,0,0,0
7906,12,,,,0,0,0,0,0
7906,13,,,,0,0,0,0,0
7906,14,,,,0,0,0,0,0
7906,15,,,,0,0,0,0,0
7907,11,,,,0,0,0,0,0
7907,12,,,,0,0,0,0,0
7907,13,,,,0,0,0,0,0
7907,14,,,,0,0,0,0,0
7907,15,,,,0,0,0,0,0
7908,11,,,,0,0,0,0,0
7908,12,,,,0,0,0,0,0
7908,13,,,,0,0,0,0,0
7908,14,,,,0,0,0,0,0
7908,15,,,,0,0,0,0,0
7909,11,,,,0,0,0,0,0
7909,12,,,,0,0,0,0,0
7909,13,,,,0,0,0,0,0
7909,14,,,,0,0,0,0,0
7909,15,,,,0,0,0,0,0
7910,11,,,,0,0,0,0,0
7910,12,,,,0,0,0,0,0
7910,13,,,,0,0,0,0,0
7910,14,,,,0,0,0,0,0
7910,15,,,,0,0,0,0,0
7911,11,,,,0,0,0,0,0
7911,12,,,,0,0,0,0,0
7911,13,,,,0,0,0,0,0
7911,14,,,,0,0,0,0,0
7911,15,,,,0,0,0,0,0
7912,11,,,,0,0,0,0,0
7912,12,,,,0,0,0,0,0
7912,13,,,,0,0,0,0,0
7912,14,,,,0,0,0,0,0
7912,15,,,,0,0,0,0,0
7913,11,,,,0,0,0,0,0
7913,12,,,,0,0,0,0,0
7913,13,,,,0,0,0,0,0
7913,14,,,,0,0,0,0,0
7913,15,,,,0,0,0,0,0
7914,11,,,,0,0,0,0,0
7914,12,,,,0,0,0,0,0
7914,13,,,,0,0,0,0,0
7914,14,,,,0,0,0,0,0
7914,15,,,,0,0,0,0,0
7915,11,,,,0,0,0,0,0
7915,12,,,,0,0,0,0,0
7915,13,,,,0,0,0,0,0
7915,14,,,,0,0,0,0,0
7915,15,,,,0,0,0,0,0
7916,11,,,,0,0,0,0,0
7916,12,,,,0,0,0,0,0
7916,13,,,,0,0,0,0,0
7916,14,,,,0,0,0,0,0
7916,15,,,,0,0,0,0,0
7917,11,,,,0,0,0,0,0
7917,12,,,,0,0,0,0,0
7917,13,,,,0,0,0,0,0
7917,14,,,,0,0,0,0,0
7917,15,,,,0,0,0,0,0
7918,11,,,,0,0,0,0,0
7918,12,,,,0,0,0,0,0
7918,13,,,,0,0,0,0,0
7918,14,,,,0,0,0,0,0
7918,15,,,,0,0,0,0,0
7919,11,,,,0,0,0,0,0
7919,12,,,,0,0,0,0,0
7919,13,,,,0,0,0,0,0
7919,14,,,,0,0,0,0,0
7919,15,,,,0,0,0,0,0
7920,11,,,,0,0,0,0,0
7920,12,,,,0,0,0,0,0
7920,13,,,,0,0,0,0,0
7920,14,,,,0,0,0,0,0
7920,15,,,,0,0,0,0,0
7921,11,,,,0,0,0,0,0
7921,12,,,,0,0,0,0,0
7921,13,,,,0,0,0,0,0
7921,14,,,,0,0,0,0,0
7921,15,,,,0,0,0,0,0
7922,11,,,,0,0,0,0,0
7922,12,,,,0,0,0,0,0
7922,13,,,,0,0,0,0,0
7922,14,,,,0,0,0,0,0
7922,15,,,,0,0,0,0,0
7923,11,,,,0,0,0,0,0
7923,12,,,,0,0,0,0,0
7923,13,,,,0,0,0,0,0
7923,14,,,,0,0,0,0,0
7923,15,,,,0,0,0,0,0
7924,11,,,,0,0,0,0,0
7924,12,,,,0,0,0,0,0
7924,13,,,,0,0,0,0,0
7924,14,,,,0,0,0,0,0
7924,15,,,,0,0,0,0,0
7925,11,,,,0,0,0,0,0
7925,12,,,,0,0,0,0,0
7925,13,,,,0,0,0,0,0
7925,14,,,,0,0,0,0,0
7925,15,,,,0,0,0,0,0
7926,11,,,,0,0,0,0,0
7926,12,,,,0,0,0,0,0
7926,13,,,,0,0,0,0,0
7926,14,,,,0,0,0,0,0
7926,15,,,,0,0,0,0,0
7927,11,,,,0,0,0,0,0
7927,12,,,,0,0,0,0,0
7927,13,,,,0,0,0,0,0
7927,14,,,,0,0,0,0,0
7927,15,,,,0,0,0,0,0
7928,11,,,,0,0,0,0,0
7928,12,,,,0,0,0,0,0
7928,13,,,,0,0,0,0,0
7928,14,,,,0,0,0,0,0
7928,15,,,,0,0,0,0,0
7929,11,,,,0,0,0,0,0
7929,12,,,,0,0,0,0,0
7929,13,,,,0,0,0,0,0
7929,14,,,,0,0,0,0,0
7929,15,,,,0,0,0,0,0
7930,11,,,,0,0,0,0,0
7930,12,,,,0,0,0,0,0
7930,13,,,,0,0,0,0,0
7930,14,,,,0,0,0,0,0
7930,15,,,,0,0,0,0,0
7931,11,,,,0,0,0,0,0
7931,12,,,,0,0,0,0,0
7931,13,,,,0,0,0,0,0
7931,14,,,,0,0,0,0,0
7931,15,,,,0,0,0,0,0
7932,11,,,,0,0,0,0,0
7932,12,,,,0,0,0,0,0
7932,13,,,,0,0,0,0,0
7932,14,,,,0,0,0,0,0
7932,15,,,,0,0,0,0,0
7933,11,,,,0,0,0,0,0
7933,12,,,,0,0,0,0,0
7933,13,,,,0,0,0,0,0
7933,14,,,,0,0,0,0,0
7933,15,,,,0,0,0,0,0
7934,11,,,,0,0,0,0,0
7934,12,,,,0,0,0,0,0
7934,13,,,,0,0,0,0,0
7934,14,,,,0,0,0,0,0
7934,15,,,,0,0,0,0,0
7935,11,,,,0,0,0,0,0
7935,12,,,,0,0,0,0,0
7935,13,,,,0,0,0,0,0
7935,14,,,,0,0,0,0,0
7935,15,,,,0,0,0,0,0
7936,11,,,,0,0,0,0,0
7936,12,,,,0,0,0,0,0
7936,13,,,,0,0,0,0,0
7936,14,,,,0,0,0,0,0
7936,15,,,,0,0,0,0,0
7937,11,,,,0,0,0,0,0
7937,12,,,,0,0,0,0,0
7937,13,,,,0,0,0,0,0
7937,14,,,,0,0,0,0,0
7937,15,,,,0,0,0,0,0
7938,11,,,,0,0,0,0,0
7938,12,,,,0,0,0,0,0
7938,13,,,,0,0,0,0,0
7938,14,,,,0,0,0,0,0
7938,15,,,,0,0,0,0,0
7939,11,,,,0,0,0,0,0
7939,12,,,,0,0,0,0,0
7939,13,,,,0,0,0,0,0
7939,14,,,,0,0,0,0,0
7939,15,,,,0,0,0,0,0
7940,11,,,,0,0,0,0,0
7940,12,,,,0,0,0,0,0
7940,13,,,,0,0,0,0,0
7940,14,,,,0,0,0,0,0
7940,15,,,,0,0,0,0,0
7941,11,,,,0,0,0,0,0
7941,12,,,,0,0,0,0,0
7941,13,,,,0,0,0,0,0
7941,14,,,,0,0,0,0,0
7941,15,,,,0,0,0,0,0
7942,11,,,,0,0,0,0,0
7942,12,,,,0,0,0,0,0
7942,13,,,,0,0,0,0,0
7942,14,,,,0,0,0,0,0
7942,15,,,,0,0,0,0,0
7943,11,,,,0,0,0,0,0
7943,12,,,,0,0,0,0,0
7943,13,,,,0,0,0,0,0
7943,14,,,,0,0,0,0,0
7943,15,,,,0,0,0,0,0
7944,11,,,,0,0,0,0,0
7944,12,,,,0,0,0,0,0
7944,13,,,,0,0,0,0,0
7944,14,,,,0,0,0,0,0
7944,15,,,,0,0,0,0,0
7945,11,,,,0,0,0,0,0
7945,12,,,,0,0,0,0,0
7945,13,,,,0,0,0,0,0
7945,14,,,,0,0,0,0,0
7945,15,,,,0,0,0,0,0
7946,11,,,,0,0,0,0,0
7946,12,,,,0,0,0,0,0
7946,13,,,,0,0,0,0,0
7946,14,,,,0,0,0,0,0
7946,15,,,,0,0,0,0,0
7947,11,,,,0,0,0,0,0
7947,12,,,,0,0,0,0,0
7947,13,,,,0,0,0,0,0
7947,14,,,,0,0,0,0,0
7947,15,,,,0,0,0,0,0
7948,11,,,,0,0,0,0,0
7948,12,,,,0,0,0,0,0
7948,13,,,,0,0,0,0,0
7948,14,,,,0,0,0,0,0
7948,15,,,,0,0,0,0,0
7949,11,,,,0,0,0,0,0
7949,12,,,,0,0,0,0,0
7949,13,,,,0,0,0,0,0
7949,14,,,,0,0,0,0,0
7949,15,,,,0,0,0,0,0
7950,11,,,,0,0,0,0,0
7950,12,,,,0,0,0,0,0
7950,13,,,,0,0,0,0,0
7950,14,,,,0,0,0,0,0
7950,15,,,,0,0,0,0,0
7951,11,,,,0,0,0,0,0
7951,12,,,,0,0,0,0,0
7951,13,,,,0,0,0,0,0
7951,14,,,,0,0,0,0,0
7951,15,,,,0,0,0,0,0
7952,11,,,,0,0,0,0,0
7952,12,,,,0,0,0,0,0
7952,13,,,,0,0,0,0,0
7952,14,,,,0,0,0,0,0
7952,15,,,,0,0,0,0,0
7953,11,,,,0,0,0,0,0
7953,12,,,,0,0,0,0,0
7953,13,,,,0,0,0,0,0
7953,14,,,,0,0,0,0,0
7953,15,,,,0,0,0,0,0
7954,11,,,,0,0,0,0,0
7954,12,,,,0,0,0,0,0
7954,13,,,,0,0,0,0,0
7954,14,,,,0,0,0,0,0
7954,15,,,,0,0,0,0,0
7955,11,,,,0,0,0,0,0
7955,12,,,,0,0,0,0,0
7955,13,,,,0,0,0,0,0
7955,14,,,,0,0,0,0,0
7955,15,,,,0,0,0,0,0
7956,11,,,,0,0,0,0,0
7956,12,,,,0,0,0,0,0
7956,13,,,,0,0,0,0,0
7956,14,,,,0,0,0,0,0
7956,15,,,,0,0,0,0,0
7957,11,,,,0,0,0,0,0
7957,12,,,,0,0,0,0,0
7957,13,,,,0,0,0,0,0
7957,14,,,,0,0,0,0,0
7957,15,,,,0,0,0,0,0
7958,11,,,,0,0,0,0,0
7958,12,,,,0,0,0,0,0
7958,13,,,,0,0,0,0,0
7958,14,,,,0,0,0,0,0
7958,15,,,,0,0,0,0,0
7959,11,,,,0,0,0,0,0
7959,12,,,,0,0,0,0,0
7959,13,,,,0,0,0,0,0
7959,14,,,,0,0,0,0,0
7959,15,,,,0,0,0,0,0
7960,11,,,,0,0,0,0,0
7960,12,,,,0,0,0,0,0
7960,13,,,,0,0,0,0,0
7960,14,,,,0,0,0,0,0
7960,15,,,,0,0,0,0,0
7961,11,,,,0,0,0,0,0
7961,12,,,,0,0,0,0,0
7961,13,,,,0,0,0,0,0
7961,14,,,,0,0,0,0,0
7961,15,,,,0,0,0,0,0
7962,11,,,,0,0,0,0,0
7962,12,,,,0,0,0,0,0
7962,13,,,,0,0,0,0,0
7962,14,,,,0,0,0,0,0
7962,15,,,,0,0,0,0,0
7963,11,,,,0,0,0,0,0
7963,12,,,,0,0,0,0,0
7963,13,,,,0,0,0,0,0
7963,14,,,,0,0,0,0,0
7963,15,,,,0,0,0,0,0
7964,11,,,,0,0,0,0,0
7964,12,,,,0,0,0,0,0
7964,13,,,,0,0,0,0,0
7964,14,,,,0,0,0,0,0
7964,15,,,,0,0,0,0,0
7965,11,,,,0,0,0,0,0
7965,12,,,,0,0,0,0,0
7965,13,,,,0,0,0,0,0
7965,14,,,,0,0,0,0,0
7965,15,,,,0,0,0,0,0
7966,11,,,,0,0,0,0,0
7966,12,,,,0,0,0,0,0
7966,13,,,,0,0,0,0,0
7966,14,,,,0,0,0,0,0
7966,15,,,,0,0,0,0,0
7967,11,,,,0,0,0,0,0
7967,12,,,,0,0,0,0,0
7967,13,,,,0,0,0,0,0
7967,14,,,,0,0,0,0,0
7967,15,,,,0,0,0,0,0
7968,11,,,,0,0,0,0,0
7968,12,,,,0,0,0,0,0
7968,13,,,,0,0,0,0,0
7968,14,,,,0,0,0,0,0
7968,15,,,,0,0,0,0,0
7969,11,,,,0,0,0,0,0
7969,12,,,,0,0,0,0,0
7969,13,,,,0,0,0,0,0
7969,14,,,,0,0,0,0,0
7969,15,,,,0,0,0,0,0
7970,11,,,,0,0,0,0,0
7970,12,,,,0,0,0,0,0
7970,13,,,,0,0,0,0,0
7970,14,,,,0,0,0,0,0
7970,15,,,,0,0,0,0,0
7971,11,,,,0,0,0,0,0
7971,12,,,,0,0,0,0,0
7971,13,,,,0,0,0,0,0
7971,14,,,,0,0,0,0,0
7971,15,,,,0,0,0,0,0
7972,11,,,,0,0,0,0,0
7972,12,,,,0,0,0,0,0
7972,13,,,,0,0,0,0,0
7972,14,,,,0,0,0,0,0
7972,15,,,,0,0,0,0,0
7973,11,,,,0,0,0,0,0
7973,12,,,,0,0,0,0,0
7973,13,,,,0,0,0,0,0
7973,14,,,,0,0,0,0,0
7973,15,,,,0,0,0,0,0
7974,11,,,,0,0,0,0,0
7974,12,,,,0,0,0,0,0
7974,13,,,,0,0,0,0,0
7974,14,,,,0,0,0,0,0
7974,15,,,,0,0,0,0,0
7975,11,,,,0,0,0,0,0
7975,12,,,,0,0,0,0,0
7975,13,,,,0,0,0,0,0
7975,14,,,,0,0,0,0,0
7975,15,,,,0,0,0,0,0
7976,11,,,,0,0,0,0,0
7976,12,,,,0,0,0,0,0
7976,13,,,,0,0,0,0,0
7976,14,,,,0,0,0,0,0
7976,15,,,,0,0,0,0,0
7977,11,,,,0,0,0,0,0
7977,12,,,,0,0,0,0,0
7977,13,,,,0,0,0,0,0
7977,14,,,,0,0,0,0,0
7977,15,,,,0,0,0,0,0
7978,11,,,,0,0,0,0,0
7978,12,,,,0,0,0,0,0
7978,13,,,,0,0,0,0,0
7978,14,,,,0,0,0,0,0
7978,15,,,,0,0,0,0,0
7979,11,,,,0,0,0,0,0
7979,12,,,,0,0,0,0,0
7979,13,,,,0,0,0,0,0
7979,14,,,,0,0,0,0,0
7979,15,,,,0,0,0,0,0
7980,11,,,,0,0,0,0,0
7980,12,,,,0,0,0,0,0
7980,13,,,,0,0,0,0,0
7980,14,,,,0,0,0,0,0
7980,15,,,,0,0,0,0,0
7981,11,,,,0,0,0,0,0
7981,12,,,,0,0,0,0,0
7981,13,,,,0,0,0,0,0
7981,14,,,,0,0,0,0,0
7981,15,,,,0,0,0,0,0
7982,11,,,,0,0,0,0,0
7982,12,,,,0,0,0,0,0
7982,13,,,,0,0,0,0,0
7982,14,,,,0,0,0,0,0
7982,15,,,,0,0,0,0,0
7983,11,,,,0,0,0,0,0
7983,12,,,,0,0,0,0,0
7983,13,,,,0,0,0,0,0
7983,14,,,,0,0,0,0,0
7983,15,,,,0,0,0,0,0
7984,11,,,,0,0,0,0,0
7984,12,,,,0,0,0,0,0
7984,13,,,,0,0,0,0,0
7984,14,,,,0,0,0,0,0
7984,15,,,,0,0,0,0,0
7985,11,,,,0,0,0,0,0
7985,12,,,,0,0,0,0,0
7985,13,,,,0,0,0,0,0
7985,14,,,,0,0,0,0,0
7985,15,,,,0,0,0,0,0
7986,11,,,,0,0,0,0,0
7986,12,,,,0,0,0,0,0
7986,13,,,,0,0,0,0,0
7986,14,,,,0,0,0,0,0
7986,15,,,,0,0,0,0,0
7987,11,,,,0,0,0,0,0
7987,12,,,,0,0,0,0,0
7987,13,,,,0,0,0,0,0
7987,14,,,,0,0,0,0,0
7987,15,,,,0,0,0,0,0
7988,11,,,,0,0,0,0,0
7988,12,,,,0,0,0,0,0
7988,13,,,,0,0,0,0,0
7988,14,,,,0,0,0,0,0
7988,15,,,,0,0,0,0,0
7989,11,,,,0,0,0,0,0
7989,12,,,,0,0,0,0,0
7989,13,,,,0,0,0,0,0
7989,14,,,,0,0,0,0,0
7989,15,,,,0,0,0,0,0
7990,11,,,,0,0,0,0,0
7990,12,,,,0,0,0,0,0
7990,13,,,,0,0,0,0,0
7990,14,,,,0,0,0,0,0
7990,15,,,,0,0,0,0,0
7991,11,,,,0,0,0,0,0
7991,12,,,,0,0,0,0,0
7991,13,,,,0,0,0,0,0
7991,14,,,,0,0,0,0,0
7991,15,,,,0,0,0,0,0
7992,11,,,,0,0,0,0,0
7992,12,,,,0,0,0,0,0
7992,13,,,,0,0,0,0,0
7992,14,,,,0,0,0,0,0
7992,15,,,,0,0,0,0,0
7993,11,,,,0,0,0,0,0
7993,12,,,,0,0,0,0,0
7993,13,,,,0,0,0,0,0
7993,14,,,,0,0,0,0,0
7993,15,,,,0,0,0,0,0
7994,11,,,,0,0,0,0,0
7994,12,,,,0,0,0,0,0
7994,13,,,,0,0,0,0,0
7994,14,,,,0,0,0,0,0
7994,15,,,,0,0,0,0,0
7995,11,,,,0,0,0,0,0
7995,12,,,,0,0,0,0,0
7995,13,,,,0,0,0,0,0
7995,14,,,,0,0,0,0,0
7995,15,,,,0,0,0,0,0
7996,11,,,,0,0,0,0,0
7996,12,,,,0,0,0,0,0
7996,13,,,,0,0,0,0,0
7996,14,,,,0,0,0,0,0
7996,15,,,,0,0,0,0,0
7997,11,,,,0,0,0,0,0
7997,12,,,,0,0,0,0,0
7997,13,,,,0,0,0,0,0
7997,14,,,,0,0,0,0,0
7997,15,,,,0,0,0,0,0
7998,11,,,,0,0,0,0,0
7998,12,,,,0,0,0,0,0
7998,13,,,,0,0,0,0,0
7998,14,,,,0,0,0,0,0
7998,15,,,,0,0,0,0,0
7999,11,,,,0,0,0,0,0
7999,12,,,,0,0,0,0,0
7999,13,,,,0,0,0,0,0
7999,14,,,,0,0,0,0,0
7999,15,,,,0,0,0,0,0
8000,11,,,,0,0,0,0,0
8000,12,,,,0,0,0,0,0
8000,13,,,,0,0,0,0,0
8000,14,,,,0,0,0,0,0
8000,15,,,,0,0,0,0,0
8001,11,,,,0,0,0,0,0
8001,12,,,,0,0,0,0,0
8001,13,,,,0,0,0,0,0
8001,14,,,,0,0,0,0,0
8001,15,,,,0,0,0,0,0
8002,11,,,,0,0,0,0,0
8002,12,,,,0,0,0,0,0
8002,13,,,,0,0,0,0,0
8002,14,,,,0,0,0,0,0
8002,15,,,,0,0,0,0,0
8003,11,,,,0,0,0,0,0
8003,12,,,,0,0,0,0,0
8003,13,,,,0,0,0,0,0
8003,14,,,,0,0,0,0,0
8003,15,,,,0,0,0,0,0
8004,11,,,,0,0,0,0,0
8004,12,,,,0,0,0,0,0
8004,13,,,,0,0,0,0,0
8004,14,,,,0,0,0,0,0
8004,15,,,,0,0,0,0,0
8005,11,,,,0,0,0,0,0
8005,12,,,,0,0,0,0,0
8005,13,,,,0,0,0,0,0
8005,14,,,,0,0,0,0,0
8005,15,,,,0,0,0,0,0
8006,11,,,,0,0,0,0,0
8006,12,,,,0,0,0,0,0
8006,13,,,,0,0,0,0,0
8006,14,,,,0,0,0,0,0
8006,15,,,,0,0,0,0,0
8007,11,,,,0,0,0,0,0
8007,12,,,,0,0,0,0,0
8007,13,,,,0,0,0,0,0
8007,14,,,,0,0,0,0,0
8007,15,,,,0,0,0,0,0
8008,11,,,,0,0,0,0,0
8008,12,,,,0,0,0,0,0
8008,13,,,,0,0,0,0,0
8008,14,,,,0,0,0,0,0
8008,15,,,,0,0,0,0,0
8009,11,,,,0,0,0,0,0
8009,12,,,,0,0,0,0,0
8009,13,,,,0,0,0,0,0
8009,14,,,,0,0,0,0,0
8009,15,,,,0,0,0,0,0
8010,11,,,,0,0,0,0,0
8010,12,,,,0,0,0,0,0
8010,13,,,,0,0,0,0,0
8010,14,,,,0,0,0,0,0
8010,15,,,,0,0,0,0,0
8011,11,,,,0,0,0,0,0
8011,12,,,,0,0,0,0,0
8011,13,,,,0,0,0,0,0
8011,14,,,,0,0,0,0,0
8011,15,,,,0,0,0,0,0
8012,11,,,,0,0,0,0,0
8012,12,,,,0,0,0,0,0
8012,13,,,,0,0,0,0,0
8012,14,,,,0,0,0,0,0
8012,15,,,,0,0,0,0,0
8013,11,,,,0,0,0,0,0
8013,12,,,,0,0,0,0,0
8013,13,,,,0,0,0,0,0
8013,14,,,,0,0,0,0,0
8013,15,,,,0,0,0,0,0
8014,11,,,,0,0,0,0,0
8014,12,,,,0,0,0,0,0
8014,13,,,,0,0,0,0,0
8014,14,,,,0,0,0,0,0
8014,15,,,,0,0,0,0,0
8015,11,,,,0,0,0,0,0
8015,12,,,,0,0,0,0,0
8015,13,,,,0,0,0,0,0
8015,14,,,,0,0,0,0,0
8015,15,,,,0,0,0,0,0
8016,11,,,,0,0,0,0,0
8016,12,,,,0,0,0,0,0
8016,13,,,,0,0,0,0,0
8016,14,,,,0,0,0,0,0
8016,15,,,,0,0,0,0,0
8017,11,,,,0,0,0,0,0
8017,12,,,,0,0,0,0,0
8017,13,,,,0,0,0,0,0
8017,14,,,,0,0,0,0,0
8017,15,,,,0,0,0,0,0
8018,11,,,,0,0,0,0,0
8018,12,,,,0,0,0,0,0
8018,13,,,,0,0,0,0,0
8018,14,,,,0,0,0,0,0
8018,15,,,,0,0,0,0,0
8019,11,,,,0,0,0,0,0
8019,12,,,,0,0,0,0,0
8019,13,,,,0,0,0,0,0
8019,14,,,,0,0,0,0,0
8019,15,,,,0,0,0,0,0
8020,11,,,,0,0,0,0,0
8020,12,,,,0,0,0,0,0
8020,13,,,,0,0,0,0,0
8020,14,,,,0,0,0,0,0
8020,15,,,,0,0,0,0,0
8021,11,,,,0,0,0,0,0
8021,12,,,,0,0,0,0,0
8021,13,,,,0,0,0,0,0
8021,14,,,,0,0,0,0,0
8021,15,,,,0,0,0,0,0
8022,11,,,,0,0,0,0,0
8022,12,,,,0,0,0,0,0
8022,13,,,,0,0,0,0,0
8022,14,,,,0,0,0,0,0
8022,15,,,,0,0,0,0,0
8023,11,,,,0,0,0,0,0
8023,12,,,,0,0,0,0,0
8023,13,,,,0,0,0,0,0
8023,14,,,,0,0,0,0,0
8023,15,,,,0,0,0,0,0
8024,11,,,,0,0,0,0,0
8024,12,,,,0,0,0,0,0
8024,13,,,,0,0,0,0,0
8024,14,,,,0,0,0,0,0
8024,15,,,,0,0,0,0,0
8025,11,,,,0,0,0,0,0
8025,12,,,,0,0,0,0,0
8025,13,,,,0,0,0,0,0
8025,14,,,,0,0,0,0,0
8025,15,,,,0,0,0,0,0
8026,11,,,,0,0,0,0,0
8026,12,,,,0,0,0,0,0
8026,13,,,,0,0,0,0,0
8026,14,,,,0,0,0,0,0
8026,15,,,,0,0,0,0,0
8027,11,,,,0,0,0,0,0
8027,12,,,,0,0,0,0,0
8027,13,,,,0,0,0,0,0
8027,14,,,,0,0,0,0,0
8027,15,,,,0,0,0,0,0
8028,11,,,,0,0,0,0,0
8028,12,,,,0,0,0,0,0
8028,13,,,,0,0,0,0,0
8028,14,,,,0,0,0,0,0
8028,15,,,,0,0,0,0,0
8029,11,,,,0,0,0,0,0
8029,12,,,,0,0,0,0,0
8029,13,,,,0,0,0,0,0
8029,14,,,,0,0,0,0,0
8029,15,,,,0,0,0,0,0
8030,11,,,,0,0,0,0,0
8030,12,,,,0,0,0,0,0
8030,13,,,,0,0,0,0,0
8030,14,,,,0,0,0,0,0
8030,15,,,,0,0,0,0,0
8031,11,,,,0,0,0,0,0
8031,12,,,,0,0,0,0,0
8031,13,,,,0,0,0,0,0
8031,14,,,,0,0,0,0,0
8031,15,,,,0,0,0,0,0
8032,11,,,,0,0,0,0,0
8032,12,,,,0,0,0,0,0
8032,13,,,,0,0,0,0,0
8032,14,,,,0,0,0,0,0
8032,15,,,,0,0,0,0,0
8033,11,,,,0,0,0,0,0
8033,12,,,,0,0,0,0,0
8033,13,,,,0,0,0,0,0
8033,14,,,,0,0,0,0,0
8033,15,,,,0,0,0,0,0
8034,11,,,,0,0,0,0,0
8034,12,,,,0,0,0,0,0
8034,13,,,,0,0,0,0,0
8034,14,,,,0,0,0,0,0
8034,15,,,,0,0,0,0,0
8035,11,,,,0,0,0,0,0
8035,12,,,,0,0,0,0,0
8035,13,,,,0,0,0,0,0
8035,14,,,,0,0,0,0,0
8035,15,,,,0,0,0,0,0
8036,11,,,,0,0,0,0,0
8036,12,,,,0,0,0,0,0
8036,13,,,,0,0,0,0,0
8036,14,,,,0,0,0,0,0
8036,15,,,,0,0,0,0,0
8037,11,,,,0,0,0,0,0
8037,12,,,,0,0,0,0,0
8037,13,,,,0,0,0,0,0
8037,14,,,,0,0,0,0,0
8037,15,,,,0,0,0,0,0
8038,11,,,,0,0,0,0,0
8038,12,,,,0,0,0,0,0
8038,13,,,,0,0,0,0,0
8038,14,,,,0,0,0,0,0
8038,15,,,,0,0,0,0,0
8039,11,,,,0,0,0,0,0
8039,12,,,,0,0,0,0,0
8039,13,,,,0,0,0,0,0
8039,14,,,,0,0,0,0,0
8039,15,,,,0,0,0,0,0
8040,11,,,,0,0,0,0,0
8040,12,,,,0,0,0,0,0
8040,13,,,,0,0,0,0,0
8040,14,,,,0,0,0,0,0
8040,15,,,,0,0,0,0,0
8041,11,,,,0,0,0,0,0
8041,12,,,,0,0,0,0,0
8041,13,,,,0,0,0,0,0
8041,14,,,,0,0,0,0,0
8041,15,,,,0,0,0,0,0
8042,11,,,,0,0,0,0,0
8042,12,,,,0,0,0,0,0
8042,13,,,,0,0,0,0,0
8042,14,,,,0,0,0,0,0
8042,15,,,,0,0,0,0,0
8043,11,,,,0,0,0,0,0
8043,12,,,,0,0,0,0,0
8043,13,,,,0,0,0,0,0
8043,14,,,,0,0,0,0,0
8043,15,,,,0,0,0,0,0
8044,11,,,,0,0,0,0,0
8044,12,,,,0,0,0,0,0
8044,13,,,,0,0,0,0,0
8044,14,,,,0,0,0,0,0
8044,15,,,,0,0,0,0,0
8045,11,,,,0,0,0,0,0
8045,12,,,,0,0,0,0,0
8045,13,,,,0,0,0,0,0
8045,14,,,,0,0,0,0,0
8045,15,,,,0,0,0,0,0
8046,11,,,,0,0,0,0,0
8046,12,,,,0,0,0,0,0
8046,13,,,,0,0,0,0,0
8046,14,,,,0,0,0,0,0
8046,15,,,,0,0,0,0,0
8047,11,,,,0,0,0,0,0
8047,12,,,,0,0,0,0,0
8047,13,,,,0,0,0,0,0
8047,14,,,,0,0,0,0,0
8047,15,,,,0,0,0,0,0
8048,11,,,,0,0,0,0,0
8048,12,,,,0,0,0,0,0
8048,13,,,,0,0,0,0,0
8048,14,,,,0,0,0,0,0
8048,15,,,,0,0,0,0,0
8049,11,,,,0,0,0,0,0
8049,12,,,,0,0,0,0,0
8049,13,,,,0,0,0,0,0
8049,14,,,,0,0,0,0,0
8049,15,,,,0,0,0,0,0
8050,11,,,,0,0,0,0,0
8050,12,,,,0,0,0,0,0
8050,13,,,,0,0,0,0,0
8050,14,,,,0,0,0,0,0
8050,15,,,,0,0,0,0,0
8051,11,,,,0,0,0,0,0
8051,12,,,,0,0,0,0,0
8051,13,,,,0,0,0,0,0
8051,14,,,,0,0,0,0,0
8051,15,,,,0,0,0,0,0
8052,11,,,,0,0,0,0,0
8052,12,,,,0,0,0,0,0
8052,13,,,,0,0,0,0,0
8052,14,,,,0,0,0,0,0
8052,15,,,,0,0,0,0,0
8053,11,,,,0,0,0,0,0
8053,12,,,,0,0,0,0,0
8053,13,,,,0,0,0,0,0
8053,14,,,,0,0,0,0,0
8053,15,,,,0,0,0,0,0
8054,11,,,,0,0,0,0,0
8054,12,,,,0,0,0,0,0
8054,13,,,,0,0,0,0,0
8054,14,,,,0,0,0,0,0
8054,15,,,,0,0,0,0,0
8055,11,,,,0,0,0,0,0
8055,12,,,,0,0,0,0,0
8055,13,,,,0,0,0,0,0
8055,14,,,,0,0,0,0,0
8055,15,,,,0,0,0,0,0
8056,11,,,,0,0,0,0,0
8056,12,,,,0,0,0,0,0
8056,13,,,,0,0,0,0,0
8056,14,,,,0,0,0,0,0
8056,15,,,,0,0,0,0,0
8057,11,,,,0,0,0,0,0
8057,12,,,,0,0,0,0,0
8057,13,,,,0,0,0,0,0
8057,14,,,,0,0,0,0,0
8057,15,,,,0,0,0,0,0
8058,11,,,,0,0,0,0,0
8058,12,,,,0,0,0,0,0
8058,13,,,,0,0,0,0,0
8058,14,,,,0,0,0,0,0
8058,15,,,,0,0,0,0,0
8059,11,,,,0,0,0,0,0
8059,12,,,,0,0,0,0,0
8059,13,,,,0,0,0,0,0
8059,14,,,,0,0,0,0,0
8059,15,,,,0,0,0,0,0
8060,11,,,,0,0,0,0,0
8060,12,,,,0,0,0,0,0
8060,13,,,,0,0,0,0,0
8060,14,,,,0,0,0,0,0
8060,15,,,,0,0,0,0,0
8061,11,,,,0,0,0,0,0
8061,12,,,,0,0,0,0,0
8061,13,,,,0,0,0,0,0
8061,14,,,,0,0,0,0,0
8061,15,,,,0,0,0,0,0
8062,11,,,,0,0,0,0,0
8062,12,,,,0,0,0,0,0
8062,13,,,,0,0,0,0,0
8062,14,,,,0,0,0,0,0
8062,15,,,,0,0,0,0,0
8063,11,,,,0,0,0,0,0
8063,12,,,,0,0,0,0,0
8063,13,,,,0,0,0,0,0
8063,14,,,,0,0,0,0,0
8063,15,,,,0,0,0,0,0
8064,11,,,,0,0,0,0,0
8064,12,,,,0,0,0,0,0
8064,13,,,,0,0,0,0,0
8064,14,,,,0,0,0,0,0
8064,15,,,,0,0,0,0,0
8065,11,,,,0,0,0,0,0
8065,12,,,,0,0,0,0,0
8065,13,,,,0,0,0,0,0
8065,14,,,,0,0,0,0,0
8065,15,,,,0,0,0,0,0
8066,11,,,,0,0,0,0,0
8066,12,,,,0,0,0,0,0
8066,13,,,,0,0,0,0,0
8066,14,,,,0,0,0,0,0
8066,15,,,,0,0,0,0,0
8067,11,,,,0,0,0,0,0
8067,12,,,,0,0,0,0,0
8067,13,,,,0,0,0,0,0
8067,14,,,,0,0,0,0,0
8067,15,,,,0,0,0,0,0
8068,11,,,,0,0,0,0,0
8068,12,,,,0,0,0,0,0
8068,13,,,,0,0,0,0,0
8068,14,,,,0,0,0,0,0
8068,15,,,,0,0,0,0,0
8069,11,,,,0,0,0,0,0
8069,12,,,,0,0,0,0,0
8069,13,,,,0,0,0,0,0
8069,14,,,,0,0,0,0,0
8069,15,,,,0,0,0,0,0
8070,11,,,,0,0,0,0,0
8070,12,,,,0,0,0,0,0
8070,13,,,,0,0,0,0,0
8070,14,,,,0,0,0,0,0
8070,15,,,,0,0,0,0,0
8071,11,,,,0,0,0,0,0
8071,12,,,,0,0,0,0,0
8071,13,,,,0,0,0,0,0
8071,14,,,,0,0,0,0,0
8071,15,,,,0,0,0,0,0
8072,11,,,,0,0,0,0,0
8072,12,,,,0,0,0,0,0
8072,13,,,,0,0,0,0,0
8072,14,,,,0,0,0,0,0
8072,15,,,,0,0,0,0,0
8073,11,,,,0,0,0,0,0
8073,12,,,,0,0,0,0,0
8073,13,,,,0,0,0,0,0
8073,14,,,,0,0,0,0,0
8073,15,,,,0,0,0,0,0
8074,11,,,,0,0,0,0,0
8074,12,,,,0,0,0,0,0
8074,13,,,,0,0,0,0,0
8074,14,,,,0,0,0,0,0
8074,15,,,,0,0,0,0,0
8075,11,,,,0,0,0,0,0
8075,12,,,,0,0,0,0,0
8075,13,,,,0,0,0,0,0
8075,14,,,,0,0,0,0,0
8075,15,,,,0,0,0,0,0
8076,11,,,,0,0,0,0,0
8076,12,,,,0,0,0,0,0
8076,13,,,,0,0,0,0,0
8076,14,,,,0,0,0,0,0
8076,15,,,,0,0,0,0,0
8077,11,,,,0,0,0,0,0
8077,12,,,,0,0,0,0,0
8077,13,,,,0,0,0,0,0
8077,14,,,,0,0,0,0,0
8077,15,,,,0,0,0,0,0
8078,11,,,,0,0,0,0,0
8078,12,,,,0,0,0,0,0
8078,13,,,,0,0,0,0,0
8078,14,,,,0,0,0,0,0
8078,15,,,,0,0,0,0,0
8079,11,,,,0,0,0,0,0
8079,12,,,,0,0,0,0,0
8079,13,,,,0,0,0,0,0
8079,14,,,,0,0,0,0,0
8079,15,,,,0,0,0,0,0
8080,11,,,,0,0,0,0,0
8080,12,,,,0,0,0,0,0
8080,13,,,,0,0,0,0,0
8080,14,,,,0,0,0,0,0
8080,15,,,,0,0,0,0,0
8081,11,,,,0,0,0,0,0
8081,12,,,,0,0,0,0,0
8081,13,,,,0,0,0,0,0
8081,14,,,,0,0,0,0,0
8081,15,,,,0,0,0,0,0
8082,11,,,,0,0,0,0,0
8082,12,,,,0,0,0,0,0
8082,13,,,,0,0,0,0,0
8082,14,,,,0,0,0,0,0
8082,15,,,,0,0,0,0,0
8083,11,,,,0,0,0,0,0
8083,12,,,,0,0,0,0,0
8083,13,,,,0,0,0,0,0
8083,14,,,,0,0,0,0,0
8083,15,,,,0,0,0,0,0
8084,11,,,,0,0,0,0,0
8084,12,,,,0,0,0,0,0
8084,13,,,,0,0,0,0,0
8084,14,,,,0,0,0,0,0
8084,15,,,,0,0,0,0,0
8085,11,,,,0,0,0,0,0
8085,12,,,,0,0,0,0,0
8085,13,,,,0,0,0,0,0
8085,14,,,,0,0,0,0,0
8085,15,,,,0,0,0,0,0
8086,11,,,,0,0,0,0,0
8086,12,,,,0,0,0,0,0
8086,13,,,,0,0,0,0,0
8086,14,,,,0,0,0,0,0
8086,15,,,,0,0,0,0,0
8087,11,,,,0,0,0,0,0
8087,12,,,,0,0,0,0,0
8087,13,,,,0,0,0,0,0
8087,14,,,,0,0,0,0,0
8087,15,,,,0,0,0,0,0
8088,11,,,,0,0,0,0,0
8088,12,,,,0,0,0,0,0
8088,13,,,,0,0,0,0,0
8088,14,,,,0,0,0,0,0
8088,15,,,,0,0,0,0,0
8089,11,,,,0,0,0,0,0
8089,12,,,,0,0,0,0,0
8089,13,,,,0,0,0,0,0
8089,14,,,,0,0,0,0,0
8089,15,,,,0,0,0,0,0
8090,11,,,,0,0,0,0,0
8090,12,,,,0,0,0,0,0
8090,13,,,,0,0,0,0,0
8090,14,,,,0,0,0,0,0
8090,15,,,,0,0,0,0,0
8091,11,,,,0,0,0,0,0
8091,12,,,,0,0,0,0,0
8091,13,,,,0,0,0,0,0
8091,14,,,,0,0,0,0,0
8091,15,,,,0,0,0,0,0
8092,11,,,,0,0,0,0,0
8092,12,,,,0,0,0,0,0
8092,13,,,,0,0,0,0,0
8092,14,,,,0,0,0,0,0
8092,15,,,,0,0,0,0,0
8093,11,,,,0,0,0,0,0
8093,12,,,,0,0,0,0,0
8093,13,,,,0,0,0,0,0
8093,14,,,,0,0,0,0,0
8093,15,,,,0,0,0,0,0
8094,11,,,,0,0,0,0,0
8094,12,,,,0,0,0,0,0
8094,13,,,,0,0,0,0,0
8094,14,,,,0,0,0,0,0
8094,15,,,,0,0,0,0,0
8095,11,,,,0,0,0,0,0
8095,12,,,,0,0,0,0,0
8095,13,,,,0,0,0,0,0
8095,14,,,,0,0,0,0,0
8095,15,,,,0,0,0,0,0
8096,11,,,,0,0,0,0,0
8096,12,,,,0,0,0,0,0
8096,13,,,,0,0,0,0,0
8096,14,,,,0,0,0,0,0
8096,15,,,,0,0,0,0,0
8097,11,,,,0,0,0,0,0
8097,12,,,,0,0,0,0,0
8097,13,,,,0,0,0,0,0
8097,14,,,,0,0,0,0,0
8097,15,,,,0,0,0,0,0
8098,11,,,,0,0,0,0,0
8098,12,,,,0,0,0,0,0
8098,13,,,,0,0,0,0,0
8098,14,,,,0,0,0,0,0
8098,15,,,,0,0,0,0,0
8099,11,,,,0,0,0,0,0
8099,12,,,,0,0,0,0,0
8099,13,,,,0,0,0,0,0
8099,14,,,,0,0,0,0,0
8099,15,,,,0,0,0,0,0
8100,11,,,,0,0,0,0,0
8100,12,,,,0,0,0,0,0
8100,13,,,,0,0,0,0,0
8100,14,,,,0,0,0,0,0
8100,15,,,,0,0,0,0,0
8101,11,,,,0,0,0,0,0
8101,12,,,,0,0,0,0,0
8101,13,,,,0,0,0,0,0
8101,14,,,,0,0,0,0,0
8101,15,,,,0,0,0,0,0
8102,11,,,,0,0,0,0,0
8102,12,,,,0,0,0,0,0
8102,13,,,,0,0,0,0,0
8102,14,,,,0,0,0,0,0
8102,15,,,,0,0,0,0,0
8103,11,,,,0,0,0,0,0
8103,12,,,,0,0,0,0,0
8103,13,,,,0,0,0,0,0
8103,14,,,,0,0,0,0,0
8103,15,,,,0,0,0,0,0
8104,11,,,,0,0,0,0,0
8104,12,,,,0,0,0,0,0
8104,13,,,,0,0,0,0,0
8104,14,,,,0,0,0,0,0
8104,15,,,,0,0,0,0,0
8105,11,,,,0,0,0,0,0
8105,12,,,,0,0,0,0,0
8105,13,,,,0,0,0,0,0
8105,14,,,,0,0,0,0,0
8105,15,,,,0,0,0,0,0
8106,11,,,,0,0,0,0,0
8106,12,,,,0,0,0,0,0
8106,13,,,,0,0,0,0,0
8106,14,,,,0,0,0,0,0
8106,15,,,,0,0,0,0,0
8107,11,,,,0,0,0,0,0
8107,12,,,,0,0,0,0,0
8107,13,,,,0,0,0,0,0
8107,14,,,,0,0,0,0,0
8107,15,,,,0,0,0,0,0
8108,11,,,,0,0,0,0,0
8108,12,,,,0,0,0,0,0
8108,13,,,,0,0,0,0,0
8108,14,,,,0,0,0,0,0
8108,15,,,,0,0,0,0,0
8109,11,,,,0,0,0,0,0
8109,12,,,,0,0,0,0,0
8109,13,,,,0,0,0,0,0
8109,14,,,,0,0,0,0,0
8109,15,,,,0,0,0,0,0
8110,11,,,,0,0,0,0,0
8110,12,,,,0,0,0,0,0
8110,13,,,,0,0,0,0,0
8110,14,,,,0,0,0,0,0
8110,15,,,,0,0,0,0,0
8111,11,,,,0,0,0,0,0
8111,12,,,,0,0,0,0,0
8111,13,,,,0,0,0,0,0
8111,14,,,,0,0,0,0,0
8111,15,,,,0,0,0,0,0
8112,11,,,,0,0,0,0,0
8112,12,,,,0,0,0,0,0
8112,13,,,,0,0,0,0,0
8112,14,,,,0,0,0,0,0
8112,15,,,,0,0,0,0,0
8113,11,,,,0,0,0,0,0
8113,12,,,,0,0,0,0,0
8113,13,,,,0,0,0,0,0
8113,14,,,,0,0,0,0,0
8113,15,,,,0,0,0,0,0
8114,11,,,,0,0,0,0,0
8114,12,,,,0,0,0,0,0
8114,13,,,,0,0,0,0,0
8114,14,,,,0,0,0,0,0
8114,15,,,,0,0,0,0,0
8115,11,,,,0,0,0,0,0
8115,12,,,,0,0,0,0,0
8115,13,,,,0,0,0,0,0
8115,14,,,,0,0,0,0,0
8115,15,,,,0,0,0,0,0
8116,11,,,,0,0,0,0,0
8116,12,,,,0,0,0,0,0
8116,13,,,,0,0,0,0,0
8116,14,,,,0,0,0,0,0
8116,15,,,,0,0,0,0,0
8117,11,,,,0,0,0,0,0
8117,12,,,,0,0,0,0,0
8117,13,,,,0,0,0,0,0
8117,14,,,,0,0,0,0,0
8117,15,,,,0,0,0,0,0
8118,11,,,,0,0,0,0,0
8118,12,,,,0,0,0,0,0
8118,13,,,,0,0,0,0,0
8118,14,,,,0,0,0,0,0
8118,15,,,,0,0,0,0,0
8119,11,,,,0,0,0,0,0
8119,12,,,,0,0,0,0,0
8119,13,,,,0,0,0,0,0
8119,14,,,,0,0,0,0,0
8119,15,,,,0,0,0,0,0
8120,11,,,,0,0,0,0,0
8120,12,,,,0,0,0,0,0
8120,13,,,,0,0,0,0,0
8120,14,,,,0,0,0,0,0
8120,15,,,,0,0,0,0,0
8121,11,,,,0,0,0,0,0
8121,12,,,,0,0,0,0,0
8121,13,,,,0,0,0,0,0
8121,14,,,,0,0,0,0,0
8121,15,,,,0,0,0,0,0
8122,11,,,,0,0,0,0,0
8122,12,,,,0,0,0,0,0
8122,13,,,,0,0,0,0,0
8122,14,,,,0,0,0,0,0
8122,15,,,,0,0,0,0,0
8123,11,,,,0,0,0,0,0
8123,12,,,,0,0,0,0,0
8123,13,,,,0,0,0,0,0
8123,14,,,,0,0,0,0,0
8123,15,,,,0,0,0,0,0
8124,11,,,,0,0,0,0,0
8124,12,,,,0,0,0,0,0
8124,13,,,,0,0,0,0,0
8124,14,,,,0,0,0,0,0
8124,15,,,,0,0,0,0,0
8125,11,,,,0,0,0,0,0
8125,12,,,,0,0,0,0,0
8125,13,,,,0,0,0,0,0
8125,14,,,,0,0,0,0,0
8125,15,,,,0,0,0,0,0
8126,11,,,,0,0,0,0,0
8126,12,,,,0,0,0,0,0
8126,13,,,,0,0,0,0,0
8126,14,,,,0,0,0,0,0
8126,15,,,,0,0,0,0,0
8127,11,,,,0,0,0,0,0
8127,12,,,,0,0,0,0,0
8127,13,,,,0,0,0,0,0
8127,14,,,,0,0,0,0,0
8127,15,,,,0,0,0,0,0
8128,11,,,,0,0,0,0,0
8128,12,,,,0,0,0,0,0
8128,13,,,,0,0,0,0,0
8128,14,,,,0,0,0,0,0
8128,15,,,,0,0,0,0,0
8129,11,,,,0,0,0,0,0
8129,12,,,,0,0,0,0,0
8129,13,,,,0,0,0,0,0
8129,14,,,,0,0,0,0,0
8129,15,,,,0,0,0,0,0
8130,11,,,,0,0,0,0,0
8130,12,,,,0,0,0,0,0
8130,13,,,,0,0,0,0,0
8130,14,,,,0,0,0,0,0
8130,15,,,,0,0,0,0,0
8131,11,,,,0,0,0,0,0
8131,12,,,,0,0,0,0,0
8131,13,,,,0,0,0,0,0
8131,14,,,,0,0,0,0,0
8131,15,,,,0,0,0,0,0
8132,11,,,,0,0,0,0,0
8132,12,,,,0,0,0,0,0
8132,13,,,,0,0,0,0,0
8132,14,,,,0,0,0,0,0
8132,15,,,,0,0,0,0,0
8133,11,,,,0,0,0,0,0
8133,12,,,,0,0,0,0,0
8133,13,,,,0,0,0,0,0
8133,14,,,,0,0,0,0,0
8133,15,,,,0,0,0,0,0
8134,11,,,,0,0,0,0,0
8134,12,,,,0,0,0,0,0
8134,13,,,,0,0,0,0,0
8134,14,,,,0,0,0,0,0
8134,15,,,,0,0,0,0,0
8135,11,,,,0,0,0,0,0
8135,12,,,,0,0,0,0,0
8135,13,,,,0,0,0,0,0
8135,14,,,,0,0,0,0,0
8135,15,,,,0,0,0,0,0
8136,11,,,,0,0,0,0,0
8136,12,,,,0,0,0,0,0
8136,13,,,,0,0,0,0,0
8136,14,,,,0,0,0,0,0
8136,15,,,,0,0,0,0,0
8137,11,,,,0,0,0,0,0
8137,12,,,,0,0,0,0,0
8137,13,,,,0,0,0,0,0
8137,14,,,,0,0,0,0,0
8137,15,,,,0,0,0,0,0
8138,11,,,,0,0,0,0,0
8138,12,,,,0,0,0,0,0
8138,13,,,,0,0,0,0,0
8138,14,,,,0,0,0,0,0
8138,15,,,,0,0,0,0,0
8139,11,,,,0,0,0,0,0
8139,12,,,,0,0,0,0,0
8139,13,,,,0,0,0,0,0
8139,14,,,,0,0,0,0,0
8139,15,,,,0,0,0,0,0
8140,11,,,,0,0,0,0,0
8140,12,,,,0,0,0,0,0
8140,13,,,,0,0,0,0,0
8140,14,,,,0,0,0,0,0
8140,15,,,,0,0,0,0,0
8141,11,,,,0,0,0,0,0
8141,12,,,,0,0,0,0,0
8141,13,,,,0,0,0,0,0
8141,14,,,,0,0,0,0,0
8141,15,,,,0,0,0,0,0
8142,11,,,,0,0,0,0,0
8142,12,,,,0,0,0,0,0
8142,13,,,,0,0,0,0,0
8142,14,,,,0,0,0,0,0
8142,15,,,,0,0,0,0,0
8143,11,,,,0,0,0,0,0
8143,12,,,,0,0,0,0,0
8143,13,,,,0,0,0,0,0
8143,14,,,,0,0,0,0,0
8143,15,,,,0,0,0,0,0
8144,11,,,,0,0,0,0,0
8144,12,,,,0,0,0,0,0
8144,13,,,,0,0,0,0,0
8144,14,,,,0,0,0,0,0
8144,15,,,,0,0,0,0,0
8145,11,,,,0,0,0,0,0
8145,12,,,,0,0,0,0,0
8145,13,,,,0,0,0,0,0
8145,14,,,,0,0,0,0,0
8145,15,,,,0,0,0,0,0
8146,11,,,,0,0,0,0,0
8146,12,,,,0,0,0,0,0
8146,13,,,,0,0,0,0,0
8146,14,,,,0,0,0,0,0
8146,15,,,,0,0,0,0,0
8147,11,,,,0,0,0,0,0
8147,12,,,,0,0,0,0,0
8147,13,,,,0,0,0,0,0
8147,14,,,,0,0,0,0,0
8147,15,,,,0,0,0,0,0
8148,11,,,,0,0,0,0,0
8148,12,,,,0,0,0,0,0
8148,13,,,,0,0,0,0,0
8148,14,,,,0,0,0,0,0
8148,15,,,,0,0,0,0,0
8149,11,,,,0,0,0,0,0
8149,12,,,,0,0,0,0,0
8149,13,,,,0,0,0,0,0
8149,14,,,,0,0,0,0,0
8149,15,,,,0,0,0,0,0
8150,11,,,,0,0,0,0,0
8150,12,,,,0,0,0,0,0
8150,13,,,,0,0,0,0,0
8150,14,,,,0,0,0,0,0
8150,15,,,,0,0,0,0,0
8151,11,,,,0,0,0,0,0
8151,12,,,,0,0,0,0,0
8151,13,,,,0,0,0,0,0
8151,14,,,,0,0,0,0,0
8151,15,,,,0,0,0,0,0
8152,11,,,,0,0,0,0,0
8152,12,,,,0,0,0,0,0
8152,13,,,,0,0,0,0,0
8152,14,,,,0,0,0,0,0
8152,15,,,,0,0,0,0,0
8153,11,,,,0,0,0,0,0
8153,12,,,,0,0,0,0,0
8153,13,,,,0,0,0,0,0
8153,14,,,,0,0,0,0,0
8153,15,,,,0,0,0,0,0
8154,11,,,,0,0,0,0,0
8154,12,,,,0,0,0,0,0
8154,13,,,,0,0,0,0,0
8154,14,,,,0,0,0,0,0
8154,15,,,,0,0,0,0,0
8155,11,,,,0,0,0,0,0
8155,12,,,,0,0,0,0,0
8155,13,,,,0,0,0,0,0
8155,14,,,,0,0,0,0,0
8155,15,,,,0,0,0,0,0
8156,11,,,,0,0,0,0,0
8156,12,,,,0,0,0,0,0
8156,13,,,,0,0,0,0,0
8156,14,,,,0,0,0,0,0
8156,15,,,,0,0,0,0,0
8157,11,,,,0,0,0,0,0
8157,12,,,,0,0,0,0,0
8157,13,,,,0,0,0,0,0
8157,14,,,,0,0,0,0,0
8157,15,,,,0,0,0,0,0
8158,11,,,,0,0,0,0,0
8158,12,,,,0,0,0,0,0
8158,13,,,,0,0,0,0,0
8158,14,,,,0,0,0,0,0
8158,15,,,,0,0,0,0,0
8159,11,,,,0,0,0,0,0
8159,12,,,,0,0,0,0,0
8159,13,,,,0,0,0,0,0
8159,14,,,,0,0,0,0,0
8159,15,,,,0,0,0,0,0
8160,11,,,,0,0,0,0,0
8160,12,,,,0,0,0,0,0
8160,13,,,,0,0,0,0,0
8160,14,,,,0,0,0,0,0
8160,15,,,,0,0,0,0,0
8161,11,,,,0,0,0,0,0
8161,12,,,,0,0,0,0,0
8161,13,,,,0,0,0,0,0
8161,14,,,,0,0,0,0,0
8161,15,,,,0,0,0,0,0
8162,11,,,,0,0,0,0,0
8162,12,,,,0,0,0,0,0
8162,13,,,,0,0,0,0,0
8162,14,,,,0,0,0,0,0
8162,15,,,,0,0,0,0,0
8163,11,,,,0,0,0,0,0
8163,12,,,,0,0,0,0,0
8163,13,,,,0,0,0,0,0
8163,14,,,,0,0,0,0,0
8163,15,,,,0,0,0,0,0
8164,11,,,,0,0,0,0,0
8164,12,,,,0,0,0,0,0
8164,13,,,,0,0,0,0,0
8164,14,,,,0,0,0,0,0
8164,15,,,,0,0,0,0,0
8165,11,,,,0,0,0,0,0
8165,12,,,,0,0,0,0,0
8165,13,,,,0,0,0,0,0
8165,14,,,,0,0,0,0,0
8165,15,,,,0,0,0,0,0
8166,11,,,,0,0,0,0,0
8166,12,,,,0,0,0,0,0
8166,13,,,,0,0,0,0,0
8166,14,,,,0,0,0,0,0
8166,15,,,,0,0,0,0,0
8167,11,,,,0,0,0,0,0
8167,12,,,,0,0,0,0,0
8167,13,,,,0,0,0,0,0
8167,14,,,,0,0,0,0,0
8167,15,,,,0,0,0,0,0
8168,11,,,,0,0,0,0,0
8168,12,,,,0,0,0,0,0
8168,13,,,,0,0,0,0,0
8168,14,,,,0,0,0,0,0
8168,15,,,,0,0,0,0,0
8169,11,,,,0,0,0,0,0
8169,12,,,,0,0,0,0,0
8169,13,,,,0,0,0,0,0
8169,14,,,,0,0,0,0,0
8169,15,,,,0,0,0,0,0
8170,11,,,,0,0,0,0,0
8170,12,,,,0,0,0,0,0
8170,13,,,,0,0,0,0,0
8170,14,,,,0,0,0,0,0
8170,15,,,,0,0,0,0,0
8171,11,,,,0,0,0,0,0
8171,12,,,,0,0,0,0,0
8171,13,,,,0,0,0,0,0
8171,14,,,,0,0,0,0,0
8171,15,,,,0,0,0,0,0
8172,11,,,,0,0,0,0,0
8172,12,,,,0,0,0,0,0
8172,13,,,,0,0,0,0,0
8172,14,,,,0,0,0,0,0
8172,15,,,,0,0,0,0,0
8173,11,,,,0,0,0,0,0
8173,12,,,,0,0,0,0,0
8173,13,,,,0,0,0,0,0
8173,14,,,,0,0,0,0,0
8173,15,,,,0,0,0,0,0
8174,11,,,,0,0,0,0,0
8174,12,,,,0,0,0,0,0
8174,13,,,,0,0,0,0,0
8174,14,,,,0,0,0,0,0
8174,15,,,,0,0,0,0,0
8175,11,,,,0,0,0,0,0
8175,12,,,,0,0,0,0,0
8175,13,,,,0,0,0,0,0
8175,14,,,,0,0,0,0,0
8175,15,,,,0,0,0,0,0
8176,11,,,,0,0,0,0,0
8176,12,,,,0,0,0,0,0
8176,13,,,,0,0,0,0,0
8176,14,,,,0,0,0,0,0
8176,15,,,,0,0,0,0,0
8177,11,,,,0,0,0,0,0
8177,12,,,,0,0,0,0,0
8177,13,,,,0,0,0,0,0
8177,14,,,,0,0,0,0,0
8177,15,,,,0,0,0,0,0
8178,11,,,,0,0,0,0,0
8178,12,,,,0,0,0,0,0
8178,13,,,,0,0,0,0,0
8178,14,,,,0,0,0,0,0
8178,15,,,,0,0,0,0,0
8179,11,,,,0,0,0,0,0
8179,12,,,,0,0,0,0,0
8179,13,,,,0,0,0,0,0
8179,14,,,,0,0,0,0,0
8179,15,,,,0,0,0,0,0
8180,11,,,,0,0,0,0,0
8180,12,,,,0,0,0,0,0
8180,13,,,,0,0,0,0,0
8180,14,,,,0,0,0,0,0
8180,15,,,,0,0,0,0,0
8181,11,,,,0,0,0,0,0
8181,12,,,,0,0,0,0,0
8181,13,,,,0,0,0,0,0
8181,14,,,,0,0,0,0,0
8181,15,,,,0,0,0,0,0
8182,11,,,,0,0,0,0,0
8182,12,,,,0,0,0,0,0
8182,13,,,,0,0,0,0,0
8182,14,,,,0,0,0,0,0
8182,15,,,,0,0,0,0,0
8183,11,,,,0,0,0,0,0
8183,12,,,,0,0,0,0,0
8183,13,,,,0,0,0,0,0
8183,14,,,,0,0,0,0,0
8183,15,,,,0,0,0,0,0
8184,11,,,,0,0,0,0,0
8184,12,,,,0,0,0,0,0
8184,13,,,,0,0,0,0,0
8184,14,,,,0,0,0,0,0
8184,15,,,,0,0,0,0,0
8185,11,,,,0,0,0,0,0
8185,12,,,,0,0,0,0,0
8185,13,,,,0,0,0,0,0
8185,14,,,,0,0,0,0,0
8185,15,,,,0,0,0,0,0
8186,11,,,,0,0,0,0,0
8186,12,,,,0,0,0,0,0
8186,13,,,,0,0,0,0,0
8186,14,,,,0,0,0,0,0
8186,15,,,,0,0,0,0,0
8187,11,,,,0,0,0,0,0
8187,12,,,,0,0,0,0,0
8187,13,,,,0,0,0,0,0
8187,14,,,,0,0,0,0,0
8187,15,,,,0,0,0,0,0
8188,11,,,,0,0,0,0,0
8188,12,,,,0,0,0,0,0
8188,13,,,,0,0,0,0,0
8188,14,,,,0,0,0,0,0
8188,15,,,,0,0,0,0,0
8189,11,,,,0,0,0,0,0
8189,12,,,,0,0,0,0,0
8189,13,,,,0,0,0,0,0
8189,14,,,,0,0,0,0,0
8189,15,,,,0,0,0,0,0
8190,11,,,,0,0,0,0,0
8190,12,,,,0,0,0,0,0
8190,13,,,,0,0,0,0,0
8190,14,,,,0,0,0,0,0
8190,15,,,,0,0,0,0,0
8191,11,,,,0,0,0,0,0
8191,12,,,,0,0,0,0,0
8191,13,,,,0,0,0,0,0
8191,14,,,,0,0,0,0,0
8191,15,,,,0,0,0,0,0
8192,11,,,,0,0,0,0,0
8192,12,,,,0,0,0,0,0
8192,13,,,,0,0,0,0,0
8192,14,,,,0,0,0,0,0
8192,15,,,,0,0,0,0,0
8193,11,,,,0,0,0,0,0
8193,12,,,,0,0,0,0,0
8193,13,,,,0,0,0,0,0
8193,14,,,,0,0,0,0,0
8193,15,,,,0,0,0,0,0
8194,11,,,,0,0,0,0,0
8194,12,,,,0,0,0,0,0
8194,13,,,,0,0,0,0,0
8194,14,,,,0,0,0,0,0
8194,15,,,,0,0,0,0,0
8195,11,,,,0,0,0,0,0
8195,12,,,,0,0,0,0,0
8195,13,,,,0,0,0,0,0
8195,14,,,,0,0,0,0,0
8195,15,,,,0,0,0,0,0
8196,11,,,,0,0,0,0,0
8196,12,,,,0,0,0,0,0
8196,13,,,,0,0,0,0,0
8196,14,,,,0,0,0,0,0
8196,15,,,,0,0,0,0,0
8197,11,,,,0,0,0,0,0
8197,12,,,,0,0,0,0,0
8197,13,,,,0,0,0,0,0
8197,14,,,,0,0,0,0,0
8197,15,,,,0,0,0,0,0
8198,11,,,,0,0,0,0,0
8198,12,,,,0,0,0,0,0
8198,13,,,,0,0,0,0,0
8198,14,,,,0,0,0,0,0
8198,15,,,,0,0,0,0,0
8199,11,,,,0,0,0,0,0
8199,12,,,,0,0,0,0,0
8199,13,,,,0,0,0,0,0
8199,14,,,,0,0,0,0,0
8199,15,,,,0,0,0,0,0
8200,11,,,,0,0,0,0,0
8200,12,,,,0,0,0,0,0
8200,13,,,,0,0,0,0,0
8200,14,,,,0,0,0,0,0
8200,15,,,,0,0,0,0,0
8201,11,,,,0,0,0,0,0
8201,12,,,,0,0,0,0,0
8201,13,,,,0,0,0,0,0
8201,14,,,,0,0,0,0,0
8201,15,,,,0,0,0,0,0
8202,11,,,,0,0,0,0,0
8202,12,,,,0,0,0,0,0
8202,13,,,,0,0,0,0,0
8202,14,,,,0,0,0,0,0
8202,15,,,,0,0,0,0,0
8203,11,,,,0,0,0,0,0
8203,12,,,,0,0,0,0,0
8203,13,,,,0,0,0,0,0
8203,14,,,,0,0,0,0,0
8203,15,,,,0,0,0,0,0
8204,11,,,,0,0,0,0,0
8204,12,,,,0,0,0,0,0
8204,13,,,,0,0,0,0,0
8204,14,,,,0,0,0,0,0
8204,15,,,,0,0,0,0,0
8205,11,,,,0,0,0,0,0
8205,12,,,,0,0,0,0,0
8205,13,,,,0,0,0,0,0
8205,14,,,,0,0,0,0,0
8205,15,,,,0,0,0,0,0
8206,11,,,,0,0,0,0,0
8206,12,,,,0,0,0,0,0
8206,13,,,,0,0,0,0,0
8206,14,,,,0,0,0,0,0
8206,15,,,,0,0,0,0,0
8207,11,,,,0,0,0,0,0
8207,12,,,,0,0,0,0,0
8207,13,,,,0,0,0,0,0
8207,14,,,,0,0,0,0,0
8207,15,,,,0,0,0,0,0
8208,11,,,,0,0,0,0,0
8208,12,,,,0,0,0,0,0
8208,13,,,,0,0,0,0,0
8208,14,,,,0,0,0,0,0
8208,15,,,,0,0,0,0,0
8209,11,,,,0,0,0,0,0
8209,12,,,,0,0,0,0,0
8209,13,,,,0,0,0,0,0
8209,14,,,,0,0,0,0,0
8209,15,,,,0,0,0,0,0
8210,11,,,,0,0,0,0,0
8210,12,,,,0,0,0,0,0
8210,13,,,,0,0,0,0,0
8210,14,,,,0,0,0,0,0
8210,15,,,,0,0,0,0,0
8211,11,,,,0,0,0,0,0
8211,12,,,,0,0,0,0,0
8211,13,,,,0,0,0,0,0
8211,14,,,,0,0,0,0,0
8211,15,,,,0,0,0,0,0
8212,11,,,,0,0,0,0,0
8212,12,,,,0,0,0,0,0
8212,13,,,,0,0,0,0,0
8212,14,,,,0,0,0,0,0
8212,15,,,,0,0,0,0,0
8213,11,,,,0,0,0,0,0
8213,12,,,,0,0,0,0,0
8213,13,,,,0,0,0,0,0
8213,14,,,,0,0,0,0,0
8213,15,,,,0,0,0,0,0
8214,11,,,,0,0,0,0,0
8214,12,,,,0,0,0,0,0
8214,13,,,,0,0,0,0,0
8214,14,,,,0,0,0,0,0
8214,15,,,,0,0,0,0,0
8215,11,,,,0,0,0,0,0
8215,12,,,,0,0,0,0,0
8215,13,,,,0,0,0,0,0
8215,14,,,,0,0,0,0,0
8215,15,,,,0,0,0,0,0
8216,11,,,,0,0,0,0,0
8216,12,,,,0,0,0,0,0
8216,13,,,,0,0,0,0,0
8216,14,,,,0,0,0,0,0
8216,15,,,,0,0,0,0,0
8217,11,,,,0,0,0,0,0
8217,12,,,,0,0,0,0,0
8217,13,,,,0,0,0,0,0
8217,14,,,,0,0,0,0,0
8217,15,,,,0,0,0,0,0
8218,11,,,,0,0,0,0,0
8218,12,,,,0,0,0,0,0
8218,13,,,,0,0,0,0,0
8218,14,,,,0,0,0,0,0
8218,15,,,,0,0,0,0,0
8219,11,,,,0,0,0,0,0
8219,12,,,,0,0,0,0,0
8219,13,,,,0,0,0,0,0
8219,14,,,,0,0,0,0,0
8219,15,,,,0,0,0,0,0
8220,11,,,,0,0,0,0,0
8220,12,,,,0,0,0,0,0
8220,13,,,,0,0,0,0,0
8220,14,,,,0,0,0,0,0
8220,15,,,,0,0,0,0,0
8221,11,,,,0,0,0,0,0
8221,12,,,,0,0,0,0,0
8221,13,,,,0,0,0,0,0
8221,14,,,,0,0,0,0,0
8221,15,,,,0,0,0,0,0
8222,11,,,,0,0,0,0,0
8222,12,,,,0,0,0,0,0
8222,13,,,,0,0,0,0,0
8222,14,,,,0,0,0,0,0
8222,15,,,,0,0,0,0,0
8223,11,,,,0,0,0,0,0
8223,12,,,,0,0,0,0,0
8223,13,,,,0,0,0,0,0
8223,14,,,,0,0,0,0,0
8223,15,,,,0,0,0,0,0
8224,11,,,,0,0,0,0,0
8224,12,,,,0,0,0,0,0
8224,13,,,,0,0,0,0,0
8224,14,,,,0,0,0,0,0
8224,15,,,,0,0,0,0,0
8225,11,,,,0,0,0,0,0
8225,12,,,,0,0,0,0,0
8225,13,,,,0,0,0,0,0
8225,14,,,,0,0,0,0,0
8225,15,,,,0,0,0,0,0
8226,11,,,,0,0,0,0,0
8226,12,,,,0,0,0,0,0
8226,13,,,,0,0,0,0,0
8226,14,,,,0,0,0,0,0
8226,15,,,,0,0,0,0,0
8227,11,,,,0,0,0,0,0
8227,12,,,,0,0,0,0,0
8227,13,,,,0,0,0,0,0
8227,14,,,,0,0,0,0,0
8227,15,,,,0,0,0,0,0
8228,11,,,,0,0,0,0,0
8228,12,,,,0,0,0,0,0
8228,13,,,,0,0,0,0,0
8228,14,,,,0,0,0,0,0
8228,15,,,,0,0,0,0,0
8229,11,,,,0,0,0,0,0
8229,12,,,,0,0,0,0,0
8229,13,,,,0,0,0,0,0
8229,14,,,,0,0,0,0,0
8229,15,,,,0,0,0,0,0
8230,11,,,,0,0,0,0,0
8230,12,,,,0,0,0,0,0
8230,13,,,,0,0,0,0,0
8230,14,,,,0,0,0,0,0
8230,15,,,,0,0,0,0,0
8231,11,,,,0,0,0,0,0
8231,12,,,,0,0,0,0,0
8231,13,,,,0,0,0,0,0
8231,14,,,,0,0,0,0,0
8231,15,,,,0,0,0,0,0
8232,11,,,,0,0,0,0,0
8232,12,,,,0,0,0,0,0
8232,13,,,,0,0,0,0,0
8232,14,,,,0,0,0,0,0
8232,15,,,,0,0,0,0,0
8233,11,,,,0,0,0,0,0
8233,12,,,,0,0,0,0,0
8233,13,,,,0,0,0,0,0
8233,14,,,,0,0,0,0,0
8233,15,,,,0,0,0,0,0
8234,11,,,,0,0,0,0,0
8234,12,,,,0,0,0,0,0
8234,13,,,,0,0,0,0,0
8234,14,,,,0,0,0,0,0
8234,15,,,,0,0,0,0,0
8235,11,,,,0,0,0,0,0
8235,12,,,,0,0,0,0,0
8235,13,,,,0,0,0,0,0
8235,14,,,,0,0,0,0,0
8235,15,,,,0,0,0,0,0
8236,11,,,,0,0,0,0,0
8236,12,,,,0,0,0,0,0
8236,13,,,,0,0,0,0,0
8236,14,,,,0,0,0,0,0
8236,15,,,,0,0,0,0,0
8237,11,,,,0,0,0,0,0
8237,12,,,,0,0,0,0,0
8237,13,,,,0,0,0,0,0
8237,14,,,,0,0,0,0,0
8237,15,,,,0,0,0,0,0
8238,11,,,,0,0,0,0,0
8238,12,,,,0,0,0,0,0
8238,13,,,,0,0,0,0,0
8238,14,,,,0,0,0,0,0
8238,15,,,,0,0,0,0,0
8239,11,,,,0,0,0,0,0
8239,12,,,,0,0,0,0,0
8239,13,,,,0,0,0,0,0
8239,14,,,,0,0,0,0,0
8239,15,,,,0,0,0,0,0
8240,11,,,,0,0,0,0,0
8240,12,,,,0,0,0,0,0
8240,13,,,,0,0,0,0,0
8240,14,,,,0,0,0,0,0
8240,15,,,,0,0,0,0,0
8241,11,,,,0,0,0,0,0
8241,12,,,,0,0,0,0,0
8241,13,,,,0,0,0,0,0
8241,14,,,,0,0,0,0,0
8241,15,,,,0,0,0,0,0
8242,11,,,,0,0,0,0,0
8242,12,,,,0,0,0,0,0
8242,13,,,,0,0,0,0,0
8242,14,,,,0,0,0,0,0
8242,15,,,,0,0,0,0,0
8243,11,,,,0,0,0,0,0
8243,12,,,,0,0,0,0,0
8243,13,,,,0,0,0,0,0
8243,14,,,,0,0,0,0,0
8243,15,,,,0,0,0,0,0
8244,11,,,,0,0,0,0,0
8244,12,,,,0,0,0,0,0
8244,13,,,,0,0,0,0,0
8244,14,,,,0,0,0,0,0
8244,15,,,,0,0,0,0,0
8245,11,,,,0,0,0,0,0
8245,12,,,,0,0,0,0,0
8245,13,,,,0,0,0,0,0
8245,14,,,,0,0,0,0,0
8245,15,,,,0,0,0,0,0
8246,11,,,,0,0,0,0,0
8246,12,,,,0,0,0,0,0
8246,13,,,,0,0,0,0,0
8246,14,,,,0,0,0,0,0
8246,15,,,,0,0,0,0,0
8247,11,,,,0,0,0,0,0
8247,12,,,,0,0,0,0,0
8247,13,,,,0,0,0,0,0
8247,14,,,,0,0,0,0,0
8247,15,,,,0,0,0,0,0
8248,11,,,,0,0,0,0,0
8248,12,,,,0,0,0,0,0
8248,13,,,,0,0,0,0,0
8248,14,,,,0,0,0,0,0
8248,15,,,,0,0,0,0,0
8249,11,,,,0,0,0,0,0
8249,12,,,,0,0,0,0,0
8249,13,,,,0,0,0,0,0
8249,14,,,,0,0,0,0,0
8249,15,,,,0,0,0,0,0
8250,11,,,,0,0,0,0,0
8250,12,,,,0,0,0,0,0
8250,13,,,,0,0,0,0,0
8250,14,,,,0,0,0,0,0
8250,15,,,,0,0,0,0,0
8251,11,,,,0,0,0,0,0
8251,12,,,,0,0,0,0,0
8251,13,,,,0,0,0,0,0
8251,14,,,,0,0,0,0,0
8251,15,,,,0,0,0,0,0
8252,11,,,,0,0,0,0,0
8252,12,,,,0,0,0,0,0
8252,13,,,,0,0,0,0,0
8252,14,,,,0,0,0,0,0
8252,15,,,,0,0,0,0,0
8253,11,,,,0,0,0,0,0
8253,12,,,,0,0,0,0,0
8253,13,,,,0,0,0,0,0
8253,14,,,,0,0,0,0,0
8253,15,,,,0,0,0,0,0
8254,11,,,,0,0,0,0,0
8254,12,,,,0,0,0,0,0
8254,13,,,,0,0,0,0,0
8254,14,,,,0,0,0,0,0
8254,15,,,,0,0,0,0,0
8255,11,,,,0,0,0,0,0
8255,12,,,,0,0,0,0,0
8255,13,,,,0,0,0,0,0
8255,14,,,,0,0,0,0,0
8255,15,,,,0,0,0,0,0
8256,11,,,,0,0,0,0,0
8256,12,,,,0,0,0,0,0
8256,13,,,,0,0,0,0,0
8256,14,,,,0,0,0,0,0
8256,15,,,,0,0,0,0,0
8257,11,,,,0,0,0,0,0
8257,12,,,,0,0,0,0,0
8257,13,,,,0,0,0,0,0
8257,14,,,,0,0,0,0,0
8257,15,,,,0,0,0,0,0
8258,11,,,,0,0,0,0,0
8258,12,,,,0,0,0,0,0
8258,13,,,,0,0,0,0,0
8258,14,,,,0,0,0,0,0
8258,15,,,,0,0,0,0,0
8259,11,,,,0,0,0,0,0
8259,12,,,,0,0,0,0,0
8259,13,,,,0,0,0,0,0
8259,14,,,,0,0,0,0,0
8259,15,,,,0,0,0,0,0
8260,11,,,,0,0,0,0,0
8260,12,,,,0,0,0,0,0
8260,13,,,,0,0,0,0,0
8260,14,,,,0,0,0,0,0
8260,15,,,,0,0,0,0,0
8261,11,,,,0,0,0,0,0
8261,12,,,,0,0,0,0,0
8261,13,,,,0,0,0,0,0
8261,14,,,,0,0,0,0,0
8261,15,,,,0,0,0,0,0
8262,11,,,,0,0,0,0,0
8262,12,,,,0,0,0,0,0
8262,13,,,,0,0,0,0,0
8262,14,,,,0,0,0,0,0
8262,15,,,,0,0,0,0,0
8263,11,,,,0,0,0,0,0
8263,12,,,,0,0,0,0,0
8263,13,,,,0,0,0,0,0
8263,14,,,,0,0,0,0,0
8263,15,,,,0,0,0,0,0
8264,11,,,,0,0,0,0,0
8264,12,,,,0,0,0,0,0
8264,13,,,,0,0,0,0,0
8264,14,,,,0,0,0,0,0
8264,15,,,,0,0,0,0,0
8265,11,,,,0,0,0,0,0
8265,12,,,,0,0,0,0,0
8265,13,,,,0,0,0,0,0
8265,14,,,,0,0,0,0,0
8265,15,,,,0,0,0,0,0
8266,11,,,,0,0,0,0,0
8266,12,,,,0,0,0,0,0
8266,13,,,,0,0,0,0,0
8266,14,,,,0,0,0,0,0
8266,15,,,,0,0,0,0,0
8267,11,,,,0,0,0,0,0
8267,12,,,,0,0,0,0,0
8267,13,,,,0,0,0,0,0
8267,14,,,,0,0,0,0,0
8267,15,,,,0,0,0,0,0
8268,11,,,,0,0,0,0,0
8268,12,,,,0,0,0,0,0
8268,13,,,,0,0,0,0,0
8268,14,,,,0,0,0,0,0
8268,15,,,,0,0,0,0,0
8269,11,,,,0,0,0,0,0
8269,12,,,,0,0,0,0,0
8269,13,,,,0,0,0,0,0
8269,14,,,,0,0,0,0,0
8269,15,,,,0,0,0,0,0
8270,11,,,,0,0,0,0,0
8270,12,,,,0,0,0,0,0
8270,13,,,,0,0,0,0,0
8270,14,,,,0,0,0,0,0
8270,15,,,,0,0,0,0,0
8271,11,,,,0,0,0,0,0
8271,12,,,,0,0,0,0,0
8271,13,,,,0,0,0,0,0
8271,14,,,,0,0,0,0,0
8271,15,,,,0,0,0,0,0
8272,11,,,,0,0,0,0,0
8272,12,,,,0,0,0,0,0
8272,13,,,,0,0,0,0,0
8272,14,,,,0,0,0,0,0
8272,15,,,,0,0,0,0,0
8273,11,,,,0,0,0,0,0
8273,12,,,,0,0,0,0,0
8273,13,,,,0,0,0,0,0
8273,14,,,,0,0,0,0,0
8273,15,,,,0,0,0,0,0
8274,11,,,,0,0,0,0,0
8274,12,,,,0,0,0,0,0
8274,13,,,,0,0,0,0,0
8274,14,,,,0,0,0,0,0
8274,15,,,,0,0,0,0,0
8275,11,,,,0,0,0,0,0
8275,12,,,,0,0,0,0,0
8275,13,,,,0,0,0,0,0
8275,14,,,,0,0,0,0,0
8275,15,,,,0,0,0,0,0
8276,11,,,,0,0,0,0,0
8276,12,,,,0,0,0,0,0
8276,13,,,,0,0,0,0,0
8276,14,,,,0,0,0,0,0
8276,15,,,,0,0,0,0,0
8277,11,,,,0,0,0,0,0
8277,12,,,,0,0,0,0,0
8277,13,,,,0,0,0,0,0
8277,14,,,,0,0,0,0,0
8277,15,,,,0,0,0,0,0
8278,11,,,,0,0,0,0,0
8278,12,,,,0,0,0,0,0
8278,13,,,,0,0,0,0,0
8278,14,,,,0,0,0,0,0
8278,15,,,,0,0,0,0,0
8279,11,,,,0,0,0,0,0
8279,12,,,,0,0,0,0,0
8279,13,,,,0,0,0,0,0
8279,14,,,,0,0,0,0,0
8279,15,,,,0,0,0,0,0
8280,11,,,,0,0,0,0,0
8280,12,,,,0,0,0,0,0
8280,13,,,,0,0,0,0,0
8280,14,,,,0,0,0,0,0
8280,15,,,,0,0,0,0,0
8281,11,,,,0,0,0,0,0
8281,12,,,,0,0,0,0,0
8281,13,,,,0,0,0,0,0
8281,14,,,,0,0,0,0,0
8281,15,,,,0,0,0,0,0
8282,11,,,,0,0,0,0,0
8282,12,,,,0,0,0,0,0
8282,13,,,,0,0,0,0,0
8282,14,,,,0,0,0,0,0
8282,15,,,,0,0,0,0,0
8283,11,,,,0,0,0,0,0
8283,12,,,,0,0,0,0,0
8283,13,,,,0,0,0,0,0
8283,14,,,,0,0,0,0,0
8283,15,,,,0,0,0,0,0
8284,11,,,,0,0,0,0,0
8284,12,,,,0,0,0,0,0
8284,13,,,,0,0,0,0,0
8284,14,,,,0,0,0,0,0
8284,15,,,,0,0,0,0,0
8285,11,,,,0,0,0,0,0
8285,12,,,,0,0,0,0,0
8285,13,,,,0,0,0,0,0
8285,14,,,,0,0,0,0,0
8285,15,,,,0,0,0,0,0
8286,11,,,,0,0,0,0,0
8286,12,,,,0,0,0,0,0
8286,13,,,,0,0,0,0,0
8286,14,,,,0,0,0,0,0
8286,15,,,,0,0,0,0,0
8287,11,,,,0,0,0,0,0
8287,12,,,,0,0,0,0,0
8287,13,,,,0,0,0,0,0
8287,14,,,,0,0,0,0,0
8287,15,,,,0,0,0,0,0
8288,11,,,,0,0,0,0,0
8288,12,,,,0,0,0,0,0
8288,13,,,,0,0,0,0,0
8288,14,,,,0,0,0,0,0
8288,15,,,,0,0,0,0,0
8289,11,,,,0,0,0,0,0
8289,12,,,,0,0,0,0,0
8289,13,,,,0,0,0,0,0
8289,14,,,,0,0,0,0,0
8289,15,,,,0,0,0,0,0
8290,11,,,,0,0,0,0,0
8290,12,,,,0,0,0,0,0
8290,13,,,,0,0,0,0,0
8290,14,,,,0,0,0,0,0
8290,15,,,,0,0,0,0,0
8291,11,,,,0,0,0,0,0
8291,12,,,,0,0,0,0,0
8291,13,,,,0,0,0,0,0
8291,14,,,,0,0,0,0,0
8291,15,,,,0,0,0,0,0
8292,11,,,,0,0,0,0,0
8292,12,,,,0,0,0,0,0
8292,13,,,,0,0,0,0,0
8292,14,,,,0,0,0,0,0
8292,15,,,,0,0,0,0,0
8293,11,,,,0,0,0,0,0
8293,12,,,,0,0,0,0,0
8293,13,,,,0,0,0,0,0
8293,14,,,,0,0,0,0,0
8293,15,,,,0,0,0,0,0
8294,11,,,,0,0,0,0,0
8294,12,,,,0,0,0,0,0
8294,13,,,,0,0,0,0,0
8294,14,,,,0,0,0,0,0
8294,15,,,,0,0,0,0,0
8295,11,,,,0,0,0,0,0
8295,12,,,,0,0,0,0,0
8295,13,,,,0,0,0,0,0
8295,14,,,,0,0,0,0,0
8295,15,,,,0,0,0,0,0
8296,11,,,,0,0,0,0,0
8296,12,,,,0,0,0,0,0
8296,13,,,,0,0,0,0,0
8296,14,,,,0,0,0,0,0
8296,15,,,,0,0,0,0,0
8297,11,,,,0,0,0,0,0
8297,12,,,,0,0,0,0,0
8297,13,,,,0,0,0,0,0
8297,14,,,,0,0,0,0,0
8297,15,,,,0,0,0,0,0
8298,11,,,,0,0,0,0,0
8298,12,,,,0,0,0,0,0
8298,13,,,,0,0,0,0,0
8298,14,,,,0,0,0,0,0
8298,15,,,,0,0,0,0,0
8299,11,,,,0,0,0,0,0
8299,12,,,,0,0,0,0,0
8299,13,,,,0,0,0,0,0
8299,14,,,,0,0,0,0,0
8299,15,,,,0,0,0,0,0
8300,11,,,,0,0,0,0,0
8300,12,,,,0,0,0,0,0
8300,13,,,,0,0,0,0,0
8300,14,,,,0,0,0,0,0
8300,15,,,,0,0,0,0,0
8301,11,,,,0,0,0,0,0
8301,12,,,,0,0,0,0,0
8301,13,,,,0,0,0,0,0
8301,14,,,,0,0,0,0,0
8301,15,,,,0,0,0,0,0
8302,11,,,,0,0,0,0,0
8302,12,,,,0,0,0,0,0
8302,13,,,,0,0,0,0,0
8302,14,,,,0,0,0,0,0
8302,15,,,,0,0,0,0,0
8303,11,,,,0,0,0,0,0
8303,12,,,,0,0,0,0,0
8303,13,,,,0,0,0,0,0
8303,14,,,,0,0,0,0,0
8303,15,,,,0,0,0,0,0
8304,11,,,,0,0,0,0,0
8304,12,,,,0,0,0,0,0
8304,13,,,,0,0,0,0,0
8304,14,,,,0,0,0,0,0
8304,15,,,,0,0,0,0,0
8305,11,,,,0,0,0,0,0
8305,12,,,,0,0,0,0,0
8305,13,,,,0,0,0,0,0
8305,14,,,,0,0,0,0,0
8305,15,,,,0,0,0,0,0
8306,11,,,,0,0,0,0,0
8306,12,,,,0,0,0,0,0
8306,13,,,,0,0,0,0,0
8306,14,,,,0,0,0,0,0
8306,15,,,,0,0,0,0,0
8307,11,,,,0,0,0,0,0
8307,12,,,,0,0,0,0,0
8307,13,,,,0,0,0,0,0
8307,14,,,,0,0,0,0,0
8307,15,,,,0,0,0,0,0
8308,11,,,,0,0,0,0,0
8308,12,,,,0,0,0,0,0
8308,13,,,,0,0,0,0,0
8308,14,,,,0,0,0,0,0
8308,15,,,,0,0,0,0,0
8309,11,,,,0,0,0,0,0
8309,12,,,,0,0,0,0,0
8309,13,,,,0,0,0,0,0
8309,14,,,,0,0,0,0,0
8309,15,,,,0,0,0,0,0
8310,11,,,,0,0,0,0,0
8310,12,,,,0,0,0,0,0
8310,13,,,,0,0,0,0,0
8310,14,,,,0,0,0,0,0
8310,15,,,,0,0,0,0,0
8311,11,,,,0,0,0,0,0
8311,12,,,,0,0,0,0,0
8311,13,,,,0,0,0,0,0
8311,14,,,,0,0,0,0,0
8311,15,,,,0,0,0,0,0
8312,11,,,,0,0,0,0,0
8312,12,,,,0,0,0,0,0
8312,13,,,,0,0,0,0,0
8312,14,,,,0,0,0,0,0
8312,15,,,,0,0,0,0,0
8313,11,,,,0,0,0,0,0
8313,12,,,,0,0,0,0,0
8313,13,,,,0,0,0,0,0
8313,14,,,,0,0,0,0,0
8313,15,,,,0,0,0,0,0
8314,11,,,,0,0,0,0,0
8314,12,,,,0,0,0,0,0
8314,13,,,,0,0,0,0,0
8314,14,,,,0,0,0,0,0
8314,15,,,,0,0,0,0,0
8315,11,,,,0,0,0,0,0
8315,12,,,,0,0,0,0,0
8315,13,,,,0,0,0,0,0
8315,14,,,,0,0,0,0,0
8315,15,,,,0,0,0,0,0
8316,11,,,,0,0,0,0,0
8316,12,,,,0,0,0,0,0
8316,13,,,,0,0,0,0,0
8316,14,,,,0,0,0,0,0
8316,15,,,,0,0,0,0,0
8317,11,,,,0,0,0,0,0
8317,12,,,,0,0,0,0,0
8317,13,,,,0,0,0,0,0
8317,14,,,,0,0,0,0,0
8317,15,,,,0,0,0,0,0
8318,11,,,,0,0,0,0,0
8318,12,,,,0,0,0,0,0
8318,13,,,,0,0,0,0,0
8318,14,,,,0,0,0,0,0
8318,15,,,,0,0,0,0,0
8319,11,,,,0,0,0,0,0
8319,12,,,,0,0,0,0,0
8319,13,,,,0,0,0,0,0
8319,14,,,,0,0,0,0,0
8319,15,,,,0,0,0,0,0
8320,11,,,,0,0,0,0,0
8320,12,,,,0,0,0,0,0
8320,13,,,,0,0,0,0,0
8320,14,,,,0,0,0,0,0
8320,15,,,,0,0,0,0,0
8321,11,,,,0,0,0,0,0
8321,12,,,,0,0,0,0,0
8321,13,,,,0,0,0,0,0
8321,14,,,,0,0,0,0,0
8321,15,,,,0,0,0,0,0
8322,11,,,,0,0,0,0,0
8322,12,,,,0,0,0,0,0
8322,13,,,,0,0,0,0,0
8322,14,,,,0,0,0,0,0
8322,15,,,,0,0,0,0,0
8323,11,,,,0,0,0,0,0
8323,12,,,,0,0,0,0,0
8323,13,,,,0,0,0,0,0
8323,14,,,,0,0,0,0,0
8323,15,,,,0,0,0,0,0
8324,11,,,,0,0,0,0,0
8324,12,,,,0,0,0,0,0
8324,13,,,,0,0,0,0,0
8324,14,,,,0,0,0,0,0
8324,15,,,,0,0,0,0,0
8325,11,,,,0,0,0,0,0
8325,12,,,,0,0,0,0,0
8325,13,,,,0,0,0,0,0
8325,14,,,,0,0,0,0,0
8325,15,,,,0,0,0,0,0
8326,11,,,,0,0,0,0,0
8326,12,,,,0,0,0,0,0
8326,13,,,,0,0,0,0,0
8326,14,,,,0,0,0,0,0
8326,15,,,,0,0,0,0,0
8327,11,,,,0,0,0,0,0
8327,12,,,,0,0,0,0,0
8327,13,,,,0,0,0,0,0
8327,14,,,,0,0,0,0,0
8327,15,,,,0,0,0,0,0
8328,11,,,,0,0,0,0,0
8328,12,,,,0,0,0,0,0
8328,13,,,,0,0,0,0,0
8328,14,,,,0,0,0,0,0
8328,15,,,,0,0,0,0,0
8329,11,,,,0,0,0,0,0
8329,12,,,,0,0,0,0,0
8329,13,,,,0,0,0,0,0
8329,14,,,,0,0,0,0,0
8329,15,,,,0,0,0,0,0
8330,11,,,,0,0,0,0,0
8330,12,,,,0,0,0,0,0
8330,13,,,,0,0,0,0,0
8330,14,,,,0,0,0,0,0
8330,15,,,,0,0,0,0,0
8331,11,,,,0,0,0,0,0
8331,12,,,,0,0,0,0,0
8331,13,,,,0,0,0,0,0
8331,14,,,,0,0,0,0,0
8331,15,,,,0,0,0,0,0
8332,11,,,,0,0,0,0,0
8332,12,,,,0,0,0,0,0
8332,13,,,,0,0,0,0,0
8332,14,,,,0,0,0,0,0
8332,15,,,,0,0,0,0,0
8333,11,,,,0,0,0,0,0
8333,12,,,,0,0,0,0,0
8333,13,,,,0,0,0,0,0
8333,14,,,,0,0,0,0,0
8333,15,,,,0,0,0,0,0
8334,11,,,,0,0,0,0,0
8334,12,,,,0,0,0,0,0
8334,13,,,,0,0,0,0,0
8334,14,,,,0,0,0,0,0
8334,15,,,,0,0,0,0,0
8335,11,,,,0,0,0,0,0
8335,12,,,,0,0,0,0,0
8335,13,,,,0,0,0,0,0
8335,14,,,,0,0,0,0,0
8335,15,,,,0,0,0,0,0
8336,11,,,,0,0,0,0,0
8336,12,,,,0,0,0,0,0
8336,13,,,,0,0,0,0,0
8336,14,,,,0,0,0,0,0
8336,15,,,,0,0,0,0,0
8337,11,,,,0,0,0,0,0
8337,12,,,,0,0,0,0,0
8337,13,,,,0,0,0,0,0
8337,14,,,,0,0,0,0,0
8337,15,,,,0,0,0,0,0
8338,11,,,,0,0,0,0,0
8338,12,,,,0,0,0,0,0
8338,13,,,,0,0,0,0,0
8338,14,,,,0,0,0,0,0
8338,15,,,,0,0,0,0,0
8339,11,,,,0,0,0,0,0
8339,12,,,,0,0,0,0,0
8339,13,,,,0,0,0,0,0
8339,14,,,,0,0,0,0,0
8339,15,,,,0,0,0,0,0
8340,11,,,,0,0,0,0,0
8340,12,,,,0,0,0,0,0
8340,13,,,,0,0,0,0,0
8340,14,,,,0,0,0,0,0
8340,15,,,,0,0,0,0,0
8341,11,,,,0,0,0,0,0
8341,12,,,,0,0,0,0,0
8341,13,,,,0,0,0,0,0
8341,14,,,,0,0,0,0,0
8341,15,,,,0,0,0,0,0
8342,11,,,,0,0,0,0,0
8342,12,,,,0,0,0,0,0
8342,13,,,,0,0,0,0,0
8342,14,,,,0,0,0,0,0
8342,15,,,,0,0,0,0,0
8343,11,,,,0,0,0,0,0
8343,12,,,,0,0,0,0,0
8343,13,,,,0,0,0,0,0
8343,14,,,,0,0,0,0,0
8343,15,,,,0,0,0,0,0
8344,11,,,,0,0,0,0,0
8344,12,,,,0,0,0,0,0
8344,13,,,,0,0,0,0,0
8344,14,,,,0,0,0,0,0
8344,15,,,,0,0,0,0,0
8345,11,,,,0,0,0,0,0
8345,12,,,,0,0,0,0,0
8345,13,,,,0,0,0,0,0
8345,14,,,,0,0,0,0,0
8345,15,,,,0,0,0,0,0
8346,11,,,,0,0,0,0,0
8346,12,,,,0,0,0,0,0
8346,13,,,,0,0,0,0,0
8346,14,,,,0,0,0,0,0
8346,15,,,,0,0,0,0,0
8347,11,,,,0,0,0,0,0
8347,12,,,,0,0,0,0,0
8347,13,,,,0,0,0,0,0
8347,14,,,,0,0,0,0,0
8347,15,,,,0,0,0,0,0
8348,11,,,,0,0,0,0,0
8348,12,,,,0,0,0,0,0
8348,13,,,,0,0,0,0,0
8348,14,,,,0,0,0,0,0
8348,15,,,,0,0,0,0,0
8349,11,,,,0,0,0,0,0
8349,12,,,,0,0,0,0,0
8349,13,,,,0,0,0,0,0
8349,14,,,,0,0,0,0,0
8349,15,,,,0,0,0,0,0
8350,11,,,,0,0,0,0,0
8350,12,,,,0,0,0,0,0
8350,13,,,,0,0,0,0,0
8350,14,,,,0,0,0,0,0
8350,15,,,,0,0,0,0,0
8351,11,,,,0,0,0,0,0
8351,12,,,,0,0,0,0,0
8351,13,,,,0,0,0,0,0
8351,14,,,,0,0,0,0,0
8351,15,,,,0,0,0,0,0
8352,11,,,,0,0,0,0,0
8352,12,,,,0,0,0,0,0
8352,13,,,,0,0,0,0,0
8352,14,,,,0,0,0,0,0
8352,15,,,,0,0,0,0,0
8353,11,,,,0,0,0,0,0
8353,12,,,,0,0,0,0,0
8353,13,,,,0,0,0,0,0
8353,14,,,,0,0,0,0,0
8353,15,,,,0,0,0,0,0
8354,11,,,,0,0,0,0,0
8354,12,,,,0,0,0,0,0
8354,13,,,,0,0,0,0,0
8354,14,,,,0,0,0,0,0
8354,15,,,,0,0,0,0,0
8355,11,,,,0,0,0,0,0
8355,12,,,,0,0,0,0,0
8355,13,,,,0,0,0,0,0
8355,14,,,,0,0,0,0,0
8355,15,,,,0,0,0,0,0
8356,11,,,,0,0,0,0,0
8356,12,,,,0,0,0,0,0
8356,13,,,,0,0,0,0,0
8356,14,,,,0,0,0,0,0
8356,15,,,,0,0,0,0,0
8357,11,,,,0,0,0,0,0
8357,12,,,,0,0,0,0,0
8357,13,,,,0,0,0,0,0
8357,14,,,,0,0,0,0,0
8357,15,,,,0,0,0,0,0
8358,11,,,,0,0,0,0,0
8358,12,,,,0,0,0,0,0
8358,13,,,,0,0,0,0,0
8358,14,,,,0,0,0,0,0
8358,15,,,,0,0,0,0,0
8359,11,,,,0,0,0,0,0
8359,12,,,,0,0,0,0,0
8359,13,,,,0,0,0,0,0
8359,14,,,,0,0,0,0,0
8359,15,,,,0,0,0,0,0
8360,11,,,,0,0,0,0,0
8360,12,,,,0,0,0,0,0
8360,13,,,,0,0,0,0,0
8360,14,,,,0,0,0,0,0
8360,15,,,,0,0,0,0,0
8361,11,,,,0,0,0,0,0
8361,12,,,,0,0,0,0,0
8361,13,,,,0,0,0,0,0
8361,14,,,,0,0,0,0,0
8361,15,,,,0,0,0,0,0
8362,11,,,,0,0,0,0,0
8362,12,,,,0,0,0,0,0
8362,13,,,,0,0,0,0,0
8362,14,,,,0,0,0,0,0
8362,15,,,,0,0,0,0,0
8363,11,,,,0,0,0,0,0
8363,12,,,,0,0,0,0,0
8363,13,,,,0,0,0,0,0
8363,14,,,,0,0,0,0,0
8363,15,,,,0,0,0,0,0
8364,11,,,,0,0,0,0,0
8364,12,,,,0,0,0,0,0
8364,13,,,,0,0,0,0,0
8364,14,,,,0,0,0,0,0
8364,15,,,,0,0,0,0,0
8365,11,,,,0,0,0,0,0
8365,12,,,,0,0,0,0,0
8365,13,,,,0,0,0,0,0
8365,14,,,,0,0,0,0,0
8365,15,,,,0,0,0,0,0
8366,11,,,,0,0,0,0,0
8366,12,,,,0,0,0,0,0
8366,13,,,,0,0,0,0,0
8366,14,,,,0,0,0,0,0
8366,15,,,,0,0,0,0,0
8367,11,,,,0,0,0,0,0
8367,12,,,,0,0,0,0,0
8367,13,,,,0,0,0,0,0
8367,14,,,,0,0,0,0,0
8367,15,,,,0,0,0,0,0
8368,11,,,,0,0,0,0,0
8368,12,,,,0,0,0,0,0
8368,13,,,,0,0,0,0,0
8368,14,,,,0,0,0,0,0
8368,15,,,,0,0,0,0,0
8369,11,,,,0,0,0,0,0
8369,12,,,,0,0,0,0,0
8369,13,,,,0,0,0,0,0
8369,14,,,,0,0,0,0,0
8369,15,,,,0,0,0,0,0
8370,11,,,,0,0,0,0,0
8370,12,,,,0,0,0,0,0
8370,13,,,,0,0,0,0,0
8370,14,,,,0,0,0,0,0
8370,15,,,,0,0,0,0,0
8371,11,,,,0,0,0,0,0
8371,12,,,,0,0,0,0,0
8371,13,,,,0,0,0,0,0
8371,14,,,,0,0,0,0,0
8371,15,,,,0,0,0,0,0
8372,11,,,,0,0,0,0,0
8372,12,,,,0,0,0,0,0
8372,13,,,,0,0,0,0,0
8372,14,,,,0,0,0,0,0
8372,15,,,,0,0,0,0,0
8373,11,,,,0,0,0,0,0
8373,12,,,,0,0,0,0,0
8373,13,,,,0,0,0,0,0
8373,14,,,,0,0,0,0,0
8373,15,,,,0,0,0,0,0
8374,11,,,,0,0,0,0,0
8374,12,,,,0,0,0,0,0
8374,13,,,,0,0,0,0,0
8374,14,,,,0,0,0,0,0
8374,15,,,,0,0,0,0,0
8375,11,,,,0,0,0,0,0
8375,12,,,,0,0,0,0,0
8375,13,,,,0,0,0,0,0
8375,14,,,,0,0,0,0,0
8375,15,,,,0,0,0,0,0
8376,11,,,,0,0,0,0,0
8376,12,,,,0,0,0,0,0
8376,13,,,,0,0,0,0,0
8376,14,,,,0,0,0,0,0
8376,15,,,,0,0,0,0,0
8377,11,,,,0,0,0,0,0
8377,12,,,,0,0,0,0,0
8377,13,,,,0,0,0,0,0
8377,14,,,,0,0,0,0,0
8377,15,,,,0,0,0,0,0
8378,11,,,,0,0,0,0,0
8378,12,,,,0,0,0,0,0
8378,13,,,,0,0,0,0,0
8378,14,,,,0,0,0,0,0
8378,15,,,,0,0,0,0,0
8379,11,,,,0,0,0,0,0
8379,12,,,,0,0,0,0,0
8379,13,,,,0,0,0,0,0
8379,14,,,,0,0,0,0,0
8379,15,,,,0,0,0,0,0
8380,11,,,,0,0,0,0,0
8380,12,,,,0,0,0,0,0
8380,13,,,,0,0,0,0,0
8380,14,,,,0,0,0,0,0
8380,15,,,,0,0,0,0,0
8381,11,,,,0,0,0,0,0
8381,12,,,,0,0,0,0,0
8381,13,,,,0,0,0,0,0
8381,14,,,,0,0,0,0,0
8381,15,,,,0,0,0,0,0
8382,11,,,,0,0,0,0,0
8382,12,,,,0,0,0,0,0
8382,13,,,,0,0,0,0,0
8382,14,,,,0,0,0,0,0
8382,15,,,,0,0,0,0,0
8383,11,,,,0,0,0,0,0
8383,12,,,,0,0,0,0,0
8383,13,,,,0,0,0,0,0
8383,14,,,,0,0,0,0,0
8383,15,,,,0,0,0,0,0
8384,11,,,,0,0,0,0,0
8384,12,,,,0,0,0,0,0
8384,13,,,,0,0,0,0,0
8384,14,,,,0,0,0,0,0
8384,15,,,,0,0,0,0,0
8385,11,,,,0,0,0,0,0
8385,12,,,,0,0,0,0,0
8385,13,,,,0,0,0,0,0
8385,14,,,,0,0,0,0,0
8385,15,,,,0,0,0,0,0
8386,11,,,,0,0,0,0,0
8386,12,,,,0,0,0,0,0
8386,13,,,,0,0,0,0,0
8386,14,,,,0,0,0,0,0
8386,15,,,,0,0,0,0,0
8387,11,,,,0,0,0,0,0
8387,12,,,,0,0,0,0,0
8387,13,,,,0,0,0,0,0
8387,14,,,,0,0,0,0,0
8387,15,,,,0,0,0,0,0
8388,11,,,,0,0,0,0,0
8388,12,,,,0,0,0,0,0
8388,13,,,,0,0,0,0,0
8388,14,,,,0,0,0,0,0
8388,15,,,,0,0,0,0,0
8389,11,,,,0,0,0,0,0
8389,12,,,,0,0,0,0,0
8389,13,,,,0,0,0,0,0
8389,14,,,,0,0,0,0,0
8389,15,,,,0,0,0,0,0
8390,11,,,,0,0,0,0,0
8390,12,,,,0,0,0,0,0
8390,13,,,,0,0,0,0,0
8390,14,,,,0,0,0,0,0
8390,15,,,,0,0,0,0,0
8391,11,,,,0,0,0,0,0
8391,12,,,,0,0,0,0,0
8391,13,,,,0,0,0,0,0
8391,14,,,,0,0,0,0,0
8391,15,,,,0,0,0,0,0
8392,11,,,,0,0,0,0,0
8392,12,,,,0,0,0,0,0
8392,13,,,,0,0,0,0,0
8392,14,,,,0,0,0,0,0
8392,15,,,,0,0,0,0,0
8393,11,,,,0,0,0,0,0
8393,12,,,,0,0,0,0,0
8393,13,,,,0,0,0,0,0
8393,14,,,,0,0,0,0,0
8393,15,,,,0,0,0,0,0
8394,11,,,,0,0,0,0,0
8394,12,,,,0,0,0,0,0
8394,13,,,,0,0,0,0,0
8394,14,,,,0,0,0,0,0
8394,15,,,,0,0,0,0,0
8395,11,,,,0,0,0,0,0
8395,12,,,,0,0,0,0,0
8395,13,,,,0,0,0,0,0
8395,14,,,,0,0,0,0,0
8395,15,,,,0,0,0,0,0
8396,11,,,,0,0,0,0,0
8396,12,,,,0,0,0,0,0
8396,13,,,,0,0,0,0,0
8396,14,,,,0,0,0,0,0
8396,15,,,,0,0,0,0,0
8397,11,,,,0,0,0,0,0
8397,12,,,,0,0,0,0,0
8397,13,,,,0,0,0,0,0
8397,14,,,,0,0,0,0,0
8397,15,,,,0,0,0,0,0
8398,11,,,,0,0,0,0,0
8398,12,,,,0,0,0,0,0
8398,13,,,,0,0,0,0,0
8398,14,,,,0,0,0,0,0
8398,15,,,,0,0,0,0,0
8399,11,,,,0,0,0,0,0
8399,12,,,,0,0,0,0,0
8399,13,,,,0,0,0,0,0
8399,14,,,,0,0,0,0,0
8399,15,,,,0,0,0,0,0
8400,11,,,,0,0,0,0,0
8400,12,,,,0,0,0,0,0
8400,13,,,,0,0,0,0,0
8400,14,,,,0,0,0,0,0
8400,15,,,,0,0,0,0,0
8401,11,,,,0,0,0,0,0
8401,12,,,,0,0,0,0,0
8401,13,,,,0,0,0,0,0
8401,14,,,,0,0,0,0,0
8401,15,,,,0,0,0,0,0
8402,11,,,,0,0,0,0,0
8402,12,,,,0,0,0,0,0
8402,13,,,,0,0,0,0,0
8402,14,,,,0,0,0,0,0
8402,15,,,,0,0,0,0,0
8403,11,,,,0,0,0,0,0
8403,12,,,,0,0,0,0,0
8403,13,,,,0,0,0,0,0
8403,14,,,,0,0,0,0,0
8403,15,,,,0,0,0,0,0
8404,11,,,,0,0,0,0,0
8404,12,,,,0,0,0,0,0
8404,13,,,,0,0,0,0,0
8404,14,,,,0,0,0,0,0
8404,15,,,,0,0,0,0,0
8405,11,,,,0,0,0,0,0
8405,12,,,,0,0,0,0,0
8405,13,,,,0,0,0,0,0
8405,14,,,,0,0,0,0,0
8405,15,,,,0,0,0,0,0
8406,11,,,,0,0,0,0,0
8406,12,,,,0,0,0,0,0
8406,13,,,,0,0,0,0,0
8406,14,,,,0,0,0,0,0
8406,15,,,,0,0,0,0,0
8407,11,,,,0,0,0,0,0
8407,12,,,,0,0,0,0,0
8407,13,,,,0,0,0,0,0
8407,14,,,,0,0,0,0,0
8407,15,,,,0,0,0,0,0
8408,11,,,,0,0,0,0,0
8408,12,,,,0,0,0,0,0
8408,13,,,,0,0,0,0,0
8408,14,,,,0,0,0,0,0
8408,15,,,,0,0,0,0,0
8409,11,,,,0,0,0,0,0
8409,12,,,,0,0,0,0,0
8409,13,,,,0,0,0,0,0
8409,14,,,,0,0,0,0,0
8409,15,,,,0,0,0,0,0
8410,11,,,,0,0,0,0,0
8410,12,,,,0,0,0,0,0
8410,13,,,,0,0,0,0,0
8410,14,,,,0,0,0,0,0
8410,15,,,,0,0,0,0,0
8411,11,,,,0,0,0,0,0
8411,12,,,,0,0,0,0,0
8411,13,,,,0,0,0,0,0
8411,14,,,,0,0,0,0,0
8411,15,,,,0,0,0,0,0
8412,11,,,,0,0,0,0,0
8412,12,,,,0,0,0,0,0
8412,13,,,,0,0,0,0,0
8412,14,,,,0,0,0,0,0
8412,15,,,,0,0,0,0,0
8413,11,,,,0,0,0,0,0
8413,12,,,,0,0,0,0,0
8413,13,,,,0,0,0,0,0
8413,14,,,,0,0,0,0,0
8413,15,,,,0,0,0,0,0
8414,11,,,,0,0,0,0,0
8414,12,,,,0,0,0,0,0
8414,13,,,,0,0,0,0,0
8414,14,,,,0,0,0,0,0
8414,15,,,,0,0,0,0,0
8415,11,,,,0,0,0,0,0
8415,12,,,,0,0,0,0,0
8415,13,,,,0,0,0,0,0
8415,14,,,,0,0,0,0,0
8415,15,,,,0,0,0,0,0
8416,11,,,,0,0,0,0,0
8416,12,,,,0,0,0,0,0
8416,13,,,,0,0,0,0,0
8416,14,,,,0,0,0,0,0
8416,15,,,,0,0,0,0,0
8417,11,,,,0,0,0,0,0
8417,12,,,,0,0,0,0,0
8417,13,,,,0,0,0,0,0
8417,14,,,,0,0,0,0,0
8417,15,,,,0,0,0,0,0
8418,11,,,,0,0,0,0,0
8418,12,,,,0,0,0,0,0
8418,13,,,,0,0,0,0,0
8418,14,,,,0,0,0,0,0
8418,15,,,,0,0,0,0,0
8419,11,,,,0,0,0,0,0
8419,12,,,,0,0,0,0,0
8419,13,,,,0,0,0,0,0
8419,14,,,,0,0,0,0,0
8419,15,,,,0,0,0,0,0
8420,11,,,,0,0,0,0,0
8420,12,,,,0,0,0,0,0
8420,13,,,,0,0,0,0,0
8420,14,,,,0,0,0,0,0
8420,15,,,,0,0,0,0,0
8421,11,,,,0,0,0,0,0
8421,12,,,,0,0,0,0,0
8421,13,,,,0,0,0,0,0
8421,14,,,,0,0,0,0,0
8421,15,,,,0,0,0,0,0
8422,11,,,,0,0,0,0,0
8422,12,,,,0,0,0,0,0
8422,13,,,,0,0,0,0,0
8422,14,,,,0,0,0,0,0
8422,15,,,,0,0,0,0,0
8423,11,,,,0,0,0,0,0
8423,12,,,,0,0,0,0,0
8423,13,,,,0,0,0,0,0
8423,14,,,,0,0,0,0,0
8423,15,,,,0,0,0,0,0
8424,11,,,,0,0,0,0,0
8424,12,,,,0,0,0,0,0
8424,13,,,,0,0,0,0,0
8424,14,,,,0,0,0,0,0
8424,15,,,,0,0,0,0,0
8425,11,,,,0,0,0,0,0
8425,12,,,,0,0,0,0,0
8425,13,,,,0,0,0,0,0
8425,14,,,,0,0,0,0,0
8425,15,,,,0,0,0,0,0
8426,11,,,,0,0,0,0,0
8426,12,,,,0,0,0,0,0
8426,13,,,,0,0,0,0,0
8426,14,,,,0,0,0,0,0
8426,15,,,,0,0,0,0,0
8427,11,,,,0,0,0,0,0
8427,12,,,,0,0,0,0,0
8427,13,,,,0,0,0,0,0
8427,14,,,,0,0,0,0,0
8427,15,,,,0,0,0,0,0
8428,11,,,,0,0,0,0,0
8428,12,,,,0,0,0,0,0
8428,13,,,,0,0,0,0,0
8428,14,,,,0,0,0,0,0
8428,15,,,,0,0,0,0,0
8429,11,,,,0,0,0,0,0
8429,12,,,,0,0,0,0,0
8429,13,,,,0,0,0,0,0
8429,14,,,,0,0,0,0,0
8429,15,,,,0,0,0,0,0
8430,11,,,,0,0,0,0,0
8430,12,,,,0,0,0,0,0
8430,13,,,,0,0,0,0,0
8430,14,,,,0,0,0,0,0
8430,15,,,,0,0,0,0,0
8431,11,,,,0,0,0,0,0
8431,12,,,,0,0,0,0,0
8431,13,,,,0,0,0,0,0
8431,14,,,,0,0,0,0,0
8431,15,,,,0,0,0,0,0
8432,11,,,,0,0,0,0,0
8432,12,,,,0,0,0,0,0
8432,13,,,,0,0,0,0,0
8432,14,,,,0,0,0,0,0
8432,15,,,,0,0,0,0,0
8433,11,,,,0,0,0,0,0
8433,12,,,,0,0,0,0,0
8433,13,,,,0,0,0,0,0
8433,14,,,,0,0,0,0,0
8433,15,,,,0,0,0,0,0
8434,11,,,,0,0,0,0,0
8434,12,,,,0,0,0,0,0
8434,13,,,,0,0,0,0,0
8434,14,,,,0,0,0,0,0
8434,15,,,,0,0,0,0,0
8435,11,,,,0,0,0,0,0
8435,12,,,,0,0,0,0,0
8435,13,,,,0,0,0,0,0
8435,14,,,,0,0,0,0,0
8435,15,,,,0,0,0,0,0
8436,11,,,,0,0,0,0,0
8436,12,,,,0,0,0,0,0
8436,13,,,,0,0,0,0,0
8436,14,,,,0,0,0,0,0
8436,15,,,,0,0,0,0,0
8437,11,,,,0,0,0,0,0
8437,12,,,,0,0,0,0,0
8437,13,,,,0,0,0,0,0
8437,14,,,,0,0,0,0,0
8437,15,,,,0,0,0,0,0
8438,11,,,,0,0,0,0,0
8438,12,,,,0,0,0,0,0
8438,13,,,,0,0,0,0,0
8438,14,,,,0,0,0,0,0
8438,15,,,,0,0,0,0,0
8439,11,,,,0,0,0,0,0
8439,12,,,,0,0,0,0,0
8439,13,,,,0,0,0,0,0
8439,14,,,,0,0,0,0,0
8439,15,,,,0,0,0,0,0
8440,11,,,,0,0,0,0,0
8440,12,,,,0,0,0,0,0
8440,13,,,,0,0,0,0,0
8440,14,,,,0,0,0,0,0
8440,15,,,,0,0,0,0,0
8441,11,,,,0,0,0,0,0
8441,12,,,,0,0,0,0,0
8441,13,,,,0,0,0,0,0
8441,14,,,,0,0,0,0,0
8441,15,,,,0,0,0,0,0
8442,11,,,,0,0,0,0,0
8442,12,,,,0,0,0,0,0
8442,13,,,,0,0,0,0,0
8442,14,,,,0,0,0,0,0
8442,15,,,,0,0,0,0,0
8443,11,,,,0,0,0,0,0
8443,12,,,,0,0,0,0,0
8443,13,,,,0,0,0,0,0
8443,14,,,,0,0,0,0,0
8443,15,,,,0,0,0,0,0
8444,11,,,,0,0,0,0,0
8444,12,,,,0,0,0,0,0
8444,13,,,,0,0,0,0,0
8444,14,,,,0,0,0,0,0
8444,15,,,,0,0,0,0,0
8445,11,,,,0,0,0,0,0
8445,12,,,,0,0,0,0,0
8445,13,,,,0,0,0,0,0
8445,14,,,,0,0,0,0,0
8445,15,,,,0,0,0,0,0
8446,11,,,,0,0,0,0,0
8446,12,,,,0,0,0,0,0
8446,13,,,,0,0,0,0,0
8446,14,,,,0,0,0,0,0
8446,15,,,,0,0,0,0,0
8447,11,,,,0,0,0,0,0
8447,12,,,,0,0,0,0,0
8447,13,,,,0,0,0,0,0
8447,14,,,,0,0,0,0,0
8447,15,,,,0,0,0,0,0
8448,11,,,,0,0,0,0,0
8448,12,,,,0,0,0,0,0
8448,13,,,,0,0,0,0,0
8448,14,,,,0,0,0,0,0
8448,15,,,,0,0,0,0,0
8449,11,,,,0,0,0,0,0
8449,12,,,,0,0,0,0,0
8449,13,,,,0,0,0,0,0
8449,14,,,,0,0,0,0,0
8449,15,,,,0,0,0,0,0
8450,11,,,,0,0,0,0,0
8450,12,,,,0,0,0,0,0
8450,13,,,,0,0,0,0,0
8450,14,,,,0,0,0,0,0
8450,15,,,,0,0,0,0,0
8451,11,,,,0,0,0,0,0
8451,12,,,,0,0,0,0,0
8451,13,,,,0,0,0,0,0
8451,14,,,,0,0,0,0,0
8451,15,,,,0,0,0,0,0
8452,11,,,,0,0,0,0,0
8452,12,,,,0,0,0,0,0
8452,13,,,,0,0,0,0,0
8452,14,,,,0,0,0,0,0
8452,15,,,,0,0,0,0,0
8453,11,,,,0,0,0,0,0
8453,12,,,,0,0,0,0,0
8453,13,,,,0,0,0,0,0
8453,14,,,,0,0,0,0,0
8453,15,,,,0,0,0,0,0
8454,11,,,,0,0,0,0,0
8454,12,,,,0,0,0,0,0
8454,13,,,,0,0,0,0,0
8454,14,,,,0,0,0,0,0
8454,15,,,,0,0,0,0,0
8455,11,,,,0,0,0,0,0
8455,12,,,,0,0,0,0,0
8455,13,,,,0,0,0,0,0
8455,14,,,,0,0,0,0,0
8455,15,,,,0,0,0,0,0
8456,11,,,,0,0,0,0,0
8456,12,,,,0,0,0,0,0
8456,13,,,,0,0,0,0,0
8456,14,,,,0,0,0,0,0
8456,15,,,,0,0,0,0,0
8457,11,,,,0,0,0,0,0
8457,12,,,,0,0,0,0,0
8457,13,,,,0,0,0,0,0
8457,14,,,,0,0,0,0,0
8457,15,,,,0,0,0,0,0
8458,11,,,,0,0,0,0,0
8458,12,,,,0,0,0,0,0
8458,13,,,,0,0,0,0,0
8458,14,,,,0,0,0,0,0
8458,15,,,,0,0,0,0,0
8459,11,,,,0,0,0,0,0
8459,12,,,,0,0,0,0,0
8459,13,,,,0,0,0,0,0
8459,14,,,,0,0,0,0,0
8459,15,,,,0,0,0,0,0
8460,11,,,,0,0,0,0,0
8460,12,,,,0,0,0,0,0
8460,13,,,,0,0,0,0,0
8460,14,,,,0,0,0,0,0
8460,15,,,,0,0,0,0,0
8461,11,,,,0,0,0,0,0
8461,12,,,,0,0,0,0,0
8461,13,,,,0,0,0,0,0
8461,14,,,,0,0,0,0,0
8461,15,,,,0,0,0,0,0
8462,11,,,,0,0,0,0,0
8462,12,,,,0,0,0,0,0
8462,13,,,,0,0,0,0,0
8462,14,,,,0,0,0,0,0
8462,15,,,,0,0,0,0,0
8463,11,,,,0,0,0,0,0
8463,12,,,,0,0,0,0,0
8463,13,,,,0,0,0,0,0
8463,14,,,,0,0,0,0,0
8463,15,,,,0,0,0,0,0
8464,11,,,,0,0,0,0,0
8464,12,,,,0,0,0,0,0
8464,13,,,,0,0,0,0,0
8464,14,,,,0,0,0,0,0
8464,15,,,,0,0,0,0,0
8465,11,,,,0,0,0,0,0
8465,12,,,,0,0,0,0,0
8465,13,,,,0,0,0,0,0
8465,14,,,,0,0,0,0,0
8465,15,,,,0,0,0,0,0
8466,11,,,,0,0,0,0,0
8466,12,,,,0,0,0,0,0
8466,13,,,,0,0,0,0,0
8466,14,,,,0,0,0,0,0
8466,15,,,,0,0,0,0,0
8467,11,,,,0,0,0,0,0
8467,12,,,,0,0,0,0,0
8467,13,,,,0,0,0,0,0
8467,14,,,,0,0,0,0,0
8467,15,,,,0,0,0,0,0
8468,11,,,,0,0,0,0,0
8468,12,,,,0,0,0,0,0
8468,13,,,,0,0,0,0,0
8468,14,,,,0,0,0,0,0
8468,15,,,,0,0,0,0,0
8469,11,,,,0,0,0,0,0
8469,12,,,,0,0,0,0,0
8469,13,,,,0,0,0,0,0
8469,14,,,,0,0,0,0,0
8469,15,,,,0,0,0,0,0
8470,11,,,,0,0,0,0,0
8470,12,,,,0,0,0,0,0
8470,13,,,,0,0,0,0,0
8470,14,,,,0,0,0,0,0
8470,15,,,,0,0,0,0,0
8471,11,,,,0,0,0,0,0
8471,12,,,,0,0,0,0,0
8471,13,,,,0,0,0,0,0
8471,14,,,,0,0,0,0,0
8471,15,,,,0,0,0,0,0
8472,11,,,,0,0,0,0,0
8472,12,,,,0,0,0,0,0
8472,13,,,,0,0,0,0,0
8472,14,,,,0,0,0,0,0
8472,15,,,,0,0,0,0,0
8473,11,,,,0,0,0,0,0
8473,12,,,,0,0,0,0,0
8473,13,,,,0,0,0,0,0
8473,14,,,,0,0,0,0,0
8473,15,,,,0,0,0,0,0
8474,11,,,,0,0,0,0,0
8474,12,,,,0,0,0,0,0
8474,13,,,,0,0,0,0,0
8474,14,,,,0,0,0,0,0
8474,15,,,,0,0,0,0,0
8475,11,,,,0,0,0,0,0
8475,12,,,,0,0,0,0,0
8475,13,,,,0,0,0,0,0
8475,14,,,,0,0,0,0,0
8475,15,,,,0,0,0,0,0
8476,11,,,,0,0,0,0,0
8476,12,,,,0,0,0,0,0
8476,13,,,,0,0,0,0,0
8476,14,,,,0,0,0,0,0
8476,15,,,,0,0,0,0,0
8477,11,,,,0,0,0,0,0
8477,12,,,,0,0,0,0,0
8477,13,,,,0,0,0,0,0
8477,14,,,,0,0,0,0,0
8477,15,,,,0,0,0,0,0
8478,11,,,,0,0,0,0,0
8478,12,,,,0,0,0,0,0
8478,13,,,,0,0,0,0,0
8478,14,,,,0,0,0,0,0
8478,15,,,,0,0,0,0,0
8479,11,,,,0,0,0,0,0
8479,12,,,,0,0,0,0,0
8479,13,,,,0,0,0,0,0
8479,14,,,,0,0,0,0,0
8479,15,,,,0,0,0,0,0
8480,11,,,,0,0,0,0,0
8480,12,,,,0,0,0,0,0
8480,13,,,,0,0,0,0,0
8480,14,,,,0,0,0,0,0
8480,15,,,,0,0,0,0,0
8481,11,,,,0,0,0,0,0
8481,12,,,,0,0,0,0,0
8481,13,,,,0,0,0,0,0
8481,14,,,,0,0,0,0,0
8481,15,,,,0,0,0,0,0
8482,11,,,,0,0,0,0,0
8482,12,,,,0,0,0,0,0
8482,13,,,,0,0,0,0,0
8482,14,,,,0,0,0,0,0
8482,15,,,,0,0,0,0,0
8483,11,,,,0,0,0,0,0
8483,12,,,,0,0,0,0,0
8483,13,,,,0,0,0,0,0
8483,14,,,,0,0,0,0,0
8483,15,,,,0,0,0,0,0
8484,11,,,,0,0,0,0,0
8484,12,,,,0,0,0,0,0
8484,13,,,,0,0,0,0,0
8484,14,,,,0,0,0,0,0
8484,15,,,,0,0,0,0,0
8485,11,,,,0,0,0,0,0
8485,12,,,,0,0,0,0,0
8485,13,,,,0,0,0,0,0
8485,14,,,,0,0,0,0,0
8485,15,,,,0,0,0,0,0
8486,11,,,,0,0,0,0,0
8486,12,,,,0,0,0,0,0
8486,13,,,,0,0,0,0,0
8486,14,,,,0,0,0,0,0
8486,15,,,,0,0,0,0,0
8487,11,,,,0,0,0,0,0
8487,12,,,,0,0,0,0,0
8487,13,,,,0,0,0,0,0
8487,14,,,,0,0,0,0,0
8487,15,,,,0,0,0,0,0
8488,11,,,,0,0,0,0,0
8488,12,,,,0,0,0,0,0
8488,13,,,,0,0,0,0,0
8488,14,,,,0,0,0,0,0
8488,15,,,,0,0,0,0,0
8489,11,,,,0,0,0,0,0
8489,12,,,,0,0,0,0,0
8489,13,,,,0,0,0,0,0
8489,14,,,,0,0,0,0,0
8489,15,,,,0,0,0,0,0
8490,11,,,,0,0,0,0,0
8490,12,,,,0,0,0,0,0
8490,13,,,,0,0,0,0,0
8490,14,,,,0,0,0,0,0
8490,15,,,,0,0,0,0,0
8491,11,,,,0,0,0,0,0
8491,12,,,,0,0,0,0,0
8491,13,,,,0,0,0,0,0
8491,14,,,,0,0,0,0,0
8491,15,,,,0,0,0,0,0
8492,11,,,,0,0,0,0,0
8492,12,,,,0,0,0,0,0
8492,13,,,,0,0,0,0,0
8492,14,,,,0,0,0,0,0
8492,15,,,,0,0,0,0,0
8493,11,,,,0,0,0,0,0
8493,12,,,,0,0,0,0,0
8493,13,,,,0,0,0,0,0
8493,14,,,,0,0,0,0,0
8493,15,,,,0,0,0,0,0
8494,11,,,,0,0,0,0,0
8494,12,,,,0,0,0,0,0
8494,13,,,,0,0,0,0,0
8494,14,,,,0,0,0,0,0
8494,15,,,,0,0,0,0,0
8495,11,,,,0,0,0,0,0
8495,12,,,,0,0,0,0,0
8495,13,,,,0,0,0,0,0
8495,14,,,,0,0,0,0,0
8495,15,,,,0,0,0,0,0
8496,11,,,,0,0,0,0,0
8496,12,,,,0,0,0,0,0
8496,13,,,,0,0,0,0,0
8496,14,,,,0,0,0,0,0
8496,15,,,,0,0,0,0,0
8497,11,,,,0,0,0,0,0
8497,12,,,,0,0,0,0,0
8497,13,,,,0,0,0,0,0
8497,14,,,,0,0,0,0,0
8497,15,,,,0,0,0,0,0
8498,11,,,,0,0,0,0,0
8498,12,,,,0,0,0,0,0
8498,13,,,,0,0,0,0,0
8498,14,,,,0,0,0,0,0
8498,15,,,,0,0,0,0,0
8499,11,,,,0,0,0,0,0
8499,12,,,,0,0,0,0,0
8499,13,,,,0,0,0,0,0
8499,14,,,,0,0,0,0,0
8499,15,,,,0,0,0,0,0
8500,11,,,,0,0,0,0,0
8500,12,,,,0,0,0,0,0
8500,13,,,,0,0,0,0,0
8500,14,,,,0,0,0,0,0
8500,15,,,,0,0,0,0,0
8501,11,,,,0,0,0,0,0
8501,12,,,,0,0,0,0,0
8501,13,,,,0,0,0,0,0
8501,14,,,,0,0,0,0,0
8501,15,,,,0,0,0,0,0
8502,11,,,,0,0,0,0,0
8502,12,,,,0,0,0,0,0
8502,13,,,,0,0,0,0,0
8502,14,,,,0,0,0,0,0
8502,15,,,,0,0,0,0,0
8503,11,,,,0,0,0,0,0
8503,12,,,,0,0,0,0,0
8503,13,,,,0,0,0,0,0
8503,14,,,,0,0,0,0,0
8503,15,,,,0,0,0,0,0
8504,11,,,,0,0,0,0,0
8504,12,,,,0,0,0,0,0
8504,13,,,,0,0,0,0,0
8504,14,,,,0,0,0,0,0
8504,15,,,,0,0,0,0,0
8505,11,,,,0,0,0,0,0
8505,12,,,,0,0,0,0,0
8505,13,,,,0,0,0,0,0
8505,14,,,,0,0,0,0,0
8505,15,,,,0,0,0,0,0
8506,11,,,,0,0,0,0,0
8506,12,,,,0,0,0,0,0
8506,13,,,,0,0,0,0,0
8506,14,,,,0,0,0,0,0
8506,15,,,,0,0,0,0,0
8507,11,,,,0,0,0,0,0
8507,12,,,,0,0,0,0,0
8507,13,,,,0,0,0,0,0
8507,14,,,,0,0,0,0,0
8507,15,,,,0,0,0,0,0
8508,11,,,,0,0,0,0,0
8508,12,,,,0,0,0,0,0
8508,13,,,,0,0,0,0,0
8508,14,,,,0,0,0,0,0
8508,15,,,,0,0,0,0,0
8509,11,,,,0,0,0,0,0
8509,12,,,,0,0,0,0,0
8509,13,,,,0,0,0,0,0
8509,14,,,,0,0,0,0,0
8509,15,,,,0,0,0,0,0
8510,11,,,,0,0,0,0,0
8510,12,,,,0,0,0,0,0
8510,13,,,,0,0,0,0,0
8510,14,,,,0,0,0,0,0
8510,15,,,,0,0,0,0,0
8511,11,,,,0,0,0,0,0
8511,12,,,,0,0,0,0,0
8511,13,,,,0,0,0,0,0
8511,14,,,,0,0,0,0,0
8511,15,,,,0,0,0,0,0
8512,11,,,,0,0,0,0,0
8512,12,,,,0,0,0,0,0
8512,13,,,,0,0,0,0,0
8512,14,,,,0,0,0,0,0
8512,15,,,,0,0,0,0,0
8513,11,,,,0,0,0,0,0
8513,12,,,,0,0,0,0,0
8513,13,,,,0,0,0,0,0
8513,14,,,,0,0,0,0,0
8513,15,,,,0,0,0,0,0
8514,11,,,,0,0,0,0,0
8514,12,,,,0,0,0,0,0
8514,13,,,,0,0,0,0,0
8514,14,,,,0,0,0,0,0
8514,15,,,,0,0,0,0,0
8515,11,,,,0,0,0,0,0
8515,12,,,,0,0,0,0,0
8515,13,,,,0,0,0,0,0
8515,14,,,,0,0,0,0,0
8515,15,,,,0,0,0,0,0
8516,11,,,,0,0,0,0,0
8516,12,,,,0,0,0,0,0
8516,13,,,,0,0,0,0,0
8516,14,,,,0,0,0,0,0
8516,15,,,,0,0,0,0,0
8517,11,,,,0,0,0,0,0
8517,12,,,,0,0,0,0,0
8517,13,,,,0,0,0,0,0
8517,14,,,,0,0,0,0,0
8517,15,,,,0,0,0,0,0
8518,11,,,,0,0,0,0,0
8518,12,,,,0,0,0,0,0
8518,13,,,,0,0,0,0,0
8518,14,,,,0,0,0,0,0
8518,15,,,,0,0,0,0,0
8519,11,,,,0,0,0,0,0
8519,12,,,,0,0,0,0,0
8519,13,,,,0,0,0,0,0
8519,14,,,,0,0,0,0,0
8519,15,,,,0,0,0,0,0
8520,11,,,,0,0,0,0,0
8520,12,,,,0,0,0,0,0
8520,13,,,,0,0,0,0,0
8520,14,,,,0,0,0,0,0
8520,15,,,,0,0,0,0,0
8521,11,,,,0,0,0,0,0
8521,12,,,,0,0,0,0,0
8521,13,,,,0,0,0,0,0
8521,14,,,,0,0,0,0,0
8521,15,,,,0,0,0,0,0
8522,11,,,,0,0,0,0,0
8522,12,,,,0,0,0,0,0
8522,13,,,,0,0,0,0,0
8522,14,,,,0,0,0,0,0
8522,15,,,,0,0,0,0,0
8523,11,,,,0,0,0,0,0
8523,12,,,,0,0,0,0,0
8523,13,,,,0,0,0,0,0
8523,14,,,,0,0,0,0,0
8523,15,,,,0,0,0,0,0
8524,11,,,,0,0,0,0,0
8524,12,,,,0,0,0,0,0
8524,13,,,,0,0,0,0,0
8524,14,,,,0,0,0,0,0
8524,15,,,,0,0,0,0,0
8525,11,,,,0,0,0,0,0
8525,12,,,,0,0,0,0,0
8525,13,,,,0,0,0,0,0
8525,14,,,,0,0,0,0,0
8525,15,,,,0,0,0,0,0
8526,11,,,,0,0,0,0,0
8526,12,,,,0,0,0,0,0
8526,13,,,,0,0,0,0,0
8526,14,,,,0,0,0,0,0
8526,15,,,,0,0,0,0,0
8527,11,,,,0,0,0,0,0
8527,12,,,,0,0,0,0,0
8527,13,,,,0,0,0,0,0
8527,14,,,,0,0,0,0,0
8527,15,,,,0,0,0,0,0
8528,11,,,,0,0,0,0,0
8528,12,,,,0,0,0,0,0
8528,13,,,,0,0,0,0,0
8528,14,,,,0,0,0,0,0
8528,15,,,,0,0,0,0,0
8529,11,,,,0,0,0,0,0
8529,12,,,,0,0,0,0,0
8529,13,,,,0,0,0,0,0
8529,14,,,,0,0,0,0,0
8529,15,,,,0,0,0,0,0
8530,11,,,,0,0,0,0,0
8530,12,,,,0,0,0,0,0
8530,13,,,,0,0,0,0,0
8530,14,,,,0,0,0,0,0
8530,15,,,,0,0,0,0,0
8531,11,,,,0,0,0,0,0
8531,12,,,,0,0,0,0,0
8531,13,,,,0,0,0,0,0
8531,14,,,,0,0,0,0,0
8531,15,,,,0,0,0,0,0
8532,11,,,,0,0,0,0,0
8532,12,,,,0,0,0,0,0
8532,13,,,,0,0,0,0,0
8532,14,,,,0,0,0,0,0
8532,15,,,,0,0,0,0,0
8533,11,,,,0,0,0,0,0
8533,12,,,,0,0,0,0,0
8533,13,,,,0,0,0,0,0
8533,14,,,,0,0,0,0,0
8533,15,,,,0,0,0,0,0
8534,11,,,,0,0,0,0,0
8534,12,,,,0,0,0,0,0
8534,13,,,,0,0,0,0,0
8534,14,,,,0,0,0,0,0
8534,15,,,,0,0,0,0,0
8535,11,,,,0,0,0,0,0
8535,12,,,,0,0,0,0,0
8535,13,,,,0,0,0,0,0
8535,14,,,,0,0,0,0,0
8535,15,,,,0,0,0,0,0
8536,11,,,,0,0,0,0,0
8536,12,,,,0,0,0,0,0
8536,13,,,,0,0,0,0,0
8536,14,,,,0,0,0,0,0
8536,15,,,,0,0,0,0,0
8537,11,,,,0,0,0,0,0
8537,12,,,,0,0,0,0,0
8537,13,,,,0,0,0,0,0
8537,14,,,,0,0,0,0,0
8537,15,,,,0,0,0,0,0
8538,11,,,,0,0,0,0,0
8538,12,,,,0,0,0,0,0
8538,13,,,,0,0,0,0,0
8538,14,,,,0,0,0,0,0
8538,15,,,,0,0,0,0,0
8539,11,,,,0,0,0,0,0
8539,12,,,,0,0,0,0,0
8539,13,,,,0,0,0,0,0
8539,14,,,,0,0,0,0,0
8539,15,,,,0,0,0,0,0
8540,11,,,,0,0,0,0,0
8540,12,,,,0,0,0,0,0
8540,13,,,,0,0,0,0,0
8540,14,,,,0,0,0,0,0
8540,15,,,,0,0,0,0,0
8541,11,,,,0,0,0,0,0
8541,12,,,,0,0,0,0,0
8541,13,,,,0,0,0,0,0
8541,14,,,,0,0,0,0,0
8541,15,,,,0,0,0,0,0
8542,11,,,,0,0,0,0,0
8542,12,,,,0,0,0,0,0
8542,13,,,,0,0,0,0,0
8542,14,,,,0,0,0,0,0
8542,15,,,,0,0,0,0,0
8543,11,,,,0,0,0,0,0
8543,12,,,,0,0,0,0,0
8543,13,,,,0,0,0,0,0
8543,14,,,,0,0,0,0,0
8543,15,,,,0,0,0,0,0
8544,11,,,,0,0,0,0,0
8544,12,,,,0,0,0,0,0
8544,13,,,,0,0,0,0,0
8544,14,,,,0,0,0,0,0
8544,15,,,,0,0,0,0,0
8545,11,,,,0,0,0,0,0
8545,12,,,,0,0,0,0,0
8545,13,,,,0,0,0,0,0
8545,14,,,,0,0,0,0,0
8545,15,,,,0,0,0,0,0
8546,11,,,,0,0,0,0,0
8546,12,,,,0,0,0,0,0
8546,13,,,,0,0,0,0,0
8546,14,,,,0,0,0,0,0
8546,15,,,,0,0,0,0,0
8547,11,,,,0,0,0,0,0
8547,12,,,,0,0,0,0,0
8547,13,,,,0,0,0,0,0
8547,14,,,,0,0,0,0,0
8547,15,,,,0,0,0,0,0
8548,11,,,,0,0,0,0,0
8548,12,,,,0,0,0,0,0
8548,13,,,,0,0,0,0,0
8548,14,,,,0,0,0,0,0
8548,15,,,,0,0,0,0,0
8549,11,,,,0,0,0,0,0
8549,12,,,,0,0,0,0,0
8549,13,,,,0,0,0,0,0
8549,14,,,,0,0,0,0,0
8549,15,,,,0,0,0,0,0
8550,11,,,,0,0,0,0,0
8550,12,,,,0,0,0,0,0
8550,13,,,,0,0,0,0,0
8550,14,,,,0,0,0,0,0
8550,15,,,,0,0,0,0,0
8551,11,,,,0,0,0,0,0
8551,12,,,,0,0,0,0,0
8551,13,,,,0,0,0,0,0
8551,14,,,,0,0,0,0,0
8551,15,,,,0,0,0,0,0
8552,11,,,,0,0,0,0,0
8552,12,,,,0,0,0,0,0
8552,13,,,,0,0,0,0,0
8552,14,,,,0,0,0,0,0
8552,15,,,,0,0,0,0,0
8553,11,,,,0,0,0,0,0
8553,12,,,,0,0,0,0,0
8553,13,,,,0,0,0,0,0
8553,14,,,,0,0,0,0,0
8553,15,,,,0,0,0,0,0
8554,11,,,,0,0,0,0,0
8554,12,,,,0,0,0,0,0
8554,13,,,,0,0,0,0,0
8554,14,,,,0,0,0,0,0
8554,15,,,,0,0,0,0,0
8555,11,,,,0,0,0,0,0
8555,12,,,,0,0,0,0,0
8555,13,,,,0,0,0,0,0
8555,14,,,,0,0,0,0,0
8555,15,,,,0,0,0,0,0
8556,11,,,,0,0,0,0,0
8556,12,,,,0,0,0,0,0
8556,13,,,,0,0,0,0,0
8556,14,,,,0,0,0,0,0
8556,15,,,,0,0,0,0,0
8557,11,,,,0,0,0,0,0
8557,12,,,,0,0,0,0,0
8557,13,,,,0,0,0,0,0
8557,14,,,,0,0,0,0,0
8557,15,,,,0,0,0,0,0
8558,11,,,,0,0,0,0,0
8558,12,,,,0,0,0,0,0
8558,13,,,,0,0,0,0,0
8558,14,,,,0,0,0,0,0
8558,15,,,,0,0,0,0,0
8559,11,,,,0,0,0,0,0
8559,12,,,,0,0,0,0,0
8559,13,,,,0,0,0,0,0
8559,14,,,,0,0,0,0,0
8559,15,,,,0,0,0,0,0
8560,11,,,,0,0,0,0,0
8560,12,,,,0,0,0,0,0
8560,13,,,,0,0,0,0,0
8560,14,,,,0,0,0,0,0
8560,15,,,,0,0,0,0,0
8561,11,,,,0,0,0,0,0
8561,12,,,,0,0,0,0,0
8561,13,,,,0,0,0,0,0
8561,14,,,,0,0,0,0,0
8561,15,,,,0,0,0,0,0
8562,11,,,,0,0,0,0,0
8562,12,,,,0,0,0,0,0
8562,13,,,,0,0,0,0,0
8562,14,,,,0,0,0,0,0
8562,15,,,,0,0,0,0,0
8563,11,,,,0,0,0,0,0
8563,12,,,,0,0,0,0,0
8563,13,,,,0,0,0,0,0
8563,14,,,,0,0,0,0,0
8563,15,,,,0,0,0,0,0
8564,11,,,,0,0,0,0,0
8564,12,,,,0,0,0,0,0
8564,13,,,,0,0,0,0,0
8564,14,,,,0,0,0,0,0
8564,15,,,,0,0,0,0,0
8565,11,,,,0,0,0,0,0
8565,12,,,,0,0,0,0,0
8565,13,,,,0,0,0,0,0
8565,14,,,,0,0,0,0,0
8565,15,,,,0,0,0,0,0
8566,11,,,,0,0,0,0,0
8566,12,,,,0,0,0,0,0
8566,13,,,,0,0,0,0,0
8566,14,,,,0,0,0,0,0
8566,15,,,,0,0,0,0,0
8567,11,,,,0,0,0,0,0
8567,12,,,,0,0,0,0,0
8567,13,,,,0,0,0,0,0
8567,14,,,,0,0,0,0,0
8567,15,,,,0,0,0,0,0
8568,11,,,,0,0,0,0,0
8568,12,,,,0,0,0,0,0
8568,13,,,,0,0,0,0,0
8568,14,,,,0,0,0,0,0
8568,15,,,,0,0,0,0,0
8569,11,,,,0,0,0,0,0
8569,12,,,,0,0,0,0,0
8569,13,,,,0,0,0,0,0
8569,14,,,,0,0,0,0,0
8569,15,,,,0,0,0,0,0
8570,11,,,,0,0,0,0,0
8570,12,,,,0,0,0,0,0
8570,13,,,,0,0,0,0,0
8570,14,,,,0,0,0,0,0
8570,15,,,,0,0,0,0,0
8571,11,,,,0,0,0,0,0
8571,12,,,,0,0,0,0,0
8571,13,,,,0,0,0,0,0
8571,14,,,,0,0,0,0,0
8571,15,,,,0,0,0,0,0
8572,11,,,,0,0,0,0,0
8572,12,,,,0,0,0,0,0
8572,13,,,,0,0,0,0,0
8572,14,,,,0,0,0,0,0
8572,15,,,,0,0,0,0,0
8573,11,,,,0,0,0,0,0
8573,12,,,,0,0,0,0,0
8573,13,,,,0,0,0,0,0
8573,14,,,,0,0,0,0,0
8573,15,,,,0,0,0,0,0
8574,11,,,,0,0,0,0,0
8574,12,,,,0,0,0,0,0
8574,13,,,,0,0,0,0,0
8574,14,,,,0,0,0,0,0
8574,15,,,,0,0,0,0,0
8575,11,,,,0,0,0,0,0
8575,12,,,,0,0,0,0,0
8575,13,,,,0,0,0,0,0
8575,14,,,,0,0,0,0,0
8575,15,,,,0,0,0,0,0
8576,11,,,,0,0,0,0,0
8576,12,,,,0,0,0,0,0
8576,13,,,,0,0,0,0,0
8576,14,,,,0,0,0,0,0
8576,15,,,,0,0,0,0,0
8577,11,,,,0,0,0,0,0
8577,12,,,,0,0,0,0,0
8577,13,,,,0,0,0,0,0
8577,14,,,,0,0,0,0,0
8577,15,,,,0,0,0,0,0
8578,11,,,,0,0,0,0,0
8578,12,,,,0,0,0,0,0
8578,13,,,,0,0,0,0,0
8578,14,,,,0,0,0,0,0
8578,15,,,,0,0,0,0,0
8579,11,,,,0,0,0,0,0
8579,12,,,,0,0,0,0,0
8579,13,,,,0,0,0,0,0
8579,14,,,,0,0,0,0,0
8579,15,,,,0,0,0,0,0
8580,11,,,,0,0,0,0,0
8580,12,,,,0,0,0,0,0
8580,13,,,,0,0,0,0,0
8580,14,,,,0,0,0,0,0
8580,15,,,,0,0,0,0,0
8581,11,,,,0,0,0,0,0
8581,12,,,,0,0,0,0,0
8581,13,,,,0,0,0,0,0
8581,14,,,,0,0,0,0,0
8581,15,,,,0,0,0,0,0
8582,11,,,,0,0,0,0,0
8582,12,,,,0,0,0,0,0
8582,13,,,,0,0,0,0,0
8582,14,,,,0,0,0,0,0
8582,15,,,,0,0,0,0,0
8583,11,,,,0,0,0,0,0
8583,12,,,,0,0,0,0,0
8583,13,,,,0,0,0,0,0
8583,14,,,,0,0,0,0,0
8583,15,,,,0,0,0,0,0
8584,11,,,,0,0,0,0,0
8584,12,,,,0,0,0,0,0
8584,13,,,,0,0,0,0,0
8584,14,,,,0,0,0,0,0
8584,15,,,,0,0,0,0,0
8585,11,,,,0,0,0,0,0
8585,12,,,,0,0,0,0,0
8585,13,,,,0,0,0,0,0
8585,14,,,,0,0,0,0,0
8585,15,,,,0,0,0,0,0
8586,11,,,,0,0,0,0,0
8586,12,,,,0,0,0,0,0
8586,13,,,,0,0,0,0,0
8586,14,,,,0,0,0,0,0
8586,15,,,,0,0,0,0,0
8587,11,,,,0,0,0,0,0
8587,12,,,,0,0,0,0,0
8587,13,,,,0,0,0,0,0
8587,14,,,,0,0,0,0,0
8587,15,,,,0,0,0,0,0
8588,11,,,,0,0,0,0,0
8588,12,,,,0,0,0,0,0
8588,13,,,,0,0,0,0,0
8588,14,,,,0,0,0,0,0
8588,15,,,,0,0,0,0,0
8589,11,,,,0,0,0,0,0
8589,12,,,,0,0,0,0,0
8589,13,,,,0,0,0,0,0
8589,14,,,,0,0,0,0,0
8589,15,,,,0,0,0,0,0
8590,11,,,,0,0,0,0,0
8590,12,,,,0,0,0,0,0
8590,13,,,,0,0,0,0,0
8590,14,,,,0,0,0,0,0
8590,15,,,,0,0,0,0,0
8591,11,,,,0,0,0,0,0
8591,12,,,,0,0,0,0,0
8591,13,,,,0,0,0,0,0
8591,14,,,,0,0,0,0,0
8591,15,,,,0,0,0,0,0
8592,11,,,,0,0,0,0,0
8592,12,,,,0,0,0,0,0
8592,13,,,,0,0,0,0,0
8592,14,,,,0,0,0,0,0
8592,15,,,,0,0,0,0,0
8593,11,,,,0,0,0,0,0
8593,12,,,,0,0,0,0,0
8593,13,,,,0,0,0,0,0
8593,14,,,,0,0,0,0,0
8593,15,,,,0,0,0,0,0
8594,11,,,,0,0,0,0,0
8594,12,,,,0,0,0,0,0
8594,13,,,,0,0,0,0,0
8594,14,,,,0,0,0,0,0
8594,15,,,,0,0,0,0,0
8595,11,,,,0,0,0,0,0
8595,12,,,,0,0,0,0,0
8595,13,,,,0,0,0,0,0
8595,14,,,,0,0,0,0,0
8595,15,,,,0,0,0,0,0
8596,11,,,,0,0,0,0,0
8596,12,,,,0,0,0,0,0
8596,13,,,,0,0,0,0,0
8596,14,,,,0,0,0,0,0
8596,15,,,,0,0,0,0,0
8597,11,,,,0,0,0,0,0
8597,12,,,,0,0,0,0,0
8597,13,,,,0,0,0,0,0
8597,14,,,,0,0,0,0,0
8597,15,,,,0,0,0,0,0
8598,11,,,,0,0,0,0,0
8598,12,,,,0,0,0,0,0
8598,13,,,,0,0,0,0,0
8598,14,,,,0,0,0,0,0
8598,15,,,,0,0,0,0,0
8599,11,,,,0,0,0,0,0
8599,12,,,,0,0,0,0,0
8599,13,,,,0,0,0,0,0
8599,14,,,,0,0,0,0,0
8599,15,,,,0,0,0,0,0
8600,11,,,,0,0,0,0,0
8600,12,,,,0,0,0,0,0
8600,13,,,,0,0,0,0,0
8600,14,,,,0,0,0,0,0
8600,15,,,,0,0,0,0,0
8601,11,,,,0,0,0,0,0
8601,12,,,,0,0,0,0,0
8601,13,,,,0,0,0,0,0
8601,14,,,,0,0,0,0,0
8601,15,,,,0,0,0,0,0
8602,11,,,,0,0,0,0,0
8602,12,,,,0,0,0,0,0
8602,13,,,,0,0,0,0,0
8602,14,,,,0,0,0,0,0
8602,15,,,,0,0,0,0,0
8603,11,,,,0,0,0,0,0
8603,12,,,,0,0,0,0,0
8603,13,,,,0,0,0,0,0
8603,14,,,,0,0,0,0,0
8603,15,,,,0,0,0,0,0
8604,11,,,,0,0,0,0,0
8604,12,,,,0,0,0,0,0
8604,13,,,,0,0,0,0,0
8604,14,,,,0,0,0,0,0
8604,15,,,,0,0,0,0,0
8605,11,,,,0,0,0,0,0
8605,12,,,,0,0,0,0,0
8605,13,,,,0,0,0,0,0
8605,14,,,,0,0,0,0,0
8605,15,,,,0,0,0,0,0
8606,11,,,,0,0,0,0,0
8606,12,,,,0,0,0,0,0
8606,13,,,,0,0,0,0,0
8606,14,,,,0,0,0,0,0
8606,15,,,,0,0,0,0,0
8607,11,,,,0,0,0,0,0
8607,12,,,,0,0,0,0,0
8607,13,,,,0,0,0,0,0
8607,14,,,,0,0,0,0,0
8607,15,,,,0,0,0,0,0
8608,11,,,,0,0,0,0,0
8608,12,,,,0,0,0,0,0
8608,13,,,,0,0,0,0,0
8608,14,,,,0,0,0,0,0
8608,15,,,,0,0,0,0,0
8609,11,,,,0,0,0,0,0
8609,12,,,,0,0,0,0,0
8609,13,,,,0,0,0,0,0
8609,14,,,,0,0,0,0,0
8609,15,,,,0,0,0,0,0
8610,11,,,,0,0,0,0,0
8610,12,,,,0,0,0,0,0
8610,13,,,,0,0,0,0,0
8610,14,,,,0,0,0,0,0
8610,15,,,,0,0,0,0,0
8611,11,,,,0,0,0,0,0
8611,12,,,,0,0,0,0,0
8611,13,,,,0,0,0,0,0
8611,14,,,,0,0,0,0,0
8611,15,,,,0,0,0,0,0
8612,11,,,,0,0,0,0,0
8612,12,,,,0,0,0,0,0
8612,13,,,,0,0,0,0,0
8612,14,,,,0,0,0,0,0
8612,15,,,,0,0,0,0,0
8613,11,,,,0,0,0,0,0
8613,12,,,,0,0,0,0,0
8613,13,,,,0,0,0,0,0
8613,14,,,,0,0,0,0,0
8613,15,,,,0,0,0,0,0
8614,11,,,,0,0,0,0,0
8614,12,,,,0,0,0,0,0
8614,13,,,,0,0,0,0,0
8614,14,,,,0,0,0,0,0
8614,15,,,,0,0,0,0,0
8615,11,,,,0,0,0,0,0
8615,12,,,,0,0,0,0,0
8615,13,,,,0,0,0,0,0
8615,14,,,,0,0,0,0,0
8615,15,,,,0,0,0,0,0
8616,11,,,,0,0,0,0,0
8616,12,,,,0,0,0,0,0
8616,13,,,,0,0,0,0,0
8616,14,,,,0,0,0,0,0
8616,15,,,,0,0,0,0,0
8617,11,,,,0,0,0,0,0
8617,12,,,,0,0,0,0,0
8617,13,,,,0,0,0,0,0
8617,14,,,,0,0,0,0,0
8617,15,,,,0,0,0,0,0
8618,11,,,,0,0,0,0,0
8618,12,,,,0,0,0,0,0
8618,13,,,,0,0,0,0,0
8618,14,,,,0,0,0,0,0
8618,15,,,,0,0,0,0,0
8619,11,,,,0,0,0,0,0
8619,12,,,,0,0,0,0,0
8619,13,,,,0,0,0,0,0
8619,14,,,,0,0,0,0,0
8619,15,,,,0,0,0,0,0
8620,11,,,,0,0,0,0,0
8620,12,,,,0,0,0,0,0
8620,13,,,,0,0,0,0,0
8620,14,,,,0,0,0,0,0
8620,15,,,,0,0,0,0,0
8621,11,,,,0,0,0,0,0
8621,12,,,,0,0,0,0,0
8621,13,,,,0,0,0,0,0
8621,14,,,,0,0,0,0,0
8621,15,,,,0,0,0,0,0
8622,11,,,,0,0,0,0,0
8622,12,,,,0,0,0,0,0
8622,13,,,,0,0,0,0,0
8622,14,,,,0,0,0,0,0
8622,15,,,,0,0,0,0,0
8623,11,,,,0,0,0,0,0
8623,12,,,,0,0,0,0,0
8623,13,,,,0,0,0,0,0
8623,14,,,,0,0,0,0,0
8623,15,,,,0,0,0,0,0
8624,11,,,,0,0,0,0,0
8624,12,,,,0,0,0,0,0
8624,13,,,,0,0,0,0,0
8624,14,,,,0,0,0,0,0
8624,15,,,,0,0,0,0,0
8625,11,,,,0,0,0,0,0
8625,12,,,,0,0,0,0,0
8625,13,,,,0,0,0,0,0
8625,14,,,,0,0,0,0,0
8625,15,,,,0,0,0,0,0
8626,11,,,,0,0,0,0,0
8626,12,,,,0,0,0,0,0
8626,13,,,,0,0,0,0,0
8626,14,,,,0,0,0,0,0
8626,15,,,,0,0,0,0,0
8627,11,,,,0,0,0,0,0
8627,12,,,,0,0,0,0,0
8627,13,,,,0,0,0,0,0
8627,14,,,,0,0,0,0,0
8627,15,,,,0,0,0,0,0
8628,11,,,,0,0,0,0,0
8628,12,,,,0,0,0,0,0
8628,13,,,,0,0,0,0,0
8628,14,,,,0,0,0,0,0
8628,15,,,,0,0,0,0,0
8629,11,,,,0,0,0,0,0
8629,12,,,,0,0,0,0,0
8629,13,,,,0,0,0,0,0
8629,14,,,,0,0,0,0,0
8629,15,,,,0,0,0,0,0
8630,11,,,,0,0,0,0,0
8630,12,,,,0,0,0,0,0
8630,13,,,,0,0,0,0,0
8630,14,,,,0,0,0,0,0
8630,15,,,,0,0,0,0,0
8631,11,,,,0,0,0,0,0
8631,12,,,,0,0,0,0,0
8631,13,,,,0,0,0,0,0
8631,14,,,,0,0,0,0,0
8631,15,,,,0,0,0,0,0
8632,11,,,,0,0,0,0,0
8632,12,,,,0,0,0,0,0
8632,13,,,,0,0,0,0,0
8632,14,,,,0,0,0,0,0
8632,15,,,,0,0,0,0,0
8633,11,,,,0,0,0,0,0
8633,12,,,,0,0,0,0,0
8633,13,,,,0,0,0,0,0
8633,14,,,,0,0,0,0,0
8633,15,,,,0,0,0,0,0
8634,11,,,,0,0,0,0,0
8634,12,,,,0,0,0,0,0
8634,13,,,,0,0,0,0,0
8634,14,,,,0,0,0,0,0
8634,15,,,,0,0,0,0,0
8635,11,,,,0,0,0,0,0
8635,12,,,,0,0,0,0,0
8635,13,,,,0,0,0,0,0
8635,14,,,,0,0,0,0,0
8635,15,,,,0,0,0,0,0
8636,11,,,,0,0,0,0,0
8636,12,,,,0,0,0,0,0
8636,13,,,,0,0,0,0,0
8636,14,,,,0,0,0,0,0
8636,15,,,,0,0,0,0,0
8637,11,,,,0,0,0,0,0
8637,12,,,,0,0,0,0,0
8637,13,,,,0,0,0,0,0
8637,14,,,,0,0,0,0,0
8637,15,,,,0,0,0,0,0
8638,11,,,,0,0,0,0,0
8638,12,,,,0,0,0,0,0
8638,13,,,,0,0,0,0,0
8638,14,,,,0,0,0,0,0
8638,15,,,,0,0,0,0,0
8639,11,,,,0,0,0,0,0
8639,12,,,,0,0,0,0,0
8639,13,,,,0,0,0,0,0
8639,14,,,,0,0,0,0,0
8639,15,,,,0,0,0,0,0
8640,11,,,,0,0,0,0,0
8640,12,,,,0,0,0,0,0
8640,13,,,,0,0,0,0,0
8640,14,,,,0,0,0,0,0
8640,15,,,,0,0,0,0,0
8641,11,,,,0,0,0,0,0
8641,12,,,,0,0,0,0,0
8641,13,,,,0,0,0,0,0
8641,14,,,,0,0,0,0,0
8641,15,,,,0,0,0,0,0
8642,11,,,,0,0,0,0,0
8642,12,,,,0,0,0,0,0
8642,13,,,,0,0,0,0,0
8642,14,,,,0,0,0,0,0
8642,15,,,,0,0,0,0,0
8643,11,,,,0,0,0,0,0
8643,12,,,,0,0,0,0,0
8643,13,,,,0,0,0,0,0
8643,14,,,,0,0,0,0,0
8643,15,,,,0,0,0,0,0
8644,11,,,,0,0,0,0,0
8644,12,,,,0,0,0,0,0
8644,13,,,,0,0,0,0,0
8644,14,,,,0,0,0,0,0
8644,15,,,,0,0,0,0,0
8645,11,,,,0,0,0,0,0
8645,12,,,,0,0,0,0,0
8645,13,,,,0,0,0,0,0
8645,14,,,,0,0,0,0,0
8645,15,,,,0,0,0,0,0
8646,11,,,,0,0,0,0,0
8646,12,,,,0,0,0,0,0
8646,13,,,,0,0,0,0,0
8646,14,,,,0,0,0,0,0
8646,15,,,,0,0,0,0,0
8647,11,,,,0,0,0,0,0
8647,12,,,,0,0,0,0,0
8647,13,,,,0,0,0,0,0
8647,14,,,,0,0,0,0,0
8647,15,,,,0,0,0,0,0
8648,11,,,,0,0,0,0,0
8648,12,,,,0,0,0,0,0
8648,13,,,,0,0,0,0,0
8648,14,,,,0,0,0,0,0
8648,15,,,,0,0,0,0,0
8649,11,,,,0,0,0,0,0
8649,12,,,,0,0,0,0,0
8649,13,,,,0,0,0,0,0
8649,14,,,,0,0,0,0,0
8649,15,,,,0,0,0,0,0
8650,11,,,,0,0,0,0,0
8650,12,,,,0,0,0,0,0
8650,13,,,,0,0,0,0,0
8650,14,,,,0,0,0,0,0
8650,15,,,,0,0,0,0,0
8651,11,,,,0,0,0,0,0
8651,12,,,,0,0,0,0,0
8651,13,,,,0,0,0,0,0
8651,14,,,,0,0,0,0,0
8651,15,,,,0,0,0,0,0
8652,11,,,,0,0,0,0,0
8652,12,,,,0,0,0,0,0
8652,13,,,,0,0,0,0,0
8652,14,,,,0,0,0,0,0
8652,15,,,,0,0,0,0,0
8653,11,,,,0,0,0,0,0
8653,12,,,,0,0,0,0,0
8653,13,,,,0,0,0,0,0
8653,14,,,,0,0,0,0,0
8653,15,,,,0,0,0,0,0
8654,11,,,,0,0,0,0,0
8654,12,,,,0,0,0,0,0
8654,13,,,,0,0,0,0,0
8654,14,,,,0,0,0,0,0
8654,15,,,,0,0,0,0,0
8655,11,,,,0,0,0,0,0
8655,12,,,,0,0,0,0,0
8655,13,,,,0,0,0,0,0
8655,14,,,,0,0,0,0,0
8655,15,,,,0,0,0,0,0
8656,11,,,,0,0,0,0,0
8656,12,,,,0,0,0,0,0
8656,13,,,,0,0,0,0,0
8656,14,,,,0,0,0,0,0
8656,15,,,,0,0,0,0,0
8657,11,,,,0,0,0,0,0
8657,12,,,,0,0,0,0,0
8657,13,,,,0,0,0,0,0
8657,14,,,,0,0,0,0,0
8657,15,,,,0,0,0,0,0
8658,11,,,,0,0,0,0,0
8658,12,,,,0,0,0,0,0
8658,13,,,,0,0,0,0,0
8658,14,,,,0,0,0,0,0
8658,15,,,,0,0,0,0,0
8659,11,,,,0,0,0,0,0
8659,12,,,,0,0,0,0,0
8659,13,,,,0,0,0,0,0
8659,14,,,,0,0,0,0,0
8659,15,,,,0,0,0,0,0
8660,11,,,,0,0,0,0,0
8660,12,,,,0,0,0,0,0
8660,13,,,,0,0,0,0,0
8660,14,,,,0,0,0,0,0
8660,15,,,,0,0,0,0,0
8661,11,,,,0,0,0,0,0
8661,12,,,,0,0,0,0,0
8661,13,,,,0,0,0,0,0
8661,14,,,,0,0,0,0,0
8661,15,,,,0,0,0,0,0
8662,11,,,,0,0,0,0,0
8662,12,,,,0,0,0,0,0
8662,13,,,,0,0,0,0,0
8662,14,,,,0,0,0,0,0
8662,15,,,,0,0,0,0,0
8663,11,,,,0,0,0,0,0
8663,12,,,,0,0,0,0,0
8663,13,,,,0,0,0,0,0
8663,14,,,,0,0,0,0,0
8663,15,,,,0,0,0,0,0
8664,11,,,,0,0,0,0,0
8664,12,,,,0,0,0,0,0
8664,13,,,,0,0,0,0,0
8664,14,,,,0,0,0,0,0
8664,15,,,,0,0,0,0,0
8665,11,,,,0,0,0,0,0
8665,12,,,,0,0,0,0,0
8665,13,,,,0,0,0,0,0
8665,14,,,,0,0,0,0,0
8665,15,,,,0,0,0,0,0
8666,11,,,,0,0,0,0,0
8666,12,,,,0,0,0,0,0
8666,13,,,,0,0,0,0,0
8666,14,,,,0,0,0,0,0
8666,15,,,,0,0,0,0,0
8667,11,,,,0,0,0,0,0
8667,12,,,,0,0,0,0,0
8667,13,,,,0,0,0,0,0
8667,14,,,,0,0,0,0,0
8667,15,,,,0,0,0,0,0
8668,11,,,,0,0,0,0,0
8668,12,,,,0,0,0,0,0
8668,13,,,,0,0,0,0,0
8668,14,,,,0,0,0,0,0
8668,15,,,,0,0,0,0,0
8669,11,,,,0,0,0,0,0
8669,12,,,,0,0,0,0,0
8669,13,,,,0,0,0,0,0
8669,14,,,,0,0,0,0,0
8669,15,,,,0,0,0,0,0
8670,11,,,,0,0,0,0,0
8670,12,,,,0,0,0,0,0
8670,13,,,,0,0,0,0,0
8670,14,,,,0,0,0,0,0
8670,15,,,,0,0,0,0,0
8671,11,,,,0,0,0,0,0
8671,12,,,,0,0,0,0,0
8671,13,,,,0,0,0,0,0
8671,14,,,,0,0,0,0,0
8671,15,,,,0,0,0,0,0
8672,11,,,,0,0,0,0,0
8672,12,,,,0,0,0,0,0
8672,13,,,,0,0,0,0,0
8672,14,,,,0,0,0,0,0
8672,15,,,,0,0,0,0,0
8673,11,,,,0,0,0,0,0
8673,12,,,,0,0,0,0,0
8673,13,,,,0,0,0,0,0
8673,14,,,,0,0,0,0,0
8673,15,,,,0,0,0,0,0
8674,11,,,,0,0,0,0,0
8674,12,,,,0,0,0,0,0
8674,13,,,,0,0,0,0,0
8674,14,,,,0,0,0,0,0
8674,15,,,,0,0,0,0,0
8675,11,,,,0,0,0,0,0
8675,12,,,,0,0,0,0,0
8675,13,,,,0,0,0,0,0
8675,14,,,,0,0,0,0,0
8675,15,,,,0,0,0,0,0
8676,11,,,,0,0,0,0,0
8676,12,,,,0,0,0,0,0
8676,13,,,,0,0,0,0,0
8676,14,,,,0,0,0,0,0
8676,15,,,,0,0,0,0,0
8677,11,,,,0,0,0,0,0
8677,12,,,,0,0,0,0,0
8677,13,,,,0,0,0,0,0
8677,14,,,,0,0,0,0,0
8677,15,,,,0,0,0,0,0
8678,11,,,,0,0,0,0,0
8678,12,,,,0,0,0,0,0
8678,13,,,,0,0,0,0,0
8678,14,,,,0,0,0,0,0
8678,15,,,,0,0,0,0,0
8679,11,,,,0,0,0,0,0
8679,12,,,,0,0,0,0,0
8679,13,,,,0,0,0,0,0
8679,14,,,,0,0,0,0,0
8679,15,,,,0,0,0,0,0
8680,11,,,,0,0,0,0,0
8680,12,,,,0,0,0,0,0
8680,13,,,,0,0,0,0,0
8680,14,,,,0,0,0,0,0
8680,15,,,,0,0,0,0,0
8681,11,,,,0,0,0,0,0
8681,12,,,,0,0,0,0,0
8681,13,,,,0,0,0,0,0
8681,14,,,,0,0,0,0,0
8681,15,,,,0,0,0,0,0
8682,11,,,,0,0,0,0,0
8682,12,,,,0,0,0,0,0
8682,13,,,,0,0,0,0,0
8682,14,,,,0,0,0,0,0
8682,15,,,,0,0,0,0,0
8683,11,,,,0,0,0,0,0
8683,12,,,,0,0,0,0,0
8683,13,,,,0,0,0,0,0
8683,14,,,,0,0,0,0,0
8683,15,,,,0,0,0,0,0
8684,11,,,,0,0,0,0,0
8684,12,,,,0,0,0,0,0
8684,13,,,,0,0,0,0,0
8684,14,,,,0,0,0,0,0
8684,15,,,,0,0,0,0,0
8685,11,,,,0,0,0,0,0
8685,12,,,,0,0,0,0,0
8685,13,,,,0,0,0,0,0
8685,14,,,,0,0,0,0,0
8685,15,,,,0,0,0,0,0
8686,11,,,,0,0,0,0,0
8686,12,,,,0,0,0,0,0
8686,13,,,,0,0,0,0,0
8686,14,,,,0,0,0,0,0
8686,15,,,,0,0,0,0,0
8687,11,,,,0,0,0,0,0
8687,12,,,,0,0,0,0,0
8687,13,,,,0,0,0,0,0
8687,14,,,,0,0,0,0,0
8687,15,,,,0,0,0,0,0
8688,11,,,,0,0,0,0,0
8688,12,,,,0,0,0,0,0
8688,13,,,,0,0,0,0,0
8688,14,,,,0,0,0,0,0
8688,15,,,,0,0,0,0,0
8689,11,,,,0,0,0,0,0
8689,12,,,,0,0,0,0,0
8689,13,,,,0,0,0,0,0
8689,14,,,,0,0,0,0,0
8689,15,,,,0,0,0,0,0
8690,11,,,,0,0,0,0,0
8690,12,,,,0,0,0,0,0
8690,13,,,,0,0,0,0,0
8690,14,,,,0,0,0,0,0
8690,15,,,,0,0,0,0,0
8691,11,,,,0,0,0,0,0
8691,12,,,,0,0,0,0,0
8691,13,,,,0,0,0,0,0
8691,14,,,,0,0,0,0,0
8691,15,,,,0,0,0,0,0
8692,11,,,,0,0,0,0,0
8692,12,,,,0,0,0,0,0
8692,13,,,,0,0,0,0,0
8692,14,,,,0,0,0,0,0
8692,15,,,,0,0,0,0,0
8693,11,,,,0,0,0,0,0
8693,12,,,,0,0,0,0,0
8693,13,,,,0,0,0,0,0
8693,14,,,,0,0,0,0,0
8693,15,,,,0,0,0,0,0
8694,11,,,,0,0,0,0,0
8694,12,,,,0,0,0,0,0
8694,13,,,,0,0,0,0,0
8694,14,,,,0,0,0,0,0
8694,15,,,,0,0,0,0,0
8695,11,,,,0,0,0,0,0
8695,12,,,,0,0,0,0,0
8695,13,,,,0,0,0,0,0
8695,14,,,,0,0,0,0,0
8695,15,,,,0,0,0,0,0
8696,11,,,,0,0,0,0,0
8696,12,,,,0,0,0,0,0
8696,13,,,,0,0,0,0,0
8696,14,,,,0,0,0,0,0
8696,15,,,,0,0,0,0,0
8697,11,,,,0,0,0,0,0
8697,12,,,,0,0,0,0,0
8697,13,,,,0,0,0,0,0
8697,14,,,,0,0,0,0,0
8697,15,,,,0,0,0,0,0
8698,11,,,,0,0,0,0,0
8698,12,,,,0,0,0,0,0
8698,13,,,,0,0,0,0,0
8698,14,,,,0,0,0,0,0
8698,15,,,,0,0,0,0,0
8699,11,,,,0,0,0,0,0
8699,12,,,,0,0,0,0,0
8699,13,,,,0,0,0,0,0
8699,14,,,,0,0,0,0,0
8699,15,,,,0,0,0,0,0
8700,11,,,,0,0,0,0,0
8700,12,,,,0,0,0,0,0
8700,13,,,,0,0,0,0,0
8700,14,,,,0,0,0,0,0
8700,15,,,,0,0,0,0,0
8701,11,,,,0,0,0,0,0
8701,12,,,,0,0,0,0,0
8701,13,,,,0,0,0,0,0
8701,14,,,,0,0,0,0,0
8701,15,,,,0,0,0,0,0
8702,11,,,,0,0,0,0,0
8702,12,,,,0,0,0,0,0
8702,13,,,,0,0,0,0,0
8702,14,,,,0,0,0,0,0
8702,15,,,,0,0,0,0,0
8703,11,,,,0,0,0,0,0
8703,12,,,,0,0,0,0,0
8703,13,,,,0,0,0,0,0
8703,14,,,,0,0,0,0,0
8703,15,,,,0,0,0,0,0
8704,11,,,,0,0,0,0,0
8704,12,,,,0,0,0,0,0
8704,13,,,,0,0,0,0,0
8704,14,,,,0,0,0,0,0
8704,15,,,,0,0,0,0,0
8705,11,,,,0,0,0,0,0
8705,12,,,,0,0,0,0,0
8705,13,,,,0,0,0,0,0
8705,14,,,,0,0,0,0,0
8705,15,,,,0,0,0,0,0
8706,11,,,,0,0,0,0,0
8706,12,,,,0,0,0,0,0
8706,13,,,,0,0,0,0,0
8706,14,,,,0,0,0,0,0
8706,15,,,,0,0,0,0,0
8707,11,,,,0,0,0,0,0
8707,12,,,,0,0,0,0,0
8707,13,,,,0,0,0,0,0
8707,14,,,,0,0,0,0,0
8707,15,,,,0,0,0,0,0
8708,11,,,,0,0,0,0,0
8708,12,,,,0,0,0,0,0
8708,13,,,,0,0,0,0,0
8708,14,,,,0,0,0,0,0
8708,15,,,,0,0,0,0,0
8709,11,,,,0,0,0,0,0
8709,12,,,,0,0,0,0,0
8709,13,,,,0,0,0,0,0
8709,14,,,,0,0,0,0,0
8709,15,,,,0,0,0,0,0
8710,11,,,,0,0,0,0,0
8710,12,,,,0,0,0,0,0
8710,13,,,,0,0,0,0,0
8710,14,,,,0,0,0,0,0
8710,15,,,,0,0,0,0,0
8711,11,,,,0,0,0,0,0
8711,12,,,,0,0,0,0,0
8711,13,,,,0,0,0,0,0
8711,14,,,,0,0,0,0,0
8711,15,,,,0,0,0,0,0
8712,11,,,,0,0,0,0,0
8712,12,,,,0,0,0,0,0
8712,13,,,,0,0,0,0,0
8712,14,,,,0,0,0,0,0
8712,15,,,,0,0,0,0,0
8713,11,,,,0,0,0,0,0
8713,12,,,,0,0,0,0,0
8713,13,,,,0,0,0,0,0
8713,14,,,,0,0,0,0,0
8713,15,,,,0,0,0,0,0
8714,11,,,,0,0,0,0,0
8714,12,,,,0,0,0,0,0
8714,13,,,,0,0,0,0,0
8714,14,,,,0,0,0,0,0
8714,15,,,,0,0,0,0,0
8715,11,,,,0,0,0,0,0
8715,12,,,,0,0,0,0,0
8715,13,,,,0,0,0,0,0
8715,14,,,,0,0,0,0,0
8715,15,,,,0,0,0,0,0
8716,11,,,,0,0,0,0,0
8716,12,,,,0,0,0,0,0
8716,13,,,,0,0,0,0,0
8716,14,,,,0,0,0,0,0
8716,15,,,,0,0,0,0,0
8717,11,,,,0,0,0,0,0
8717,12,,,,0,0,0,0,0
8717,13,,,,0,0,0,0,0
8717,14,,,,0,0,0,0,0
8717,15,,,,0,0,0,0,0
8718,11,,,,0,0,0,0,0
8718,12,,,,0,0,0,0,0
8718,13,,,,0,0,0,0,0
8718,14,,,,0,0,0,0,0
8718,15,,,,0,0,0,0,0
8719,11,,,,0,0,0,0,0
8719,12,,,,0,0,0,0,0
8719,13,,,,0,0,0,0,0
8719,14,,,,0,0,0,0,0
8719,15,,,,0,0,0,0,0
8720,11,,,,0,0,0,0,0
8720,12,,,,0,0,0,0,0
8720,13,,,,0,0,0,0,0
8720,14,,,,0,0,0,0,0
8720,15,,,,0,0,0,0,0
8721,11,,,,0,0,0,0,0
8721,12,,,,0,0,0,0,0
8721,13,,,,0,0,0,0,0
8721,14,,,,0,0,0,0,0
8721,15,,,,0,0,0,0,0
8722,11,,,,0,0,0,0,0
8722,12,,,,0,0,0,0,0
8722,13,,,,0,0,0,0,0
8722,14,,,,0,0,0,0,0
8722,15,,,,0,0,0,0,0
8723,11,,,,0,0,0,0,0
8723,12,,,,0,0,0,0,0
8723,13,,,,0,0,0,0,0
8723,14,,,,0,0,0,0,0
8723,15,,,,0,0,0,0,0
8724,11,,,,0,0,0,0,0
8724,12,,,,0,0,0,0,0
8724,13,,,,0,0,0,0,0
8724,14,,,,0,0,0,0,0
8724,15,,,,0,0,0,0,0
8725,11,,,,0,0,0,0,0
8725,12,,,,0,0,0,0,0
8725,13,,,,0,0,0,0,0
8725,14,,,,0,0,0,0,0
8725,15,,,,0,0,0,0,0
8726,11,,,,0,0,0,0,0
8726,12,,,,0,0,0,0,0
8726,13,,,,0,0,0,0,0
8726,14,,,,0,0,0,0,0
8726,15,,,,0,0,0,0,0
8727,11,,,,0,0,0,0,0
8727,12,,,,0,0,0,0,0
8727,13,,,,0,0,0,0,0
8727,14,,,,0,0,0,0,0
8727,15,,,,0,0,0,0,0
8728,11,,,,0,0,0,0,0
8728,12,,,,0,0,0,0,0
8728,13,,,,0,0,0,0,0
8728,14,,,,0,0,0,0,0
8728,15,,,,0,0,0,0,0
8729,11,,,,0,0,0,0,0
8729,12,,,,0,0,0,0,0
8729,13,,,,0,0,0,0,0
8729,14,,,,0,0,0,0,0
8729,15,,,,0,0,0,0,0
8730,11,,,,0,0,0,0,0
8730,12,,,,0,0,0,0,0
8730,13,,,,0,0,0,0,0
8730,14,,,,0,0,0,0,0
8730,15,,,,0,0,0,0,0
8731,11,,,,0,0,0,0,0
8731,12,,,,0,0,0,0,0
8731,13,,,,0,0,0,0,0
8731,14,,,,0,0,0,0,0
8731,15,,,,0,0,0,0,0
8732,11,,,,0,0,0,0,0
8732,12,,,,0,0,0,0,0
8732,13,,,,0,0,0,0,0
8732,14,,,,0,0,0,0,0
8732,15,,,,0,0,0,0,0
8733,11,,,,0,0,0,0,0
8733,12,,,,0,0,0,0,0
8733,13,,,,0,0,0,0,0
8733,14,,,,0,0,0,0,0
8733,15,,,,0,0,0,0,0
8734,11,,,,0,0,0,0,0
8734,12,,,,0,0,0,0,0
8734,13,,,,0,0,0,0,0
8734,14,,,,0,0,0,0,0
8734,15,,,,0,0,0,0,0
8735,11,,,,0,0,0,0,0
8735,12,,,,0,0,0,0,0
8735,13,,,,0,0,0,0,0
8735,14,,,,0,0,0,0,0
8735,15,,,,0,0,0,0,0
8736,11,,,,0,0,0,0,0
8736,12,,,,0,0,0,0,0
8736,13,,,,0,0,0,0,0
8736,14,,,,0,0,0,0,0
8736,15,,,,0,0,0,0,0
8737,11,,,,0,0,0,0,0
8737,12,,,,0,0,0,0,0
8737,13,,,,0,0,0,0,0
8737,14,,,,0,0,0,0,0
8737,15,,,,0,0,0,0,0
8738,11,,,,0,0,0,0,0
8738,12,,,,0,0,0,0,0
8738,13,,,,0,0,0,0,0
8738,14,,,,0,0,0,0,0
8738,15,,,,0,0,0,0,0
8739,11,,,,0,0,0,0,0
8739,12,,,,0,0,0,0,0
8739,13,,,,0,0,0,0,0
8739,14,,,,0,0,0,0,0
8739,15,,,,0,0,0,0,0
8740,11,,,,0,0,0,0,0
8740,12,,,,0,0,0,0,0
8740,13,,,,0,0,0,0,0
8740,14,,,,0,0,0,0,0
8740,15,,,,0,0,0,0,0
8741,11,,,,0,0,0,0,0
8741,12,,,,0,0,0,0,0
8741,13,,,,0,0,0,0,0
8741,14,,,,0,0,0,0,0
8741,15,,,,0,0,0,0,0
8742,11,,,,0,0,0,0,0
8742,12,,,,0,0,0,0,0
8742,13,,,,0,0,0,0,0
8742,14,,,,0,0,0,0,0
8742,15,,,,0,0,0,0,0
8743,11,,,,0,0,0,0,0
8743,12,,,,0,0,0,0,0
8743,13,,,,0,0,0,0,0
8743,14,,,,0,0,0,0,0
8743,15,,,,0,0,0,0,0
8744,11,,,,0,0,0,0,0
8744,12,,,,0,0,0,0,0
8744,13,,,,0,0,0,0,0
8744,14,,,,0,0,0,0,0
8744,15,,,,0,0,0,0,0
8745,11,,,,0,0,0,0,0
8745,12,,,,0,0,0,0,0
8745,13,,,,0,0,0,0,0
8745,14,,,,0,0,0,0,0
8745,15,,,,0,0,0,0,0
8746,11,,,,0,0,0,0,0
8746,12,,,,0,0,0,0,0
8746,13,,,,0,0,0,0,0
8746,14,,,,0,0,0,0,0
8746,15,,,,0,0,0,0,0
8747,11,,,,0,0,0,0,0
8747,12,,,,0,0,0,0,0
8747,13,,,,0,0,0,0,0
8747,14,,,,0,0,0,0,0
8747,15,,,,0,0,0,0,0
8748,11,,,,0,0,0,0,0
8748,12,,,,0,0,0,0,0
8748,13,,,,0,0,0,0,0
8748,14,,,,0,0,0,0,0
8748,15,,,,0,0,0,0,0
8749,11,,,,0,0,0,0,0
8749,12,,,,0,0,0,0,0
8749,13,,,,0,0,0,0,0
8749,14,,,,0,0,0,0,0
8749,15,,,,0,0,0,0,0
8750,11,,,,0,0,0,0,0
8750,12,,,,0,0,0,0,0
8750,13,,,,0,0,0,0,0
8750,14,,,,0,0,0,0,0
8750,15,,,,0,0,0,0,0
8751,11,,,,0,0,0,0,0
8751,12,,,,0,0,0,0,0
8751,13,,,,0,0,0,0,0
8751,14,,,,0,0,0,0,0
8751,15,,,,0,0,0,0,0
8752,11,,,,0,0,0,0,0
8752,12,,,,0,0,0,0,0
8752,13,,,,0,0,0,0,0
8752,14,,,,0,0,0,0,0
8752,15,,,,0,0,0,0,0
8753,11,,,,0,0,0,0,0
8753,12,,,,0,0,0,0,0
8753,13,,,,0,0,0,0,0
8753,14,,,,0,0,0,0,0
8753,15,,,,0,0,0,0,0
8754,11,,,,0,0,0,0,0
8754,12,,,,0,0,0,0,0
8754,13,,,,0,0,0,0,0
8754,14,,,,0,0,0,0,0
8754,15,,,,0,0,0,0,0
8755,11,,,,0,0,0,0,0
8755,12,,,,0,0,0,0,0
8755,13,,,,0,0,0,0,0
8755,14,,,,0,0,0,0,0
8755,15,,,,0,0,0,0,0
8756,11,,,,0,0,0,0,0
8756,12,,,,0,0,0,0,0
8756,13,,,,0,0,0,0,0
8756,14,,,,0,0,0,0,0
8756,15,,,,0,0,0,0,0
8757,11,,,,0,0,0,0,0
8757,12,,,,0,0,0,0,0
8757,13,,,,0,0,0,0,0
8757,14,,,,0,0,0,0,0
8757,15,,,,0,0,0,0,0
8758,11,,,,0,0,0,0,0
8758,12,,,,0,0,0,0,0
8758,13,,,,0,0,0,0,0
8758,14,,,,0,0,0,0,0
8758,15,,,,0,0,0,0,0
8759,11,,,,0,0,0,0,0
8759,12,,,,0,0,0,0,0
8759,13,,,,0,0,0,0,0
8759,14,,,,0,0,0,0,0
8759,15,,,,0,0,0,0,0
